epoch,camera_time,camera_ns,imu_time,cursor,version,sequence,reason,available,valid,velocity_valid,gravity_valid,vx,vy,vz,eta_x,eta_y,eta_z,eta_norm,features,observed,warmup,substeps,P_trace,core_reset,integrated_steps,integrated_seconds,post_current_fej_rotation,post_current_fej_velocity,G_reason,V_reason,G_eligible,V_eligible,G_quality,V_quality,G_nis,V_nis,G_residual,V_residual,G_variance,V_variance,G_rows,V_rows,visual_rows,columns,EKF_calls,update_norm,P_symmetry,P_min_eigenvalue,submit_reason,attempt_id,used_once,accepted_G,accepted_V,prior_rotation_difference,prior_velocity_difference,P_checked,G_update_norm,V_update_norm,G_gain_norm,V_gain_norm,PL_min_eigenvalue,PL_checked
0,1403715886.5840583,1403715886584058368,1403715886.5840583,0,1,0,uninitialized,0,0,0,0,0,0,0,0,0,0,0,0,0,0,0,6,estimator_reset,0,0,0,0,disabled,disabled,0,0,0,0,-1,-1,0,0,0,0,0,0,0,0,0,0,0,0,none,0,0,0,0,0,0,0,0,0,0,0,-1,0
0,1403715886.634058,1403715886634057984,1403715886.634058,0,2,0,uninitialized,0,0,0,0,0,0,0,0,0,0,0,0,0,0,0,6,estimator_reset,0,0,0,0,disabled,disabled,0,0,0,0,-1,-1,0,0,0,0,0,0,0,0,0,0,0,0,none,0,0,0,0,0,0,0,0,0,0,0,-1,0
0,1403715886.6840582,1403715886684058112,1403715886.6840582,0,3,0,uninitialized,0,0,0,0,0,0,0,0,0,0,0,0,0,0,0,6,estimator_reset,0,0,0,0,disabled,disabled,0,0,0,0,-1,-1,0,0,0,0,0,0,0,0,0,0,0,0,none,0,0,0,0,0,0,0,0,0,0,0,-1,0
0,1403715886.7340581,1403715886734058240,1403715886.7340581,0,4,0,uninitialized,0,0,0,0,0,0,0,0,0,0,0,0,0,0,0,6,estimator_reset,0,0,0,0,disabled,disabled,0,0,0,0,-1,-1,0,0,0,0,0,0,0,0,0,0,0,0,none,0,0,0,0,0,0,0,0,0,0,0,-1,0
0,1403715886.7840581,1403715886784058112,1403715886.7840581,0,5,0,uninitialized,0,0,0,0,0,0,0,0,0,0,0,0,0,0,0,6,estimator_reset,0,0,0,0,disabled,disabled,0,0,0,0,-1,-1,0,0,0,0,0,0,0,0,0,0,0,0,none,0,0,0,0,0,0,0,0,0,0,0,-1,0
0,1403715886.834058,1403715886834057984,1403715886.834058,0,6,0,uninitialized,0,0,0,0,0,0,0,0,0,0,0,0,0,0,0,6,estimator_reset,0,0,0,0,disabled,disabled,0,0,0,0,-1,-1,0,0,0,0,0,0,0,0,0,0,0,0,none,0,0,0,0,0,0,0,0,0,0,0,-1,0
0,1403715886.8840582,1403715886884058112,1403715886.8840582,0,7,0,uninitialized,0,0,0,0,0,0,0,0,0,0,0,0,0,0,0,6,estimator_reset,0,0,0,0,disabled,disabled,0,0,0,0,-1,-1,0,0,0,0,0,0,0,0,0,0,0,0,none,0,0,0,0,0,0,0,0,0,0,0,-1,0
0,1403715886.9340582,1403715886934058240,1403715886.9340582,0,8,0,uninitialized,0,0,0,0,0,0,0,0,0,0,0,0,0,0,0,6,estimator_reset,0,0,0,0,disabled,disabled,0,0,0,0,-1,-1,0,0,0,0,0,0,0,0,0,0,0,0,none,0,0,0,0,0,0,0,0,0,0,0,-1,0
0,1403715886.9840581,1403715886984058112,1403715886.9840581,0,9,0,uninitialized,0,0,0,0,0,0,0,0,0,0,0,0,0,0,0,6,estimator_reset,0,0,0,0,disabled,disabled,0,0,0,0,-1,-1,0,0,0,0,0,0,0,0,0,0,0,0,none,0,0,0,0,0,0,0,0,0,0,0,-1,0
0,1403715887.0340581,1403715887034057984,1403715887.0340581,0,10,0,uninitialized,0,0,0,0,0,0,0,0,0,0,0,0,0,0,0,6,estimator_reset,0,0,0,0,disabled,disabled,0,0,0,0,-1,-1,0,0,0,0,0,0,0,0,0,0,0,0,none,0,0,0,0,0,0,0,0,0,0,0,-1,0
0,1403715887.0840583,1403715887084058368,1403715887.0840583,0,11,0,uninitialized,0,0,0,0,0,0,0,0,0,0,0,0,0,0,0,6,estimator_reset,0,0,0,0,disabled,disabled,0,0,0,0,-1,-1,0,0,0,0,0,0,0,0,0,0,0,0,none,0,0,0,0,0,0,0,0,0,0,0,-1,0
0,1403715887.134058,1403715887134057984,1403715887.134058,0,12,0,uninitialized,0,0,0,0,0,0,0,0,0,0,0,0,0,0,0,6,estimator_reset,0,0,0,0,disabled,disabled,0,0,0,0,-1,-1,0,0,0,0,0,0,0,0,0,0,0,0,none,0,0,0,0,0,0,0,0,0,0,0,-1,0
0,1403715887.1840582,1403715887184058112,1403715887.1840582,0,13,0,uninitialized,0,0,0,0,0,0,0,0,0,0,0,0,0,0,0,6,estimator_reset,0,0,0,0,disabled,disabled,0,0,0,0,-1,-1,0,0,0,0,0,0,0,0,0,0,0,0,none,0,0,0,0,0,0,0,0,0,0,0,-1,0
0,1403715887.2340581,1403715887234058240,1403715887.2340581,0,14,0,uninitialized,0,0,0,0,0,0,0,0,0,0,0,0,0,0,0,6,estimator_reset,0,0,0,0,disabled,disabled,0,0,0,0,-1,-1,0,0,0,0,0,0,0,0,0,0,0,0,none,0,0,0,0,0,0,0,0,0,0,0,-1,0
0,1403715887.2840581,1403715887284058112,1403715887.2840581,0,15,0,uninitialized,0,0,0,0,0,0,0,0,0,0,0,0,0,0,0,6,estimator_reset,0,0,0,0,disabled,disabled,0,0,0,0,-1,-1,0,0,0,0,0,0,0,0,0,0,0,0,none,0,0,0,0,0,0,0,0,0,0,0,-1,0
0,1403715887.334058,1403715887334057984,1403715887.334058,0,16,0,uninitialized,0,0,0,0,0,0,0,0,0,0,0,0,0,0,0,6,estimator_reset,0,0,0,0,disabled,disabled,0,0,0,0,-1,-1,0,0,0,0,0,0,0,0,0,0,0,0,none,0,0,0,0,0,0,0,0,0,0,0,-1,0
0,1403715887.3840582,1403715887384058112,1403715887.3840582,0,17,0,uninitialized,0,0,0,0,0,0,0,0,0,0,0,0,0,0,0,6,estimator_reset,0,0,0,0,disabled,disabled,0,0,0,0,-1,-1,0,0,0,0,0,0,0,0,0,0,0,0,none,0,0,0,0,0,0,0,0,0,0,0,-1,0
0,1403715887.4340582,1403715887434058240,1403715887.4340582,0,18,0,uninitialized,0,0,0,0,0,0,0,0,0,0,0,0,0,0,0,6,estimator_reset,0,0,0,0,disabled,disabled,0,0,0,0,-1,-1,0,0,0,0,0,0,0,0,0,0,0,0,none,0,0,0,0,0,0,0,0,0,0,0,-1,0
0,1403715887.4840581,1403715887484058112,1403715887.4840581,0,19,0,uninitialized,0,0,0,0,0,0,0,0,0,0,0,0,0,0,0,6,estimator_reset,0,0,0,0,disabled,disabled,0,0,0,0,-1,-1,0,0,0,0,0,0,0,0,0,0,0,0,none,0,0,0,0,0,0,0,0,0,0,0,-1,0
0,1403715887.5340581,1403715887534057984,1403715887.5340581,0,20,0,uninitialized,0,0,0,0,0,0,0,0,0,0,0,0,0,0,0,6,estimator_reset,0,0,0,0,disabled,disabled,0,0,0,0,-1,-1,0,0,0,0,0,0,0,0,0,0,0,0,none,0,0,0,0,0,0,0,0,0,0,0,-1,0
0,1403715887.5840583,1403715887584058368,1403715887.5840583,0,21,0,uninitialized,0,0,0,0,0,0,0,0,0,0,0,0,0,0,0,6,estimator_reset,0,0,0,0,disabled,disabled,0,0,0,0,-1,-1,0,0,0,0,0,0,0,0,0,0,0,0,none,0,0,0,0,0,0,0,0,0,0,0,-1,0
0,1403715887.634058,1403715887634057984,1403715887.634058,0,22,0,uninitialized,0,0,0,0,0,0,0,0,0,0,0,0,0,0,0,6,estimator_reset,0,0,0,0,disabled,disabled,0,0,0,0,-1,-1,0,0,0,0,0,0,0,0,0,0,0,0,none,0,0,0,0,0,0,0,0,0,0,0,-1,0
0,1403715887.6840582,1403715887684058112,1403715887.6840582,0,23,0,uninitialized,0,0,0,0,0,0,0,0,0,0,0,0,0,0,0,6,estimator_reset,0,0,0,0,disabled,disabled,0,0,0,0,-1,-1,0,0,0,0,0,0,0,0,0,0,0,0,none,0,0,0,0,0,0,0,0,0,0,0,-1,0
0,1403715887.7340581,1403715887734058240,1403715887.7340581,0,24,0,uninitialized,0,0,0,0,0,0,0,0,0,0,0,0,0,0,0,6,estimator_reset,0,0,0,0,disabled,disabled,0,0,0,0,-1,-1,0,0,0,0,0,0,0,0,0,0,0,0,none,0,0,0,0,0,0,0,0,0,0,0,-1,0
0,1403715887.7840581,1403715887784058112,1403715887.7840581,0,25,0,uninitialized,0,0,0,0,0,0,0,0,0,0,0,0,0,0,0,6,estimator_reset,0,0,0,0,disabled,disabled,0,0,0,0,-1,-1,0,0,0,0,0,0,0,0,0,0,0,0,none,0,0,0,0,0,0,0,0,0,0,0,-1,0
0,1403715887.834058,1403715887834057984,1403715887.834058,0,26,0,uninitialized,0,0,0,0,0,0,0,0,0,0,0,0,0,0,0,6,estimator_reset,0,0,0,0,disabled,disabled,0,0,0,0,-1,-1,0,0,0,0,0,0,0,0,0,0,0,0,none,0,0,0,0,0,0,0,0,0,0,0,-1,0
0,1403715887.8840582,1403715887884058112,1403715887.8840582,0,27,0,uninitialized,0,0,0,0,0,0,0,0,0,0,0,0,0,0,0,6,estimator_reset,0,0,0,0,disabled,disabled,0,0,0,0,-1,-1,0,0,0,0,0,0,0,0,0,0,0,0,none,0,0,0,0,0,0,0,0,0,0,0,-1,0
0,1403715887.9340582,1403715887934058240,1403715887.9340582,0,28,0,uninitialized,0,0,0,0,0,0,0,0,0,0,0,0,0,0,0,6,estimator_reset,0,0,0,0,disabled,disabled,0,0,0,0,-1,-1,0,0,0,0,0,0,0,0,0,0,0,0,none,0,0,0,0,0,0,0,0,0,0,0,-1,0
0,1403715887.9840581,1403715887984058112,1403715887.9840581,0,29,0,uninitialized,0,0,0,0,0,0,0,0,0,0,0,0,0,0,0,6,estimator_reset,0,0,0,0,disabled,disabled,0,0,0,0,-1,-1,0,0,0,0,0,0,0,0,0,0,0,0,none,0,0,0,0,0,0,0,0,0,0,0,-1,0
0,1403715888.0340581,1403715888034057984,1403715888.0340581,0,30,0,uninitialized,0,0,0,0,0,0,0,0,0,0,0,0,0,0,0,6,estimator_reset,0,0,0,0,disabled,disabled,0,0,0,0,-1,-1,0,0,0,0,0,0,0,0,0,0,0,0,none,0,0,0,0,0,0,0,0,0,0,0,-1,0
0,1403715888.0840583,1403715888084058368,1403715888.0840583,0,31,0,uninitialized,0,0,0,0,0,0,0,0,0,0,0,0,0,0,0,6,estimator_reset,0,0,0,0,disabled,disabled,0,0,0,0,-1,-1,0,0,0,0,0,0,0,0,0,0,0,0,none,0,0,0,0,0,0,0,0,0,0,0,-1,0
0,1403715888.134058,1403715888134057984,1403715888.134058,0,32,0,uninitialized,0,0,0,0,0,0,0,0,0,0,0,0,0,0,0,6,estimator_reset,0,0,0,0,disabled,disabled,0,0,0,0,-1,-1,0,0,0,0,0,0,0,0,0,0,0,0,none,0,0,0,0,0,0,0,0,0,0,0,-1,0
0,1403715888.1840582,1403715888184058112,1403715888.1840582,0,33,0,uninitialized,0,0,0,0,0,0,0,0,0,0,0,0,0,0,0,6,estimator_reset,0,0,0,0,disabled,disabled,0,0,0,0,-1,-1,0,0,0,0,0,0,0,0,0,0,0,0,none,0,0,0,0,0,0,0,0,0,0,0,-1,0
0,1403715888.2340581,1403715888234058240,1403715888.2340581,0,34,0,uninitialized,0,0,0,0,0,0,0,0,0,0,0,0,0,0,0,6,estimator_reset,0,0,0,0,disabled,disabled,0,0,0,0,-1,-1,0,0,0,0,0,0,0,0,0,0,0,0,none,0,0,0,0,0,0,0,0,0,0,0,-1,0
0,1403715888.2840581,1403715888284058112,1403715888.2840581,0,35,0,uninitialized,0,0,0,0,0,0,0,0,0,0,0,0,0,0,0,6,estimator_reset,0,0,0,0,disabled,disabled,0,0,0,0,-1,-1,0,0,0,0,0,0,0,0,0,0,0,0,none,0,0,0,0,0,0,0,0,0,0,0,-1,0
0,1403715888.334058,1403715888334057984,1403715888.334058,0,36,0,uninitialized,0,0,0,0,0,0,0,0,0,0,0,0,0,0,0,6,estimator_reset,0,0,0,0,disabled,disabled,0,0,0,0,-1,-1,0,0,0,0,0,0,0,0,0,0,0,0,none,0,0,0,0,0,0,0,0,0,0,0,-1,0
0,1403715888.3840582,1403715888384058112,1403715888.3840582,0,37,0,uninitialized,0,0,0,0,0,0,0,0,0,0,0,0,0,0,0,6,estimator_reset,0,0,0,0,disabled,disabled,0,0,0,0,-1,-1,0,0,0,0,0,0,0,0,0,0,0,0,none,0,0,0,0,0,0,0,0,0,0,0,-1,0
0,1403715888.4340582,1403715888434058240,1403715888.4340582,0,38,0,uninitialized,0,0,0,0,0,0,0,0,0,0,0,0,0,0,0,6,estimator_reset,0,0,0,0,disabled,disabled,0,0,0,0,-1,-1,0,0,0,0,0,0,0,0,0,0,0,0,none,0,0,0,0,0,0,0,0,0,0,0,-1,0
0,1403715888.4840581,1403715888484058112,1403715888.4840581,0,39,0,uninitialized,0,0,0,0,0,0,0,0,0,0,0,0,0,0,0,6,estimator_reset,0,0,0,0,disabled,disabled,0,0,0,0,-1,-1,0,0,0,0,0,0,0,0,0,0,0,0,none,0,0,0,0,0,0,0,0,0,0,0,-1,0
0,1403715888.5340581,1403715888534057984,1403715888.5340581,0,40,0,uninitialized,0,0,0,0,0,0,0,0,0,0,0,0,0,0,0,6,estimator_reset,0,0,0,0,disabled,disabled,0,0,0,0,-1,-1,0,0,0,0,0,0,0,0,0,0,0,0,none,0,0,0,0,0,0,0,0,0,0,0,-1,0
0,1403715888.5840583,1403715888584058368,1403715888.5840583,0,41,0,uninitialized,0,0,0,0,0,0,0,0,0,0,0,0,0,0,0,6,estimator_reset,0,0,0,0,disabled,disabled,0,0,0,0,-1,-1,0,0,0,0,0,0,0,0,0,0,0,0,none,0,0,0,0,0,0,0,0,0,0,0,-1,0
0,1403715888.634058,1403715888634057984,1403715888.634058,0,42,0,uninitialized,0,0,0,0,0,0,0,0,0,0,0,0,0,0,0,6,estimator_reset,0,0,0,0,disabled,disabled,0,0,0,0,-1,-1,0,0,0,0,0,0,0,0,0,0,0,0,none,0,0,0,0,0,0,0,0,0,0,0,-1,0
0,1403715888.6840582,1403715888684058112,1403715888.6840582,0,43,0,uninitialized,0,0,0,0,0,0,0,0,0,0,0,0,0,0,0,6,estimator_reset,0,0,0,0,disabled,disabled,0,0,0,0,-1,-1,0,0,0,0,0,0,0,0,0,0,0,0,none,0,0,0,0,0,0,0,0,0,0,0,-1,0
0,1403715888.7340581,1403715888734058240,1403715888.7340581,0,44,0,uninitialized,0,0,0,0,0,0,0,0,0,0,0,0,0,0,0,6,estimator_reset,0,0,0,0,disabled,disabled,0,0,0,0,-1,-1,0,0,0,0,0,0,0,0,0,0,0,0,none,0,0,0,0,0,0,0,0,0,0,0,-1,0
0,1403715888.7840581,1403715888784058112,1403715888.7840581,0,45,0,uninitialized,0,0,0,0,0,0,0,0,0,0,0,0,0,0,0,6,estimator_reset,0,0,0,0,disabled,disabled,0,0,0,0,-1,-1,0,0,0,0,0,0,0,0,0,0,0,0,none,0,0,0,0,0,0,0,0,0,0,0,-1,0
0,1403715888.834058,1403715888834057984,1403715888.834058,0,46,0,uninitialized,0,0,0,0,0,0,0,0,0,0,0,0,0,0,0,6,estimator_reset,0,0,0,0,disabled,disabled,0,0,0,0,-1,-1,0,0,0,0,0,0,0,0,0,0,0,0,none,0,0,0,0,0,0,0,0,0,0,0,-1,0
0,1403715888.8840582,1403715888884058112,1403715888.8840582,0,47,0,uninitialized,0,0,0,0,0,0,0,0,0,0,0,0,0,0,0,6,estimator_reset,0,0,0,0,disabled,disabled,0,0,0,0,-1,-1,0,0,0,0,0,0,0,0,0,0,0,0,none,0,0,0,0,0,0,0,0,0,0,0,-1,0
0,1403715888.9340582,1403715888934058240,1403715888.9340582,0,48,0,uninitialized,0,0,0,0,0,0,0,0,0,0,0,0,0,0,0,6,estimator_reset,0,0,0,0,disabled,disabled,0,0,0,0,-1,-1,0,0,0,0,0,0,0,0,0,0,0,0,none,0,0,0,0,0,0,0,0,0,0,0,-1,0
0,1403715888.9840581,1403715888984058112,1403715888.9840581,0,49,0,uninitialized,0,0,0,0,0,0,0,0,0,0,0,0,0,0,0,6,estimator_reset,0,0,0,0,disabled,disabled,0,0,0,0,-1,-1,0,0,0,0,0,0,0,0,0,0,0,0,none,0,0,0,0,0,0,0,0,0,0,0,-1,0
0,1403715889.0340581,1403715889034057984,1403715889.0340581,0,50,0,uninitialized,0,0,0,0,0,0,0,0,0,0,0,0,0,0,0,6,estimator_reset,0,0,0,0,disabled,disabled,0,0,0,0,-1,-1,0,0,0,0,0,0,0,0,0,0,0,0,none,0,0,0,0,0,0,0,0,0,0,0,-1,0
0,1403715889.0840583,1403715889084058368,1403715889.0840583,0,51,0,uninitialized,0,0,0,0,0,0,0,0,0,0,0,0,0,0,0,6,estimator_reset,0,0,0,0,disabled,disabled,0,0,0,0,-1,-1,0,0,0,0,0,0,0,0,0,0,0,0,none,0,0,0,0,0,0,0,0,0,0,0,-1,0
0,1403715889.134058,1403715889134057984,1403715889.134058,0,52,0,uninitialized,0,0,0,0,0,0,0,0,0,0,0,0,0,0,0,6,estimator_reset,0,0,0,0,disabled,disabled,0,0,0,0,-1,-1,0,0,0,0,0,0,0,0,0,0,0,0,none,0,0,0,0,0,0,0,0,0,0,0,-1,0
0,1403715889.1840582,1403715889184058112,1403715889.1840582,0,53,0,uninitialized,0,0,0,0,0,0,0,0,0,0,0,0,0,0,0,6,estimator_reset,0,0,0,0,disabled,disabled,0,0,0,0,-1,-1,0,0,0,0,0,0,0,0,0,0,0,0,none,0,0,0,0,0,0,0,0,0,0,0,-1,0
0,1403715889.2340581,1403715889234058240,1403715889.2340581,0,54,0,uninitialized,0,0,0,0,0,0,0,0,0,0,0,0,0,0,0,6,estimator_reset,0,0,0,0,disabled,disabled,0,0,0,0,-1,-1,0,0,0,0,0,0,0,0,0,0,0,0,none,0,0,0,0,0,0,0,0,0,0,0,-1,0
0,1403715889.2840581,1403715889284058112,1403715889.2840581,0,55,0,uninitialized,0,0,0,0,0,0,0,0,0,0,0,0,0,0,0,6,estimator_reset,0,0,0,0,disabled,disabled,0,0,0,0,-1,-1,0,0,0,0,0,0,0,0,0,0,0,0,none,0,0,0,0,0,0,0,0,0,0,0,-1,0
0,1403715889.334058,1403715889334057984,1403715889.334058,0,56,0,uninitialized,0,0,0,0,0,0,0,0,0,0,0,0,0,0,0,6,estimator_reset,0,0,0,0,disabled,disabled,0,0,0,0,-1,-1,0,0,0,0,0,0,0,0,0,0,0,0,none,0,0,0,0,0,0,0,0,0,0,0,-1,0
0,1403715889.3840582,1403715889384058112,1403715889.3840582,0,57,0,uninitialized,0,0,0,0,0,0,0,0,0,0,0,0,0,0,0,6,estimator_reset,0,0,0,0,disabled,disabled,0,0,0,0,-1,-1,0,0,0,0,0,0,0,0,0,0,0,0,none,0,0,0,0,0,0,0,0,0,0,0,-1,0
0,1403715889.4340582,1403715889434058240,1403715889.4340582,0,58,0,uninitialized,0,0,0,0,0,0,0,0,0,0,0,0,0,0,0,6,estimator_reset,0,0,0,0,disabled,disabled,0,0,0,0,-1,-1,0,0,0,0,0,0,0,0,0,0,0,0,none,0,0,0,0,0,0,0,0,0,0,0,-1,0
0,1403715889.4840581,1403715889484058112,1403715889.4840581,0,59,0,uninitialized,0,0,0,0,0,0,0,0,0,0,0,0,0,0,0,6,estimator_reset,0,0,0,0,disabled,disabled,0,0,0,0,-1,-1,0,0,0,0,0,0,0,0,0,0,0,0,none,0,0,0,0,0,0,0,0,0,0,0,-1,0
0,1403715889.5340581,1403715889534057984,1403715889.5340581,0,60,0,uninitialized,0,0,0,0,0,0,0,0,0,0,0,0,0,0,0,6,estimator_reset,0,0,0,0,disabled,disabled,0,0,0,0,-1,-1,0,0,0,0,0,0,0,0,0,0,0,0,none,0,0,0,0,0,0,0,0,0,0,0,-1,0
0,1403715889.5840583,1403715889584058368,1403715889.5840583,0,61,0,uninitialized,0,0,0,0,0,0,0,0,0,0,0,0,0,0,0,6,estimator_reset,0,0,0,0,disabled,disabled,0,0,0,0,-1,-1,0,0,0,0,0,0,0,0,0,0,0,0,none,0,0,0,0,0,0,0,0,0,0,0,-1,0
0,1403715889.634058,1403715889634057984,1403715889.634058,0,62,0,uninitialized,0,0,0,0,0,0,0,0,0,0,0,0,0,0,0,6,estimator_reset,0,0,0,0,disabled,disabled,0,0,0,0,-1,-1,0,0,0,0,0,0,0,0,0,0,0,0,none,0,0,0,0,0,0,0,0,0,0,0,-1,0
0,1403715889.6840582,1403715889684058112,1403715889.6840582,0,63,0,uninitialized,0,0,0,0,0,0,0,0,0,0,0,0,0,0,0,6,estimator_reset,0,0,0,0,disabled,disabled,0,0,0,0,-1,-1,0,0,0,0,0,0,0,0,0,0,0,0,none,0,0,0,0,0,0,0,0,0,0,0,-1,0
0,1403715889.7340581,1403715889734058240,1403715889.7340581,0,64,0,uninitialized,0,0,0,0,0,0,0,0,0,0,0,0,0,0,0,6,estimator_reset,0,0,0,0,disabled,disabled,0,0,0,0,-1,-1,0,0,0,0,0,0,0,0,0,0,0,0,none,0,0,0,0,0,0,0,0,0,0,0,-1,0
0,1403715889.7840581,1403715889784058112,1403715889.7840581,0,65,0,uninitialized,0,0,0,0,0,0,0,0,0,0,0,0,0,0,0,6,estimator_reset,0,0,0,0,disabled,disabled,0,0,0,0,-1,-1,0,0,0,0,0,0,0,0,0,0,0,0,none,0,0,0,0,0,0,0,0,0,0,0,-1,0
0,1403715889.834058,1403715889834057984,1403715889.834058,0,66,0,uninitialized,0,0,0,0,0,0,0,0,0,0,0,0,0,0,0,6,estimator_reset,0,0,0,0,disabled,disabled,0,0,0,0,-1,-1,0,0,0,0,0,0,0,0,0,0,0,0,none,0,0,0,0,0,0,0,0,0,0,0,-1,0
0,1403715889.8840582,1403715889884058112,1403715889.8840582,0,67,0,uninitialized,0,0,0,0,0,0,0,0,0,0,0,0,0,0,0,6,estimator_reset,0,0,0,0,disabled,disabled,0,0,0,0,-1,-1,0,0,0,0,0,0,0,0,0,0,0,0,none,0,0,0,0,0,0,0,0,0,0,0,-1,0
0,1403715889.9340582,1403715889934058240,1403715889.9340582,0,68,0,uninitialized,0,0,0,0,0,0,0,0,0,0,0,0,0,0,0,6,estimator_reset,0,0,0,0,disabled,disabled,0,0,0,0,-1,-1,0,0,0,0,0,0,0,0,0,0,0,0,none,0,0,0,0,0,0,0,0,0,0,0,-1,0
0,1403715889.9840581,1403715889984058112,1403715889.9840581,0,69,0,uninitialized,0,0,0,0,0,0,0,0,0,0,0,0,0,0,0,6,estimator_reset,0,0,0,0,disabled,disabled,0,0,0,0,-1,-1,0,0,0,0,0,0,0,0,0,0,0,0,none,0,0,0,0,0,0,0,0,0,0,0,-1,0
0,1403715890.0340581,1403715890034057984,1403715890.0340581,0,70,0,uninitialized,0,0,0,0,0,0,0,0,0,0,0,0,0,0,0,6,estimator_reset,0,0,0,0,disabled,disabled,0,0,0,0,-1,-1,0,0,0,0,0,0,0,0,0,0,0,0,none,0,0,0,0,0,0,0,0,0,0,0,-1,0
0,1403715890.0840583,1403715890084058368,1403715890.0840583,0,71,0,uninitialized,0,0,0,0,0,0,0,0,0,0,0,0,0,0,0,6,estimator_reset,0,0,0,0,disabled,disabled,0,0,0,0,-1,-1,0,0,0,0,0,0,0,0,0,0,0,0,none,0,0,0,0,0,0,0,0,0,0,0,-1,0
0,1403715890.134058,1403715890134057984,1403715890.134058,0,72,0,uninitialized,0,0,0,0,0,0,0,0,0,0,0,0,0,0,0,6,estimator_reset,0,0,0,0,disabled,disabled,0,0,0,0,-1,-1,0,0,0,0,0,0,0,0,0,0,0,0,none,0,0,0,0,0,0,0,0,0,0,0,-1,0
0,1403715890.1840582,1403715890184058112,1403715890.1840582,0,73,0,uninitialized,0,0,0,0,0,0,0,0,0,0,0,0,0,0,0,6,estimator_reset,0,0,0,0,disabled,disabled,0,0,0,0,-1,-1,0,0,0,0,0,0,0,0,0,0,0,0,none,0,0,0,0,0,0,0,0,0,0,0,-1,0
0,1403715890.2340581,1403715890234058240,1403715890.2340581,0,74,0,uninitialized,0,0,0,0,0,0,0,0,0,0,0,0,0,0,0,6,estimator_reset,0,0,0,0,disabled,disabled,0,0,0,0,-1,-1,0,0,0,0,0,0,0,0,0,0,0,0,none,0,0,0,0,0,0,0,0,0,0,0,-1,0
0,1403715890.2840581,1403715890284058112,1403715890.2840581,0,75,0,uninitialized,0,0,0,0,0,0,0,0,0,0,0,0,0,0,0,6,estimator_reset,0,0,0,0,disabled,disabled,0,0,0,0,-1,-1,0,0,0,0,0,0,0,0,0,0,0,0,none,0,0,0,0,0,0,0,0,0,0,0,-1,0
0,1403715890.334058,1403715890334057984,1403715890.334058,0,76,0,uninitialized,0,0,0,0,0,0,0,0,0,0,0,0,0,0,0,6,estimator_reset,0,0,0,0,disabled,disabled,0,0,0,0,-1,-1,0,0,0,0,0,0,0,0,0,0,0,0,none,0,0,0,0,0,0,0,0,0,0,0,-1,0
0,1403715890.3840582,1403715890384058112,1403715890.3840582,0,77,0,uninitialized,0,0,0,0,0,0,0,0,0,0,0,0,0,0,0,6,estimator_reset,0,0,0,0,disabled,disabled,0,0,0,0,-1,-1,0,0,0,0,0,0,0,0,0,0,0,0,none,0,0,0,0,0,0,0,0,0,0,0,-1,0
0,1403715890.4340582,1403715890434058240,1403715890.4340582,0,78,0,uninitialized,0,0,0,0,0,0,0,0,0,0,0,0,0,0,0,6,estimator_reset,0,0,0,0,disabled,disabled,0,0,0,0,-1,-1,0,0,0,0,0,0,0,0,0,0,0,0,none,0,0,0,0,0,0,0,0,0,0,0,-1,0
0,1403715890.4840581,1403715890484058112,1403715890.4840581,0,79,0,uninitialized,0,0,0,0,0,0,0,0,0,0,0,0,0,0,0,6,estimator_reset,0,0,0,0,disabled,disabled,0,0,0,0,-1,-1,0,0,0,0,0,0,0,0,0,0,0,0,none,0,0,0,0,0,0,0,0,0,0,0,-1,0
0,1403715890.5340581,1403715890534057984,1403715890.5340581,0,80,0,uninitialized,0,0,0,0,0,0,0,0,0,0,0,0,0,0,0,6,estimator_reset,0,0,0,0,disabled,disabled,0,0,0,0,-1,-1,0,0,0,0,0,0,0,0,0,0,0,0,none,0,0,0,0,0,0,0,0,0,0,0,-1,0
0,1403715890.5840583,1403715890584058368,1403715890.5840583,0,81,0,uninitialized,0,0,0,0,0,0,0,0,0,0,0,0,0,0,0,6,estimator_reset,0,0,0,0,disabled,disabled,0,0,0,0,-1,-1,0,0,0,0,0,0,0,0,0,0,0,0,none,0,0,0,0,0,0,0,0,0,0,0,-1,0
0,1403715890.634058,1403715890634057984,1403715890.634058,0,82,0,uninitialized,0,0,0,0,0,0,0,0,0,0,0,0,0,0,0,6,estimator_reset,0,0,0,0,disabled,disabled,0,0,0,0,-1,-1,0,0,0,0,0,0,0,0,0,0,0,0,none,0,0,0,0,0,0,0,0,0,0,0,-1,0
0,1403715890.6840582,1403715890684058112,1403715890.6840582,0,83,0,uninitialized,0,0,0,0,0,0,0,0,0,0,0,0,0,0,0,6,estimator_reset,0,0,0,0,disabled,disabled,0,0,0,0,-1,-1,0,0,0,0,0,0,0,0,0,0,0,0,none,0,0,0,0,0,0,0,0,0,0,0,-1,0
0,1403715890.7340581,1403715890734058240,1403715890.7340581,0,84,0,uninitialized,0,0,0,0,0,0,0,0,0,0,0,0,0,0,0,6,estimator_reset,0,0,0,0,disabled,disabled,0,0,0,0,-1,-1,0,0,0,0,0,0,0,0,0,0,0,0,none,0,0,0,0,0,0,0,0,0,0,0,-1,0
0,1403715890.7840581,1403715890784058112,1403715890.7840581,0,85,0,uninitialized,0,0,0,0,0,0,0,0,0,0,0,0,0,0,0,6,estimator_reset,0,0,0,0,disabled,disabled,0,0,0,0,-1,-1,0,0,0,0,0,0,0,0,0,0,0,0,none,0,0,0,0,0,0,0,0,0,0,0,-1,0
0,1403715890.834058,1403715890834057984,1403715890.834058,0,86,0,uninitialized,0,0,0,0,0,0,0,0,0,0,0,0,0,0,0,6,estimator_reset,0,0,0,0,disabled,disabled,0,0,0,0,-1,-1,0,0,0,0,0,0,0,0,0,0,0,0,none,0,0,0,0,0,0,0,0,0,0,0,-1,0
0,1403715890.8840582,1403715890884058112,1403715890.8840582,0,87,0,uninitialized,0,0,0,0,0,0,0,0,0,0,0,0,0,0,0,6,estimator_reset,0,0,0,0,disabled,disabled,0,0,0,0,-1,-1,0,0,0,0,0,0,0,0,0,0,0,0,none,0,0,0,0,0,0,0,0,0,0,0,-1,0
0,1403715890.9340582,1403715890934058240,1403715890.9340582,0,88,0,uninitialized,0,0,0,0,0,0,0,0,0,0,0,0,0,0,0,6,estimator_reset,0,0,0,0,disabled,disabled,0,0,0,0,-1,-1,0,0,0,0,0,0,0,0,0,0,0,0,none,0,0,0,0,0,0,0,0,0,0,0,-1,0
0,1403715890.9840581,1403715890984058112,1403715890.9840581,0,89,0,uninitialized,0,0,0,0,0,0,0,0,0,0,0,0,0,0,0,6,estimator_reset,0,0,0,0,disabled,disabled,0,0,0,0,-1,-1,0,0,0,0,0,0,0,0,0,0,0,0,none,0,0,0,0,0,0,0,0,0,0,0,-1,0
0,1403715891.0340581,1403715891034057984,1403715891.0340581,0,90,0,uninitialized,0,0,0,0,0,0,0,0,0,0,0,0,0,0,0,6,estimator_reset,0,0,0,0,disabled,disabled,0,0,0,0,-1,-1,0,0,0,0,0,0,0,0,0,0,0,0,none,0,0,0,0,0,0,0,0,0,0,0,-1,0
0,1403715891.0840583,1403715891084058368,1403715891.0840583,0,91,0,uninitialized,0,0,0,0,0,0,0,0,0,0,0,0,0,0,0,6,estimator_reset,0,0,0,0,disabled,disabled,0,0,0,0,-1,-1,0,0,0,0,0,0,0,0,0,0,0,0,none,0,0,0,0,0,0,0,0,0,0,0,-1,0
0,1403715891.134058,1403715891134057984,1403715891.134058,0,92,0,uninitialized,0,0,0,0,0,0,0,0,0,0,0,0,0,0,0,6,estimator_reset,0,0,0,0,disabled,disabled,0,0,0,0,-1,-1,0,0,0,0,0,0,0,0,0,0,0,0,none,0,0,0,0,0,0,0,0,0,0,0,-1,0
0,1403715891.1840582,1403715891184058112,1403715891.1840582,0,93,0,uninitialized,0,0,0,0,0,0,0,0,0,0,0,0,0,0,0,6,estimator_reset,0,0,0,0,disabled,disabled,0,0,0,0,-1,-1,0,0,0,0,0,0,0,0,0,0,0,0,none,0,0,0,0,0,0,0,0,0,0,0,-1,0
0,1403715891.2340581,1403715891234058240,1403715891.2340581,0,94,0,uninitialized,0,0,0,0,0,0,0,0,0,0,0,0,0,0,0,6,estimator_reset,0,0,0,0,disabled,disabled,0,0,0,0,-1,-1,0,0,0,0,0,0,0,0,0,0,0,0,none,0,0,0,0,0,0,0,0,0,0,0,-1,0
0,1403715891.2840581,1403715891284058112,1403715891.2840581,0,95,0,uninitialized,0,0,0,0,0,0,0,0,0,0,0,0,0,0,0,6,estimator_reset,0,0,0,0,disabled,disabled,0,0,0,0,-1,-1,0,0,0,0,0,0,0,0,0,0,0,0,none,0,0,0,0,0,0,0,0,0,0,0,-1,0
0,1403715891.334058,1403715891334057984,1403715891.334058,0,96,0,uninitialized,0,0,0,0,0,0,0,0,0,0,0,0,0,0,0,6,estimator_reset,0,0,0,0,disabled,disabled,0,0,0,0,-1,-1,0,0,0,0,0,0,0,0,0,0,0,0,none,0,0,0,0,0,0,0,0,0,0,0,-1,0
0,1403715891.3840582,1403715891384058112,1403715891.3840582,0,97,0,uninitialized,0,0,0,0,0,0,0,0,0,0,0,0,0,0,0,6,estimator_reset,0,0,0,0,disabled,disabled,0,0,0,0,-1,-1,0,0,0,0,0,0,0,0,0,0,0,0,none,0,0,0,0,0,0,0,0,0,0,0,-1,0
0,1403715891.4340582,1403715891434058240,1403715891.4340582,0,98,0,uninitialized,0,0,0,0,0,0,0,0,0,0,0,0,0,0,0,6,estimator_reset,0,0,0,0,disabled,disabled,0,0,0,0,-1,-1,0,0,0,0,0,0,0,0,0,0,0,0,none,0,0,0,0,0,0,0,0,0,0,0,-1,0
0,1403715891.4840581,1403715891484058112,1403715891.4840581,0,99,0,uninitialized,0,0,0,0,0,0,0,0,0,0,0,0,0,0,0,6,estimator_reset,0,0,0,0,disabled,disabled,0,0,0,0,-1,-1,0,0,0,0,0,0,0,0,0,0,0,0,none,0,0,0,0,0,0,0,0,0,0,0,-1,0
0,1403715891.5340581,1403715891534057984,1403715891.5340581,0,100,0,uninitialized,0,0,0,0,0,0,0,0,0,0,0,0,0,0,0,6,estimator_reset,0,0,0,0,disabled,disabled,0,0,0,0,-1,-1,0,0,0,0,0,0,0,0,0,0,0,0,none,0,0,0,0,0,0,0,0,0,0,0,-1,0
0,1403715891.5840583,1403715891584058368,1403715891.5840583,0,101,0,uninitialized,0,0,0,0,0,0,0,0,0,0,0,0,0,0,0,6,estimator_reset,0,0,0,0,disabled,disabled,0,0,0,0,-1,-1,0,0,0,0,0,0,0,0,0,0,0,0,none,0,0,0,0,0,0,0,0,0,0,0,-1,0
0,1403715891.634058,1403715891634057984,1403715891.634058,0,102,0,uninitialized,0,0,0,0,0,0,0,0,0,0,0,0,0,0,0,6,estimator_reset,0,0,0,0,disabled,disabled,0,0,0,0,-1,-1,0,0,0,0,0,0,0,0,0,0,0,0,none,0,0,0,0,0,0,0,0,0,0,0,-1,0
0,1403715891.6840582,1403715891684058112,1403715891.6840582,0,103,0,uninitialized,0,0,0,0,0,0,0,0,0,0,0,0,0,0,0,6,estimator_reset,0,0,0,0,disabled,disabled,0,0,0,0,-1,-1,0,0,0,0,0,0,0,0,0,0,0,0,none,0,0,0,0,0,0,0,0,0,0,0,-1,0
0,1403715891.7340581,1403715891734058240,1403715891.7340581,0,104,0,uninitialized,0,0,0,0,0,0,0,0,0,0,0,0,0,0,0,6,estimator_reset,0,0,0,0,disabled,disabled,0,0,0,0,-1,-1,0,0,0,0,0,0,0,0,0,0,0,0,none,0,0,0,0,0,0,0,0,0,0,0,-1,0
0,1403715891.7840581,1403715891784058112,1403715891.7840581,0,105,0,uninitialized,0,0,0,0,0,0,0,0,0,0,0,0,0,0,0,6,estimator_reset,0,0,0,0,disabled,disabled,0,0,0,0,-1,-1,0,0,0,0,0,0,0,0,0,0,0,0,none,0,0,0,0,0,0,0,0,0,0,0,-1,0
0,1403715891.834058,1403715891834057984,1403715891.834058,0,106,0,uninitialized,0,0,0,0,0,0,0,0,0,0,0,0,0,0,0,6,estimator_reset,0,0,0,0,disabled,disabled,0,0,0,0,-1,-1,0,0,0,0,0,0,0,0,0,0,0,0,none,0,0,0,0,0,0,0,0,0,0,0,-1,0
0,1403715891.8840582,1403715891884058112,1403715891.8840582,0,107,0,uninitialized,0,,1413394886.9057605,0,107,0,uninitialized,0,0,0,0,0,0,0,0,0,0,0,0,0,0,0,6,estimator_reset,0,0,0,0,disabled,disabled,0,0,0,0,-1,-1,0,0,0,0,0,0,0,0,0,0,0,0,none,0,0,0,0,0,0,0,0,0,0,0,-1,0
0,1413394886.9557605,1413394886955760384,1413394886.9557605,0,108,0,uninitialized,0,0,0,0,0,0,0,0,0,0,0,0,0,0,0,6,estimator_reset,0,0,0,0,disabled,disabled,0,0,0,0,-1,-1,0,0,0,0,0,0,0,0,0,0,0,0,none,0,0,0,0,0,0,0,0,0,0,0,-1,0
0,1413394887.0057607,1413394887005760768,1413394887.0057607,0,109,0,uninitialized,0,0,0,0,0,0,0,0,0,0,0,0,0,0,0,6,estimator_reset,0,0,0,0,disabled,disabled,0,0,0,0,-1,-1,0,0,0,0,0,0,0,0,0,0,0,0,none,0,0,0,0,0,0,0,0,0,0,0,-1,0
0,1413394887.0557604,1413394887055760384,1413394887.0557604,0,110,0,uninitialized,0,0,0,0,0,0,0,0,0,0,0,0,0,0,0,6,estimator_reset,0,0,0,0,disabled,disabled,0,0,0,0,-1,-1,0,0,0,0,0,0,0,0,0,0,0,0,none,0,0,0,0,0,0,0,0,0,0,0,-1,0
0,1413394887.1057606,1413394887105760512,1413394887.1057606,0,111,0,uninitialized,0,0,0,0,0,0,0,0,0,0,0,0,0,0,0,6,estimator_reset,0,0,0,0,disabled,disabled,0,0,0,0,-1,-1,0,0,0,0,0,0,0,0,0,0,0,0,none,0,0,0,0,0,0,0,0,0,0,0,-1,0
0,1413394887.1557605,1413394887155760640,1413394887.1557605,0,112,0,waiting_clones,0,0,0,0,0,0,0,0,0,0,0,0,0,0,0,6,estimator_reset,0,0,0,0,disabled,disabled,0,0,0,0,-1,-1,0,0,0,0,0,0,0,0,0,0,0,0,none,0,0,0,0,0,0,0,0,0,0,0,-1,0
0,1413394887.2057607,1413394887205760768,1413394887.2057607,0,113,0,waiting_clones,0,0,0,0,0,0,0,0,0,0,0,0,0,0,0,6,estimator_reset,0,0,0,0,disabled,disabled,0,0,0,0,-1,-1,0,0,0,0,0,0,0,0,0,0,0,0,none,0,0,0,0,0,0,0,0,0,0,0,-1,0
0,1413394887.2557604,1413394887255760384,1413394887.2557604,0,114,0,waiting_clones,0,0,0,0,0,0,0,0,0,0,0,0,0,0,0,6,estimator_reset,0,0,0,0,disabled,disabled,0,0,0,0,-1,-1,0,0,0,0,0,0,0,0,0,0,0,0,none,0,0,0,0,0,0,0,0,0,0,0,-1,0
0,1413394887.3057606,1413394887305760512,1413394887.3057606,0,115,0,waiting_clones,0,0,0,0,0,0,0,0,0,0,0,0,0,0,0,6,estimator_reset,0,0,0,0,disabled,disabled,0,0,0,0,-1,-1,0,0,0,0,0,0,0,0,0,0,0,0,none,0,0,0,0,0,0,0,0,0,0,0,-1,0
1,1413394887.3557606,1413394887355760640,1413394887.3557606,1413394887.3557606,116,1,bootstrap_committed_confirming,1,0,0,0,0,0,0,0,0,0,0,0,0,0,0,6,none,0,0,0.016302312482691917,0.13292131182413658,disabled,disabled,0,0,0,0,-1,-1,0,0,0,0,0,0,5,18,1,0,0,0,none,1,1,0,0,0,0,0,0,0,0,0,-1,0
1,1413394887.4057605,1413394887405760512,1413394887.4057605,1413394887.4057605,117,2,finite_coast_not_ready,1,0,0,0,0.55650215173375206,0.0052941066684484292,-0.18586975104671327,0,0,0,0,0,0,0,0,300095.72039018339,none,10,0.04999995231628418,0.065132456820185244,0.21353954674855194,disabled,disabled,0,0,0,0,-1,-1,0,0,0,0,0,0,36,36,1,0,0,0,none,2,1,0,0,0,0,0,0,0,0,0,-1,0
1,1413394887.4557605,1413394887455760384,1413394887.4557605,1413394887.4557605,118,3,finite_coast_not_ready,1,0,0,0,1.0568172327652572,0.0095906595710698699,-0.35312813123652359,0,0,0,0,0,0,0,0,600860.45384910773,none,20,0.099999904632568359,0.0018887634512733482,0.0019826100371713984,disabled,disabled,0,0,0,0,-1,-1,0,0,0,0,0,0,25,42,1,0,0,0,none,3,1,0,0,0,0,0,0,0,0,0,-1,0
1,1413394887.5057607,1413394887505760768,1413394887.5057607,1413394887.5057607,119,4,pool_not_mature,1,0,0,0,1.5746753416047339,0.018422404786956694,-0.52200247191088844,0,0,0,0,24,24,1,1,903123.6430223725,none,30,0.15000009536743164,0,0,disabled,disabled,0,0,0,0,-1,-1,0,0,0,0,0,0,0,0,0,0,0,0,none,4,1,0,0,0,0,0,0,0,0,0,-1,0
1,1413394887.5557604,1413394887555760384,1413394887.5557604,1413394887.5557604,120,5,pool_not_mature,1,0,0,0,2.0095590500863709,0.017338158637973264,-0.69986484988223641,-0.0059735955434079549,-0.00053245251835073526,1.7429778628317311e-05,0.005997303827363131,24,24,2,1,4206088.2256535571,none,40,0.19999980926513672,0,0,disabled,disabled,0,0,0,0,-1,-1,0,0,0,0,0,0,0,0,0,0,0,0,none,5,1,0,0,0,0,0,0,0,0,0,-1,0
1,1413394887.6057606,1413394887605760512,1413394887.6057606,1413394887.6057606,121,6,pool_not_mature,1,0,0,0,2.2757705652111442,-0.003966292635750158,-0.86799072228616103,-0.027199321837158303,-0.0023375185274093074,0.00023366781226398108,0.027300580614957378,26,26,3,2,6621572.9114462687,none,50,0.25,0,0,disabled,disabled,0,0,0,0,-1,-1,0,0,0,0,0,0,0,0,0,0,0,0,none,6,1,0,0,0,0,0,0,0,0,0,-1,0
1,1413394887.6557605,1413394887655760640,1413394887.6557605,1413394887.6557605,122,7,prediction_or_correction_unhealthy,1,0,0,0,2.3678069343627155,-0.024293933899037654,-1.0216940530882161,-0.067604219039110236,-0.0053737178162256705,0.0015383155358099612,0.067834900233907106,30,30,4,2,8659415.6123959385,none,60,0.29999995231628418,0,0,disabled,disabled,0,0,0,0,-1,-1,0,0,0,0,0,0,0,0,0,0,0,0,none,7,1,0,0,0,0,0,0,0,0,0,-1,0
1,1413394887.7057607,1413394887705760768,1413394887.7057607,1413394887.7057607,123,8,prediction_or_correction_unhealthy,1,0,0,0,2.382968171051111,-0.054529004427419092,-1.1765842953873673,-0.12760062019845669,-0.0093541261810138714,0.0048241702147645369,0.12803394303817306,30,30,5,2,10917828.0575814,none,70,0.35000014305114746,0,0,disabled,disabled,0,0,0,0,-1,-1,0,0,0,0,0,0,0,0,0,0,0,0,none,8,1,0,0,0,0,0,0,0,0,0,-1,0
1,1413394887.7557604,1413394887755760384,1413394887.7557604,1413394887.7557604,124,9,prediction_or_correction_unhealthy,1,0,0,0,2.3479908977494612,-0.099332370901026909,-1.308645350524573,-0.20670872304233004,-0.013995864135189029,0.010834768995918547,0.20746511179925239,30,30,6,2,12917754.859951606,none,80,0.39999985694885254,0.01910184053509182,0.073201447103782347,disabled,disabled,0,0,0,0,-1,-1,0,0,0,0,0,0,21,72,1,0,0,0,none,9,1,0,0,0,0,0,0,0,0,0,-1,0
1,1413394887.8057606,1413394887805760512,1413394887.8057606,1413394887.8057606,125,10,prediction_or_correction_unhealthy,1,0,0,0,2.3070924012555381,-0.12205404470884727,-1.4293144762243104,-0.30080875407604718,-0.019007803343113899,0.020640876581791569,0.30211462874673756,30,30,7,2,14810278.340371747,none,90,0.45000004768371582,0.0065702481134579487,0.025594702389505886,disabled,disabled,0,0,0,0,-1,-1,0,0,0,0,0,0,42,72,1,0,0,0,none,10,1,0,0,0,0,0,0,0,0,0,-1,0
1,1413394887.8557606,1413394887855760640,1413394887.8557606,1413394887.8557606,126,11,prediction_or_correction_unhealthy,1,0,0,0,2.2406914402484608,-0.13886639298666004,-1.5204379445191203,-0.40876321520764558,-0.026944250422090928,0.035262943922020569,0.41116521490970986,30,30,8,2,16685886.727303902,none,100,0.5,0.014568378438273893,0.032840489225324204,disabled,disabled,0,0,0,0,-1,-1,0,0,0,0,0,0,42,72,1,0,0,0,none,11,1,0,0,0,0,0,0,0,0,0,-1,0
1,1413394887.9057605,1413394887905760512,1413394887.9057605,1413394887.9057605,127,12,prediction_or_correction_unhealthy,1,0,0,0,2.2035959991206213,-0.17329636328592662,-1.5943513945795249,-0.53058407756995662,-0.033614404304634263,0.056274295266220631,0.53461779605174653,30,30,9,2,18572287.073280934,none,110,0.54999995231628418,0.017245473455156091,0.02391945530866374,disabled,disabled,0,0,0,0,-1,-1,0,0,0,0,0,0,42,72,1,0,0,0,none,12,1,0,0,0,0,0,0,0,0,0,-1,0
1,1413394887.9557605,1413394887955760384,1413394887.9557605,1413394887.9557605,128,13,prediction_or_correction_unhealthy,1,0,0,0,2.1727981024032035,-0.19874600104625284,-1.6375863732427705,-0.66719988362539873,-0.040307881537483485,0.080730487034553558,0.6732739572867954,30,30,10,2,20473721.929663606,none,120,0.59999990463256836,0.0043534611257552919,0.018454099221159152,disabled,disabled,0,0,0,0,-1,-1,0,0,0,0,0,0,21,72,1,0,0,0,none,13,1,0,0,0,0,0,0,0,0,0,-1,0
1,1413394888.0057607,1413394888005760768,1413394888.0057607,1413394888.0057607,129,14,prediction_or_correction_unhealthy,1,0,0,0,2.1649535671438382,-0.22210879920590901,-1.6783609015204104,-0.81730676897327414,-0.046618754057826048,0.10836859464760751,0.82577685553988156,30,30,11,2,22387860.658771724,none,130,0.65000009536743164,0.011980061652414272,0.048705371691551376,disabled,disabled,0,0,0,0,-1,-1,0,0,0,0,0,0,72,72,1,0,0,0,none,14,1,0,0,0,0,0,0,0,0,0,-1,0
1,1413394888.0557604,1413394888055760384,1413394888.0557604,1413394888.0557604,130,15,prediction_or_correction_unhealthy,1,0,0,0,2.1920685250996947,-0.24855570361091867,-1.688831451212055,-0.98188782095634286,-0.055652198091727959,0.13409814884426224,0.9925639393098532,30,30,12,2,24311416.814473122,none,140,0.69999980926513672,0.014695666373855757,0.045731967879436938,disabled,disabled,0,0,0,0,-1,-1,0,0,0,0,0,disa,72,1,0,0,0,none,15,1,0,0,0,0,0,0,0,0,0,-1,0
1,1413394888.1057606,1413394888105760512,1413394888.1057606,1413394888.1057606,131,16,prediction_or_correction_unhealthy,1,0,0,0,2.2328578452163383,-0.26910992800115829,-1.6968240808035586,-1.1584584002802822,-0.065749166267422818,0.15884228911447826,1.1711446071497487,30,30,13,2,26239969.443498358,none,150,0.75,0,0,disabled,disabled,0,0,0,0,-1,-1,0,0,0,0,0,0,0,0,0,0,0,0,none,16,1,0,0,0,0,0,0,0,0,0,-1,0
1,1413394888.1557605,1413394888155760640,1413394888.1557605,1413394888.1557605,132,17,prediction_or_correction_unhealthy,1,0,0,0,2.2710321152143673,-0.27870689937162657,-1.7027573974709886,-1.342723883043571,-0.071648868922373724,0.18282494189426329,1.3570062438662918,30,29,14,2,28286818.908189017,none,160,0.79999995231628418,5.1982500043759951e-05,0.00017068539002815074,disabled,disabled,0,0,0,0,-1,-1,0,0,0,0,0,0,11,42,1,0,0,0,none,17,1,0,0,0,0,0,0,0,0,0,-1,0
1,1413394888.2057607,1413394888205760768,1413394888.2057607,1413394888.2057607,133,18,prediction_or_correction_unhealthy,1,0,0,0,2.2592514070236671,-0.28390893673832918,-1.7011638103998625,-1.5400703558595703,-0.081226411497235418,0.2121860338905569,1.55673933074884,30,29,15,2,30331311.840707745,none,170,0.85000014305114746,0.0012572851702430615,0.0051493859383809036,disabled,disabled,0,0,0,0,-1,-1,0,0,0,0,0,0,36,72,1,0,0,0,none,18,1,0,0,0,0,0,0,0,0,0,-1,0
1,1413394888.2557604,1413394888255760384,1413394888.2557604,1413394888.2557604,134,19,prediction_or_correction_unhealthy,1,0,0,0,2.2838139446850461,-0.3228486380015495,-1.7052653935970712,-1.7390609726407333,-0.095081867816866464,0.24711713031847768,1.7591021869824723,30,28,16,2,31503593.962705053,none,180,0.89999985694885254,0.00087157317088174219,0.0034682681941766063,disabled,disabled,0,0,0,0,-1,-1,0,0,0,0,0,0,37,48,1,0,0,0,none,19,1,0,0,0,0,0,0,0,0,0,-1,0
1,1413394888.3057606,1413394888305760512,1413394888.3057606,1413394888.3057606,135,20,prediction_or_correction_unhealthy,1,0,0,0,2.2488674112628004,-0.33614008766222814,-1.7234794085273428,-1.9499752772189498,-0.11532662007471391,0.29806899949152066,1.9759931527009027,30,28,17,2,33750093.578826092,none,190,0.95000004768371582,0.0016424879575784484,0.0047785783825066343,disabled,disabled,0,0,0,0,-1,-1,0,0,0,0,0,0,72,72,1,0,0,0,none,20,1,0,0,0,0,0,0,0,0,0,38847.01629757692,1
1,1413394888.3557606,1413394888355760640,1413394888.3557606,1413394888.3557606,136,21,prediction_or_correction_unhealthy,1,0,0,0,2.2162967842384313,-0.36011399147412071,-1.7166997825834491,-2.1730873265656054,-0.12408117695629002,0.35573358794246396,2.2055047161466979,30,30,18,2,33296398.289685823,none,200,1,0,0,disabled,disabled,0,0,0,0,-1,-1,0,0,0,0,0,0,0,0,0,0,0,0,none,21,1,0,0,0,0,0,0,0,0,0,-1,0
1,1413394888.4057605,1413394888405760512,1413394888.4057605,1413394888.4057605,137,22,prediction_or_correction_unhealthy,1,0,0,0,2.1649439012123151,-0.37751844815296642,-1.6997028595730104,-2.4047607163482527,-0.13825797742369653,0.43270554995339372,2.4472890029936232,30,30,19,2,35354106.281641573,none,210,1.0499999523162842,0.00029799054853514887,0.0014053416564581962,disabled,disabled,0,0,0,0,-1,-1,0,0,0,0,0,0,11,42,1,0,0,0,none,22,1,0,0,0,0,0,0,0,0,0,-1,0
1,1413394888.4557605,1413394888455760384,1413394888.4557605,1413394888.4557605,138,23,prediction_or_correction_unhealthy,1,1,1,0,2.0884353914343707,-0.38857032725564655,-1.65106360317155,-2.6459480263599202,-0.14369534982247442,0.51980442304325913,2.7003492274100207,30,30,20,2,37282624.238760293,none,220,1.0999999046325684,0.00026845410269284121,0.0015013547472799821,disabled,disabled,0,0,0,0,-1,-1,0,0,0,0,0,0,27,42,1,0,0,0,none,23,1,0,0,0,0,0,0,0,0,0,-1,0
1,1413394888.5057607,1413394888505760768,1413394888.5057607,1413394888.5057607,139,24,prediction_or_correction_unhealthy,1,1,1,0,1.9998821145963557,-0.40490116601996995,-1.5931668909287409,-2.8812515867420467,-0.13774705776366655,0.61677305964805718,2.9497447288085348,30,30,21,2,39135773.09638489,none,230,1.1500000953674316,0.00062543707107855489,0.0028443821598548124,disabled,disabled,0,0,0,0,-1,-1,0,0,0,0,0,0,13,48,1,0,0,0,none,24,1,0,0,0,0,0,0,0,0,0,-1,0
1,1413394888.5557604,1413394888555760384,1413394888.5557604,1413394888.5557604,140,25,prediction_or_correction_unhealthy,1,1,1,0,1.8763494436588546,-0.42234535464086992,-1.524896239555247,-3.1036059032402199,-0.12259242859107218,0.70804727275293988,3.185707055996875,30,29,22,2,41096864.21563188,none,240,1.1999998092651367,0.0027505101731010026,0.014256043854795057,disabled,disabled,0,0,0,0,-1,-1,0,0,0,0,0,0,26,54,1,0,0,0,none,25,1,0,0,0,0,0,0,0,0,0,-1,0
1,1413394888.6057606,1413394888605760512,1413394888.6057606,1413394888.6057606,141,26,prediction_or_correction_unhealthy,1,1,1,0,1.7354836253493258,-0.44232493104976889,-1.439873298828894,-3.3234523834559044,-0.10962100694721515,0.80200578188681948,3.4206089785947098,30,29,23,2,43042940.587974064,none,250,1.25,0.021358326928651077,0.11438986229758248,disabled,disabled,0,0,0,0,-1,-1,0,0,0,0,0,0,72,72,1,0,0,0,none,26,1,0,0,0,0,0,0,0,0,0,-1,0
1,1413394888.6557605,1413394888655760640,1413394888.6557605,1413394888.6557605,142,27,prediction_or_correction_unhealthy,1,1,1,0,1.6304279357573126,-0.45162286958640241,-1.34014528146707,-3.5399279954099541,-0.10034659436586266,0.88786978195514421,3.6509549985444956,30,29,24,2,43348137.355017267,none,260,1.2999999523162842,0.0030014148286322275,0.016074003110358507,disabled,disabled,0,0,0,0,-1,-1,0,0,0,0,0,0,72,72,1,0,0,0,none,27,1,0,0,0,0,0,0,0,0,0,-1,0
1,1413394888.7057607,1413394888705760768,1413394888.7057607,1413394888.7057607,143,28,prediction_or_correction_unhealthy,1,1,1,0,1.5506167050289537,-0.45999148635629855,-1.2426048087572847,-3.7654349385772621,-0.097918754228515328,0.95274206114702409,3.8853321343440759,30,29,25,2,45335121.467746459,none,270,1.3500001430511475,0.00035898314654147644,0.0019141446268724934,disabled,disabled,0,0,0,0,-1,-1,0,0,0,0,0,0,17,60,1,0,0,0,none,28,1,0,0,0,0,0,0,0,0,0,-1,0
1,1413394888.7557604,1413394888755760384,1413394888.7557604,1413394888.7557604,144,29,prediction_or_correction_unhealthy,1,1,1,0,1.5004430922920364,-0.45720744209605896,-1.1471648984812797,-3.9892461982507696,-0.061548933834204213,1.0147903122169499,4.1167551395830824,30,29,26,2,45492989.334516324,none,280,1.3999998569488525,0.0010031387618951728,0.0035517748375015869,disabled,disabled,0,0,0,0,-1,-1,0,0,0,0,0,0,72,72,1,0,0,0,none,29,1,0,0,0,0,0,0,0,0,0,-1,0
1,1413394888.8057606,1413394888805760512,1413394888.8057606,1413394888.8057606,145,30,prediction_or_correction_unhealthy,1,1,1,0,1.4738566858312332,-0.46104485248302474,-1.0473791835631834,-4.2163856751748972,-0.025965219319571516,1.0562259623736994,4.3467454075465044,30,27,27,2,47692464.37679372,none,290,1.4500000476837158,0.0013818783260383968,0.0060763502058022861,disabled,disabled,0,0,0,0,-1,-1,0,0,0,0,0,0,21,72,1,0,0,0,none,30,1,0,0,0,0,0,0,0,0,0,-1,0
1,1413394888.8557606,1413394888855760640,1413394888.8557606,1413394888.8557606,146,31,prediction_or_correction_unhealthy,1,1,1,0,1.455652576865508,-0.46399243476250224,-0.98280557328842166,-4.4278787312480681,0.0092821132969128708,1.1009134845860076,4.5626973071648704,30,27,28,2,47940367.702432893,none,300,1.5,0.0017023532647090611,0.011163337629878098,disabled,disabled,0,0,0,0,-1,-1,0,0,0,0,0,0,72,72,1,0,0,0,none,31,1,0,0,0,0,0,0,0,0,0,-1,0
1,1413394888.9057605,1413394888905760512,1413394888.9057605,1413394888.9057605,147,32,prediction_or_correction_unhealthy,1,1,1,0,1.4262335231214236,-0.44530102315031977,-0.93134299656976072,-4.6341120513650012,0.053120154326278902,1.1379166047846849,4.7720719247352807,30,28,29,2,46265100.096272938,none,310,1.5499999523162842,0.0011607063066022335,0.0048636554235116447,disabled,disabled,0,0,0,0,-1,-1,0,0,0,0,0,0,72,72,1,0,0,0,none,32,1,0,0,0,0,0,0,0,0,0,-1,0
1,1413394888.9557605,1413394888955760384,1413394888.9557605,1413394888.9557605,148,33,prediction_or_correction_unhealthy,1,1,1,0,1.3875388210014274,-0.43327050606070117,-0.88047049726586923,-4.8413574854203807,0.09800673085949059,1.1873049747066384,4.9857838625328359,30,28,30,2,46423008.249410614,none,320,1.5999999046325684,4.5236053827798003e-17,0,disabled,disabled,0,0,0,0,-1,-1,0,0,0,0,0,0,1,6,1,0,0,0,none,33,1,0,0,0,0,0,0,0,0,0,-1,0
1,1413394889.0057607,1413394889005760768,1413394889.0057607,1413394889.0057607,149,34,prediction_or_correction_unhealthy,1,1,1,0,1.3430233533336287,-0.39682568447436734,-0.83392172581378288,-5.0455498376843746,0.13165222787633196,1.2524555423984745,5.2003413695012632,30,28,31,2,46443026.664658561,none,330,1.6500000953674316,0.002805198241219998,0.01781488843368878,disabled,disabled,0,0,0,0,-1,-1,0,0,0,0,0,0,72,72,1,0,0,0,none,34,1,0,0,0,0,0,0,0,0,0,-1,0
1,1413394889.0557604,1413394889055760384,1413394889.0557604,1413394889.0557604,150,35,prediction_or_correction_unhealthy,1,1,1,0,1.2874630473293329,-0.36595769606195133,-0.76967724105647761,-5.2518547442612959,0.16217543642853838,1.312751481272572,5.4158651735972896,30,28,32,2,48128073.648103848,none,340,1.6999998092651367,0.0006457888140230548,0.0028736177425687588,disabled,disabled,0,0,0,0,-1,-1,0,0,0,0,0,0,35,48,1,0,0,0,none,35,1,0,0,0,0,0,0,0,0,0,-1,0
1,1413394889.1057606,1413394889105760512,1413394889.1057606,1413394889.1057606,151,36,prediction_or_correction_unhealthy,1,1,1,0,1.2299857544134065,-0.35793607299751479,-0.70234232403759755,-5.4488313452280384,0.19255225988759872,1.3898067860060699,5.6265799828986651,30,29,33,2,47857328.639454328,none,350,1.75,0,0,disabled,disabled,0,0,0,0,-1,-1,0,0,0,0,0,0,0,0,0,0,0,0,none,36,1,0,0,0,0,0,0,0,0,0,-1,0
1,1413394889.1557605,1413394889155760640,1413394889.1557605,1413394889.1557605,152,37,prediction_or_correction_unhealthy,1,1,1,0,1.2042220082878383,-0.32378123203568826,-0.65845288780227063,-5.6317262111222082,0.18220007200103031,1.4559372538201314,5.8197328349623909,30,26,34,2,47971628.11233712,none,360,1.7999999523162842,0,0,disabled,disabled,0,0,0,0,-1,-1,0,0,0,0,0,0,0,0,0,0,0,0,none,37,1,0,0,0,0,0,0,0,0,0,-1,0
1,1413394889.2057607,1413394889205760768,1413394889.2057607,1413394889.2057607,153,38,prediction_or_correction_unhealthy,1,1,1,0,1.201804603153412,-0.28100218230975749,-0.61284463098868325,-5.8209522895974875,0.14134445595047315,1.4767180864097178,6.0070092491794735,30,26,35,2,50261905.988980047,none,370,1.8500001430511475,0.010220399206117739,0.067218931189135259,disabled,disabled,0,0,0,0,-1,-1,0,0,0,0,0,0,72,72,1,0,0,0,none,38,1,0,0,0,0,0,0,0,0,0,-1,0
1,1413394889.2557604,1413394889255760384,1413394889.2557604,1413394889.2557604,154,39,prediction_or_correction_unhealthy,1,1,1,0,1.231807254450588,-0.27109757579449817,-0.5868259141472818,-6.0064480602597516,0.11446068414726926,1.3827612754930718,6.1646206934260617,30,27,36,2,45105044.084256984,none,380,1.8999998569488525,0.0027856448585453801,0.020196982731732888,disabled,disabled,0,0,0,0,-1,-1,0,0,0,0,0,0,72,72,1,0,0,0,none,39,1,0,0,0,0,0,0,0,0,0,-1,0
1,1413394889.3057606,1413394889305760512,1413394889.3057606,1413394889.3057606,155,40,prediction_or_correction_unhealthy,1,1,1,0,1.2537375514677289,-0.23339227816689478,-0.55362344759032545,-6.2032372364889445,0.087696868929953584,1.2178930535716816,6.3222706714376971,30,24,37,2,47919885.967828467,none,390,1.9500000476837158,0.00037105665166054289,0.0027286654629499608,disabled,disabled,0,0,0,0,-1,-1,0,0,0,0,0,0,47,72,1,0,0,0,none,40,1,0,0,0,0,0,0,0,0,0,38501.581238325794,1
1,1413394889.3557606,1413394889355760640,1413394889.3557606,1413394889.3557606,156,41,prediction_or_correction_unhealthy,1,1,1,0,1.2218705631075168,-0.21626479823683331,-0.5084328539172015,-6.426771264776999,0.050458152836831444,0.95751144410448663,6.4979045145756116,30,27,38,2,48373885.426732585,none,400,2,0.00012346145427487152,0.00091029542089882142,disabled,disabled,0,0,0,0,-1,-1,0,0,0,0,0,0,11,24,1,0,0,0,none,41,1,0,0,0,0,0,0,0,0,0,-1,0
1,1413394889.4057605,1413394889405760512,1413394889.4057605,1413394889.4057605,157,42,prediction_or_correction_unhealthy,1,1,1,0,1.2185912409074064,-0.19531240117742149,-0.5045968733709979,-6.6304266590578145,0.046677243838672597,0.67780920217281271,6.6651452917987539,30,28,39,2,43217708.010563806,none,410,2.0499999523162842,0.00071410404040615468,0.0045401652893772484,disabled,disabled,0,0,0,0,-1,-1,0,0,0,0,0,0,49,72,1,0,0,0,none,42,1,0,0,0,0,0,0,0,0,0,-1,0
1,1413394889.4557605,1413394889455760384,1413394889.4557605,1413394889.4557605,158,43,prediction_or_correction_unhealthy,1,1,1,0,1.1273558589526318,-0.17059313648036026,-0.49495501367675704,-6.8330815545496097,0.017153069062983462,0.4162718263064859,6.8457709567499361,30,28,40,2,45404916.674380973,none,420,2.0999999046325684,0.0011581292290137766,0.011924847136377042,disabled,disabled,0,0,0,0,-1,-1,0,0,0,0,0,0,72,72,1,0,0,0,none,43,1,0,0,0,0,0,0,0,0,0,-1,0
1,1413394889.5057607,1413394889505760768,1413394889.5057607,1413394889.5057607,159,44,prediction_or_correction_unhealthy,1,1,1,1,1.0148423484339852,-0.13985033709659134,-0.51160906107837656,-7.0204678964826588,0.0091864708249299563,0.30676974159839893,7.0271730839043816,30,30,41,2,46164465.707824953,none,430,2.1500000953674316,0.003954484399153242,0.02638293950146527,disabled,disabled,0,0,0,0,-1,-1,0,0,0,0,0,0,72,72,1,0,0,0,none,44,1,0,0,0,0,0,0,0,0,0,-1,0
1,1413394889.5557604,1413394889555760384,1413394889.5557604,1413394889.5557604,160,45,prediction_or_correction_unhealthy,1,1,1,1,0.89496753955624775,-0.11100954206067326,-0.57712401335598584,-7.1667679980722543,-0.026222626890712988,0.44024888127154232,7.1803252183877078,30,27,42,2,48318338.36877387,none,440,2.1999998092651367,0.00019296293670708023,0.0011541358738550423,disabled,disabled,0,0,0,0,-1,-1,0,0,0,0,0,0,17,36,1,0,0,0,none,45,1,0,0,0,0,0,0,0,0,0,-1,0
1,1413394889.6057606,1413394889605760512,1413394889.6057606,1413394889.6057606,161,46,prediction_or_correction_unhealthy,1,1,1,1,0.79544696769560952,-0.10359484649212741,-0.66157832952030049,-7.2771395637835266,-0.011492746924738959,0.80605146584712783,7.3216535891565968,30,27,43,2,50369194.009352133,none,450,2.25,0.0010392635348741585,0.0070838368571800574,disabled,disabled,0,0,0,0,-1,-1,0,0,0,0,0,0,31,72,1,0,0,0,none,46,1,0,0,0,0,0,0,0,0,0,-1,0
1,1413394889.6557605,1413394889655760640,1413394889.6557605,1413394889.6557605,162,47,prediction_or_correction_unhealthy,1,1,1,1,0.70216440733243424,-0.10072592835738149,-0.74362239563127241,-7.3440164033518238,-0.022893395084449961,1.2801077722382623,7.4547821530064819,30,30,44,2,43586788.669600271,none,460,2.2999999523162842,0,0,disabled,disabled,0,0,0,0,-1,-1,0,0,0,0,0,0,0,0,0,0,0,0,none,47,1,0,0,0,0,0,0,0,0,0,-1,0
1,1413394889.7057607,1413394889705760768,1413394889.7057607,1413394889.7057607,163,48,prediction_or_correction_unhealthy,1,1,1,1,0.60748670850374642,-0.0957730643112812,-0.81265517038406876,-7.3673365639802117,-0.022485525053938169,1.8118028716318717,7.586882316963286,30,30,45,2,45511232.964440838,none,470,2.3500001430511475,0,0,disabled,disabled,0,0,0,0,-1,-1,0,0,0,0,0,0,0,0,0,0,0,0,none,48,1,0,0,0,0,0,0,0,0,0,-1,0
1,1413394889.7557604,1413394889755760384,1413394889.7557604,1413394889.7557604,164,49,prediction_or_correction_unhealthy,1,1,1,1,0.48917301685501197,-0.095097961702617528,-0.84835190222629753,-7.3371610420947837,-0.03612830153243738,2.3611394692231076,7.7078023459951419,30,29,46,2,47451594.935794599,none,480,2.3999998569488525,1.3916017508348722e-05,0.00046858397772521807,disabled,disabled,0,0,0,0,-1,-1,0,0,0,0,0,0,15,54,1,0,0,0,none,49,1,0,0,0,0,0,0,0,0,0,-1,0
1,1413394889.8057606,1413394889805760512,1413394889.8057606,1413394889.8057606,165,50,prediction_or_correction_unhealthy,1,1,1,1,0.44747176366289049,-0.10447389860184565,-0.85822336553321732,-7.2658580748218737,-0.01897705815263151,2.8686990905761092,7.8116892004522649,30,26,47,2,49752365.792397149,none,490,2.4500000476837158,0.0069506275083735698,0.043467017035552509,disabled,disabled,0,0,0,0,-1,-1,0,0,0,0,0,0,72,72,1,0,0,0,none,50,1,0,0,0,0,0,0,0,0,0,-1,0
1,1413394889.8557606,1413394889855760640,1413394889.8557606,1413394889.8557606,166,51,prediction_or_correction_unhealthy,1,1,1,1,0.41295604483889153,-0.092292621215818257,-0.84067044057623952,-7.184887326379612,0.00079508398083811952,3.2974669089619071,7.9054344941076895,30,25,48,2,50821204.144890353,none,500,2.5,0.0010992154513595122,0.0074013465620045753,disabled,disabled,0,0,0,0,-1,-1,0,0,0,0,0,0,66,72,1,0,0,0,none,51,1,0,0,0,0,0,0,0,0,0,-1,0
1,1413394889.9057605,1413394889905760512,1413394889.9057605,1413394889.9057605,167,52,gravi,1.8242620249104842,5.9187809062802819,30,30,35,2,60025563.436147749,none,360,1.8000001907348633,0.0013073403713954959,0.0081946228812917916,disabled,disabled,0,0,0,0,-1,-1,0,0,0,0,0,0,72,72,1,0,0,0,none,37,1,0,0,0,0,0,0,0,0,0,-1,0
1,1403715895.634058,1403715895634057984,1403715895.634058,1403715895.634058,182,38,prediction_or_correction_unhealthy,1,1,1,0,1.0855459323529959,-0.6304517107201234,-0.85501106723869669,-5.7959418738354263,-0.16476224931926187,1.8827955194476889,6.0963109969662757,30,30,36,2,61732960.154298097,none,370,1.8499999046325684,0.0024529629773717,0.010226910468253475,disabled,disabled,0,0,0,0,-1,-1,0,0,0,0,0,0,72,72,1,0,0,0,none,38,1,0,0,0,0,0,0,0,0,0,-1,0
1,1403715895.6840582,1403715895684058112,1403715895.6840582,1403715895.6840582,183,39,prediction_or_correction_unhealthy,1,1,1,0,1.0401077952219837,-0.62629328143551877,-0.82653107503041034,-5.955420346414237,-0.16716832169510526,1.9543979093884172,6.2701393874845275,30,30,37,2,63432571.22288131,none,380,1.9000000953674316,0.00060902612655851934,0.0038725029635985407,disabled,disabled,0,0,0,0,-1,-1,0,0,0,0,0,0,72,72,1,0,0,0,none,39,1,0,0,0,0,0,0,0,0,0,-1,0
1,1403715895.7340581,1403715895734058240,1403715895.7340581,1403715895.7340581,184,40,prediction_or_correction_unhealthy,1,1,1,0,0.98947450366092859,-0.63515427352940435,-0.79283395787276267,-6.1059441779746644,-0.16235999339071475,2.0235972297261156,6.4345831893100689,30,30,38,2,65131890.152630553,none,390,1.9500000476837158,6.9688034130808684e-07,1.0430846998836977e-05,disabled,disabled,0,0,0,0,-1,-1,0,0,0,0,0,0,9,36,1,0,0,0,none,40,1,0,0,0,0,0,0,0,0,0,56405.257821468993,1
1,1403715895.7840581,1403715895784058112,1403715895.7840581,1403715895.7840581,185,41,prediction_or_correction_unhealthy,1,1,1,0,0.95531560494840595,-0.63702003187460454,-0.76701017576230623,-6.2495671016040255,-0.16286722430790662,2.0898456667645728,6.5917425314631162,30,30,39,2,66825942.121830218,none,400,2,0.00014210306392387098,0.00081927266456078066,disabled,disabled,0,0,0,0,-1,-1,0,0,0,0,0,0,27,30,1,0,0,0,none,41,1,0,0,0,0,0,0,0,0,0,-1,0
1,1403715895.834058,1403715895834057984,1403715895.834058,1403715895.834058,186,42,prediction_or_correction_unhealthy,1,1,1,0,0.92410391115353308,-0.63173888021261182,-0.73822741594884311,-6.386988659120024,-0.16344297866981067,2.1491652833646424,6.7408641251863317,30,30,40,2,68521804.472864866,none,410,2.0499999523162842,0,0,disabled,disabled,0,0,0,0,-1,-1,0,0,0,0,0,0,0,0,0,0,0,0,none,42,1,0,0,0,0,0,0,0,0,0,-1,0
1,1403715895.8840582,1403715895884058112,1403715895.8840582,1403715895.8840582,187,43,prediction_or_correction_unhealthy,1,1,1,0,0.90193351471282435,-0.62914016988304022,-0.71400266918087263,-6.5190982979805687,-0.16807926327730544,2.2105681846652696,6.8857465068452308,30,30,41,2,70219021.904442087,none,420,2.1000001430511475,0,0,disabled,disabled,0,0,0,0,-1,-1,0,0,0,0,0,0,0,0,0,0,0,0,none,43,1,0,0,0,0,0,0,0,0,0,-1,0
1,1403715895.9340582,1403715895934058240,1403715895.9340582,1403715895.9340582,188,44,prediction_or_correction_unhealthy,1,1,1,1,0.86507959680129809,-0.6395841060765044,-0.68057615096455848,-6.6487266139837908,-0.16476073987645334,2.2609667963763531,7.0245770366063569,30,30,42,2,71897826.79491201,none,430,2.1500000953674316,0.00055351811513690979,0.0025732373800799011,disabled,disabled,0,0,0,0,-1,-1,0,0,0,0,0,0,59,72,1,0,0,0,none,44,1,0,0,0,0,0,0,0,0,0,-1,0
1,1403715895.9840581,1403715895984058112,1403715895.9840581,1403715895.9840581,189,45,prediction_or_correction_unhealthy,1,1,1,1,0.83532351915725855,-0.63895796187980958,-0.6600415015147163,-6.7706516039908511,-0.13866047955699201,2.3212506197629992,7.1588514659102236,30,30,43,2,73581818.400036544,none,440,2.2000000476837158,0.00079887398618088464,0.0042854508432992374,disabled,disabled,0,0,0,0,-1,-1,0,0,0,0,0,0,63,72,1,0,0,0,none,45,1,0,0,0,0,0,0,0,0,0,-1,0
1,1403715896.0340581,1403715896034057984,1403715896.0340581,1403715896.0340581,190,46,prediction_or_correction_unhealthy,1,1,1,1,0.80572504125951627,-0.65371926196339969,-0.62905658521862351,-6.8871937231022127,-0.11827151488828259,2.3795729405161539,7.2876465961247856,30,30,44,2,75263600.225879058,none,450,2.25,0.0020485755742964086,0.013839613104041535,disabled,disabled,0,0,0,0,-1,-1,0,0,0,0,0,0,72,72,1,0,0,0,none,46,1,0,0,0,0,0,0,0,0,0,-1,0
1,1403715896.0840583,1403715896084058368,1403715896.0840583,1403715896.0840583,191,47,prediction_or_correction_unhealthy,1,1,1,1,0.76873729616067288,-0.64299612665532746,-0.5896176676674707,-7.0009333426526794,-0.066394806543857265,2.4349660747304394,7.4125930499178336,30,30,45,2,76954537.014584452,none,460,2.3000001907348633,0.0019068637311089359,0.011115404614462044,disabled,disabled,0,0,0,0,-1,-1,0,0,0,0,0,0,72,72,1,0,0,0,none,47,1,0,0,0,0,0,0,0,0,0,-1,0
1,1403715896.134058,1403715896134057984,1403715896.134058,1403715896.134058,192,48,prediction_or_correction_unhealthy,1,1,1,1,0.72003237949357823,-0.65161753263697053,-0.56027435287730776,-7.1057970993994273,0.00055855060202149006,2.4954150545859277,7.5312315742158784,30,30,46,2,78645698.413601711,none,470,2.3499999046325684,0.0013310690444614712,0.002803750644720349,disabled,disabled,0,0,0,0,-1,-1,0,0,0,0,0,0,66,72,1,0,0,0,none,48,1,0,0,0,0,0,0,0,0,0,-1,0
1,1403715896.1840582,1403715896184058112,1403715896.1840582,1403715896.1840582,193,49,gravity_not_physical,1,1,1,1,0.66713437902176598,-0.64358961278255677,-0.53000481476389627,-7.2135979613139298,0.085775597276854923,2.5287943702087836,7.6444851996298819,30,30,47,2,80345460.197872713,none,480,2.4000000953674316,0.0017581063878617359,0.009674328607865483,disabled,disabled,0,0,0,0,-1,-1,0,0,0,0,0,0,72,72,1,0,0,0,none,49,1,0,0,0,0,0,0,0,0,0,-1,0
1,1403715896.2340581,1403715896234058240,1403715896.2340581,1403715896.2340581,194,50,gravity_not_physical,1,1,1,1,0.64160690929176845,-0.63074671374552882,-0.50311633497160624,-7.3145644508820942,0.21542975566393874,2.5633028763772985,7.7536949077054631,30,30,48,2,82048265.723713085,none,490,2.4500000476837158,0.0015406063143726645,0.0086488196602129072,disabled,disabled,0,0,0,0,-1,-1,0,0,0,0,0,0,72,72,1,0,0,0,none,50,1,0,0,0,0,0,0,0,0,0,-1,0
1,1403715896.2840581,1403715896284058112,1403715896.2840581,1403715896.2840581,195,51,gravity_not_physical,1,1,1,1,0.62440278909472968,-0.61536799859912006,-0.47755058493867253,-7.413644958323756,0.36810579573730134,2.5652035219164118,7.8535280322786774,30,30,49,2,83750298.027995944,none,500,2.5,0.00068879962638249397,0.0047596958790738497,disabled,disabled,0,0,0,0,-1,-1,0,0,0,0,0,0,72,72,1,0,0,0,none,51,1,0,0,0,0,0,0,0,0,0,-1,0
1,1403715896.334058,1403715896334057984,1403715896.334058,1403715896.334058,196,52,gravity_not_physical,1,1,1,1,0.60783324495742652,-0.58218508796205037,-0.45564256809071768,-7.501468297222587,0.54640173622378829,2.5649319484897934,7.9466632854278885,30,30,50,2,85461816.480133548,none,510,2.5499999523162842,0,0,disabled,disabled,0,0,0,0,-1,-1,0,0,0,0,0,0,0,0,0,0,0,0,none,52,1,0,0,0,0,0,0,0,0,0,-1,0
1,1403715896.3840582,1403715896384058112,1403715896.3840582,1403715896.3840582,197,53,confirming_observer_health,1,1,1,1,0.56654206277394126,-0.53385850013148239,-0.43829424170614445,-7.581258810968432,0.71005796366650953,2.5789729787725149,8.0393264080948654,30,30,51,2,87190375.68164441,none,520,2.6000001430511475,0,0,disabled,disabled,0,0,0,0,-1,-1,0,0,0,0,0,0,0,0,0,0,0,0,none,53,1,0,0,0,0,0,0,0,0,0,-1,0
1,1403715896.4340582,1403715896434058240,1403715896.4340582,1403715896.4340582,198,54,confirming_observer_health,1,1,1,1,0.5556950891863075,-0.47545004235618066,-0.42090050379773702,-7.6582651959273802,0.83396329345187326,2.5820238899639976,8.1247380237348299,30,30,52,2,88935240.509290233,none,530,2.6500000953674316,0,0,disabled,disabled,0,0,0,0,-1,-1,0,0,0,0,0,0,0,0,0,0,0,0,none,54,1,0,0,0,0,0,0,0,0,0,-1,0
1,1403715896.4840581,1403715896484058112,1403715896.4840581,1403715896.4840581,199,55,confirming_observer_health,1,1,1,1,0.54337442621872545,-0.41032189818595904,-0.41163492785662636,-7.7255385462623805,0.96615519439544806,2.5887923851936478,8.2048307540789516,30,29,53,2,90805815.822539836,none,540,2.7000000476837158,0,0,disabled,disabled,0,0,0,0,-1,-1,0,0,0,0,0,0,0,0,0,0,0,0,none,55,1,0,0,0,0,0,0,0,0,0,-1,0
1,1403715896,0.90634,1403715896534057984,1403715896.5340581,1403715896.5340581,200,56,confirming_observer_health,1,1,1,1,0.53980926233764226,-0.33974144536740275,-0.41072462311785529,-7.7956901858391756,1.0517768002510437,2.5753178160476113,8.2771542068991213,30,28,54,2,92879329.861276239,none,550,2.75,0.0016297708381032121,0.0054024069087795544,disabled,disabled,0,0,0,0,-1,-1,0,0,0,0,0,0,72,72,1,0,0,0,none,56,1,0,0,0,0,0,0,0,0,0,-1,0
1,1403715896.5840583,1403715896584058368,1403715896.5840583,1403715896.5840583,201,57,confirming_observer_health,1,1,1,1,0.53263296773455981,-0.26227023778829239,-0.41117442387450748,-7.8666385036567155,1.1481086875760345,2.5487168473297439,8.3485395413547874,30,29,55,2,91486344.411005139,none,560,2.8000001907348633,0.00016822840474740674,0.0011738415389634946,disabled,disabled,0,0,0,0,-1,-1,0,0,0,0,0,0,42,72,1,0,0,0,none,57,1,0,0,0,0,0,0,0,0,0,-1,0
1,1403715896.634058,1403715896634057984,1403715896.634058,1403715896.634058,202,58,confirming_observer_health,1,1,1,1,0.5371282677818876,-0.17185877233619956,-0.41441758227924536,-7.9397393047652773,1.2128551793712583,2.5200341949358172,8.4179005849088107,30,30,56,2,90064553.716386423,none,570,2.8499999046325684,0.0016835984646912166,0.0087334334497168285,disabled,disabled,0,0,0,0,-1,-1,0,0,0,0,0,0,72,72,1,0,0,0,none,58,1,0,0,0,0,0,0,0,0,0,-1,0
1,1403715896.6840582,1403715896684058112,1403715896.6840582,1403715896.6840582,203,59,confirming_observer_health,1,1,1,1,0.52813214439871625,-0.085921586109838272,-0.42508889587483545,-8.013178011982113,1.2627821186866026,2.502747303303146,8.4893689161903794,30,30,57,2,91956755.024497792,none,580,2.9000000953674316,0.0027595789239894487,0.01512322876594392,disabled,disabled,0,0,0,0,-1,-1,0,0,0,0,0,0,72,72,1,0,0,0,none,59,1,0,0,0,0,0,0,0,0,0,-1,0
1,1403715896.7340581,1403715896734058240,1403715896.7340581,1403715896.7340581,204,60,confirming_observer_health,1,1,1,1,0.50941437356534258,0.001471157198577276,-0.4293441856767668,-8.0747492727807799,1.3236634353800478,2.508283000183575,8.5583377076068778,30,28,58,2,93993263.966350764,none,590,2.9500000476837158,0.00027949294230323999,0.0010154123790944102,disabled,disabled,0,0,0,0,-1,-1,0,0,0,0,0,0,28,54,1,0,0,0,none,60,1,0,0,0,0,0,0,0,0,0,55726.682196074056,1
1,1403715896.7840581,1403715896784058112,1403715896.7840581,1403715896.7840581,205,61,confirming_observer_health,1,1,1,1,0.49201871445918216,0.097287726107101277,-0.43566643459737892,-8.11228348002685,1.3772069696675471,2.5636704892175688,8.6184829683014659,30,28,59,2,95969448.092735514,none,600,3,0.0039823076278628555,0.022455192454995443,disabled,disabled,0,0,0,0,-1,-1,0,0,0,0,0,0,72,72,1,0,0,0,none,61,1,0,0,0,0,0,0,0,0,0,-1,0
1,1403715896.834058,1403715896834057984,1403715896.834058,1403715896.834058,206,62,confirming_observer_health,1,1,1,1,0.49295445306676494,0.18767773611911931,-0.4457006544946015,-8.1372442284248052,1.4501818604194545,2.6390189372561235,8.6765311047975207,30,30,60,2,91844979.146081686,none,610,3.0499999523162842,0.00092755935180615192,0.0071514122059467694,disabled,disabled,0,0,0,0,-1,-1,0,0,0,0,0,0,72,72,1,0,0,0,none,62,1,0,0,0,0,0,0,0,0,0,-1,0
1,1403715896.8840582,1403715896884058112,1403715896.8840582,1403715896.8840582,207,63,confirming_observer_health,1,1,1,1,0.48399593279564623,0.27727488382423288,-0.4488672296278593,-8.1634793381271109,1.5342825665006925,2.7080997398225044,8.7367168947335667,30,30,61,2,93629523.167393893,none,620,3.1000001430511475,0.0027144371672655292,0.0089303579874159059,disabled,disabled,0,0,0,0,-1,-1,0,0,0,0,0,0,72,72,1,0,0,0,none,63,1,0,0,0,0,0,0,0,0,0,-1,0
1,1403715896.9340582,1403715896934058240,1403715896.9340582,1403715896.9340582,208,64,confirming_observer_health,1,1,1,1,0.47744307664215874,0.36488700405134256,-0.45166359267387007,-8.1783486334857187,1.6535084172373928,2.7735480994851547,8.7927268533072453,30,29,62,2,95355408.057323635,none,630,3.1500000953674316,0,0,disabled,disabled,0,0,0,0,-1,-1,0,0,0,0,0,0,0,0,0,0,0,0,none,64,1,0,0,0,0,0,0,0,0,0,-1,0
1,1403715896.9840581,1403715896984058112,1403715896.9840581,1403715896.9840581,209,65,confirming_observer_health,1,1,1,1,0.48690213735484911,0.46821023828173941,-0.46056942828531855,-8.1852680757622096,1.8061910950934137,2.8299659619619315,8.8470134559607079,30,29,63,2,96951557.354780793,none,640,3.2000000476837158,0,0,disabled,disabled,0,0,0,0,-1,-1,0,0,0,0,0,0,0,0,0,0,0,0,none,65,1,0,0,0,0,0,0,0,0,0,-1,0
1,1403715897.0340581,1403715897034057984,1403715897.0340581,1403715897.0340581,210,66,confirming_observer_health,1,1,1,1,0.50620093761851204,0.57536603231590489,-0.46941927172580783,-8.1842361767450296,1.9651547881274252,2.8779967754396636,8.8953032875491846,30,30,64,2,94466538.767058134,none,650,3.25,0,0,disabled,disabled,0,0,0,0,-1,-1,0,0,0,0,0,0,0,0,0,0,0,0,none,66,1,0,0,0,0,0,0,0,0,0,-1,0
1,1403715897.0840583,1403715897084058368,1403715897.0840583,1403715897.0840583,211,67,confirming_observer_health,1,1,1,1,0.52878599948352401,0.69392881475347656,-0.47477063782589268,-8.1876333156272718,2.0877768831436279,2.9138401801245979,8.9379313166004533,30,30,65,2,95774760.209768966,none,660,3.3000001907348633,0.00044526035997436255,0.0021334559671428266,disabled,disabled,0,0,0,0,-1,-1,0,0,0,0,0,0,72,72,1,0,0,0,none,67,1,0,0,0,0,0,0,0,0,0,-1,0
1,1403715897.134058,1403715897134057984,1403715897.134058,1403715897.134058,212,68,confirming_observer_health,1,1,1,1,0.56952178067814929,0.82634040647115548,-0.48126957763827011,-8.2098724950434505,2.1446098332548851,2.9343641234393858,8.978410245176633,30,30,66,2,96853550.367013916,none,670,3.3499999046325684,0.00022804338994152824,0.00080560345562807,disabled,disabled,0,0,0,0,-1,-1,0,0,0,0,0,0,66,72,1,0,0,0,none,68,1,0,0,0,0,0,0,0,0,0,-1,0
1,1403715897.1840582,1403715897184058112,1403715897.1840582,1403715897.1840582,213,69,confirming_observer_health,1,1,1,1,0.59684439910181031,0.95624652251768616,-0.47821794768115561,-8.2459402993889483,2.1449644105613861,2.9489398020951003,9.0162436579787677,30,30,67,2,97716219.972442761,none,680,3.4000000953674316,0.00053185506623873717,0.0012381953193712678,disabled,disabled,0,0,0,0,-1,-1,0,0,0,0,0,0,56,72,1,0,0,0,none,69,1,0,0,0,0,0,0,0,0,0,-1,0
1,1403715897.2340581,1403715897234058240,1403715897.2340581,1403715897.2340581,214,70,confirming_observer_health,1,1,1,1,0.59431181109639752,1.0869073732884904,-0.48256210125288734,-8.297062608066943,2.04007821695477,2.9939963005725305,9.0535728252065208,30,30,68,2,98401691.014891297,none,690,3.4500000476837158,0.00038359325271642737,0.0020189237172737484,disabled,disabled,0,0,0,0,-1,-1,0,0,0,0,0,0,72,72,1,0,0,0,none,70,1,0,0,0,0,0,0,0,0,0,-1,0
1,1403715897.2840581,1403715897284058112,1403715897.2840581,1403715897.2840581,215,71,confirming_observer_health,1,1,1,1,0.58795859326488464,1.2086700360706775,-0.46955198873221476,-8.3696320865764218,1.8186497900042713,3.0343163790234366,9.0865452296977018,30,29,69,2,99046336.774307087,none,700,3.5,0.00095334646857179084,0.0022374193041138713,disabled,disabled,0,0,0,0,-1,-1,0,0,0,0,0,0,72,72,1,0,0,0,none,71,1,0,0,0,0,0,0,0,0,0,-1,0
1,1403715897.334058,1403715897334057984,1403715897.334058,1403715897.334058,216,72,confirming_observer_health,1,1,1,1,0.57376108105219892,1.3221059651832934,-0.45555011976022919,-8.4396908798689214,1.5180431003685175,3.0905716225437563,9.1150682913729106,30,26,70,2,100019226.80425714,none,710,3.5499999523162842,0.00012469585329593304,0.00057113111571017278,disabled,disabled,0,0,0,0,-1,-1,0,0,0,0,0,0,51,54,1,0,0,0,none,72,1,0,0,0,0,0,0,0,0,0,-1,0
1,1403715897.3840582,1403715897384058112,1403715897.3840582,1403715897.3840582,217,73,confirming_observer_health,1,1,1,1,0.52956809810914052,1.4211686870362983,-0.44191344381428815,-8.5073712947665907,1.1669458531815322,3.1439885269433878,9.1444952200123009,30,27,71,2,96505312.473748952,none,720,3.6000001430511475,0.0021983968035282479,0.0041995898813737423,disabled,disabled,0,0,0,0,-1,-1,0,0,0,0,0,0,72,72,1,0,0,0,none,73,1,0,0,0,0,0,0,0,0,0,-1,0
1,1403715897.4340582,1403715897434058240,1403715897.4340582,1403715897.4340582,218,74,confirming_observer_health,1,1,1,1,0.4913258310261911,1.4879397455509817,-0.41319132317613161,-8.5471671702928997,0.90657090621401848,3.2063928572970282,9.1737065900459136,30,30,72,2,90873261.940810174,none,730,3.6500000953674316,0.0016264005581131352,0.0028874742344415947,disabled,disabled,0,0,0,0,-1,-1,0,0,0,0,0,0,72,72,1,0,0,0,none,74,1,0,0,0,0,0,0,0,0,0,-1,0
1,1403715897.4840581,1403715897484058112,1403715897.4840581,1403715897.4840581,219,75,confirming_observer_health,1,1,1,1,0.43483545242043009,1.5310805065491524,-0.38347303823398238,-8.5903627665345077,0.70082134873280211,3.2246836414967199,9.202394667217801,30,30,73,2,91176310.64606069,none,740,3.7000000476837158,0.0019885167641245532,0.0074822329684589373,disabled,disabled,0,0,0,0,-1,-1,0,0,0,0,0,0,72,72,1,0,0,0,none,75,1,0,0,0,0,0,0,0,0,0,-1,0
1,1403715897.5340581,1403715897534057984,1403715897.5340581,1403715897.5340581,220,76,confirming_observer_health,1,1,1,1,0.41542577174984052,1.5600368178002268,-0.36263445048732529,-8.6220480991695734,0.55588483064947447,3.2504595489498582,9.2311542424931439,30,30,74,2,91180724.208248258,none,750,3.75,7.0433918497265138e-05,0.00016551237619138597,disabled,disabled,0,0,0,0,-1,-1,0,0,0,0,0,0,19,24,1,0,0,0,none,76,1,0,0,0,0,0,0,0,0,0,-1,0
1,1403715897.5840583,1403715897584058368,1403715897.5840583,1403715897.5840583,221,77,confirming_observer_health,1,1,1,1,0.39119077934241619,1.5763322885571496,-0.32962174554525037,-8.6451588567074982,0.5273665758694035,3.2706910583242892,9.258202156037358,30,28,75,2,91429557.137802705,none,760,3.8000001907348633,0.0002011895839861111,0.00078785997683809817,disabled,disabled,0,0,0,0,-1,-1,0,0,0,0,0,0,37,54,1,0,0,0,none,77,1,0,0,0,0,0,0,0,0,0,-1,0
1,1403715897.634058,1403715897634057984,1403715897.634058,1403715897.634058,222,78,confirming_observer_health,1,1,1,1,0.3873823374788013,1.5902393935138364,-0.32018612102308663,-8.6615766886906425,0.5977400215737747,3.273885291052506,9.2789292898712254,30,26,76,2,92153573.995205402,none,770,3.8499999046325684,0.00035557041288345956,0.0011668471860523093,disabled,disabled,0,0,0,0,-1,-1,0,0,0,0,0,0,32,60,1,0,0,0,none,78,1,0,0,0,0,0,0,0,0,0,-1,0
1,1403715897.6840582,1403715897684058112,1403715897.6840582,1403715897.6840582,223,79,confirming_observer_health,1,1,1,1,0.38580323550879875,1.6092348932093048,-0.31671337036567909,-8.6797869587685597,0.66746736030128184,3.2731094739024917,9.3004010641921546,30,28,77,2,89202061.555746242,none,780,3.9000000953674316,0.0028469460634642347,0.0093871672859392498,disabled,disabled,0,0,0,0,-1,-1,0,0,0,0,0,0,72,72,1,0,0,0,none,79,1,0,0,0,0,0,0,0,0,0,-1,0
1,1403715897.7340581,1403715897734058240,1403715897.7340581,1403715897.7340581,224,80,confirming_observer_health,1,1,1,1,0.42646745581632756,1.6255589057613917,-0.32052802906817496,-8.6919783623014535,0.82427055599907406,3.2640902819876225,9.3211691953944129,30,30,78,2,88362514.896298334,none,790,3.9500000476837158,0.0009176080999121752,0.0014887124235675696,disabled,disabled,0,0,0,0,-1,-1,0,0,0,0,0,0,42,72,1,0,0,0,none,80,1,0,0,0,0,0,0,0,0,0,0.99999499996422059,1
1,1403715897.7840581,1403715897784058112,1403715897.7840581,1403715897.7840581,225,81,confirming_observer_health,1,1,1,1,0.44185928399427848,1.6486505832584473,-0.31379491209450699,-8.7152785083655289,0.92821455383494744,3.2467864141126701,9.346618840799902,30,30,79,2,88744168.003061816,none,800,4,0.00015990066324114607,0.00046904331743734398,disabled,disabled,0,0,0,0,-1,-1,0,0,0,0,0,0,45,72,1,0,0,0,none,81,1,0,0,0,0,0,0,0,0,0,-1,0
1,1403715897.834058,1403715897834057984,1403715897.834058,1403715897.834058,226,82,confirming_observer_health,1,1,1,1,0.44206502550092702,1.6785421423812503,-0.29736196039895985,-8.7501003603345318,0.99660395148652015,3.2186189456405647,9.3764056903101967,30,30,80,2,88679340.552046999,none,810,4.0499999523162842,0.00020124115774121994,0.0012171351075760124,disabled,disabled,0,0,0,0,-1,-1,0,0,0,0,0,0,72,72,1,0,0,0,none,82,1,0,0,0,0,0,0,0,0,0,-1,0
1,1403715897.8840582,1403715897884058112,1403715897.8840582,1403715897.8840582,227,83,confirming_observer_health,1,1,1,1,0.45386956456002764,1.7104267879356811,-0.28164571443498704,-8.7928662459676961,1.0347125440268201,3.1616010668302432,9.4011088800218996,30,29,81,2,88655267.926874429,none,820,4.1000001430511475,0.00080562094340183739,0.0030087247082781813,disabled,disabled,0,0,0,0,-1,-1,0,0,0,0,0,0,72,72,1,0,0,0,none,83,1,0,0,0,0,0,0,0,0,0,-1,0
1,1403715897.9340582,1403715897934058240,1403715897.9340582,1403715897.9340582,228,84,confirming_observer_health,1,1,1,1,0.44478897459017913,1.7474861945799613,-0.2576516454289981,-8.8413751760268777,0.96175473625415531,3.1210115828064668,9.4252639472846464,30,28,82,2,88798927.639534295,none,830,4.1500000953674316,0.00025671825924556205,0.00074680327632637691,disabled,disabled,0,0,0,0,-1,-1,0,0,0,0,0,0,72,72,1,0,0,0,none,84,1,0,0,0,0,0,0,0,0,0,-1,0
1,1403715897.9840581,1403715897984058112,1403715897.9840581,1403715897.9840581,229,85,ready,1,1,1,1,0.42351663254013022,1.7854278467405011,-0.23998353224908656,-8.8874510916627365,0.91071699200107037,3.0801968621883415,9.4500690503324662,30,28,83,2,85411132.012297645,none,840,4.2000000476837158,0.00068589525868681508,0.0032689008899248074,disabled,disabled,0,0,0,0,-1,-1,0,0,0,0,0,0,72,72,1,0,0,0,none,85,1,0,0,0,0,0,0,0,0,0,-1,0
1,1403715898.0340581,1403715898034057984,1403715898.0340581,1403715898.0340581,230,86,ready,1,1,1,1,0.40508221131819405,1.8151007040859466,-0.22936143841891096,-8.9485291745596758,0.8028082062870755,2.9987628382998208,9.471708080615425,30,28,84,2,81953697.849347875,none,850,4.25,0.0006335165139553623,0.0043681555309906545,disabled,disabled,0,0,0,0,-1,-1,0,0,0,0,0,0,72,72,1,0,0,0,none,86,1,0,0,0,0,0,0,0,0,0,-1,0
1,1403715898.0840583,1403715898084058368,1403715898.0840583,1403715898.0840583,231,87,ready,1,1,1,1,0.37609449585943211,1.8343511835029609,-0.22540093900670824,-9.0204817605512861,0.69544382243014469,2.8747892608410157,9.4930051404621878,30,27,85,2,81738801.979390845,none,860,4.3000001907348633,0.0020517973560555854,0.010249542643651839,disabled,disabled,0,0,0,0,-1,-1,0,0,0,0,0,0,72,72,1,0,0,0,none,87,1,0,0,0,0,0,0,0,0,0,-1,0
1,1403715898.134058,1403715898134057984,1403715898.134058,1403715898.134058,232,88,ready,1,1,1,1,0.34841907887510393,1.846573034503953,-0.20785128122017585,-9.0829851766098546,0.57207793763150683,2.7589934003748526,9.5099914547044193,30,23,86,2,81608812.530252814,none,870,4.3499999046325684,2.9820362981805548e-05,0.00048310492796616738,disabled,disabled,0,0,0,0,-1,-1,0,0,0,0,0,0,48,48,1,0,0,0,none,88,1,0,0,0,0,0,0,0,0,0,-1,0
1,1403715898.1840582,1403715898184058112,1403715898.1840582,1403715898.1840582,233,89,ready,1,1,1,1,0.32010176469517082,1.8553646401312991,-0.20096568081032695,-9.1367461840803745,0.49117428116337325,2.6536163274816675,9.5269650267155352,30,20,87,2,76297201.193283752,none,880,4.4000000953674316,0.0003589599229156771,0.00084013105639809207,disabled,disabled,0,0,0,0,-1,-1,0,0,0,0,0,0,54,54,1,0,0,0,none,89,1,0,0,0,0,0,0,0,0,0,-1,0
1,1403715898.2340581,1403715898234058240,1403715898.2340581,1403715898.2340581,234,90,ready,1,1,1,1,0.27378975944688655,1.8476363222453136,-0.18215071446952774,-9.1791873261821113,0.3874864709966313,2.5911234352490289,9.5457606502072139,30,24,88,2,64823470.930195197,none,890,4.4500000476837158,7.2893942120159699e-05,0.0012346227460810378,disabled,disabled,0,0,0,0,-1,-1,0,0,0,0,0,0,36,36,1,0,0,0,none,90,1,0,0,0,0,0,0,0,0,0,-1,0
1,1403715898.2840581,1403715898284058112,1403715898.2840581,1403715898.2840581,235,91,ready,1,1,1,1,0.2075069604710629,1.8262181608290649,-0.16948447294714949,-9.2040783641994732,0.28917699354078441,2.5886691781171445,9.5655574841015838,30,27,89,2,56382910.474936202,none,900,4.5,0.00049235185562115978,0.0040298551075570897,disabled,disabled,0,0,0,0,-1,-1,0,0,0,0,0,0,72,72,1,0,0,0,none,91,1,0,0,0,0,0,0,0,0,0,-1,0
1,1403715898.334058,1403715898334057984,1403715898.334058,1403715898.334058,236,92,ready_soft_grace_G,1,1,1,1,0.15490319277640141,1.7891043078388185,-0.14783583586792914,-9.2189825595252888,0.20510912272016535,2.6211252146370465,9.5865534252858868,30,27,90,2,50736665.34414091,none,910,4.5499999523162842,0.00092544010848895906,0.0086001314714252118,disabled,disabled,0,0,0,0,-1,-1,0,0,0,0,0,0,72,72,1,0,0,0,none,92,1,0,0,0,0,0,0,0,0,0,-1,0
1,1403715898.3840582,1403715898384058112,1403715898.3840582,1403715898.3840582,237,93,ready_soft_grace_G,1,1,1,1,0.1254027634206818,1.7504571121180938,-0.12050964061506443,-9.2174891131423671,0.1420913609473978,2.6923664927563284,9.6037041206542266,30,28,91,2,48465591.189560063,none,920,4.6000001430511475,0.00050249236710086251,0.0021893922441649817,disabled,disabled,0,0,0,0,-1,-1,0,0,0,0,0,0,59,72,1,0,0,0,none,93,1,0,0,0,0,0,0,0,0,0,-1,0
1,1403715898.4340582,1403715898434058240,1403715898.4340582,1403715898.4340582,238,94,prediction_or_correction_unhealthy,1,1,1,1,0.082465193852291008,1.7295559640037843,-0.090173368544042204,-9.1948954291153377,0.10118436948726396,2.8095161904098549,9.615077818362666,30,28,92,2,47477577.60888835,none,930,4.6500000953674316,0.00012840513575580666,0.0012897991952125734,disabled,disabled,0,0,0,0,-1,-1,0,0,0,0,0,0,60,60,1,0,0,0,none,94,1,0,0,0,0,0,0,0,0,0,-1,0
1,1403715898.4840581,1403715898484058112,1403715898.4840581,1403715898.4840581,239,95,prediction_or_correction_unhealthy,1,1,1,1,0.068293603676373923,1.684888506472271,-0.064583387244858834,-9.1634872009135115,0.071221151893758175,2.9212356349996673,9.6181176832566742,30,25,93,2,48988986.195602067,none,940,4.7000000476837158,0.00073603472818757989,0.0043947408281793752,disabled,disabled,0,0,0,0,-1,-1,0,0,0,0,0,0,72,72,1,0,0,0,none,95,1,0,0,0,0,0,0,0,0,0,-1,0
1,1403715898.5340581,1403715898534057984,1403715898.5340581,1403715898.5340581,240,96,prediction_or_correction_unhealthy,1,1,1,1,0.058397645426731239,1.64609509815752,-0.033532762133880151,-9.1280571933702017,0.041809062368535148,3.0488687783051804,9.6238649694630354,30,27,94,2,44011918.405640624,none,950,4.75,0.00030240424779579201,0.0015194972286763976,disabled,disabled,0,0,0,0,-1,-1,0,0,0,0,0,0,72,72,1,0,0,0,none,96,1,0,0,0,0,0,0,0,0,0,-1,0
1,1403715898.5840583,1403715898584058368,1403715898.5840583,1403715898.5840583,241,97,prediction_or_correction_unhealthy,1,1,1,1,0.047222067618532176,1.6215246548286975,0.0042540669243173977,-9.1043903072877992,0.01190811420475237,3.1339646490395032,9.6286966455512157,30,30,95,2,41083798.517384782,none,960,4.8000001907348633,0.0010048133841352683,0.0076693345761013063,disabled,disabled,0,0,0,0,-1,-1,0,0,0,0,0,0,72,72,1,0,0,0,none,97,1,0,0,0,0,0,0,0,0,0,-1,0
1,1403715898.634058,1403715898634057984,1403715898.634058,1403715898.634058,242,98,prediction_or_correction_unhealthy,1,1,1,1,0.025075240304956222,1.5909267829255691,0.050625620335108784,-9.0820747936916764,-0.0084054863341585118,3.217689624631757,9.6352311716363648,30,30,96,2,42306518.404949471,none,970,4.8499999046325684,0.0009894466377247846,0.00752730972454764,disabled,disabled,0,0,0,0,-1,-1,0,0,0,0,0,0,72,72,1,0,0,0,none,98,1,0,0,0,0,0,0,0,0,0,-1,0
1,1403715898.6840582,1403715898684058112,1403715898.6840582,1403715898.6840582,243,99,prediction_or_correction_unhealthy,1,1,1,1,-0.018444201975575402,1.557814847232657,0.10030439606466313,-9.09905697413304,-0.026115820198074229,3.1967528316034248,9.6443117183627081,30,29,97,2,43390436.518882118,none,980,4.9000000953674316,0.0005104200078659062,0.0021553512326789219,disabled,disabled,0,0,0,0,-1,-1,0,0,0,0,0,0,72,72,1,0,0,0,none,99,1,0,0,0,0,0,0,0,0,0,-1,0
1,1403715898.7340581,1403715898734058240,1403715898.7340581,1403715898.7340581,244,100,confirming_observer_health,1,1,1,1,-0.065696921208251616,1.5530418663563319,0.15923749766359541,-9.1144402931144466,-0.011985658014885657,3.1766130162672708,9.6521518723994824,30,28,98,2,44609997.845934905,none,990,4.9500000476837158,0.00017735129976768988,0.0014895644310254929,disabled,disabled,0,0,0,0,-1,-1,0,0,0,0,0,0,22,30,1,0,0,0,none,100,1,0,0,0,0,0,0,0,0,0,56193.542729787703,1
1,1403715898.7840581,1403715898784058112,1403715898.7840581,1403715898.7840581,245,101,confirming_observer_health,1,1,1,1,-0.12293926370141141,1.5353563824428356,0.20494517999898745,-9.1100805734697925,-0.028719437441671949,3.1964721285380837,9.6546272289363646,30,25,99,2,45528247.607922025,none,1000,5,0.00062476639388133501,0.0053422630765682612,disabled,disabled,0,0,0,0,-1,-1,0,0,0,0,0,0,72,72,1,0,0,0,none,101,1,0,0,0,0,0,0,0,0,0,-1,0
1,1403715898.834058,1403715898834057984,1403715898.834058,1403715898.834058,246,102,confirming_observer_health,1,1,1,1,-0.16507416219873416,1.5156066167367483,0.24656582449669343,-9.1070222773754441,-0.030990888194481318,3.2162723199243497,9.6583240177411351,30,22,100,2,47949958.961950652,none,1010,5.0499999523162842,0.0010170603916177258,0.0035749009062744147,disabled,disabled,0,0,0,0,-1,-1,0,0,0,0,0,0,72,72,1,0,0,0,none,102,1,0,0,0,0,0,0,0,0,0,-1,0
1,1403715898.8840582,1403715898884058112,1403715898.8840582,1403715898.8840582,247,103,confirming_observer_health,1,1,1,1,-0.22777655915652265,1.5005907950177773,0.30147888647814064,-9.1023700320640479,-0.040575509176040241,3.2412479747047978,9.6623224437031965,30,26,101,2,36173454.221930303,none,1020,5.1000001430511475,6.5079104870919991e-05,0.00043194773598461279,disabled,disabled,0,0,0,0,-1,-1,0,0,0,0,0,0,20,48,1,0,0,0,none,103,1,0,0,0,0,0,0,0,0,0,-1,0
1,1403715898.9340582,1403715898934058240,1403715898.9340582,1403715898.9340582,248,104,confirming_observer_health,1,1,1,1,-0.25873330928324029,1.4856025047148365,0.3430599087330915,-9.0932374380248859,-0.023105545442802137,3.2794244252920168,9.6665467221614101,30,26,102,2,36173666.010761738,none,1030,5.1500000953674316,0.0010142612384182053,0.006020709845961981,disabled,disabled,0,0,0,0,-1,-1,0,0,0,0,0,0,72,72,1,0,0,0,none,104,1,0,0,0,0,0,0,0,0,0,-1,0
1,1403715898.9840581,1403715898984058112,1403715898.9840581,1403715898.9840581,249,105,confirming_observer_health,1,1,1,1,-0.30882224322281493,1.4656762244954733,0.38809474929414811,-9.0859804908493587,-0.043848478490553261,3.3117226319633253,9.6708050833536703,30,27,103,2,35826062.623510294,none,1040,5.2000000476837158,0.0008552792547170205,0.0046318784140396358,disabled,disabled,0,0,0,0,-1,-1,0,0,0,0,0,0,72,72,1,0,0,0,none,105,1,0,0,0,0,0,0,0,0,0,-1,0
1,1403715899.0340581,1403715899034057984,1403715899.0340581,1403715899.0340581,250,106,confirming_observer_health,1,1,1,1,-0.35154615706955572,1.4576503751587038,0.4313919091786978,-9.0946174873053618,-0.025494420046449594,3.3114688547571265,9.6787676478919806,30,26,104,2,36781058.113002896,none,1050,5.25,8.5600979668035504e-05,0.0036793109377227474,disabled,disabled,0,0,0,0,-1,-1,0,0,0,0,0,0,72,72,1,0,0,0,none,106,1,0,0,0,0,0,0,0,0,0,-1,0
1,1403715899.0840583,1403715899084058368,1403715899.0840583,1403715899.0840583,251,107,confirming_observer_health,1,1,1,1,-0.38356971754382546,1.4383202542517139,0.46035241391477016,-9.0819654185935974,-0.028437954600185531,3.3626110463546071,9.6845267117633504,30,24,105,2,34184037.641520865,none,1060,5.3000001907348633,0.00035432735953467502,0.0045713470437298885,disabled,disabled,0,0,0,0,-1,-1,0,0,0,0,0,0,72,72,1,0,0,0,none,107,1,0,0,0,0,0,0,0,0,0,-1,0
1,1403715899.134058,1403715899134057984,1403715899.134058,1403715899.134058,252,108,confirming_observer_health,1,1,1,1,-0.38160706521790116,1.4192144707626513,0.4816174609804123,-9.0534958554343614,-0.019448404564086308,3.4516171694133377,9.6891602592276378,30,23,106,2,34660153.648306303,none,1070,5.3499999046325684,0.0015882686369378459,0.0058071676083569718,disabled,disabled,0,0,0,0,-1,-1,0,0,0,0,0,0,72,72,1,0,0,0,none,108,1,0,0,0,0,0,0,0,0,0,-1,0
1,1403715899.1840582,1403715899184058112,1403715899.1840582,1403715899.1840582,253,109,confirming_observer_health,1,1,1,1,-0.3390468622402697,1.394023765567874,0.49151636063524978,-9.0149001455605617,-0.04929294011482472,3.5612981184410888,9.692971614359811,30,27,107,2,31481304.774047233,none,1080,5.4000000953674316,0.00073456798764707208,0.0043432121768550193,disabled,disabled,0,0,0,0,-1,-1,0,0,0,0,0,0,72,72,1,0,0,0,none,109,1,0,0,0,0,0,0,0,0,0,-1,0
1,1403715899.2340581,1403715899234058240,1403715899.2340581,1403715899.2340581,254,110,confirming_observer_health,1,1,1,1,-0.28958669026631761,1.3698929112316534,0.50219121964384439,-8.9639770068327689,-0.14280489311227548,3.6871672304207759,9.6937340174781035,29,24,108,2,29445695.371161476,none,1090,5.4500000476837158,0.0007897484501272579,0.0025092553432736484,disabled,disabled,0,0,0,0,-1,-1,0,0,0,0,0,0,72,72,1,0,0,0,none,110,1,0,0,0,0,0,0,0,0,0,-1,0
1,1403715899.2840581,1403715899284058112,1403715899.2840581,1403715899.2840581,255,111,confirming_observer_health,1,1,1,1,-0.22924080415132525,1.3356215029702967,0.49850572555754419,-8.9183794550908679,-0.22514208937183269,3.7996099116812556,9.6966600717123228,29,22,109,2,31917284.586592272,none,1100,5.5,0.00070333303254671098,0.0033517243635176083,disabled,disabled,0,0,0,0,-1,-1,0,0,0,0,0,0,72,72,1,0,0,0,none,111,1,0,0,0,0,0,0,0,0,0,-1,0
1,1403715899.334058,1403715899334057984,1403715899.334058,1403715899.334058,256,112,confirming_observer_health,1,1,1,1,-0.17243057547153842,1.3008693778319445,0.5187004572820173,-8.8530744305918496,-0.29122285759436112,3.9534228683857515,9.7000664947545623,24,17,110,2,25554718.835309461,none,1110,5.5499999523162842,0.00024183459321086594,0.0012287642831570985,disabled,disabled,0,0,0,0,-1,-1,0,0,0,0,0,0,72,72,1,0,0,0,none,112,1,0,0,0,0,0,0,0,0,0,-1,0
1,1403715899.3840582,1403715899384058112,1403715899.3840582,1403715899.3840582,257,113,confirming_observer_health,1,1,1,1,-0.075058866833757051,1.2695596039674437,0.54441131514846008,-8.792903541308819,-0.37509248724654953,4.0842656620584803,9.7024261429304364,27,22,111,2,26668968.229853697,none,1120,5.6000001430511475,0.00082206147051352302,0.0045819089596281035,disabled,disabled,0,0,0,0,-1,-1,0,0,0,0,0,0,72,72,1,0,0,0,none,113,1,0,0,0,0,0,0,0,0,0,-1,0
1,1403715899.4340582,1403715899434058240,1403715899.4340582,1403715899.4340582,258,114,confirming_observer_health,1,1,1,1,0.0050386419817796506,1.2306959687911752,0.57486298556622373,-8.7562432212250982,-0.47651948865727856,4.1610198589461023,9.7063356854615588,23,22,112,2,21429947.558111973,none,1130,5.6500000953674316,0.0013610178154851093,0.0094515885610915399,disabled,disabled,0,0,0,0,-1,-1,0,0,0,0,0,0,72,72,1,0,0,0,none,114,1,0,0,0,0,0,0,0,0,0,-1,0
1,1403715899.4840581,1403715899484058112,1403715899.4840581,1403715899.4840581,259,115,confirming_observer_health,1,1,1,1,0.08278450006999101,1.1828576652365426,0.59027660793899839,-8.7511684699390209,-0.50286500672969525,4.1778220503426811,9.7103048298484254,23,21,113,2,23149622.08594662,none,1140,5.7000000476837158,0.00025728037999223058,0.0018339573036981456,disabled,disabled,0,0,0,0,-1,-1,0,0,0,0,0,0,72,72,1,0,0,0,none,115,1,0,0,0,0,0,0,0,0,0,-1,0
1,1403715899.5340581,1403715899534057984,1403715899.5340581,1403715899.5340581,260,116,confirming_observer_health,1,1,1,1,0.12683658733498471,1.1525824425510491,0.62279849464267123,-8.7516751215635331,-0.49985439158755485,4.1837322051696013,9.7131502104495802,27,27,114,2,22048148.183162171,none,1150,5.75,0.00043329685304783978,0.0027570086917722975,disabled,disabled,0,0,0,0,-1,-1,0,0,0,0,0,0,72,72,1,0,0,0,none,116,1,0,0,0,0,0,0,0,0,0,-1,0
1,1403715899.5840583,1403715899584058368,1403715899.5840583,1403715899.5840583,261,117,confirming_observer_health,1,1,1,1,0.150605225660742,1.1127700683732633,0.66161740437706695,-8.758347355789617,-0.48188635913868788,4.1789169301647702,9.71618287070641,30,30,115,2,23866821.049083516,none,1160,5.8000001907348633,0.00030101067874455567,0.0017291802243728845,disabled,disabled,0,0,0,0,-1,-1,0,0,0,0,0,0,38,60,1,0,0,0,none,117,1,0,0,0,0,0,0,0,0,0,-1,0
1,1403715899.634058,1403715899634057984,1403715899.634058,1403715899.634058,262,118,confirming_observer_health,1,1,1,1,0.18145724099424757,1.0747359735040849,0.69445872109658591,-8.7563116494793896,-0.43703226970163084,4.1919347152802198,9.7178345100511194,30,29,116,2,25897448.83146736,none,1170,5.8499999046325684,0.0031877878846742515,0.019094664388703626,disabled,disabled,0,0,0,0,-1,-1,0,0,0,0,0,0,72,72,1,0,0,0,none,118,1,0,0,0,0,0,0,0,0,0,-1,0
1,1403715899.6840582,1403715899684058112,1403715899.6840582,1403715899.6840582,263,119,ready,1,1,1,1,0.19715563283460716,1.0304783443978918,0.72666790442059492,-8.7678117577602794,-0.443051306523433,4.1689270401226688,9.7185786072654405,30,28,117,2,27804406.087701909,none,1180,5.9000000953674316,0.0020178890440028809,0.012188907118512794,disabled,disabled,0,0,0,0,-1,-1,0,0,0,0,0,0,72,72,1,0,0,0,none,119,1,0,0,0,0,0,0,0,0,0,-1,0
1,1403715899.7340581,1403715899734058240,1403715899.7340581,1403715899.7340581,264,120,ready,1,1,1,1,0.22256038337990855,0.98737211751111009,0.7577724557268114,-8.7765033089445357,-0.48298245034079462,4.1465196190486777,9.7187400073469998,30,29,118,2,27182478.527054459,none,1190,5.9500000476837158,0.00046927379559225265,0.0015935786481221465,disabled,disabled,0,0,0,0,-1,-1,0,0,0,0,0,0,42,42,1,0,0,0,none,120,1,0,0,0,0,0,0,0,0,0,0.99999499999087071,1
1,1403715899.7840581,1403715899784058112,1403715899.7840581,1403715899.7840581,265,121,ready,1,1,1,1,0.24444580847616756,0.94702647394314987,0.78743771359148562,-8.8025755250351292,-0.5543157770284749,4.0845320791692785,9.7198767564395112,30,30,119,2,27870780.671736702,none,1200,6,0.0015585353569909177,0.0075728323596415846,disabled,disabled,0,0,0,0,-1,-1,0,0,0,0,0,0,72,72,1,0,0,0,none,121,1,0,0,0,0,0,0,0,0,0,-1,0
1,1403715899.834058,1403715899834057984,1403715899.834058,1403715899.834058,266,122,ready,1,1,1,1,0.25716180467598582,0.9038713372162166,0.80564898127111872,-8.8432814542549583,-0.65170723871346825,3.9859431393836831,9.7219386911542021,30,27,120,2,29962565.833554495,none,1210,6.0499999523162842,0.0016971309671698661,0.0037629665638897677,disabled,disabled,0,0,0,0,-1,-1,0,0,0,0,0,0,72,72,1,0,0,0,none,122,1,0,0,0,0,0,0,0,0,0,-1,0
1,1403715899.8840582,1403715899884058112,1403715899.8840582,1403715899.8840582,267,123,ready,1,1,1,1,0.25640376459033004,0.85590568526348021,0.82770937379767273,-8.8846032234498313,-0.78244902134613581,3.8717849065427523,9.7231229176470322,30,27,121,2,31984035.12484476,none,1220,6.1000001430511475,0.00050874292681189759,0.0019028075841204509,disabled,disabled,0,0,0,0,-1,-1,0,0,0,0,0,0,72,72,1,0,0,0,none,123,1,0,0,0,0,0,0,0,0,0,-1,0
1,1403715899.9340582,1403715899934058240,1403715899.9340582,1403715899.9340582,268,124,ready,1,1,1,1,0.26923194165731468,0.80316368729155729,0.83663386391756478,-8.9114046444508759,-0.92073442719583143,3.7850211368353537,9.7255986771434628,30,28,122,2,30264610.231334306,none,1230,6.1500000953674316,0.0007208887340588089,0.0061689902310687831,disabled,disabled,0,0,0,0,-1,-1,0,0,0,0,0,0,72,72,1,0,0,0,none,124,1,0,0,0,0,0,0,0,0,0,-1,0
1,1403715899.9840581,1403715899984058112,1403715899.9840581,1403715899.9840581,269,125,ready,1,1,1,1,0.2536190175090845,0.7405499832710265,0.85845435552828697,-8.926953755190004,-1.0786018134962303,3.7199396215909584,9.7309730247113801,30,27,123,2,32439794.792080194,none,1240,6.2000000476837158,0.00047826682809036817,0.0028522882961513714,disabled,disabled,0,0,0,0,-1,-1,0,0,0,0,0,0,72,72,1,0,0,0,none,125,1,0,0,0,0,0,0,0,0,0,-1,0
1,1403715900.0340581,1403715900034057984,1403715900.0340581,1403715900.0340581,270,126,ready,1,1,1,1,0.23753573339551384,0.66825606075646249,0.87337758297249779,-8.9451114926666886,-1.1880156991557234,3.6579926744189484,9.7369046068953971,30,28,124,2,31818274.692098629,none,1250,6.25,0.00068789498375646516,0.0034866071830765614,disabled,disabled,0,0,0,0,-1,-1,0,0,0,0,0,0,72,72,1,0,0,0,none,126,1,0,0,0,0,0,0,0,0,0,-1,0
1,1403715900.0840583,1403715900084058368,1403715900.0840583,1403715900.0840583,271,127,ready,1,1,1,1,0.25765690282752129,0.59649046233647518,0.87678731584080927,-8.9542620249516958,-1.2701896453284414,3.6267144887571785,9.7439852283115087,30,29,125,2,33354660.774456847,none,1260,6.3000001907348633,0.00092996903666566107,0.0028130478536114467,disabled,disabled,0,0,0,0,-1,-1,0,0,0,0,0,0,72,72,1,0,0,0,none,127,1,0,0,0,0,0,0,0,0,0,-1,0
1,1403715900.134058,1403715900134057984,1403715900.134058,1403715900.134058,272,128,ready,1,1,1,1,0.26114580761544987,0.53053496135255096,0.88282505747025675,-8.9636257077783608,-1.3377241172710286,3.6026986731721586,9.752719075865464,30,30,126,2,34570663.941429704,none,1270,6.3499999046325684,0.00042652333902699755,0.0024123233151587859,disabled,disabled,0,0,0,0,-1,-1,0,0,0,0,0,0,72,72,1,0,0,0,none,128,1,0,0,0,0,0,0,0,0,0,-1,0
1,1403715900.1840582,1403715900184058112,1403715900.1840582,1403715900.1840582,273,129,ready,1,1,1,1,0.26551809722991226,0.44612888064109407,0.89443283819786445,-8.9691608856847296,-1.412422637896207,3.5859045634544486,9.7621460877996498,30,30,127,2,36217171.640616283,none,1280,6.4000000953674316,0.00079138810424715905,0.0015014754969682456,disabled,disabled,0,0,0,0,-1,-1,0,0,0,0,0,0,36,36,1,0,0,0,none,129,1,0,0,0,0,0,0,0,0,0,-1,0
1,1403715900.2340581,1403715900234058240,1403715900.2340581,1403715900.2340581,274,130,ready,1,1,1,1,0.27888815824530516,0.37769741034430393,0.91288820489159672,-8.9760296036017024,-1.4504005743970421,3.5736260840872669,9.7695226423717489,30,30,128,2,37750635.813638702,none,1290,6.4500000476837158,0.0013516250024446657,0.0042395880237176406,disabled,disabled,0,0,0,0,-1,-1,0,0,0,0,0,0,72,72,1,0,0,0,none,130,1,0,0,0,0,0,0,0,0,0,-1,0
1,1403715900.2840581,1403715900284058112,1403715900.2840581,1403715900.2840581,275,131,ready,1,1,1,1,0.287691709812878,0.29887078138637674,0.92974940202441592,-8.9790557943860101,-1.4962207080124315,3.5732930241807526,9.7790869922728998,30,30,129,2,39239356.835058384,none,1300,6.5,0.0019992297142486615,0.0064611872301352617,disabled,disabled,0,0,0,0,-1,-1,0,0,0,0,0,0,72,72,1,0,0,0,none,131,1,0,0,0,0,0,0,0,0,0,-1,0
1,1403715900.334058,1403715900334057984,1403715900.334058,1403715900.334058,276,132,ready_soft_grace_GV,1,1,1,1,0.31809067930773804,0.21973305035107329,0.94309459463008738,-8.9778420470322935,-1.5022384177050094,3.5962633558741564,9.7873121034272277,30,30,130,2,40712788.195922308,none,1310,6.5499999523162842,0.00021973909477845417,0.0012206003685680557,disabled,disabled,0,0,0,0,-1,-1,0,0,0,0,0,0,41,42,1,0,0,0,none,132,1,0,0,0,0,0,0,0,0,0,-1,0
1,1403715900.3840582,1403715900384058112,1403715900.3840582,1403715900.3840582,277,133,ready_soft_grace_GV,1,1,1,1,0.34013790552185069,0.13764717907363921,0.95683516182245354,-8.9763594032955645,-1.5302445253243657,3.6077055431775027,9.7944992588029525,30,30,131,2,42175883.719069518,none,1320,6.6000001430511475,0.0021797577697967641,0.0088165109513663083,disabled,disabled,0,0,0,0,-1,-1,0,0,0,0,0,0,72,72,1,0,0,0,none,133,1,0,0,0,0,0,0,0,0,0,-1,0
1,1403715900.4340582,1403715900434058240,1403715900.4340582,1403715900.4340582,278,134,ready,1,1,1,1,0.34151950723508756,0.047218989059413984,0.96623375906755438,-8.9825700001323305,-1.4759232287287107,3.6326806358318064,9.8010857452797389,30,30,132,2,43629144.738983832,none,1330,6.6500000953674316,0.00038410134707501275,0.0015806375140599907,disabled,disabled,0,0,0,0,-1,-1,0,0,0,0,0,0,72,72,1,0,0,0,none,134,1,0,0,0,0,0,0,0,0,0,-1,0
1,1403715900.4840581,1403715900484058112,1403715900.4840581,1403715900.4840581,279,135,ready_soft_grace_GV,1,1,1,1,0.37503269354573482,-0.022376633518294661,0.96947160304416835,-9.0149620911773276,-1.2457690549346738,3.649985372250109,9.8052983259683071,30,29,133,2,45200138.484331258,none,1340,6.7000000476837158,0.0021714498580432716,0.0074853187895312532,disabled,disabled,0,0,0,0,-1,-1,0,0,0,0,0,0,72,72,1,0,0,0,none,135,1,0,0,0,0,0,0,0,0,0,-1,0
1,1403715900.5340581,1403715900534057984,1403715900.5340581,1403715900.5340581,280,136,ready,1,1,1,1,0.39106048581831898,-0.089440599053006081,0.9650453269029009,-9.0783533180703202,-1.0046984926523115,3.574374417188575,9.8082654176520112,30,24,134,2,47464073.200316548,none,1350,6.75,0.0024666115973127748,0.0084653714075701211,disabled,disabled,0,0,0,0,-1,-1,0,0,0,0,0,0,72,72,1,0,0,0,none,136,1,0,0,0,0,0,0,0,0,0,-1,0
1,1403715900.5840583,1403715900584058368,1403715900.5840583,1403715900.5840583,281,137,ready,1,1,1,1,0.38544517366636288,-0.14152397383519022,0.96146170981251444,-9.1455640567737948,-0.8099033182753449,3.4618133899863426,9.8123104949137687,30,24,135,2,48264176.882010356,none,1360,6.8000001907348633,0.00068496347808500477,0.0039100852302999265,disabled,disabled,0,0,0,0,-1,-1,0,0,0,0,0,0,72,72,1,0,0,0,none,137,1,0,0,0,0,0,0,0,0,0,-1,0
1,1403715900.634058,1403715900634057984,1403715900.634058,1403715900.634058,282,138,ready,1,1,1,1,0.37761447812418758,-0.17865381187367918,0.95877569952871544,-9.2213754981680012,-0.57738054293741869,3.3194076483081734,9.8176168954193077,30,25,136,2,42358493.300344668,none,1370,6.8499999046325684,0.0024432161199464137,0.011625177605639766,disabled,disabled,0,0,0,0,-1,-1,0,0,0,0,0,0,72,72,1,0,0,0,none,138,1,0,0,0,0,0,0,0,0,0,-1,0
1,1403715900.6840582,1403715900684058112,1403715900.6840582,1403715900.6840582,283,139,ready,1,1,1,1,0.35051447322877188,-0.21471045531935337,0.95547181347710752,-9.2950020423553017,-0.32308350123173368,3.1556857293003255,9.8213949283320812,30,23,137,2,43446638.282691233,none,1380,6.9000000953674316,0.00075697226719657559,0.0019561979340039703,disabled,disabled,0,0,0,0,-1,-1,0,0,0,0,0,0,72,72,1,0,0,0,none,139,1,0,0,0,0,0,0,0,0,0,-1,0
1,1403715900.7340581,1403715900734058240,1403715900.7340581,1403715900.7340581,284,140,ready,1,1,1,1,0.3162807304526879,-0.2188409347493496,0.93991297386993489,-9.3719874640134737,-0.12316910445021313,2.9465631918258612,9.8250472923716643,30,25,138,2,37649528.644529283,none,1390,6.9500000476837158,0.00085032356347607824,0.0041094144808151963,disabled,disabled,0,0,0,0,-1,-1,0,0,0,0,0,0,72,72,1,0,0,0,none,140,1,0,0,0,0,0,0,0,0,0,0.99999499999642372,1
1,1403715900.7840581,1403715900784058112,1403715900.7840581,1403715900.7840581,285,141,ready,1,1,1,1,0.29614618526210401,-0.22187936361135602,0.91319086290638996,-9.4387595873804653,-0.032523535691908599,2.7224399951083349,9.8235899678124809,30,25,139,2,38193575.458748296,none,1400,7,9.4934286164183153e-05,0.00053241355750899744,disabled,disabled,0,0,0,0,-1,-1,0,0,0,0,0,0,44,54,1,0,0,0,none,141,1,0,0,0,0,0,0,0,0,0,-1,0
1,1403715900.834058,1403715900834057984,1403715900.834058,1403715900.834058,286,142,ready,1,1,1,1,0.27315222359113284,-0.23723590807687941,0.87001572002564243,-9.5011777838120111,-0.048545239544872346,2.4925721260534579,9.8228128213594719,30,22,140,2,39069253.725508988,none,1410,7.0499999523162842,0.00034954947651502546,0.0042707567634944306,disabled,disabled,0,0,0,0,-1,-1,0,0,0,0,0,0,72,72,1,0,0,0,none,142,1,0,0,0,0,0,0,0,0,0,-1,0
1,1403715900.8840582,1403715900884058112,1403715900.8840582,1403715900.8840582,287,143,ready,1,1,1,1,0.24342907171258807,-0.23561658564994439,0.81081946186567866,-9.5464954886696543,-0.078751736559374577,2.3106625004600447,9.8224711321659495,30,25,141,2,34191266.647553511,none,1420,7.1000001430511475,0.00037775536178005537,0.00062743518796991369,disabled,disabled,0,0,0,0,-1,-1,0,0,0,0,0,0,72,72,1,0,0,0,none,143,1,0,0,0,0,0,0,0,0,0,-1,0
1,1403715900.9340582,1403715900934058240,1403715900.9340582,1403715900.9340582,288,144,ready,1,1,1,1,0.22549583547029317,-0.24189776229659105,0.73997573418617923,-9.5760681439303301,-0.13432574893139776,2.1790007179180431,9.8217701374401241,30,27,142,2,32940939.855119314,none,1430,7.1500000953674316,0.00013622922824470168,0.00040354194009218139,disabled,disabled,0,0,0,0,-1,-1,0,0,0,0,0,0,36,60,1,0,0,0,none,144,1,0,0,0,0,0,0,0,0,0,-1,0
1,1403715900.9840581,1403715900984058112,1403715900.9840581,1403715900.9840581,289,145,ready,1,1,1,1,0.2228917216100211,-0.25595505211288627,0.66690188273372941,-9.6061045122748681,-0.17677943898930165,2.0401065591194474,9.8219412359960252,30,27,143,2,33190854.305432808,none,1440,7.2000000476837158,0.0013989540457210029,0.0054946683949369272,disabled,disabled,0,0,0,0,-1,-1,0,0,0,0,0,0,72,72,1,0,0,0,none,145,1,0,0,0,0,0,0,0,0,0,-1,0
1,1403715901.0340581,1403715901034057984,1403715901.0340581,1403715901.0340581,290,146,ready,1,1,1,1,0.21816683122576017,-0.26580468871086582,0.59120457576993701,-9.636497210374408,-0.17253102428883776,1.8871712371618246,9.8210620972615175,30,27,144,2,32804426.617813967,none,1450,7.25,0.00097495726458304453,0.0045534052452817046,disabled,disabled,0,0,0,0,-1,-1,0,0,0,0,0,0,72,72,1,0,0,0,none,146,1,0,0,0,0,0,0,0,0,0,-1,0
1,1403715901.0840583,1403715901084058368,1403715901.0840583,1403715901.0840583,291,147,ready,1,1,1,1,0.19745695746436823,-0.27546995419278836,0.49524668744084366,-9.6595628414345693,-0.20403763788080753,1.7501513157075173,9.8189518418804873,30,27,145,2,34112670.101700976,none,1460,7.3000001907348633,0.0008399242007768431,0.0047976579495486614,disabled,disabled,0,0,0,0,-1,-1,0,0,0,0,0,0,72,72,1,0,0,0,none,147,1,0,0,0,0,0,0,0,0,0,-1,0
1,1403715901.134058,1403715901134057984,1403715901.134058,1403715901.134058,292,148,ready,1,1,1,1,0.19446848289617483,-0.28713346254249006,0.40488707753627406,-9.6801560992077995,-0.18184361126122131,1.6188997660011117,9.8162786052732294,30,24,146,2,32486531.381011356,none,1470,7.3499999046325684,0.00038237210049123455,0.0012256979224186497,disabled,disabled,0,0,0,0,-1,-1,0,0,0,0,0,0,47,66,1,0,0,0,none,148,1,0,0,0,0,0,0,0,0,0,-1,0
1,1403715901.1840582,1403715901184058112,1403715901.1840582,1403715901.1840582,293,149,ready,1,1,1,1,0.17882546481892861,-0.2972057328878957,0.30394345356232882,-9.6998136542639628,-0.18161957680337165,1.4938005498832054,9.8158448786110721,30,25,147,2,33372789.890395969,none,1480,7.4000000953674316,0.0012684508718686744,0.0046165666419314844,disabled,disabled,0,0,0,0,-1,-1,0,0,0,0,0,0,72,72,1,0,0,0,none,149,1,0,0,0,0,0,0,0,0,0,-1,0
1,1403715901.2340581,1403715901234058240,1403715901.2340581,1403715901.2340581,294,150,ready,1,1,1,1,0.18619094914430898,-0.30895363022173877,0.20090113103186791,-9.7124396013349372,-0.14736489985590118,1.4030502948721728,9.8143644497863232,30,26,148,2,32495558.302851729,none,1490,7.4500000476837158,0.00066203877609665579,0.0032964550326750586,disabled,disabled,0,0,0,0,-1,-1,0,0,0,0,0,0,72,72,1,0,0,0,none,150,1,0,0,0,0,0,0,0,0,0,-1,0
1,1403715901.2840581,1403715901284058112,1403715901.2840581,1403715901.2840581,295,151,ready,1,1,1,1,0.16989947239410086,-0.30768046237354363,0.088523675357285336,-9.717450602665771,-0.11173068983889196,1.3563975509253989,9.8122955661994631,30,26,149,2,33136828.074489109,none,1500,7.5,0.00035001406724983217,0.0030524300817844625,disabled,disabled,0,0,0,0,-1,-1,0,0,0,0,0,0,72,72,1,0,0,0,none,151,1,0,0,0,0,0,0,0,0,0,-1,0
1,1403715901.334058,1403715901334057984,1403715901.334058,1403715901.334058,296,152,ready,1,1,1,1,0.15770928296297962,-0.3216601317102652,-0.014572273521020748,-9.7104463375035657,-0.063727553899861691,1.3867888527841563,9.8091800165390417,29,26,150,2,34641002.532237209,none,1510,7.5499999523162842,0.00086475012804740196,0.0068818578851028043,disabled,disabled,0,0,0,0,-1,-1,0,0,0,0,0,0,72,72,1,0,0,0,none,152,1,0,0,0,0,0,0,0,0,0,-1,0
1,1403715901.3840582,1403715901384058112,1403715901.3840582,1403715901.3840582,297,153,ready,1,1,1,1,0.12087847731771759,-0.3311396113871562,-0.10895480033676204,-9.6954990405306294,-0.015349153913511807,1.4977113839766503,9.8105084797450459,30,29,151,2,33491190.987010241,none,1520,7.6000001430511475,0.00017639833389345171,0.0017478688031024676,disabled,disabled,0,0,0,0,-1,-1,0,0,0,0,0,0,72,72,1,0,0,0,none,153,1,0,0,0,0,0,0,0,0,0,-1,0
1,1403715901.4340582,1403715901434058240,1403715901.4340582,1403715901.4340582,298,154,ready,1,1,1,1,0.09410639780126813,-0.32962879016165281,-0.19986987589961899,-9.6596692795718067,0.05253869055969218,1.6937775538781945,9.8071837602203935,30,30,152,2,34549928.220740639,none,1530,7.6500000953674316,0.0016582265521591282,0.0075841173845357249,disabled,disabled,0,0,0,0,-1,-1,0,0,0,0,0,0,72,72,1,0,0,0,none,154,1,0,0,0,0,0,0,0,0,0,-1,0
1,1403715901.4840581,1403715901484058112,1403715901.4840581,1403715901.4840581,299,155,ready,1,1,1,1,0.084072816773795245,-0.32429616864922556,-0.28737622958950765,-9.6205246254355821,0.069002186126984083,1.9169767090888239,9.8098957728149063,30,30,153,2,36450870.550730325,none,1540,7.7000000476837158,0.00012342300765129819,0.0003277605406281453,disabled,disabled,0,0,0,0,-1,-1,0,0,0,0,0,0,12,30,1,0,0,0,none,155,1,0,0,0,0,0,0,0,0,0,-1,0
1,1403715901.5340581,1403715901534057984,1403715901.5340581,1403715901.5340581,300,156,ready,1,1,1,1,0.08184402100011294,-0.32678319808981815,-0.35601477101874063,-9.5826860053216851,0.074670879089507466,2.1027682384733364,9.8109673876485974,30,29,154,2,38336827.490804866,none,1550,7.75,0.00010503893802792421,0.0015317991978895909,disabled,disabled,0,0,0,0,-1,-1,0,0,0,0,0,0,61,72,1,0,0,0,none,156,1,0,0,0,0,0,0,0,0,0,-1,0
1,1403715901.5840583,1403715901584058368,1403715901.5840583,1403715901.5840583,301,157,ready,1,1,1,1,0.087367930858121778,-0.31938499533995296,-0.41121061328557595,-9.5584194175496453,0.049653029590090964,2.2132558186412252,9.8114396753935562,30,29,155,2,40191647.97584904,none,1560,7.8000001907348633,0.00024290547273891948,0.0027445997891640418,disabled,disabled,0,0,0,0,-1,-1,0,0,0,0,0,0,72,72,1,0,0,0,none,157,1,0,0,0,0,0,0,0,0,0,-1,0
1,1403715901.634058,1403715901634057984,1403715901.634058,1403715901.634058,302,158,ready,1,1,1,1,0.065619302074170521,-0.32429030991903623,-0.46169939653976538,-9.5494755980314974,-0.0045275841816957863,2.2639697426614429,9.8141766690896723,30,30,156,2,40416097.421388023,none,1570,7.8499999046325684,0.0018272775720495913,0.0088153571623642846,disabled,disabled,0,0,0,0,-1,-1,0,0,0,0,0,0,72,72,1,0,0,0,none,158,1,0,0,0,0,0,0,0,0,0,-1,0
1,1403715901.6840582,1403715901684058112,1403715901.6840582,1403715901.6840582,303,159,ready,1,1,1,1,0.04801221748982204,-0.32617327492783138,-0.51084082767198369,-9.5406254583332526,0.0045019354536796471,2.3047555324588869,9.8150625300106604,30,30,157,2,42261985.56068626,none,1580,7.9000000953674316,0.00020479157329936492,0.0017313336004287812,disabled,disabled,0,0,0,0,-1,-1,0,0,0,0,0,0,72,72,1,0,0,0,none,159,1,0,0,0,0,0,0,0,0,0,-1,0
1,1403715901.7340581,1403715901734058240,1403715901.7340581,1403715901.7340581,304,160,ready,1,1,1,1,0.0021095281549430361,-0.33113704818463063,-0.55284383943674997,-9.5183686296784735,-0.01635189693870753,2.3972533712050645,9.8156218590945521,30,29,158,2,44259134.98764614,none,1590,7.9500000476837158,0.00020528470555378084,0.0015249961561991199,disabled,disabled,0,0,0,0,-1,-1,0,0,0,0,0,0,36,72,1,0,0,0,none,160,1,0,0,0,0,0,0,0,0,0,55627.619003273554,1
1,1403715901.7840581,1403715901784058112,1403715901.7840581,1403715901.7840581,305,161,ready,1,1,1,1,-0.01458991173573536,-0.33605411438751193,-0.58402099147971021,-9.488345419239776,-0.020626044554974639,2.507950359063265,9.8142212748667923,30,28,159,2,46407463.02505523,none,1600,8,0.002352294327193645,0.0078759873698654136,disabled,disabled,0,0,0,0,-1,-1,0,0,0,0,0,0,72,72,1,0,0,0,none,161,1,0,0,0,0,0,0,0,0,0,-1,0
1,1403715901.834058,1403715901834057984,1403715901.834058,1403715901.834058,306,162,ready,1,1,1,1,-0.042960630191871678,-0.33819188415486867,-0.61371198905768931,-9.4597271838095658,-0.031778515929227834,2.6323964168795864,9.8192137751339743,30,29,160,2,47678659.667281836,none,1610,8.0499999523162842,9.083912202899699e-05,0.001250821469625521,disabled,disabled,0,0,0,0,-1,-1,0,0,0,0,0,0,72,72,1,0,0,0,none,162,1,0,0,0,0,0,0,0,0,0,-1,0
1,1403715901.8840582,1403715901884058112,1403715901.8840582,1403715901.8840582,307,163,ready,1,1,1,1,-0.05467310514763183,-0.33874015591380435,-0.63473001162095988,-9.4336164884734064,-0.063029047896834903,2.7293358258104807,9.8207111128740916,30,30,161,2,48793640.584359616,none,1620,8.1000001430511475,0.00078888335113675855,0.0036297716227380343,disabled,disabled,0,0,0,0,-1,-1,0,0,0,0,0,0,72,72,1,0,0,0,none,163,1,0,0,0,0,0,0,0,0,0,-1,0
1,1403715901.9340582,1403715901934058240,1403715901.9340582,1403715901.9340582,308,164,ready,1,1,1,1,-0.086601661195682883,-0.34147573167542794,-0.66112944897094295,-9.4157585396576113,-0.046734643177730975,2.7946997193184067,9.8218653791001724,30,30,162,2,50839360.02653037,none,1630,8.1500000953674316,0.001086984215617044,0.0021525837821942772,disabled,disabled,0,0,0,0,-1,-1,0,0,0,0,0,0,72,72,1,0,0,0,none,164,1,0,0,0,0,0,0,0,0,0,-1,0
1,1403715901.9840581,1403715901984058112,1403715901.9840581,1403715901.9840581,309,165,ready,1,1,1,1,-0.10028730396749443,-0.34716752146078511,-0.67363504121969564,-9.3993850629539892,-0.038433339679206507,2.8452522974270229,9.820660737409435,30,29,163,2,52971036.04945536,none,1640,8.2000000476837158,0.00075019219894540236,0.0024917919125057751,disabled,disabled,0,0,0,0,-1,-1,0,0,0,0,0,0,63,72,1,0,0,0,none,165,1,0,0,0,0,0,0,0,0,0,-1,0
1,1403715902.0340581,1403715902034057984,1403715902.0340581,1403715902.0340581,310,166,ready,1,1,1,1,-0.10536410329923063,-0.34531742540482518,-0.70635493869358934,-9.3963933655318623,-0.026584408777170658,2.8351914721517706,9.8148472068781256,30,28,164,2,55264777.444715798,none,1650,8.25,0.00039026019917075039,0.003961732785489505,disabled,disabled,0,0,0,0,-1,-1,0,0,0,0,0,0,72,72,1,0,0,0,none,166,1,0,0,0,0,0,0,0,0,0,-1,0
1,1403715902.0840583,1403715902084058368,1403715902.0840583,1403715902.0840583,311,167,ready,1,1,1,1,-0.11276071630511272,-0.34571017275666882,-0.72377989856647196,-9.4048380039976216,-0.037933364977538152,2.797793751506727,9.812240656322416,30,29,165,2,56867751.295283817,none,1660,8.3000001907348633,0.00093254021163678897,0.0029078178376530117,disabled,disabled,0,0,0,0,-1,-1,0,0,0,0,0,0,72,72,1,0,0,0,none,167,1,0,0,0,0,0,0,0,0,0,-1,0
1,1403715902.134058,1403715902134057984,1403715902.134058,1403715902.134058,312,168,ready,1,1,1,1,-0.12639916839209805,-0.36129849673263936,-0.73358853041120231,-9.4080572277734404,-0.10268425177905055,2.7887046685962189,9.8132032785056413,30,30,166,2,57116410.318700008,none,1670,8.3499999046325684,0.00020355833904814129,0.00074728161946045258,disabled,disabled,0,0,0,0,-1,-1,0,0,0,0,0,0,72,72,1,0,0,0,none,168,1,0,0,0,0,0,0,0,0,0,-1,0
1,1403715902.1840582,1403715902184058112,1403715902.1840582,1403715902.1840582,313,169,ready,1,1,1,1,-0.14024902628105138,-0.36459802587217355,-0.74739294078891383,-9.4113017897578519,-0.17302699666619498,2.7758720505499452,9.8136642168202908,30,30,167,2,59321438.27449581,none,1680,8.4000000953674316,0.00025263988048994493,0.0021926412677566566,disabled,disabled,0,0,0,0,-1,-1,0,0,0,0,0,0,72,72,1,0,0,0,none,169,1,0,0,0,0,0,0,0,0,0,-1,0
1,1403715902.2340581,1403715902234058240,1403715902.2340581,1403715902.2340581,314,170,ready,1,1,1,1,-0.1570872553529527,-0.37554690983698308,-0.7575910047526262,-9.3973757586504263,-0.27392636983978147,2.8106017690129743,9.8125016743612914,30,30,168,2,61461764.742148325,none,1690,8.4500000476837158,0.00029058303789255484,0.0015139840791572557,disabled,disabled,0,0,0,0,-1,-1,0,0,0,0,0,0,72,72,1,0,0,0,none,170,1,0,0,0,0,0,0,0,0,0,-1,0
1,1403715902.2840581,1403715902284058112,1403715902.2840581,1403715902.2840581,315,171,ready,1,1,1,1,-0.177053815648303,-0.3969502068325973,-0.77345799867556508,-9.3756314036538306,-0.33055832019488224,2.8765158388330927,9.8125468860682457,30,29,169,2,63716173.160752594,none,1700,8.5,0.0001716332299108994,0.0019733730326125039,disabled,disabled,0,0,0,0,-1,-1,0,0,0,0,0,0,72,72,1,0,0,0,none,171,1,0,0,0,0,0,0,0,0,0,-1,0
1,1403715902.334058,1403715902334057984,1403715902.334058,1403715902.334058,316,172,ready,1,1,1,1,-0.18873034843902592,-0.41599309210535479,-0.80743812585961527,-9.3461054789198954,-0.42005257107839233,2.9534489539732216,9.8106570885589299,30,28,170,2,66194665.907134026,none,1710,8.5499999523162842,0.00020437961600313975,0.0017185552769354376,disabled,disabled,0,0,0,0,-1,-1,0,0,0,0,0,0,66,72,1,0,0,0,none,172,1,0,0,0,0,0,0,0,0,0,-1,0
1,1403715902.3840582,1403715902384058112,1403715902.3840582,1403715902.3840582,317,173,ready,1,1,1,1,-0.19740275079307396,-0.43907735052989955,-0.81307163457928122,-9.3177722656539341,-0.45626388498049647,3.0332776693455288,9.8096804304053347,30,27,171,2,67167130.814600229,none,1720,8.6000001430511475,0.0018504240229754551,0.0035326025834417937,disabled,disabled,0,0,0,0,-1,-1,0,0,0,0,0,0,72,72,1,0,0,0,none,173,1,0,0,0,0,0,0,0,0,0,-1,0
1,1403715902.4340582,1403715902434058240,1403715902.4340582,1403715902.4340582,318,174,ready,1,1,1,1,-0.20046107559335014,-0.47579665460796289,-0.83757299330389223,-9.2977730706196091,-0.48178112627444342,3.082267719849404,9.8071948804537943,30,29,172,2,66890786.77986899,none,1730,8.6500000953674316,0.00055099912474261862,0.0043143913709135966,disabled,disabled,0,0,0,0,-1,-1,0,0,0,0,0,0,72,72,1,0,0,0,none,174,1,0,0,0,0,0,0,0,0,0,-1,0
1,1403715902.4840581,1403715902484058112,1403715902.4840581,1403715902.4840581,319,175,ready,1,1,1,1,-0.21005272463094737,-0.5025429781046995,-0.83940253741853321,-9.2772868353740705,-0.40048980695426201,3.1620198311002663,9.8095266207677252,30,27,173,2,69749293.945827916,none,1740,8.7000000476837158,0.00035800006123101806,0.0018897984112454778,disabled,disabled,0,0,0,0,-1,-1,0,0,0,0,0,0,72,72,1,0,0,0,none,175,1,0,0,0,0,0,0,0,0,0,-1,0
1,1403715902.5340581,1403715902534057984,1403715902.5340581,1403715902.5340581,320,176,ready,1,1,1,1,-0.22009177678172356,-0.52765834658429944,-0.84000554788961779,-9.250718384747989,-0.27404769077301988,3.240741229509144,9.8057787292684164,30,29,174,2,69985396.95873332,none,1750,8.75,0.00041005478133503115,0.0013216297250101495,disabled,disabled,0,0,0,0,-1,-1,0,0,0,0,0,0,72,72,1,0,0,0,none,176,1,0,0,0,0,0,0,0,0,0,-1,0
1,1403715902.5840583,1403715902584058368,1403715902.5840583,1403715902.5840583,321,177,ready,1,1,1,1,-0.23365451109690416,-0.56000360294471641,-0.84091069987870848,-9.2206166292176004,-0.16829640922488007,3.324452892702765,9.8030649156354119,30,29,175,2,72157525.425037071,none,1760,8.8000001907348633,0.00071161383584920272,0.0045068519261809116,disabled,disabled,0,0,0,0,-1,-1,0,0,0,0,0,0,72,72,1,0,0,0,none,177,1,0,0,0,0,0,0,0,0,0,-1,0
1,1403715902.634058,1403715902634057984,1403715902.634058,1403715902.634058,322,178,ready,1,1,1,1,-0.22469622408212178,-0.58201872514129693,-0.83931131043037954,-9.1983721570860535,-0.079319810410763428,3.3901018388017321,9.8035265313062947,30,29,176,2,74683612.632040232,none,1770,8.8499999046325684,0.0014172817093099372,0.0040662218561210561,disabled,disabled,0,0,0,0,-1,-1,0,0,0,0,0,0,72,72,1,0,0,0,none,178,1,0,0,0,0,0,0,0,0,0,-1,0
1,1403715902.6840582,1403715902684058112,1403715902.6840582,1403715902.6840582,323,179,ready,1,1,1,1,-0.27013618426974162,-0.59850128665394953,-0.81955252530134459,-9.1711435520754954,0.0075929981033591096,3.4644976127375746,9.8037072281387765,30,30,177,2,74892656.99798362,none,1780,8.9000000953674316,0.00028597638947980742,0.0026850480167479327,disabled,disabled,0,0,0,0,-1,-1,0,0,0,0,0,0,72,72,1,0,0,0,none,179,1,0,0,0,0,0,0,0,0,0,-1,0
1,1403715902.7340581,1403715902734058240,1403715902.7340581,1403715902.7340581,324,180,ready,1,1,1,1,-0.31560927644258774,-0.61479688770019136,-0.78975862377485151,-9.128315497423749,0.055579940434059665,3.5693514162238538,9.8015051131336186,30,30,178,2,77222008.571083456,none,1790,8.9500000476837158,0.001488823271965201,0.0039643370395454815,disabled,disabled,0,0,0,0,-1,-1,0,0,0,0,0,0,72,72,1,0,0,0,none,180,1,0,0,0,0,0,0,0,0,0,38796.360211900559,1
1,1403715902.7840581,1403715902784058112,1403715902.7840581,1403715902.7840581,325,181,ready,1,1,1,1,-0.35520582562207376,-0.61810521785880046,-0.72076255181183801,-9.0871795178603136,0.078253088530674461,3.6688489531085589,9.8001738646010939,30,29,179,2,79692774.621882588,none,1800,9,0.00018735227952407964,0.0012600221192583393,disabled,disabled,0,0,0,0,-1,-1,0,0,0,0,0,0,72,72,1,0,0,0,none,181,1,0,0,0,0,0,0,0,0,0,-1,0
1,1403715902.834058,1403715902834057984,1403715902.834058,1403715902.834058,326,182,ready,1,1,1,1,-0.40289672581184105,-0.63349673096461045,-0.64910675104449689,-9.0523997334487536,0.11568477412632355,3.7587548234008499,9.8024263181901485,30,28,180,2,82303760.852662146,none,1810,9.0499999523162842,0.00039346752008494185,0.0017537530327042682,disabled,disabled,0,0,0,0,-1,-1,0,0,0,0,0,0,72,72,1,0,0,0,none,182,1,0,0,0,0,0,0,0,0,0,-1,0
1,1403715902.8840582,1403715902884058112,1403715902.8840582,1403715902.8840582,327,183,ready,1,1,1,1,-0.43276909189513502,-0.64446536565267565,-0.57921000752271401,-9.0145087998179108,0.11530381501931691,3.8538193574899489,9.8044167349168099,30,28,181,2,84175351.905122325,none,1820,9.1000001430511475,0.00083052578633181654,0.0034088354568172375,disabled,disabled,0,0,0,0,-1,-1,0,0,0,0,0,0,72,72,1,0,0,0,none,183,1,0,0,0,0,0,0,0,0,0,-1,0
1,1403715902.9340582,1403715902934058240,1403715902.9340582,1403715902.9340582,328,184,ready,1,1,1,1,-0.43326603020586685,-0.63972369362458725,-0.52343256052452292,-8.9909728865138412,0.11086992428986282,3.9116133379278604,9.8056414625252444,30,28,182,2,86109409.473389447,none,1830,9.1500000953674316,0.00048922112525769861,0.0025484909088118587,disabled,disabled,0,0,0,0,-1,-1,0,0,0,0,0,0,36,36,1,0,0,0,none,184,1,0,0,0,0,0,0,0,0,0,-1,0
1,1403715902.9840581,1403715902984058112,1403715902.9840581,1403715902.9840581,329,185,ready,1,1,1,1,-0.39941814092132055,-0.65360145231939482,-0.46964329623379353,-8.9801799422096042,0.030370702746078566,3.9402386540220151,9.8066321856536565,30,30,183,2,82842852.265993655,none,1840,9.2000000476837158,0.0004257458947120211,0.0015361811706913165,disabled,disabled,0,0,0,0,-1,-1,0,0,0,0,0,0,72,72,1,0,0,0,none,185,1,0,0,0,0,0,0,0,0,0,-1,0
1,1403715903.0340581,1403715903034057984,1403715903.0340581,1403715903.0340581,330,186,ready,1,1,1,1,-0.36102548091079539,-0.65827394711353981,-0.42798259023899932,-8.9872008245678323,0.0070109332196205444,3.9281627342512282,9.8081746661169031,30,29,184,2,85175946.207268342,none,1850,9.25,0.00018198063564085423,0.0013423070031551619,disabled,disabled,0,0,0,0,-1,-1,0,0,0,0,0,0,72,72,1,0,0,0,none,186,1,0,0,0,0,0,0,0,0,0,-1,0
1,1403715903.0840583,1403715903084058368,1403715903.0840583,1403715903.0840583,331,187,ready,1,1,1,1,-0.33252926879292327,-0.66660526710638979,-0.37382086038373913,-8.9917233376242152,-0.076501601481846385,3.92048269227972,9.8095425793392668,30,28,185,2,87149269.480890334,none,1860,9.3000001907348633,0.00038357458301571608,0.0029364592896753451,disabled,disabled,0,0,0,0,-1,-1,0,0,0,0,0,0,72,72,1,0,0,0,none,187,1,0,0,0,0,0,0,0,0,0,-1,0
1,1403715903.134058,1403715903134057984,1403715903.134058,1403715903.134058,332,188,ready,1,1,1,1,-0.28638536760292665,-0.68522398213536073,-0.32895279436507985,-8.999678338311643,-0.16172021111701318,3.9024045526849762,9.8106638364881285,30,28,186,2,87198927.671170548,none,1870,9.3499999046325684,0.00014696873341453872,0.001140776525298422,disabled,disabled,0,0,0,0,-1,-1,0,0,0,0,0,0,72,72,1,0,0,0,none,188,1,0,0,0,0,0,0,0,0,0,-1,0
1,1403715903.1840582,1403715903184058112,1403715903.1840582,1403715903.1840582,333,189,ready,1,1,1,1,-0.24664457027355047,-0.69399933530456293,-0.2950141726887775,-9.0046375831717267,-0.26263155234074814,3.8842984036594759,9.8102113853486976,30,25,187,2,87761080.572757408,none,1880,9.4000000953674316,0.0018065517666959209,0.0080012679648289228,disabled,disabled,0,0,0,0,-1,-1,0,0,0,0,0,0,72,72,1,0,0,0,none,189,1,0,0,0,0,0,0,0,0,0,-1,0
1,1403715903.2340581,1403715903234058240,1403715903.2340581,1403715903.2340581,334,190,ready,1,1,1,1,-0.2248668119492456,-0.71000839485197231,-0.24590992854938387,-8.9977319562977023,-0.27130964763516963,3.8977991115945794,9.8094662034500271,30,24,188,2,87083542.686330184,none,1890,9.4500000476837158,0.00026112448354874727,0.002037780182935402,disabled,disabled,0,0,0,0,-1,-1,0,0,0,0,0,0,72,72,1,0,0,0,none,190,1,0,0,0,0,0,0,0,0,0,-1,0
1,1403715903.2840581,1403715903284058112,1403715903.2840581,1403715903.2840581,335,191,ready,1,1,1,1,-0.21418794251111734,-0.71020162115272123,-0.19612629047790608,-8.9658141272699527,-0.24104138142325679,3.967710214549188,9.8074792000263677,30,28,189,2,76051107.121451169,none,1900,9.5,0.0012526756457005299,0.013986877003246577,disabled,disabled,0,0,0,0,-1,-1,0,0,0,0,0,0,72,72,1,0,0,0,none,191,1,0,0,0,0,0,0,0,0,0,-1,0
1,1403715903.334058,1403715903334057984,1403715903.334058,1403715903.334058,336,192,ready,1,1,1,1,-0.18968818645578089,-0.7176245204426227,-0.14088146914205199,-8.9366096488447315,-0.19492149263999284,4.0403992025057009,9.8094756291927485,30,29,190,2,76259145.192380279,none,1910,9.5499999523162842,0.00055088714855611013,0.0040469641132881264,disabled,disabled,0,0,0,0,-1,-1,0,0,0,0,0,0,72,72,1,0,0,0,none,192,1,0,0,0,0,0,0,0,0,0,-1,0
1,1403715903.3840582,1403715903384058112,1403715903.3840582,1403715903.3840582,337,193,ready,1,1,1,1,-0.13651711055163915,-0.72905162805003443,-0.10236265876544492,-8.8980456907799041,-0.13280756818922013,4.1366648783334314,9.8135035171447562,30,29,191,2,77455722.258007422,none,1920,9.6000001430511475,0.00051469227925289541,0.0031933819793021406,disabled,disabled,0,0,0,0,-1,-1,0,0,0,0,0,0,72,72,1,0,0,0,none,193,1,0,0,0,0,0,0,0,0,0,-1,0
1,1403715903.4340582,1403715903434058240,1403715903.4340582,1403715903.4340582,338,194,ready,1,1,1,1,-0.057958055683042617,-0.73325124742447434,-0.056224758299083813,-8.8695177204185178,-0.063892364268156754,4.2065956764788615,9.8167140129679105,30,30,192,2,77653037.911937669,none,1930,9.6500000953674316,0.00031893406907575639,0.0029682565731730731,disabled,disabled,0,0,0,0,-1,-1,0,0,0,0,0,0,72,72,1,0,0,0,none,194,1,0,0,0,0,0,0,0,0,0,-1,0
1,1403715903.4840581,1403715903484058112,1403715903.4840581,1403715903.4840581,339,195,ready,1,1,1,1,0.025745798174455013,-0.74210034287074889,-0.02581783736281789,-8.8467483211621349,-0.021434107883149828,4.2546144862662993,9.8166776307319399,30,28,193,2,78910044.836412579,none,1940,9.7000000476837158,0.0015417437962542747,0.0053148903994100372,disabled,disabled,0,0,0,0,-1,-1,0,0,0,0,0,0,72,72,1,0,0,0,none,195,1,0,0,0,0,0,0,0,0,0,-1,0
1,1403715903.5340581,1403715903534057984,1403715903.5340581,1403715903.5340581,340,196,ready,1,1,1,1,0.11699366545613815,-0.73752216950464899,0.013560455653547175,-8.835578362207654,0.030760846546612011,4.2785787424904287,9.8170579747744853,30,27,194,2,80381814.178659871,none,1950,9.75,0.0027303165238675279,0.015335574956488872,disabled,disabled,0,0,0,0,-1,-1,0,0,0,0,0,0,72,72,1,0,0,0,none,196,1,0,0,0,0,0,0,0,0,0,-1,0
1,1403715903.5840583,1403715903584058368,1403715903.5840583,1403715903.5840583,341,197,ready,1,1,1,1,0.2065210619584972,-0.72391846569679796,0.045728231101701156,-8.8418718102054576,0.056016559269090792,4.2628878957823,9.816009788861539,30,28,195,2,75036501.246562913,none,1960,9.8000001907348633,0.00050549114612615605,0.0017876228188509697,disabled,disabled,0,0,0,0,-1,-1,0,0,0,0,0,0,72,72,1,0,0,0,none,197,1,0,0,0,0,0,0,0,0,0,-1,0
1,1403715903.634058,1403715903634057984,1403715903.634058,1403715903.634058,342,198,ready,1,1,1,1,0.31289654383819054,-0.72098710842588964,0.083692168629627389,-8.8382659116675466,0.081845673189620577,4.2684427828904576,9.8153577026196075,30,25,196,2,74179596.92213878,none,1970,9.8499999046325684,0.00044970612005803781,0.0015409556240667543,disabled,disabled,0,0,0,0,-1,-1,0,0,0,0,0,0,72,72,1,0,0,0,none,198,1,0,0,0,0,0,0,0,0,0,-1,0
1,1403715903.6840582,1403715903684058112,1403715903.6840582,1403715903.6840582,343,199,ready,1,1,1,1,0.41063544006330488,-0.71085659455721339,0.1165659972745202,-8.8558166307235879,0.094908343487515021,4.2268418576927367,9.8132913887547133,30,27,197,2,69106068.245767862,none,1980,9.9000000953674316,0.000603302003247345,0.0052810537405264821,disabled,disabled,0,0,0,0,-1,-1,0,0,0,0,0,0,72,72,1,0,0,0,none,199,1,0,0,0,0,0,0,0,0,0,-1,0
1,1403715903.7340581,1403715903734058240,1403715903.7340581,1403715903.7340581,344,200,ready,1,1,1,1,0.50145122366006178,-0.69909182920494428,0.15090041994359851,-8.8872167578463444,0.088348035304272765,4.1499852187704374,9.8088125882952895,30,25,198,2,59139056.095415428,none,1990,9.9500000476837158,0.00053229261738224241,0.0019899856278792257,disabled,disabled,0,0,0,0,-1,-1,0,0,0,0,0,0,60,60,1,0,0,0,none,200,1,0,0,0,0,0,0,0,0,0,0.99999499991570273,1
1,1403715903.7840581,1403715903784058112,1403715903.7840581,1403715903.7840581,345,201,ready,1,1,1,1,0.59196196607528961,-0.69346096792610468,0.19017873548479805,-8.9359359495548603,0.18671064406501994,4.0267053884168815,9.8030693379298111,30,23,199,2,61432601.162417434,none,2000,10,0.00060576109327880104,0.0021367966847482601,disabled,disabled,0,0,0,0,-1,-1,0,0,0,0,0,0,67,72,1,0,0,0,none,201,1,0,0,0,0,0,0,0,0,0,-1,0
1,1403715903.834058,1403715903834057984,1403715903.834058,1403715903.834058,346,202,pool_not_mature,1,1,1,1,0.67027731298063242,-0.67060030785580949,0.23946679624176001,-8.9788407856177699,0.25335263772553901,3.918911082461046,9.8000833407043864,28,18,200,2,46590068.812927268,none,2010,10.049999952316284,0.0012646629476102324,0.0091705426463922421,disabled,disabled,0,0,0,0,-1,-1,0,0,0,0,0,0,72,72,1,0,0,0,none,202,1,0,0,0,0,0,0,0,0,0,-1,0
1,1403715903.8840582,1403715903884058112,1403715903.8840582,1403715903.8840582,347,203,pool_not_mature,1,1,1,1,0.7306719368918817,-0.64994767371990014,0.27933887444405758,-9.030273450087714,0.33501108850263273,3.7811010088762895,9.7956518850000016,28,18,201,2,47373792.611853391,none,2020,10.100000143051147,0.00025998136372915314,0.0013317219250082951,disabled,disabled,0,0,0,0,-1,-1,0,0,0,0,0,0,60,60,1,0,0,0,none,203,1,0,0,0,0,0,0,0,0,0,-1,0
1,1403715903.9340582,1403715903934058240,1403715903.9340582,1403715903.9340582,348,204,confirming_observer_health,1,1,1,1,0.75264640936771499,-0.61682552467100016,0.34194212974699084,-9.0774892518393067,0.36514184684942252,3.6565522537073383,9.7930850128889908,22,17,202,2,29047821.583344843,none,2030,10.150000095367432,0.0013282730526983579,0.0063199997380063676,disabled,disabled,0,0,0,0,-1,-1,0,0,0,0,0,0,72,72,1,0,0,0,none,204,1,0,0,0,0,0,0,0,0,0,-1,0
1,1403715903.9840581,1403715903984058112,1403715903.9840581,1403715903.9840581,349,205,thin_observations_state_preserved_not_ready,1,0,0,0,0.75840762452038035,-0.5826106105771971,0.37556974140400418,-9.1263010317094242,0.36192528507449412,3.5317193203279311,9.7925176431260184,20,8,0,2,25209464.817776602,none,2040,10.200000047683716,0.00092491883344765166,0.0032145394800613182,disabled,disabled,0,0,0,0,-1,-1,0,0,0,0,0,0,72,72,1,0,0,0,none,205,1,0,0,0,0,0,0,0,0,0,-1,0
1,1403715904.0340581,1403715904034057984,1403715904.0340581,1403715904.0340581,350,206,thin_observations_state_preserved_not_ready,1,0,0,0,0.75614038474564893,-0.53764467318307918,0.40786943010265592,-9.1657637068424958,0.40630814642004209,3.4222930473765971,9.7922622688345413,17,7,0,2,26617800.872911021,none,2050,10.25,0.0013429470041677479,0.0054586571976900002,disabled,disabled,0,0,0,0,-1,-1,0,0,0,0,0,0,72,72,1,0,0,0,none,206,1,0,0,0,0,0,0,0,0,0,-1,0
1,1403715904.0840583,1403715904084058368,1403715904.0840583,1403715904.0840583,351,207,thin_observations_state_preserved_not_ready,1,0,0,0,0.7315751153445077,-0.49273366138772678,0.42976444377351353,-9.1913172485866994,0.44062136075598701,3.3463450733045668,9.7914496014304024,10,9,0,2,13000163.603579819,none,2060,10.300000190734863,0.00074647545514519315,0.0029938071535048415,disabled,disabled,0,0,0,0,-1,-1,0,0,0,0,0,0,72,72,1,0,0,0,none,207,1,0,0,0,0,0,0,0,0,0,-1,0
1,1403715904.134058,1403715904134057984,1403715904.134058,1403715904.134058,352,208,thin_observations_state_preserved_not_ready,1,0,0,0,0.74116081450002735,-0.43590821964658416,0.4445432562023342,-9.2118600701887559,0.46677787368861823,3.2819680862302651,9.7901768142938668,10,10,0,2,13060797.284791043,none,2070,10.349999904632568,0.00095774919745164773,0.0039802486812979369,disabled,disabled,0,0,0,0,-1,-1,0,0,0,0,0,0,72,72,1,0,0,0,none,208,1,0,0,0,0,0,0,0,0,0,-1,0
1,1403715904.1840582,1403715904184058112,1403715904.1840582,1403715904.1840582,353,209,thin_observations_state_preserved_not_ready,1,0,0,0,0.71257322785425614,-0.37472059957786491,0.44297511401612788,-9.2216134352366783,0.41647483274480229,3.2534877375513167,9.7875833633049698,13,13,0,2,14101842.714520469,none,2080,10.400000095367432,0.00019279396889847322,0.0011174889480241308,disabled,disabled,0,0,0,0,-1,-1,0,0,0,0,0,0,27,60,1,0,0,0,none,209,1,0,0,0,0,0,0,0,0,0,-1,0
1,1403715904.2340581,1403715904234058240,1403715904.2340581,1403715904.2340581,354,210,pool_not_mature,1,0,0,0,0.72110358133244312,-0.32974077632223975,0.43986499358858971,-9.2231555484132652,0.36586342695415697,3.2393363576956671,9.7823184550339626,16,16,1,2,15396118.113602808,none,2090,10.450000047683716,0.0026515722423603597,0.013692697652280645,disabled,disabled,0,0,0,0,-1,-1,0,0,0,0,0,0,72,72,1,0,0,0,none,210,1,0,0,0,0,0,0,0,0,0,-1,0
1,1403715904.2840581,1403715904284058112,1403715904.2840581,1403715904.2840581,355,211,pool_not_mature,1,0,0,0,0.71038368094792725,-0.26956402955399256,0.44955831807708657,-9.2320802613109443,0.2266636749342944,3.2175899805867947,9.7793439276872967,16,15,2,2,17033968.435173873,none,2100,10.5,0.00097963614647204205,0.0048374356262748585,disabled,disabled,0,0,0,0,-1,-1,0,0,0,0,0,0,72,72,1,0,0,0,none,211,1,0,0,0,0,0,0,0,0,0,-1,0
1,1403715904.334058,1403715904334057984,1403715904.334058,1403715904.334058,356,212,pool_not_mature,1,0,0,0,0.70329310972308434,-0.22779571265275023,0.46180438206822122,-9.2510499888736675,0.092773654994872667,3.1597182073071801,9.7762135818162808,17,16,3,2,18503946.655939631,none,2110,10.549999952316284,0.0015775547029792405,0.01080785245967858,disabled,disabled,0,0,0,0,-1,-1,0,0,0,0,0,0,72,72,1,0,0,0,none,212,1,0,0,0,0,0,0,0,0,0,-1,0
1,1403715904.3840582,1403715904384058112,1403715904.3840582,1403715904.3840582,357,213,pool_not_mature,1,0,0,0,0.64117579233924893,-0.19694187978980798,0.48018670875585751,-9.2649398010020274,-0.047231686823813956,3.1056944755850839,9.7717285330749668,23,22,4,2,18237488.141536396,none,2120,10.600000143051147,0.00066520919596565965,0.0024031955910906676,disabled,disabled,0,0,0,0,-1,-1,0,0,0,0,0,0,48,48,1,0,0,0,none,213,1,0,0,0,0,0,0,0,0,0,-1,0
1,1403715904.4340582,1403715904434058240,1403715904.4340582,1403715904.4340582,358,214,confirming_observer_health,1,0,0,0,0.5929241711408294,-0.16937236164325997,0.49481914385578651,-9.2826456453187429,-0.10908229428475065,3.048068926576101,9.7708819102801687,29,28,5,2,20551033.861342721,none,2130,10.650000095367432,0.00020471434034783983,0.001776997224556195,disabled,disabled,0,0,0,0,-1,-1,0,0,0,0,0,0,61,66,1,0,0,0,none,214,1,0,0,0,0,0,0,0,0,0,-1,0
1,1403715904.4840581,1403715904484058112,1403715904.4840581,1403715904.4840581,359,215,confirming_observer_health,1,0,0,0,0.52348630899701865,-0.14471247545609581,0.50563260185850223,-9.2976099168760733,-0.1937973021250364,3.0060269840045639,9.7733978630395892,28,27,6,2,22435917.275914572,none,2140,10.700000047683716,0.0013962654030842598,0.0092881808715301033,disabled,disabled,0,0,0,0,-1,-1,0,0,0,0,0,0,72,72,1,0,0,0,none,215,1,0,0,0,0,0,0,0,0,0,-1,0
1,1403715904.5340581,1403715904534057984,1403715904.5340581,1403715904.5340581,360,216,confirming_observer_health,1,0,0,0,0.46349973356067342,-0.12366929754160066,0.5145143364822129,-9.3122801396539572,-0.3328947726548801,2.9623760904576546,9.7777836154401392,28,27,7,2,24434332.082802352,none,2150,10.75,0.0010157079264291407,0.0038856311959155091,disabled,disabled,0,0,0,0,-1,-1,0,0,0,0,0,0,48,72,1,0,0,0,none,216,1,0,0,0,0,0,0,0,0,0,-1,0
1,1403715904.5840583,1403715904584058368,1403715904.5840583,1403715904.5840583,361,217,confirming_observer_health,1,0,0,0,0.3864826727227671,-0.12207120943104123,0.52193108692410506,-9.323461947083219,-0.4696219365706169,2.9074539419740084,9.777564925211049,29,24,8,2,26542636.972459842,none,2160,10.800000190734863,0.003906537218754798,0.017122126481551168,disabled,disabled,0,0,0,0,-1,-1,0,0,0,0,0,0,72,72,1,0,0,0,none,217,1,0,0,0,0,0,0,0,0,0,-1,0
1,1403715904.634058,1403715904634057984,1403715904.634058,1403715904.634058,362,218,confirming_observer_health,1,0,0,0,0.32547609369342506,-0.12526254490154207,0.523637211700128,-9.3311568871782686,-0.59179725442840547,2.8562685733401088,9.7764504298100832,30,24,9,2,29345036.258140009,none,2170,10.849999904632568,0.00043563911174944253,0.0041158989749747301,disabled,disabled,0,0,0,0,-1,-1,0,0,0,0,0,0,72,72,1,0,0,0,none,218,1,0,0,0,0,0,0,0,0,0,-1,0
1,1403715904.6840582,1403715904684058112,1403715904.6840582,1403715904.6840582,363,219,confirming_observer_health,1,0,0,0,0.25576962611106863,-0.14227727338299478,0.51953625078249688,-9.3415462126224487,-0.66357043489414391,2.7947415698379361,9.7731976244628669,25,24,10,2,26423758.965455208,none,2180,10.900000095367432,0.00036081313357531268,0.002102981170490566,disabled,disabled,0,0,0,0,-1,-1,0,0,0,0,0,0,57,60,1,0,0,0,none,219,1,0,0,0,0,0,0,0,0,0,-1,0
1,1403715904.7340581,1403715904734058240,1403715904.7340581,1403715904.7340581,364,220,confirming_observer_health,1,0,0,0,0.18719567610151353,-0.16306756865330491,0.51233440424377308,-9.3507807865163226,-0.6183265050266693,2.7644070267900465,9.7704337259953569,28,26,11,2,26039859.873800781,none,2190,10.950000047683716,0.0012987879219382085,0.011143418508621331,disabled,disabled,0,0,0,0,-1,-1,0,0,0,0,0,0,72,72,1,0,0,0,none,220,1,0,0,0,0,0,0,0,0,0,0.9999949999769695,1
1,1403715904.7840581,1403715904784058112,1403715904.7840581,1403715904.7840581,365,221,confirming_observer_health,1,0,0,0,0.13170031023980344,-0.17544887132582862,0.52006102377593721,-9.3562235315695972,-0.48851944203678455,2.7681379933135442,9.7693478783371486,28,24,12,2,28585139.361479893,none,2200,11,0.00024344342074899538,0.0012584904643964598,disabled,disabled,0,0,0,0,-1,-1,0,0,0,0,0,0,63,72,1,0,0,0,none,221,1,0,0,0,0,0,0,0,0,0,-1,0
1,1403715904.834058,1403715904834057984,1403715904.834058,1403715904.834058,366,222,confirming_observer_health,1,0,0,0,0.075040078104260249,-0.18069066167355388,0.51606116207247199,-9.3558884950030983,-0.36270275620275672,2.7907122738438872,9.7699681583755087,28,26,13,2,28250334.774244342,none,2210,11.049999952316284,0.002386277248491395,0.016912303431069,disabled,disabled,0,0,0,0,-1,-1,0,0,0,0,0,0,72,72,1,0,0,0,none,222,1,0,0,0,0,0,0,0,0,0,-1,0
1,1403715904.8840582,1403715904884058112,1403715904.8840582,1403715904.8840582,367,223,confirming_observer_health,1,0,0,0,0.0023891834119805474,-0.17001665471619098,0.53028510695877451,-9.3672745267349651,-0.2551901223832313,2.7751280073063072,9.7730389088919321,29,25,14,2,28610784.081161477,none,2220,11.100000143051147,0.0015931270831580702,0.013030361037389467,disabled,disabled,0,0,0,0,-1,-1,0,0,0,0,0,0,72,72,1,0,0,0,none,223,1,0,0,0,0,0,0,0,0,0,-1,0
1,1403715904.9340582,1403715904934058240,1403715904.9340582,1403715904.9340582,368,224,confirming_observer_health,1,0,0,0,-0.065573048622143609,-0.17051244868001858,0.52430084872813632,-9.3825238422639607,-0.18213950394331563,2.728149712719846,9.7728056004691801,27,22,15,2,30301599.209123053,none,2230,11.150000095367432,0.0020266872480478545,0.0065345502895766683,disabled,disabled,0,0,0,0,-1,-1,0,0,0,0,0,0,72,72,1,0,0,0,none,224,1,0,0,0,0,0,0,0,0,0,-1,0
1,1403715904.9840581,1403715904984058112,1403715904.9840581,1403715904.9840581,369,225,confirming_observer_health,1,0,0,0,-0.1226484478891532,-0.15754260338262413,0.51371792035805364,-9.4011328223578197,-0.12147358718870245,2.6707114551082372,9.7738812071993362,25,21,16,2,30313837.920939408,none,2240,11.200000047683716,2.1361003182320504e-05,0.00011409244647157795,disabled,disabled,0,0,0,0,-1,-1,0,0,0,0,0,0,27,30,1,0,0,0,none,225,1,0,0,0,0,0,0,0,0,0,-1,0
1,1403715905.0340581,1403715905034057984,1403715905.0340581,1403715905.0340581,370,226,confirming_observer_health,1,0,0,0,-0.17396909066127245,-0.14548144934774881,0.49456365287784726,-9.4263729227642941,-0.11798926495579756,2.5788173749363308,9.7734705708331759,26,21,17,2,28650481.761013471,none,2250,11.25,0.00056839466017042501,0.0040511698409000686,disabled,disabled,0,0,0,0,-1,-1,0,0,0,0,0,0,72,72,1,0,0,0,none,226,1,0,0,0,0,0,0,0,0,0,-1,0
1,1403715905.0840583,1403715905084058368,1403715905.0840583,1403715905.0840583,371,227,confirming_observer_health,1,0,0,0,-0.24693648743141966,-0.13705231832637069,0.48092468723423787,-9.4518592311418814,-0.13506423951060592,2.4754366417135141,9.7715746858556241,30,24,18,2,29802750.129120193,none,2260,11.300000190734863,0.00051342743491206025,0.0041314901821614012,disabled,disabled,0,0,0,0,-1,-1,0,0,0,0,0,0,72,72,1,0,0,0,none,227,1,0,0,0,0,0,0,0,0,0,-1,0
1,1403715905.134058,1403715905134057984,1403715905.134058,1403715905.134058,372,228,pool_not_mature,1,0,0,0,-0.31862305972999233,-0.12398545575232978,0.44246243734546048,-9.4823887213731073,-0.15454847515010278,2.3471879081917688,9.7697938653155205,30,27,19,2,24890912.562607232,none,2270,11.349999904632568,5.399919997931619e-05,0.00064387468118727554,disabled,disabled,0,0,0,0,-1,-1,0,0,0,0,0,0,45,72,1,0,0,0,none,228,1,0,0,0,0,0,0,0,0,0,-1,0
1,1403715905.1840582,1403715905184058112,1403715905.1840582,1403715905.1840582,373,229,pool_not_mature,1,1,1,1,-0.34250553082347046,-0.10116999715830975,0.41005616988919952,-9.5139578680241979,-0.22866392895251683,2.2303092191666809,9.774556804277287,30,25,20,2,23520037.891102247,none,2280,11.400000095367432,0.00076060386556739922,0.0063750517681841323,disabled,disabled,0,0,0,0,-1,-1,0,0,0,0,0,0,72,72,1,0,0,0,none,229,1,0,0,0,0,0,0,0,0,0,-1,0
1,1403715905.2340581,1403715905234058240,1403715905.2340581,1403715905.2340581,374,230,confirming_observer_health,1,1,1,1,-0.36462461876825075,-0.12000539674061904,0.33970357104046173,-9.5269563140203601,-0.31778122452634278,2.1539891190244762,9.7725918077442344,30,26,21,2,24389476.05226019,none,2290,11.450000047683716,0.00015343644681879695,0.0016767950628653427,disabled,disabled,0,0,0,0,-1,-1,0,0,0,0,0,0,26,72,1,0,0,0,none,230,1,0,0,0,0,0,0,0,0,0,-1,0
1,1403715905.2840581,1403715905284058112,1403715905.2840581,1403715905.2840581,375,231,confirming_observer_health,1,1,1,1,-0.39946026399177997,-0.13929529442832547,0.27677382446499416,-9.5077692120667407,-0.433259022977382,2.2198232152546198,9.7730754564721778,30,29,22,2,22300866.164124988,none,2300,11.5,0.0015102682388356773,0.012338270417199081,disabled,disabled,0,0,0,0,-1,-1,0,0,0,0,0,0,39,72,1,0,0,0,none,231,1,0,0,0,0,0,0,0,0,0,-1,0
1,1403715905.334058,1403715905334057984,1403715905.334058,1403715905.334058,376,232,confirming_observer_health,1,1,1,1,-0.40604240201659864,-0.15983155709604052,0.22028992782698104,-9.4754744653352514,-0.5033257516532964,2.352214554714906,9.7760353143240213,30,29,23,2,24023923.708064012,none,2310,11.549999952316284,0.00027517087074914237,0.0043902993956423881,disabled,disabled,0,0,0,0,-1,-1,0,0,0,0,0,0,72,72,1,0,0,0,none,232,1,0,0,0,0,0,0,0,0,0,-1,0
1,1403715905.3840582,1403715905384058112,1403715905.3840582,1403715905.3840582,377,233,confirming_observer_health,1,1,1,1,-0.37953570938550385,-0.18776491812114765,0.17169578995971396,-9.4354567976042247,-0.57523836057301769,2.500765620436451,9.7781681740133415,30,29,24,2,25947915.687520005,none,2320,11.600000143051147,0.0015279119377012203,0.015535884328112161,disabled,disabled,0,0,0,0,-1,-1,0,0,0,0,0,0,72,72,1,0,0,0,none,233,1,0,0,0,0,0,0,0,0,0,-1,0
1,1403715905.4340582,1403715905434058240,1403715905.4340582,1403715905.4340582,378,234,confirming_observer_health,1,1,1,1,-0.37350635070406196,-0.23059596843311239,0.13522844894259689,-9.4026484486162474,-0.61753606581340892,2.6177020327566556,9.7797501283593213,30,30,25,2,26909472.129170109,none,2330,11.650000095367432,0.0017034571649772829,0.012064091682353785,disabled,disabled,0,0,0,0,-1,-1,0,0,0,0,0,0,72,72,1,0,0,0,none,234,1,0,0,0,0,0,0,0,0,0,-1,0
1,1403715905.4840581,1403715905484058112,1403715905.4840581,1403715905.4840581,379,235,confirming_observer_health,1,1,1,1,-0.36844501273191088,-0.25545810109873474,0.10607889316683417,-9.3617937651842791,-0.62364376963511636,2.7597454727187221,9.779995354162466,30,26,26,2,29214838.706103511,none,2340,11.700000047683716,0.0014408497551613318,0.013778261389323893,disabled,disabled,0,0,0,0,-1,-1,0,0,0,0,0,0,72,72,1,0,0,0,none,235,1,0,0,0,0,0,0,0,0,0,-1,0
1,1403715905.5340581,1403715905534057984,1403715905.5340581,1403715905.5340581,380,236,confirming_observer_health,1,1,1,1,-0.36633936250934107,-0.29567060780519944,0.085262271826549538,-9.3219337549271355,-0.64732871043636742,2.8779277067558175,9.7775227576272066,30,22,27,2,31985686.691216283,none,2350,11.75,0.0013551019679848885,0.014078190441530617,disabled,disabled,0,0,0,0,-1,-1,0,0,0,0,0,0,72,72,1,0,0,0,none,236,1,0,0,0,0,0,0,0,0,0,-1,0
1,1403715905.5840583,1403715905584058368,1403715905.5840583,1403715905.5840583,381,237,confirming_observer_health,1,1,1,1,-0.34800404497185261,-0.32409287165048328,0.067002960223362329,-9.2902613046928071,-0.57328005720391617,2.9855256251768636,9.7750175647948545,30,24,28,2,28794133.330115397,none,2360,11.800000190734863,0.0015009289575611418,0.0067690004857092695,disabled,disabled,0,0,0,0,-1,-1,0,0,0,0,0,0,72,72,1,0,0,0,none,237,1,0,0,0,0,0,0,0,0,0,-1,0
1,1403715905.634058,1403715905634057984,1403715905.634058,1403715905.634058,382,238,confirming_observer_health,1,1,1,1,-0.33951564199224943,-0.35291184697144395,0.052364869223952899,-9.2682067692864081,-0.40775115682448354,3.0684137929344812,9.771442111009442,30,29,29,2,24495208.342905022,none,2370,11.849999904632568,0.00084839224337889744,0.0061328631730521105,disabled,disabled,0,0,0,0,-1,-1,0,0,0,0,0,0,72,72,1,0,0,0,none,238,1,0,0,0,0,0,0,0,0,0,-1,0
1,1403715905.6840582,1403715905684058112,1403715905.6840582,1403715905.6840582,383,239,confirming_observer_health,1,1,1,1,-0.33260976923724189,-0.36456596231612065,0.05222290497676263,-9.2533836212562708,-0.19905074266635867,3.1410922153519021,9.7740058290157652,30,28,30,2,26111973.13150746,none,2380,11.900000095367432,0.00058520652904552343,0.0017011462758159551,disabled,disabled,0,0,0,0,-1,-1,0,0,0,0,0,0,72,72,1,0,0,0,none,239,1,0,0,0,0,0,0,0,0,0,-1,0
1,1403715905.7340581,1403715905734058240,1403715905.7340581,1403715905.7340581,384,240,confirming_observer_health,1,1,1,1,-0.3325974963203191,-0.36364084841738531,0.060711655905559332,-9.2332308739446383,-0.02030304711112647,3.2221825638002541,9.7793366369986892,30,28,31,2,28342878.868212104,none,2390,11.950000047683716,0.001234287413761427,0.0052577446791713415,disabled,disabled,0,0,0,0,-1,-1,0,0,0,0,0,0,72,72,1,0,0,0,none,240,1,0,0,0,0,0,0,0,0,0,38777.74220983858,1
1,1403715905.7840581,1403715905784058112,1403715905.7840581,1403715905.7840581,385,241,confirming_observer_health,1,1,1,1,-0.34378007856335296,-0.37438264643787866,0.085196458699545091,-9.2253773167206283,0.11038461320912688,3.2660037266056827,9.7870604238912833,30,30,32,2,28251247.528598346,none,2400,12,0.00053033421780060463,0.0066190044579220193,disabled,disabled,0,0,0,0,-1,-1,0,0,0,0,0,0,72,72,1,0,0,0,none,241,1,0,0,0,0,0,0,0,0,0,-1,0
1,1403715905.834058,1403715905834057984,1403715905.834058,1403715905.834058,386,242,confirming_observer_health,1,1,1,1,-0.33652033981422946,-0.35474163237813977,0.10991020365372418,-9.2002762166510621,0.23016121870202519,3.3427678871527933,9.7914326733450778,30,30,33,2,30129067.920581989,none,2410,12.049999952316284,0,0,disabled,disabled,0,0,0,0,-1,-1,0,0,0,0,0,0,1,6,1,0,0,0,none,242,1,0,0,0,0,0,0,0,0,0,-1,0
1,1403715905.8840582,1403715905884058112,1403715905.8840582,1403715905.8840582,387,243,confirming_observer_health,1,1,1,1,-0.33864805111739338,-0.33953582369751578,0.13905052420888292,-9.1568471585351645,0.29380319018611117,3.4703760756712954,9.7968199078031812,30,28,34,2,32188621.786052786,none,2420,12.100000143051147,0.00012214748720929203,0.0010641552240647245,disabled,disabled,0,0,0,0,-1,-1,0,0,0,0,0,0,35,42,1,0,0,0,none,243,1,0,0,0,0,0,0,0,0,0,-1,0
1,1403715905.9340582,1403715905934058240,1403715905.9340582,1403715905.9340582,388,244,confirming_observer_health,1,1,1,1,-0.32450773355593143,-0.32044402354887241,0.18059123204397137,-9.0988351511033585,0.34561187404880289,3.6256977622063808,9.8007108383681008,30,26,35,2,34471283.977655254,none,2430,12.150000095367432,0.00018594464870324982,0.0013979033906505775,disabled,disabled,0,0,0,0,-1,-1,0,0,0,0,0,0,72,72,1,0,0,0,none,244,1,0,0,0,0,0,0,0,0,0,-1,0
1,1403715905.9840581,1403715905984058112,1403715905.9840581,1403715905.9840581,389,245,confirming_observer_health,1,1,1,1,-0.29679243838420177,-0.30729518852130849,0.20516829394925817,-9.0382204861193109,0.3289812472998902,3.780144085567664,9.8024051907903686,30,27,36,2,33214311.827032782,none,2440,12.200000047683716,0.00030337540840271024,0.00168016553952051,disabled,disabled,0,0,0,0,-1,-1,0,0,0,0,0,0,72,72,1,0,0,0,none,245,1,0,0,0,0,0,0,0,0,0,-1,0
1,1403715906.0340581,1403715906034057984,1403715906.0340581,1403715906.0340581,390,246,confirming_observer_health,1,1,1,1,-0.2669617865602244,-0.30007683250298112,0.24394285118964207,-8.9892670008590887,0.29331944847081376,3.9089448163246718,9.8067735310170647,30,26,37,2,33083904.3900166,none,2450,12.25,0.0021017125100988797,0.01040373134226856,disabled,disabled,0,0,0,0,-1,-1,0,0,0,0,0,0,72,72,1,0,0,0,none,246,1,0,0,0,0,0,0,0,0,0,-1,0
1,1403715906.0840583,1403715906084058368,1403715906.0840583,1403715906.0840583,391,247,confirming_observer_health,1,1,1,1,-0.20215834677687669,-0.28930072205348034,0.270554660398303,-8.9695474235282298,0.2304213424188942,3.9658877031037378,9.8099001142515956,30,23,38,2,33909438.102256551,none,2460,12.300000190734863,0.00034721448986845373,0.004118737825398934,disabled,disabled,0,0,0,0,-1,-1,0,0,0,0,0,0,72,72,1,0,0,0,none,247,1,0,0,0,0,0,0,0,0,0,-1,0
1,1403715906.134058,1403715906134057984,1403715906.134058,1403715906.134058,392,248,confirming_observer_health,1,1,1,1,-0.16322972205954367,-0.26602569171795348,0.30274910988758946,-8.9848800056423261,0.09064554059984839,3.9447847737492059,9.8131346796538708,30,24,39,2,31520283.467181705,none,2470,12.349999904632568,0.00029181691913032705,0.0017908391849349411,disabled,disabled,0,0,0,0,-1,-1,0,0,0,0,0,0,72,72,1,0,0,0,none,248,1,0,0,0,0,0,0,0,0,0,-1,0
1,1403715906.1840582,1403715906184058112,1403715906.1840582,1403715906.1840582,393,249,ready,1,1,1,1,-0.14014534636231946,-0.26928895909648293,0.33685345107402564,-9.0297973854571456,-0.085765478177453433,3.8500829400188734,9.8167069419780528,30,26,40,2,29558166.261556812,none,2480,12.400000095367432,0.00056853541832060353,0.0029322045891874418,disabled,disabled,0,0,0,0,-1,-1,0,0,0,0,0,0,72,72,1,0,0,0,none,249,1,0,0,0,0,0,0,0,0,0,-1,0
1,1403715906.2340581,1403715906234058240,1403715906.2340581,1403715906.2340581,394,250,ready,1,1,1,1,-0.12996518242895438,-0.27373072160420714,0.36796608616492205,-9.0710996137972426,-0.27127039468111397,3.7565494095740894,9.8219193285749586,30,26,41,2,26807166.442719843,none,2490,12.450000047683716,0.00094391159471151026,0.012078088711229692,disabled,disabled,0,0,0,0,-1,-1,0,0,0,0,0,0,72,72,1,0,0,0,none,250,1,0,0,0,0,0,0,0,0,0,-1,0
1,1403715906.2840581,1403715906284058112,1403715906.2840581,1403715906.2840581,395,251,ready,1,1,1,1,-0.11595180899994897,-0.27997516923211108,0.39939800118529212,-9.0884551661650086,-0.36883276628461009,3.7041323729025883,9.8212347264924666,30,24,42,2,28212354.837288592,none,2500,12.5,0.00099054381105509568,0.0076452121601351328,disabled,disabled,0,0,0,0,-1,-1,0,0,0,0,0,0,55,72,1,0,0,0,none,251,1,0,0,0,0,0,0,0,0,0,-1,0
1,1403715906.334058,1403715906334057984,1403715906.334058,1403715906.334058,396,252,ready,1,1,1,1,-0.087160229223381999,-0.28789170259673774,0.42196256229748175,-9.0873208769037479,-0.47304638359713924,3.6852729866675227,9.8175562431343568,30,26,43,2,25066152.308840308,none,2510,12.549999952316284,0.0004577789127791075,0.0016935709268383827,disabled,disabled,0,0,0,0,-1,-1,0,0,0,0,0,0,62,72,1,0,0,0,none,252,1,0,0,0,0,0,0,0,0,0,-1,0
1,1403715906.3840582,1403715906384058112,1403715906.3840582,1403715906.3840582,397,253,ready,1,1,1,1,-0.08202333264058187,-0.30198944248060439,0.44377307548263373,-9.0808033174859553,-0.55146404170934615,3.6796112956337508,9.8134927914131485,30,29,44,2,24020092.230917148,none,2520,12.600000143051147,0.00032964698281302753,0.0045781267070689512,disabled,disabled,0,0,0,0,-1,-1,0,0,0,0,0,0,72,72,1,0,0,0,none,253,1,0,0,0,0,0,0,0,0,0,-1,0
1,1403715906.4340582,1403715906434058240,1403715906.4340582,1403715906.4340582,398,254,ready,1,1,1,1,-0.055378614863373851,-0.31139066109578595,0.46434916136818766,-9.0841140238215345,-0.59183742208477563,3.6610221630178041,9.8119560949934232,30,30,45,2,24560146.08918744,none,2530,12.650000095367432,0,0,disabled,disabled,0,0,0,0,-1,-1,0,0,0,0,0,0,0,0,0,0,0,0,none,254,1,0,0,0,0,0,0,0,0,0,-1,0
1,1403715906.4840581,1403715906484058112,1403715906.4840581,1403715906.4840581,399,255,ready,1,1,1,1,-0.035766687967747048,-0.32117336761276538,0.4789863775912499,-9.1096344520360084,-0.59672749559178218,3.5957770890988638,9.8117855881692062,30,30,46,2,26732127.024848029,none,2540,12.700000047683716,0.00066285657471864905,0.0042548917054531961,disabled,disabled,0,0,0,0,-1,-1,0,0,0,0,0,0,72,72,1,0,0,0,none,255,1,0,0,0,0,0,0,0,0,0,-1,0
1,1403715906.5340581,1403715906534057984,1403715906.5340581,1403715906.5340581,400,256,ready,1,1,1,1,0.010851595862964259,-0.33814145972591492,0.48632181449788564,-9.1291096636772551,-0.62745308043923187,3.5369076072364471,9.810405498333143,30,28,47,2,29126391.685171105,none,2550,12.75,1.9198681690254516e-05,0.00034860820905362411,disabled,disabled,0,0,0,0,-1,-1,0,0,0,0,0,0,7,30,1,0,0,0,none,256,1,0,0,0,0,0,0,0,0,0,-1,0
1,1403715906.5840583,1403715906584058368,1403715906.5840583,1403715906.5840583,401,257,ready,1,1,1,1,0.062480365832708822,-0.35032532261420424,0.47842734462003605,-9.1476195651009071,-0.57619063415264216,3.4907391464434672,9.8079661063451375,30,27,48,2,31687941.213622909,none,2560,12.800000190734863,0.0022884058751694207,0.0059287386276788735,disabled,disabled,0,0,0,0,-1,-1,0,0,0,0,0,0,72,72,1,0,0,0,none,257,1,0,0,0,0,0,0,0,0,0,-1,0
1,1403715906.634058,1403715906634057984,1403715906.634058,1403715906.634058,402,258,ready,1,1,1,1,0.11551474736467894,-0.35700167806962974,0.47419405825736621,-9.170052702087597,-0.45811920317594346,3.4458879593533891,9.8068284165574777,30,27,49,2,32723128.694882389,none,2570,12.849999904632568,0.00039585259058008362,0.0023562490406488557,disabled,disabled,0,0,0,0,-1,-1,0,0,0,0,0,0,58,72,1,0,0,0,none,258,1,0,0,0,0,0,0,0,0,0,-1,0
1,1403715906.6840582,1403715906684058112,1403715906.6840582,1403715906.6840582,403,259,ready,1,1,1,1,0.1773920080052199,-0.3584071978175008,0.46876738263653661,-9.1984770572712531,-0.30693402975073675,3.3928684590273512,9.8090644330653305,30,27,50,2,32302893.104352795,none,2580,12.900000095367432,0.0014205499693800453,0.0033752462186935955,disabled,disabled,0,0,0,0,-1,-1,0,0,0,0,0,0,72,72,1,0,0,0,none,259,1,0,0,0,0,0,0,0,0,0,-1,0
1,1403715906.7340581,1403715906734058240,1403715906.7340581,1403715906.7340581,404,260,ready,1,1,1,1,0.2299610069665099,-0.34311673648010793,0.46573751822698117,-9.2148631898830562,-0.17731758217953544,3.3653031826309658,9.8117486027842062,30,28,51,2,33161921.994135514,none,2590,12.950000047683716,0.00093776958879931657,0.0036783388610158716,disabled,disabled,0,0,0,0,-1,-1,0,0,0,0,0,0,60,60,1,0,0,0,none,260,1,0,0,0,0,0,0,0,0,0,0.99999499997980468,1
1,1403715906.7840581,1403715906784058112,1403715906.7840581,1403715906.7840581,405,261,ready,1,1,1,1,0.24554098858335102,-0.32104703852631261,0.4591937121222841,-9.2182307935131078,-0.056059804503573389,3.3506046396951303,9.8084388725067164,30,30,52,2,32715329.280548334,none,2600,13,0.0012684411003730904,0.0036895652523164968,disabled,disabled,0,0,0,0,-1,-1,0,0,0,0,0,0,66,66,1,0,0,0,none,261,1,0,0,0,0,0,0,0,0,0,-1,0
1,1403715906.834058,1403715906834057984,1403715906.834058,1403715906.834058,406,262,ready,1,1,1,1,0.25575963295307286,-0.29602336580411909,0.45896960261986403,-9.2294805847612427,0.046207198110768469,3.3206792779927019,9.8087898253011883,30,22,53,2,35994598.602476969,none,2610,13.049999952316284,0.00057557836007255433,0.015880684810026954,disabled,disabled,0,0,0,0,-1,-1,0,0,0,0,0,0,72,72,1,0,0,0,none,262,1,0,0,0,0,0,0,0,0,0,-1,0
1,1403715906.8840582,1403715906884058112,1403715906.8840582,1403715906.8840582,407,263,ready,1,1,1,1,0.21013709027327404,-0.27172871164750445,0.4616554043078161,-9.2441915583939966,0.10897423826460879,3.2846179358362217,9.8109972957546567,30,16,54,2,40029154.959522828,none,2620,13.100000143051147,0.00024324858776613979,0.0018267691294425994,disabled,disabled,0,0,0,0,-1,-1,0,0,0,0,0,0,72,72,1,0,0,0,none,263,1,0,0,0,0,0,0,0,0,0,-1,0
1,1403715906.9340582,1403715906934058240,1403715906.9340582,1403715906.9340582,408,264,ready,1,1,1,1,0.1717794359015099,-0.24909009389596951,0.47898472881773868,-9.2645709733329991,0.12531938215672936,3.2297023575477684,9.812184139416571,30,24,55,2,30742260.11399132,none,2630,13.150000095367432,0.00043172892686447751,0.0036934506479156456,disabled,disabled,0,0,0,0,-1,-1,0,0,0,0,0,0,72,72,1,0,0,0,none,264,1,0,0,0,0,0,0,0,0,0,-1,0
1,1403715906.9840581,1403715906984058112,1403715906.9840581,1403715906.9840581,409,265,pool_not_mature,1,1,1,1,0.09688750074709386,-0.2259615642258414,0.49310056119637757,-9.2867340137035814,0.13901725205396176,3.1682116735723489,9.8132726267136672,30,26,56,2,27260291.848395735,none,2640,13.200000047683716,0.00088697112305894342,0.0019853516283383759,disabled,disabled,0,0,0,0,-1,-1,0,0,0,0,0,0,72,72,1,0,0,0,none,265,1,0,0,0,0,0,0,0,0,0,-1,0
1,1403715907.0340581,1403715907034057984,1403715907.0340581,1403715907.0340581,410,266,pool_not_mature,1,1,1,1,0.041269134329461249,-0.19739582744628276,0.5072825923431491,-9.3007551399835577,0.086107480851261881,3.1379221250001996,9.8162118933300793,30,22,57,2,28362971.714565948,none,2650,13.25,0.00097458343058356002,0.0041205819555425287,disabled,disabled,0,0,0,0,-1,-1,0,0,0,0,0,0,72,72,1,0,0,0,none,266,1,0,0,0,0,0,0,0,0,0,-1,0
1,1403715907.0840583,1403715907084058368,1403715907.0840583,1403715907.0840583,411,267,confirming_observer_health,1,1,1,1,0.025608749015468217,-0.17163868121880571,0.50593192804449505,-9.2993064421363041,-0.033112960302707974,3.1452444238627182,9.8168609676788883,30,23,58,2,26132519.47615692,none,2660,13.300000190734863,0.00011959468830755222,0.00077698016774400427,disabled,disabled,0,0,0,0,-1,-1,0,0,0,0,0,0,42,72,1,0,0,0,none,267,1,0,0,0,0,0,0,0,0,0,-1,0
1,1403715907.134058,1403715907134057984,1403715907.134058,1403715907.134058,412,268,confirming_observer_health,1,1,1,1,0.051439473619236564,-0.16715502309951003,0.49486510142737428,-9.2997874711476687,-0.17363156423281914,3.1573339848449082,9.8226754410633816,30,24,59,2,20039264.085010607,none,2670,13.349999904632568,0.00032156852808173019,0.004476654515270833,disabled,disabled,0,0,0,0,-1,-1,0,0,0,0,0,0,72,72,1,0,0,0,none,268,1,0,0,0,0,0,0,0,0,0,-1,0
1,1403715907.1840582,1403715907184058112,1403715907.1840582,1403715907.1840582,413,269,confirming_observer_health,1,1,1,1,0.10793023304474393,-0.16891952763273121,0.46801758455356574,-9.3008799642765112,-0.30272457308616285,3.1601949434842775,9.8277587657539716,30,26,60,2,19326906.307121344,none,2680,13.400000095367432,0.0010087977285444896,0.0030071673310955128,disabled,disabled,0,0,0,0,-1,-1,0,0,0,0,0,0,72,72,1,0,0,0,none,269,1,0,0,0,0,0,0,0,0,0,-1,0
1,1403715907.2340581,1403715907234058240,1403715907.2340581,1403715907.2340581,414,270,confirming_observer_health,1,1,1,1,0.16856708521141689,-0.16695516413931344,0.43451890297911716,-9.2938082643417097,-0.36745533219778159,3.1823093349567535,9.8304113941818194,30,29,61,2,18326793.277007919,none,2690,13.450000047683716,0.001422701294013189,0.0067115564354746507,disabled,disabled,0,0,0,0,-1,-1,0,0,0,0,0,0,72,72,1,0,0,0,none,270,1,0,0,0,0,0,0,0,0,0,-1,0
1,1403715907.2840581,1403715907284058112,1403715907.2840581,1403715907.2840581,415,271,confirming_observer_health,1,1,1,1,0.23660362757964576,-0.16164184626483311,0.39630464884890082,-9.2930369741105565,-0.38890980599236807,3.1986644828669872,9.8358142272685107,30,28,62,2,20621158.120619088,none,2700,13.5,0.0015524323438238531,0.0043907019978343667,disabled,disabled,0,0,0,0,-1,-1,0,0,0,0,0,0,72,72,1,0,0,0,none,271,1,0,0,0,0,0,0,0,0,0,-1,0
1,1403715907.334058,1403715907334057984,1403715907.334058,1403715907.334058,416,272,confirming_observer_health,1,1,1,1,0.28578489120566031,-0.16879971874249802,0.35885393895962059,-9.2888163123870928,-0.42117344120426542,3.2054360291054582,9.8353604758306528,30,22,63,2,22669677.104566224,none,2710,13.549999952316284,0.00028699271614939518,0.0008107601120500332,disabled,disabled,0,0,0,0,-1,-1,0,0,0,0,0,0,14,30,1,0,0,0,none,272,1,0,0,0,0,0,0,0,0,0,-1,0
1,1403715907.3840582,1403715907384058112,1403715907.3840582,1403715907.3840582,417,273,confirming_observer_health,1,1,1,1,0.32037596486606928,-0.1732456635193716,0.3376567888269722,-9.2954918071758499,-0.45690960211198312,3.1895671672919317,9.8381031218646076,30,21,64,2,25049919.135383084,none,2720,13.600000143051147,0.0026096964243361395,0.0093735969445953443,disabled,disabled,0,0,0,0,-1,-1,0,0,0,0,0,0,72,72,1,0,0,0,none,273,1,0,0,0,0,0,0,0,0,0,-1,0
1,1403715907.4340582,1403715907434058240,1403715907.4340582,1403715907.4340582,418,274,confirming_observer_health,1,1,1,1,0.35976018689791794,-0.17968786682496962,0.32006682080178833,-9.2922309232867057,-0.54307184119921559,3.1878920007902165,9.8388585702352422,30,27,65,2,19577428.868073523,none,2730,13.650000095367432,0.0013499472838494418,0.0042929459167850856,disabled,disabled,0,0,0,0,-1,-1,0,0,0,0,0,0,72,72,1,0,0,0,none,274,1,0,0,0,0,0,0,0,0,0,-1,0
1,1403715907.4840581,1403715907484058112,1403715907.4840581,1403715907.4840581,419,275,confirming_observer_health,1,1,1,1,0.37959403160630384,-0.19083079158449906,0.30864001381286155,-9.2906152959438906,-0.60231206621202404,3.1931108801855133,9.842472732778603,30,29,66,2,19219397.142759006,none,2740,13.700000047683716,0.0017893432231545297,0.0066468515931689546,disabled,disabled,0,0,0,0,-1,-1,0,0,0,0,0,0,72,72,1,0,0,0,none,275,1,0,0,0,0,0,0,0,0,0,-1,0
1,1403715907.5340581,1403715907534057984,1403715907.5340581,1403715907.5340581,420,276,confirming_observer_health,1,1,1,1,0.38238867401660248,-0.20096706269262093,0.3037021002206059,-9.2822076947656935,-0.6610121327479952,3.2053424635443757,9.8422831211568091,30,28,67,2,20796556.329644807,none,2750,13.75,0.00019910932689327625,0.0011092084566354159,disabled,disabled,0,0,0,0,-1,-1,0,0,0,0,0,0,21,42,1,0,0,0,none,276,1,0,0,0,0,0,0,0,0,0,-1,0
1,1403715907.5840583,1403715907584058368,1403715907.5840583,1403715907.5840583,421,277,confirming_observer_health,1,1,1,1,0.37180407526451215,-0.22207372771494172,0.29936158511953753,-9.2713602688124617,-0.68569526662400948,3.2192756318820757,9.8382943047468636,30,24,68,2,23427732.366862454,none,2760,13.800000190734863,0.00059765944344510155,0.0012569253199643403,disabled,disabled,0,0,0,0,-1,-1,0,0,0,0,0,0,72,72,1,0,0,0,none,277,1,0,0,0,0,0,0,0,0,0,-1,0
1,1403715907.634058,1403715907634057984,1403715907.634058,1403715907.634058,422,278,confirming_observer_health,1,1,1,1,0.37700056253578595,-0.23852578258325852,0.29085027472112263,-9.2687898896791889,-0.66578021488687245,3.2174246188310498,9.8338980313715929,30,23,69,2,23903004.76906345,none,2770,13.849999904632568,0.00074074824379618642,0.0064247983044655914,disabled,disabled,0,0,0,0,-1,-1,0,0,0,0,0,0,72,72,1,0,0,0,none,278,1,0,0,0,0,0,0,0,0,0,-1,0
1,1403715907.6840582,1403715907684058112,1403715907.6840582,1403715907.6840582,423,279,confirming_observer_health,1,1,1,1,0.38436436769092158,-0.2567516538917648,0.29125410272312585,-9.277572616593929,-0.63599582396196752,3.1825724028179474,9.8288662338770791,30,24,70,2,22902924.886255816,none,2780,13.900000095367432,0.0014928645719700744,0.00086508242595577237,disabled,disabled,0,0,0,0,-1,-1,0,0,0,0,0,0,72,72,1,0,0,0,none,279,1,0,0,0,0,0,0,0,0,0,-1,0
1,1403715907.7340581,1403715907734058240,1403715907.7340581,1403715907.7340581,424,280,confirming_observer_health,1,1,1,1,0.36897326427579469,-0.27851499601048679,0.29277935866686333,-9.300681294944809,-0.56318374885468514,3.1198262207202427,9.8261469627012925,30,26,71,2,22268968.529388774,none,2790,13.950000047683716,0.00054808696351937012,0.0060148179672485534,disabled,disabled,0,0,0,0,-1,-1,0,0,0,0,0,0,72,72,1,0,0,0,none,280,1,0,0,0,0,0,0,0,0,0,0.99999499997963526,1
1,1403715907.7840581,1403715907784058112,1403715907.7840581,1403715907.7840581,425,281,confirming_observer_health,1,1,1,1,0.35371239398990134,-0.28867531190420048,0.28272040341126614,-9.3252850213103198,-0.50053167942433818,3.0490801715603606,9.8238669872603896,30,27,72,2,20983079.02330042,none,2800,14,0.00030998912322975235,0.0013240516086304604,disabled,disabled,0,0,0,0,-1,-1,0,0,0,0,0,0,41,42,1,0,0,0,none,281,1,0,0,0,0,0,0,0,0,0,-1,0
1,1403715907.834058,1403715907834057984,1403715907.834058,1403715907.834058,426,282,confirming_observer_health,1,1,1,1,0.32813892768731878,-0.30647969876171116,0.28376537327929818,-9.3502442096027298,-0.45310728868007594,2.9722983523881705,9.8217580142189327,30,24,73,2,23152703.862341944,none,2810,14.049999952316284,0.00028701061545264656,0.0031171481302177716,disabled,disabled,0,0,0,0,-1,-1,0,0,0,0,0,0,72,72,1,0,0,0,none,282,1,0,0,0,0,0,0,0,0,0,-1,0
1,1403715907.8840582,1403715907884058112,1403715907.8840582,1403715907.8840582,427,283,confirming_observer_health,1,1,1,1,0.30351632935344941,-0.32174109283812846,0.27790268290163772,-9.3667979715495946,-0.37920466880981996,2.9203651673389639,9.81882035334589,30,25,74,2,24099267.138651453,none,2820,14.100000143051147,0.00030897165435365243,0.0020043366386293436,disabled,disabled,0,0,0,0,-1,-1,0,0,0,0,0,0,45,72,1,0,0,0,none,283,1,0,0,0,0,0,0,0,0,0,-1,0
1,1403715907.9340582,1403715907934058240,1403715907.9340582,1403715907.9340582,428,284,confirming_observer_health,1,1,1,1,0.28531203311883652,-0.32810931010283378,0.26983239879777937,-9.3878754595188401,-0.25995948720357348,2.8660431851533965,9.8190624866932907,30,26,75,2,21003998.659936294,none,2830,14.150000095367432,0.00046309365186540137,0.0011776568090760072,disabled,disabled,0,0,0,0,-1,-1,0,0,0,0,0,0,72,72,1,0,0,0,none,284,1,0,0,0,0,0,0,0,0,0,-1,0
1,1403715907.9840581,1403715907984058112,1403715907.9840581,1403715907.9840581,429,285,confirming_observer_health,1,1,1,1,0.26856496752691705,-0.33550876823520781,0.25896951080153541,-9.4004274916901132,-0.17486982295781536,2.8275141162260815,9.8180167324649794,30,26,76,2,23918280.985263914,none,2840,14.200000047683716,0.0002884276760481676,0.0062596254651649461,disabled,disabled,0,0,0,0,-1,-1,0,0,0,0,0,0,72,72,1,0,0,0,none,285,1,0,0,0,0,0,0,0,0,0,-1,0
1,1403715908.0340581,1403715908034057984,1403715908.0340581,1403715908.0340581,430,286,ready,1,1,1,1,0.24880184140500344,-0.350031199427083,0.24484389748028396,-9.4085920596682762,-0.095208555603710054,2.7966582340296964,9.8159037532098488,30,29,77,2,22846730.126302335,none,2850,14.25,0.00077543835065492148,0.0067217347436092957,disabled,disabled,0,0,0,0,-1,-1,0,0,0,0,0,0,72,72,1,0,0,0,none,286,1,0,0,0,0,0,0,0,0,0,-1,0
1,1403715908.0840583,1403715908084058368,1403715908.0840583,1403715908.0840583,431,287,ready,1,1,1,1,0.24497677263297418,-0.35081442080142139,0.23511371590482091,-9.4160465606846557,-0.051233584911180879,2.7740235985136441,9.8163009651454125,30,29,78,2,25208668.754442111,none,2860,14.300000190734863,0.00091484879114272512,0.005366888535845037,disabled,disabled,0,0,0,0,-1,-1,0,0,0,0,0,0,72,72,1,0,0,0,none,287,1,0,0,0,0,0,0,0,0,0,-1,0
1,1403715908.134058,1403715908134057984,1403715908.134058,1403715908.134058,432,288,ready,1,1,1,1,0.21208867536150344,-0.35034765885907077,0.22933596803685671,-9.4304558267587471,-0.0065729001114292179,2.7246150368499396,9.8161635786335939,30,29,79,2,25943875.220833294,none,2870,14.349999904632568,5.2920939832214496e-06,4.0081221678906647e-05,disabled,disabled,0,0,0,0,-1,-1,0,0,0,0,0,0,18,42,1,0,0,0,none,288,1,0,0,0,0,0,0,0,0,0,-1,0
1,1403715908.1840582,1403715908184058112,1403715908.1840582,1403715908.1840582,433,289,ready,1,1,1,1,0.1871811010077529,-0.35029709881041465,0.20379487042756741,-9.4273273931924955,0.006309901066202158,2.7275385055162973,9.813970037266424,30,27,80,2,28318760.860038873,none,2880,14.400000095367432,0.003107690495443175,0.015199956425343426,disabled,disabled,0,0,0,0,-1,-1,0,0,0,0,0,0,72,72,1,0,0,0,none,289,1,0,0,0,0,0,0,0,0,0,-1,0
1,1403715908.2340581,1403715908234058240,1403715908.2340581,1403715908.2340581,434,290,ready,1,1,1,1,0.15864766035629785,-0.34454992301712911,0.18265510507232371,-9.426183481228259,0.02795592958529157,2.7210861444842185,9.811117487905415,30,26,81,2,29695327.881309882,none,2890,14.450000047683716,0.00047641565296849687,0.0019258299888662419,disabled,disabled,0,0,0,0,-1,-1,0,0,0,0,0,0,72,72,1,0,0,0,none,290,1,0,0,0,0,0,0,0,0,0,-1,0
1,1403715908.2840581,1403715908284058112,1403715908.2840581,1403715908.2840581,435,291,ready,1,1,1,1,0.14708473916740045,-0.33961524592842635,0.15975951790567519,-9.4170515787685591,0.03600519237112642,2.7287063675673764,9.8044885257451266,30,26,82,2,30139660.161195874,none,2900,14.5,6.9254329824938382e-05,0.00020213203879117513,disabled,disabled,0,0,0,0,-1,-1,0,0,0,0,0,0,28,66,1,0,0,0,none,291,1,0,0,0,0,0,0,0,0,0,-1,0
1,1403715908.334058,1403715908334057984,1403715908.334058,1403715908.334058,436,292,ready,1,1,1,1,0.14615291656314441,-0.32859766018835435,0.13652039422269063,-9.4087894155023584,0.048395602659719421,2.7456074087688518,9.8013274836989517,30,24,83,2,30357751.328813855,none,2910,14.549999952316284,4.5893849310847388e-05,0.00085405890068365959,disabled,disabled,0,0,0,0,-1,-1,0,0,0,0,0,0,60,60,1,0,0,0,none,292,1,0,0,0,0,0,0,0,0,0,-1,0
1,1403715908.3840582,1403715908384058112,1403715908.3840582,1403715908.3840582,437,293,ready,1,1,1,1,0.16460030202695969,-0.31670959532668314,0.12503347455472821,-9.3972800252623934,0.057701665536899829,2.7751882273168409,9.7986667997457335,30,26,84,2,30266215.793651879,none,2920,14.600000143051147,0.0033955427044461434,0.0086882602021329386,disabled,disabled,0,0,0,0,-1,-1,0,0,0,0,0,0,72,72,1,0,0,0,none,293,1,0,0,0,0,0,0,0,0,0,-1,0
1,1403715908.4340582,1403715908434058240,1403715908.4340582,1403715908.4340582,438,294,ready,1,1,1,1,0.15127328144822269,-0.31539050428713306,0.11501318526209832,-9.3945207152698789,0.064702658819231512,2.7805865740283378,9.7975949905759929,30,30,85,2,24897046.447936855,none,2930,14.650000095367432,0.00010643431175440192,0.0016489942032466326,disabled,disabled,0,0,0,0,-1,-1,0,0,0,0,0,0,72,72,1,0,0,0,none,294,1,0,0,0,0,0,0,0,0,0,-1,0
1,1403715908.4840581,1403715908484058112,1403715908.4840581,1403715908.4840581,439,295,ready,1,1,1,1,0.16430691922003399,-0.31118166444084783,0.095171181782989264,-9.3911152777396207,0.071580061797286099,2.7919142217775623,9.7975994451092578,30,29,86,2,27203464.998976897,none,2940,14.700000047683716,0.00052906489537822988,0.0042591061840157787,disabled,disabled,0,0,0,0,-1,-1,0,0,0,0,0,0,72,72,1,0,0,0,none,295,1,0,0,0,0,0,0,0,0,0,-1,0
1,1403715908.5340581,1403715908534057984,1403715908.5340581,1403715908.5340581,440,296,ready,1,1,1,1,0.15614552568708923,-0.30763967833226685,0.0766252408859939,-9.396023815734365,0.044443456816980899,2.7920299411582037,9.8021767969683697,30,28,87,2,29346907.402405061,none,2950,14.75,0.00063027557009664656,0.013704437953316771,disabled,disabled,0,0,0,0,-1,-1,0,0,0,0,0,0,72,72,1,0,0,0,none,296,1,0,0,0,0,0,0,0,0,0,-1,0
1,1403715908.5840583,1403715908584058368,1403715908.5840583,1403715908.5840583,441,297,ready,1,1,1,1,0.14051287915436195,-0.3065154937189119,0.059300576536745128,-9.4018530341967281,0.040009780920085572,2.7957736845538115,9.8088119440861483,30,28,88,2,29601176.52180979,none,2960,14.800000190734863,0.0013622907644594193,0.011601268053880022,disabled,disabled,0,0,0,0,-1,-1,0,0,0,0,0,0,72,72,1,0,0,0,none,297,1,0,0,0,0,0,0,0,0,0,-1,0
1,1403715908.634058,1403715908634057984,1403715908.634058,1403715908.634058,442,298,ready,1,1,1,1,0.13838908723295831,-0.30768847983781761,0.045635421203886306,-9.411613129772487,-0.032920893219818552,2.7798025929993115,9.8136052470925268,30,27,89,2,30264284.217402756,none,2970,14.849999904632568,0.00038400244537046109,0.004820339522981572,disabled,disabled,0,0,0,0,-1,-1,0,0,0,0,0,0,72,72,1,0,0,0,none,298,1,0,0,0,0,0,0,0,0,0,-1,0
1,1403715908.6840582,1403715908684058112,1403715908.6840582,1403715908.6840582,443,299,ready,1,1,1,1,0.12058319924065075,-0.30924335955465521,0.040746620449918856,-9.4264748386507247,-0.079811267513678327,2.7509256407487408,9.8199994706245395,30,24,90,2,32297858.727793671,none,2980,14.900000095367432,2.7388587636553732e-05,0.00014345446590410138,disabled,disabled,0,0,0,0,-1,-1,0,0,0,0,0,0,13,48,1,0,0,0,none,299,1,0,0,0,0,0,0,0,0,0,-1,0
1,1403715908.7340581,1403715908734058240,1403715908.7340581,1403715908.7340581,444,300,ready,1,1,1,1,0.10640966944391771,-0.30924175906569368,0.031597286538641703,-9.4444761773907011,-0.12201644230086994,2.7065722312900133,9.8254033769958991,30,24,91,2,31322269.236030579,none,2990,14.950000047683716,0.00078199703193891981,0.016911712095833149,disabled,disabled,0,0,0,0,-1,-1,0,0,0,0,0,0,72,72,1,0,0,0,none,300,1,0,0,0,0,0,0,0,0,0,0.99999499999153862,1
1,1403715908.7840581,1403715908784058112,1403715908.7840581,1403715908.7840581,445,301,ready,1,1,1,1,0.086360460849411957,-0.30917608529846119,0.016718690787433158,-9.4612908150347135,-0.11362506904353914,2.6652457739318827,9.8301815638591918,30,22,92,2,29277712.021646626,none,3000,15,0.0011393995634624149,0.007154590614812985,disabled,disabled,0,0,0,0,-1,-1,0,0,0,0,0,0,72,72,1,0,0,0,none,301,1,0,0,0,0,0,0,0,0,0,-1,0
1,1403715908.834058,1403715908834057984,1403715908.834058,1403715908.834058,446,302,ready,1,1,1,1,0.056999195471396889,-0.32012290480237371,-0.0045878752469218059,-9.4740139638515348,-0.11353090036157042,2.6331827085517858,9.8337928099592826,30,23,93,2,28374254.68372488,none,3010,15.049999952316284,3.3708174947582723e-05,0.00047533765801215566,disabled,disabled,0,0,0,0,-1,-1,0,0,0,0,0,0,11,30,1,0,0,0,none,302,1,0,0,0,0,0,0,0,0,0,-1,0
1,1403715908.8840582,1403715908884058112,1403715908.8840582,1403715908.8840582,447,303,ready,1,1,1,1,0.021190370521457686,-0.33215216273064008,-0.027271840869201487,-9.4709467475395659,-0.10997545923164842,2.6557240174955377,9.8368591000108427,30,27,94,2,22830704.143708631,none,3020,15.100000143051147,0.00087163360644379158,0.0097292322891835148,disabled,disabled,0,0,0,0,-1,-1,0,0,0,0,0,0,72,72,1,0,0,0,none,303,1,0,0,0,0,0,0,0,0,0,-1,0
1,1403715908.9340582,1403715908934058240,1403715908.9340582,1403715908.9340582,448,304,ready,1,1,1,1,-0.0023798270033579165,-0.35161192941661235,-0.045353973770270645,-9.4516630825796799,-0.10789377375832858,2.7413965460803151,9.8417900361609281,30,28,95,2,22374932.292332102,none,3030,15.150000095367432,0,0,disabled,disabled,0,0,0,0,-1,-1,0,0,0,0,0,0,0,0,0,0,0,0,none,304,1,0,0,0,0,0,0,0,0,0,-1,0
1,1403715908.9840581,1403715908984058112,1403715908.9840581,1403715908.9840581,449,305,ready,1,1,1,1,-0.010671436400621612,-0.36439580015625139,-0.058071407162804962,-9.423465480715981,-0.15846335183464075,2.8365994557348913,9.8424137675874928,30,29,96,2,24089079.263771355,none,3040,15.200000047683716,0.00087115808246314257,0.0061487070455852437,disabled,disabled,0,0,0,0,-1,-1,0,0,0,0,0,0,72,72,1,0,0,0,none,305,1,0,0,0,0,0,0,0,0,0,-1,0
1,1403715909.0340581,1403715909034057984,1403715909.0340581,1403715909.0340581,450,306,ready,1,1,1,1,-0.03038295402887467,-0.37472353600430935,-0.068858616150101942,-9.3936550418286373,-0.22656439197501585,2.9234201644441242,9.8406540395678022,30,25,97,2,25547678.24363263,none,3050,15.25,0,0,disabled,disabled,0,0,0,0,-1,-1,0,0,0,0,0,0,0,0,0,0,0,0,none,306,1,0,0,0,0,0,0,0,0,0,-1,0
1,1403715909.0840583,1403715909084058368,1403715909.0840583,1403715909.0840583,451,307,ready,1,1,1,1,-0.034389103723700173,-0.39602231950555877,-0.061603235399248911,-9.3607993118115544,-0.28331736680720715,3.018819456501125,9.8396190676924071,30,20,98,2,28583936.770449635,none,3060,15.300000190734863,0.00067111082183220119,0.0057972800490944561,disabled,disabled,0,0,0,0,-1,-1,0,0,0,0,0,0,72,72,1,0,0,0,none,307,1,0,0,0,0,0,0,0,0,0,-1,0
1,1403715909.134058,1403715909134057984,1403715909.134058,1403715909.134058,452,308,ready,1,1,1,1,-0.048019376663312671,-0.41801517382416958,-0.062832308659042324,-9.3382046104819398,-0.36174585467278486,3.0826568567367549,9.8405131323008366,30,22,99,2,27605302.045921966,none,3070,15.349999904632568,0.0016503520480462095,0.014253690839755587,disabled,disabled,0,0,0,0,-1,-1,0,0,0,0,0,0,72,72,1,0,0,0,none,308,1,0,0,0,0,0,0,0,0,0,-1,0
1,1403715909.1840582,1403715909184058112,1403715909.1840582,1403715909.1840582,453,309,ready,1,1,1,1,-0.056805972385560677,-0.43740077204097766,-0.057081168868258807,-9.31028819297571,-0.3662679638879438,3.1605663538342661,9.8389429378680084,30,25,100,2,22573153.494145244,none,3080,15.400000095367432,0.00018422882056664004,0.0018457107028653492,disabled,disabled,0,0,0,0,-1,-1,0,0,0,0,0,0,66,66,1,0,0,0,none,309,1,0,0,0,0,0,0,0,0,0,-1,0
1,1403715909.2340581,1403715909234058240,1403715909.2340581,1403715909.2340581,454,310,ready,1,1,1,1,-0.062403417323524939,-0.46108613132682436,-0.041662326232650822,-9.2918371968721516,-0.3941792755751713,3.2068757129567467,9.8375641107350216,30,26,101,2,23298069.064845193,none,3090,15.450000047683716,0.00026841369648059629,0.001697718421370779,disabled,disabled,0,0,0,0,-1,-1,0,0,0,0,0,0,72,72,1,0,0,0,none,310,1,0,0,0,0,0,0,0,0,0,-1,0
1,1403715909.2840581,1403715909284058112,1403715909.2840581,1403715909.2840581,455,311,ready,1,1,1,1,-0.060246803518632132,-0.48086791865140971,-0.025917682946668165,-9.2756247601183262,-0.35472793919230927,3.249387184060827,9.8347121805013966,30,28,102,2,21257730.648632497,none,3100,15.5,0.0016252197444464958,0.0030323151941418942,disabled,disabled,0,0,0,0,-1,-1,0,0,0,0,0,0,72,72,1,0,0,0,none,311,1,0,0,0,0,0,0,0,0,0,-1,0
1,1403715909.334058,1403715909334057984,1403715909.334058,1403715909.334058,456,312,ready,1,1,1,1,-0.075021359639813004,-0.49292178714978152,-0.0033747005949454926,-9.2702414695190711,-0.3700024581227862,3.2581247226296628,9.8330898211304181,30,29,103,2,22585759.516199943,none,3110,15.549999952316284,0.00041703588558658058,0.0013557478308948575,disabled,disabled,0,0,0,0,-1,-1,0,0,0,0,0,0,72,72,1,0,0,0,none,312,1,0,0,0,0,0,0,0,0,0,-1,0
1,1403715909.3840582,1403715909384058112,1403715909.3840582,1403715909.3840582,457,313,ready,1,1,1,1,-0.080362491101308262,-0.51233706595536688,0.0024974145281548136,-9.2607342197252738,-0.39578155898209949,3.2729296098624778,9.8300513509307539,30,28,104,2,23803066.210168473,none,3120,15.600000143051147,3.168860034039192e-05,0.00066518045249404671,disabled,disabled,0,0,0,0,-1,-1,0,0,0,0,0,0,12,30,1,0,0,0,none,313,1,0,0,0,0,0,0,0,0,0,-1,0
1,1403715909.4340582,1403715909434058240,1403715909.4340582,1403715909.4340582,458,314,ready,1,1,1,1,-0.084974302340664734,-0.53376202131531958,0.011766460600994191,-9.2492831033187546,-0.42386837128354504,3.2732538983153061,9.8205444555965791,30,28,105,2,26002120.550207958,none,3130,15.650000095367432,0.00068022428102868632,0.0020958423339130132,disabled,disabled,0,0,0,0,-1,-1,0,0,0,0,0,0,72,72,1,0,0,0,none,314,1,0,0,0,0,0,0,0,0,0,-1,0
1,1403715909.4840581,1403715909484058112,1403715909.4840581,1403715909.4840581,459,315,ready,1,1,1,1,-0.091770625971251032,-0.56278513042235523,0.030199891906519255,-9.250057850493711,-0.51677552349497802,3.2511003001935852,9.8183644432809007,30,26,106,2,25095464.687641233,none,3140,15.700000047683716,0.00035404619587147584,0.0029248267069740585,disabled,disabled,0,0,0,0,-1,-1,0,0,0,0,0,0,72,72,1,0,0,0,none,315,1,0,0,0,0,0,0,0,0,0,-1,0
1,1403715909.5340581,1403715909534057984,1403715909.5340581,1403715909.5340581,460,316,ready,1,1,1,1,-0.10012203077232208,-0.60129834098919521,0.054749585548889416,-9.2423022295032329,-0.62060075657942781,3.2452922337383825,9.8151524431824324,30,24,107,2,27961319.80390171,none,3150,15.75,0.00024227793306172516,0.0018437132800344575,disabled,disabled,0,0,0,0,-1,-1,0,0,0,0,0,0,48,48,1,0,0,0,none,316,1,0,0,0,0,0,0,0,0,0,-1,0
1,1403715909.5840583,1403715909584058368,1403715909.5840583,1403715909.5840583,461,317,ready,1,1,1,1,-0.09987291732624072,-0.63651533895209444,0.067225182798765229,-9.2261933222854644,-0.71475596337006686,3.2617762385490439,9.8118654463726287,30,27,108,2,24671683.892857216,none,3160,15.800000190734863,9.3575827291179515e-05,0.00099699779519144102,disabled,disabled,0,0,0,0,-1,-1,0,0,0,0,0,0,35,54,1,0,0,0,none,317,1,0,0,0,0,0,0,0,0,0,-1,0
1,1403715909.634058,1403715909634057984,1403715909.634058,1403715909.634058,462,318,ready,1,1,1,1,-0.088979070616639316,-0.67810278066325713,0.082827507226645378,-9.2218405838869248,-0.76070775498074916,3.2525808076774534,9.8081752611575777,30,29,109,2,24551408.635498606,none,3170,15.849999904632568,3.8002419005158545e-05,0.00070365365653085631,disabled,disabled,0,0,0,0,-1,-1,0,0,0,0,0,0,17,60,1,0,0,0,none,318,1,0,0,0,0,0,0,0,0,0,-1,0
1,1403715909.6840582,1403715909684058112,1403715909.6840582,1403715909.6840582,463,319,ready,1,1,1,1,-0.08249108775751933,-0.71823210422618955,0.10184494807337538,-9.2321859917019715,-0.74437461083859269,3.2223583897022308,9.8066786089034039,30,28,110,2,25242751.201599702,none,3180,15.900000095367432,0.00014414427940277549,0.009685101513101077,disabled,disabled,0,0,0,0,-1,-1,0,0,0,0,0,0,72,72,1,0,0,0,none,319,1,0,0,0,0,0,0,0,0,0,-1,0
1,1403715909.7340581,1403715909734058240,1403715909.7340581,1403715909.7340581,464,320,ready,1,1,1,1,-0.10316620672687725,-0.75505397574562094,0.12708366351383985,-9.2285611392449578,-0.72370723324561514,3.2275532599741643,9.8034276100863877,30,28,111,2,27340599.424162172,none,3190,15.950000047683716,0.00024560596892438634,0.0022096563771181179,disabled,disabled,0,0,0,0,-1,-1,0,0,0,0,0,0,72,72,1,0,0,0,none,320,1,0,0,0,0,0,0,0,0,0,38780.277857862719,1
1,1403715909.7840581,1403715909784058112,1403715909.7840581,1403715909.7840581,465,321,ready,1,1,1,1,-0.086642029164966688,-0.79684868041486234,0.14805846679009166,-9.2339978816163431,-0.66201242062178389,3.2104666030365077,9.7985750561990077,30,27,112,2,28129623.730861958,none,3200,16,0.00020419193721261491,0.00046043812430084839,disabled,disabled,0,0,0,0,-1,-1,0,0,0,0,0,0,46,48,1,0,0,0,none,321,1,0,0,0,0,0,0,0,0,0,-1,0
1,1403715909.834058,1403715909834057984,1403715909.834058,1403715909.834058,466,322,ready,1,1,1,1,-0.077176666914237399,-0.83946635993536256,0.19642802174360122,-9.2425623280799556,-0.62364867389066314,3.1991668306058378,9.8004369528576092,30,22,113,2,31081232.042968262,none,3210,16.049999952316284,0.00076415698856764581,0.0025334279182855951,disabled,disabled,0,0,0,0,-1,-1,0,0,0,0,0,0,36,36,1,0,0,0,none,322,1,0,0,0,0,0,0,0,0,0,-1,0
1,1403715909.8840582,1403715909884058112,1403715909.8840582,1403715909.8840582,467,323,ready,1,1,1,1,-0.074694241916512596,-0.86405896506134305,0.22738307027996318,-9.2694956256938159,-0.51025946704484337,3.1342794125316056,9.798347886979986,30,22,114,2,29664923.285551529,none,3220,16.100000143051147,0.0002042628695235245,0.0041521460084569094,disabled,disabled,0,0,0,0,-1,-1,0,0,0,0,0,0,72,72,1,0,0,0,none,323,1,0,0,0,0,0,0,0,0,0,-1,0
1,1403715909.9340582,1403715909934058240,1403715909.9340582,1403715909.9340582,468,324,ready,1,1,1,1,-0.080081581357306017,-0.86482459728947236,0.25882508783790498,-9.3098017312009613,-0.37672678450410124,3.0231111492548459,9.7955873925550865,30,25,115,2,24858734.611956984,none,3230,16.150000095367432,2.1015669482576071e-05,6.0096884552595804e-05,disabled,disabled,0,0,0,0,-1,-1,0,0,0,0,0,0,27,30,1,0,0,0,none,324,1,0,0,0,0,0,0,0,0,0,-1,0
1,1403715909.9840581,1403715909984058112,1403715909.9840581,1403715909.9840581,469,325,ready,1,1,1,1,-0.082954086582638031,-0.86199012399362152,0.2870611664622616,-9.3459956304064491,-0.27018771775917116,2.9067928686839704,9.7913268001755682,30,25,116,2,22992436.022747636,none,3240,16.200000047683716,4.0664069866071908e-05,0.00079561117542370084,disabled,disabled,0,0,0,0,-1,-1,0,0,0,0,0,0,36,36,1,0,0,0,none,325,1,0,0,0,0,0,0,0,0,0,-1,0
1,1403715910.0340581,1403715910034057984,1403715910.0340581,1403715910.0340581,470,326,ready,1,1,1,1,-0.08888544929633535,-0.88226391405212479,0.31245434976629249,-9.3729018588052622,-0.22205064773781924,2.8107829800513007,9.7878034668612948,30,24,117,2,23321936.171065126,none,3250,16.25,0.00017753575204526852,0.0024648814317400256,disabled,disabled,0,0,0,0,-1,-1,0,0,0,0,0,0,72,72,1,0,0,0,none,326,1,0,0,0,0,0,0,0,0,0,-1,0
1,1403715910.0840583,1403715910084058368,1403715910.0840583,1403715910.0840583,471,327,ready_soft_grace_V,1,1,1,1,-0.1052779964999549,-0.89644145967625355,0.33039502615019883,-9.3882019770651279,-0.21484064480025306,2.7547812962815899,9.7863840541422977,30,24,118,2,22799297.154552311,none,3260,16.300000190734863,0.00073598875238680285,0.0023016120269395211,disabled,disabled,0,0,0,0,-1,-1,0,0,0,0,0,0,72,72,1,0,0,0,none,327,1,0,0,0,0,0,0,0,0,0,-1,0
1,1403715910.134058,1403715910134057984,1403715910.134058,1403715910.134058,472,328,ready_soft_grace_V,1,1,1,1,-0.10815768961300244,-0.91643618370296065,0.36255156276791495,-9.3828440020524244,-0.22395304408095287,2.766243811382568,9.7846829972573275,30,22,119,2,22326819.718001049,none,3270,16.349999904632568,0.00040466706126130684,0.0021662344469939522,disabled,disabled,0,0,0,0,-1,-1,0,0,0,0,0,0,48,48,1,0,0,0,none,328,1,0,0,0,0,0,0,0,0,0,-1,0
1,1403715910.1840582,1403715910184058112,1403715910.1840582,1403715910.1840582,473,329,pool_not_mature,1,1,1,1,-0.10113492606987674,-0.90440905520775705,0.38918154258355803,-9.3724575877043641,-0.21686520833280598,2.8006315804926878,9.7843512304881664,30,21,120,2,22935315.037033293,none,3280,16.400000095367432,0.0001549872070833965,0.001363967043041654,disabled,disabled,0,0,0,0,-1,-1,0,0,0,0,0,0,42,42,1,0,0,0,none,329,1,0,0,0,0,0,0,0,0,0,-1,0
1,1403715910.2340581,1403715910234058240,1403715910.2340581,1403715910.2340581,474,330,pool_not_mature,1,1,1,1,-0.092670290018309162,-0.89926118673844524,0.40533772518474032,-9.3533284962810495,-0.25187366616890899,2.8562918197557208,9.782974867730978,30,19,121,2,22084860.899250101,none,3290,16.450000047683716,0.000254000492753979,0.0064000017934793853,disabled,disabled,0,0,0,0,-1,-1,0,0,0,0,0,0,72,72,1,0,0,0,none,330,1,0,0,0,0,0,0,0,0,0,-1,0
1,1403715910.2840581,1403715910284058112,1403715910.2840581,1403715910.2840581,475,331,pool_not_mature,1,1,1,1,-0.070517567129976533,-0.87959783023606086,0.41014426710537255,-9.3518444238845522,-0.24332408845308701,2.8679969951647766,9.7847640495229271,28,18,122,2,21837596.440260302,none,3300,16.5,0.00030746171360866915,0.0041558305663515916,disabled,disabled,0,0,0,0,-1,-1,0,0,0,0,0,0,72,72,1,0,0,0,none,331,1,0,0,0,0,0,0,0,0,0,-1,0
1,1403715910.334058,1403715910334057984,1403715910.334058,1403715910.334058,476,332,thin_observations_state_preserved_not_ready,1,0,0,0,-0.04547345635086511,-0.85630663637854876,0.41884358652635661,-9.3532741986065826,-0.23923808789950612,2.868375073917357,9.7861406418307642,30,11,0,2,21924182.175575074,none,3310,16.549999952316284,4.15449787239515e-05,0.00018454057697859025,disabled,disabled,0,0,0,0,-1,-1,0,0,0,0,0,0,36,42,1,0,0,0,none,332,1,0,0,0,0,0,0,0,0,0,-1,0
1,1403715910.3840582,1403715910384058112,1403715910.3840582,1403715910.3840582,477,333,thin_observations_state_preserved_not_ready,1,0,0,0,-0.049270129658794959,-0.83075821315095877,0.4197132157559566,-9.3697645431878822,-0.23987863924669844,2.833499099141561,9.7917693243449992,30,14,0,2,21459009.321354225,none,3320,16.600000143051147,0.00051444293490322064,0.0029060652124793538,disabled,disabled,0,0,0,0,-1,-1,0,0,0,0,0,0,72,72,1,0,0,0,none,333,1,0,0,0,0,0,0,0,0,0,-1,0
1,1403715910.4340582,1403715910434058240,1403715910.4340582,1403715910.4340582,478,334,pool_not_mature,1,0,0,0,-0.048815156370969268,-0.79054670617077571,0.43738539290519646,-9.4053243702246938,-0.23283096418943927,2.7520387938191475,9.8024514428643545,22,21,1,2,10664410.026999008,none,3330,16.650000095367432,3.9214897865200335e-05,0.00066377706865125227,disabled,disabled,0,0,0,0,-1,-1,0,0,0,0,0,0,15,30,1,0,0,0,none,334,1,0,0,0,0,0,0,0,0,0,-1,0
1,1403715910.4840581,1403715910484058112,1403715910.4840581,1403715910.4840581,479,335,pool_not_mature,1,0,0,0,-0.063998356798395023,-0.76180646969898347,0.42722043919254876,-9.4412431165620756,-0.24241808482043872,2.6574871405339984,9.8111200184271699,21,21,2,3,11454541.080625828,none,3340,16.700000047683716,1.2230474187136341e-05,0.00042158920131982506,disabled,disabled,0,0,0,0,-1,-1,0,0,0,0,0,0,19,30,1,0,0,0,none,335,1,0,0,0,0,0,0,0,0,0,-1,0
1,1403715910.5340581,1403715910534057984,1403715910.5340581,1403715910.5340581,480,336,pool_not_mature,1,0,0,0,-0.071248531870912291,-0.73640278802525749,0.40129589399750953,-9.4748597898581934,-0.25295115766405818,2.5656053584306395,9.8193321148051229,21,21,3,3,12866461.323980032,none,3350,16.75,0.00082536251162904876,0.0053806441490903941,disabled,disabled,0,0,0,0,-1,-1,0,0,0,0,0,0,72,72,1,0,0,0,none,336,1,0,0,0,0,0,0,0,0,0,-1,0
1,1403715910.5840583,1403715910584058368,1403715910.5840583,1403715910.5840583,481,337,confirming_observer_health,1,0,0,0,-0.069105040437914808,-0.72238916926812935,0.38292750838814738,-9.493083291011521,-0.26288608234534871,2.5037009160444055,9.8212146773896869,27,23,4,2,14518320.07104921,none,3360,16.800000190734863,0.00042042370477854342,0.0068603207772181688,disabled,disabled,0,0,0,0,-1,-1,0,0,0,0,0,0,72,72,1,0,0,0,none,337,1,0,0,0,0,0,0,0,0,0,-1,0
1,1403715910.634058,1403715910634057984,1403715910.634058,1403715910.634058,482,338,confirming_observer_health,1,0,0,0,-0.051809684891786639,-0.71649198773902867,0.35345388390206078,-9.4989057628447782,-0.25729312806154125,2.4838822505916194,9.821663885511331,27,23,5,2,17048922.181337908,none,3370,16.849999904632568,0.00018516545197053366,0.0038317019418652606,disabled,disabled,0,0,0,0,-1,-1,0,0,0,0,0,0,72,72,1,0,0,0,none,338,1,0,0,0,0,0,0,0,0,0,-1,0
1,1403715910.6840582,1403715910684058112,1403715910.6840582,1403715910.6840582,483,339,confirming_observer_health,1,0,0,0,-0.047701216845071094,-0.70750871324644826,0.32335338472224112,-9.5014999488255789,-0.25215028468772954,2.4809733406416035,9.8233044216584755,25,24,6,2,15680230.309369307,none,3380,16.900000095367432,0.00016768945240397482,0.004199966739582086,disabled,disabled,0,0,0,0,-1,-1,0,0,0,0,0,0,72,72,1,0,0,0,none,339,1,0,0,0,0,0,0,0,0,0,-1,0
1,1403715910.7340581,1403715910734058240,1403715910.7340581,1403715910.7340581,484,340,confirming_observer_health,1,0,0,0,-0.040122986134721657,-0.70726413558706813,0.31224905554192478,-9.5023092764844499,-0.21765166210453407,2.5049795194956159,9.8293527877003051,30,28,7,2,17696384.719854392,none,3390,16.950000047683716,3.4436011061225732e-06,4.1383796269680536e-05,disabled,disabled,0,0,0,0,-1,-1,0,0,0,0,0,0,5,12,1,0,0,0,none,340,1,0,0,0,0,0,0,0,0,0,0.99999499998523511,1
1,1403715910.7840581,1403715910784058112,1403715910.7840581,1403715910.7840581,485,341,confirming_observer_health,1,0,0,0,-0.032183140696909043,-0.70534583359967773,0.28607117285515382,-9.5104017858000969,-0.2142359701254484,2.5067854334179294,9.8375613028555797,29,28,8,2,19344929.791110639,none,3400,17,0.00032128714991386725,0.0084573725190798463,disabled,disabled,0,0,0,0,-1,-1,0,0,0,0,0,0,72,72,1,0,0,0,none,341,1,0,0,0,0,0,0,0,0,0,-1,0
1,1403715910.834058,1403715910834057984,1403715910.834058,1403715910.834058,486,342,confirming_observer_health,1,0,0,0,-0.0338540476805348,-0.70609594474926263,0.25130467238841031,-9.519869046905951,-0.19958431505343646,2.4930743378357185,9.8429243735298684,30,29,9,2,20481912.178930007,none,3410,17.049999952316284,0.00040060257244765857,0.0070381047526077763,disabled,disabled,0,0,0,0,-1,-1,0,0,0,0,0,0,72,72,1,0,0,0,none,342,1,0,0,0,0,0,0,0,0,0,-1,0
1,1403715910.8840582,1403715910884058112,1403715910.8840582,1403715910.8840582,487,343,confirming_observer_health,1,0,0,0,-0.048446580799309989,-0.71015988497524885,0.21525330761604691,-9.5263143404095221,-0.18279751491345042,2.4903595163598116,9.8481455292087627,30,29,10,2,22650647.478846982,none,3420,17.100000143051147,0.00028055173928425066,0.0035701476340032376,disabled,disabled,0,0,0,0,-1,-1,0,0,0,0,0,0,72,72,1,0,0,0,none,343,1,0,0,0,0,0,0,0,0,0,-1,0
1,1403715910.9340582,1403715910934058240,1403715910.9340582,1403715910.9340582,488,344,confirming_observer_health,1,0,0,0,-0.070460762456279122,-0.72052699169157119,0.18110682356594329,-9.528439089879976,-0.16023820563909033,2.4957382995094619,9.8511693433692216,30,27,11,2,24298588.810052752,none,3430,17.150000095367432,0.00017044884536554673,0.0048898326345806339,disabled,disabled,0,0,0,0,-1,-1,0,0,0,0,0,0,72,72,1,0,0,0,none,344,1,0,0,0,0,0,0,0,0,0,-1,0
1,1403715910.9840581,1403715910984058112,1403715910.9840581,1403715910.9840581,489,345,confirming_observer_health,1,0,0,0,-0.070471196391403909,-0.72350958205157379,0.1521039979122881,-9.523499457216511,-0.12097949083345105,2.5277674073092244,9.8539984784989834,30,26,12,2,26909866.608917922,none,3440,17.200000047683716,0.00072212851591037719,0.0022976697684561282,disabled,disabled,0,0,0,0,-1,-1,0,0,0,0,0,0,72,72,1,0,0,0,none,345,1,0,0,0,0,0,0,0,0,0,-1,0
1,1403715911.0340581,1403715911034057984,1403715911.0340581,1403715911.0340581,490,346,confirming_observer_health,1,0,0,0,-0.07171920707080616,-0.73085192927121945,0.12543978847556403,-9.52781311464501,-0.084464874744912474,2.5149898860606625,9.8545183134263112,30,29,13,2,26479306.011866655,none,3450,17.25,0.00028746616172062913,0.00612425303428084,disabled,disabled,0,0,0,0,-1,-1,0,0,0,0,0,0,69,72,1,0,0,0,none,346,1,0,0,0,0,0,0,0,0,0,-1,0
1,1403715911.0840583,1403715911084058368,1403715911.0840583,1403715911.0840583,491,347,confirming_observer_health,1,0,0,0,-0.06709620848652352,-0.72516483677666532,0.10340183818886534,-9.5431431141675613,-0.046352479549528862,2.4575660525675613,9.8546111010316704,30,26,14,2,28032933.601832479,none,3460,17.300000190734863,5.709435246451308e-05,0.001553071482357424,disabled,disabled,0,0,0,0,-1,-1,0,0,0,0,0,0,35,42,1,0,0,0,none,347,1,0,0,0,0,0,0,0,0,0,-1,0
1,1403715911.134058,1403715911134057984,1403715911.134058,1403715911.134058,492,348,confirming_observer_health,1,0,0,0,-0.087138997189865522,-0.71278729568599697,0.079010116174995454,-9.5647459730518207,-0.014138938185802228,2.3799023757533622,9.8563939022697618,30,26,15,2,30785617.825189181,none,3470,17.349999904632568,0.0021470287981623362,0.011118853842456795,disabled,disabled,0,0,0,0,-1,-1,0,0,0,0,0,0,72,72,1,0,0,0,none,348,1,0,0,0,0,0,0,0,0,0,-1,0
1,1403715911.1840582,1403715911184058112,1403715911.1840582,1403715911.1840582,493,349,confirming_observer_health,1,0,0,0,-0.096641821468099215,-0.71797509915807145,0.06270405656459721,-9.5781715829944396,0.0082704797723042265,2.3189399117507516,9.854893281432755,30,28,16,2,29186538.556125171,none,3480,17.400000095367432,0.0024682317393677402,0.0069807602342538272,disabled,disabled,0,0,0,0,-1,-1,0,0,0,0,0,0,72,72,1,0,0,0,none,349,1,0,0,0,0,0,0,0,0,0,-1,0
1,1403715911.2340581,1403715911234058240,1403715911.2340581,1403715911.2340581,494,350,confirming_observer_health,1,0,0,0,-0.095274199975589974,-0.71036100261949098,0.030037535443051749,-9.5873430059235538,0.023457763737342582,2.2770386386989578,9.8540652089398542,30,27,17,2,31949331.63808557,none,3490,17.450000047683716,0.0007141806386559773,0.0042669176707721638,disabled,disabled,0,0,0,0,-1,-1,0,0,0,0,0,0,72,72,1,0,0,0,none,350,1,0,0,0,0,0,0,0,0,0,-1,0
1,1403715911.2840581,1403715911284058112,1403715911.2840581,1403715911.2840581,495,351,confirming_observer_health,1,0,0,0,-0.11530123883570359,-0.70982579095708098,0.014589310709153123,-9.58487180125673,0.02242496320945218,2.2844161098746074,9.8533662922148597,30,26,18,2,32569955.61420235,none,3500,17.5,0.00020921574820984435,0.0028823525713680995,disabled,disabled,0,0,0,0,-1,-1,0,0,0,0,0,0,47,54,1,0,0,0,none,351,1,0,0,0,0,0,0,0,0,0,-1,0
1,1403715911.334058,1403715911334057984,1403715911.334058,1403715911.334058,496,352,confirming_observer_health,1,0,0,0,-0.12028634438492798,-0.70880669435927246,-0.024779057494951712,-9.5772646790171141,0.045690347759182667,2.3136584520010879,9.8528727674898562,30,26,19,2,33529354.64449133,none,3510,17.549999952316284,0.00032345713629228478,0.0020189549093093426,disabled,disabled,0,0,0,0,-1,-1,0,0,0,0,0,0,60,60,1,0,0,0,none,352,1,0,0,0,0,0,0,0,0,0,-1,0
1,1403715911.3840582,1403715911384058112,1403715911.3840582,1403715911.3840582,497,353,confirming_observer_health,1,1,1,1,-0.14493464132027817,-0.71212957103810426,-0.055995897765098751,-9.5666026750619402,0.076069783743078587,2.3493865669964928,9.8511568150996638,30,27,20,2,33295042.093714029,none,3520,17.600000143051147,0.00099879933135833127,0.0058339304773340215,disabled,disabled,0,0,0,0,-1,-1,0,0,0,0,0,0,72,72,1,0,0,0,none,353,1,0,0,0,0,0,0,0,0,0,-1,0
1,1403715911.4340582,1403715911434058240,1403715911.4340582,1403715911.4340582,498,354,pool_not_mature,1,1,1,1,-0.16127905995613598,-0.71034367420929989,-0.076736845231316908,-9.5494277824589737,0.097233905253164055,2.4051385630603388,9.8481326611825271,30,18,21,2,35833586.662309855,none,3530,17.650000095367432,0.00076981585384494405,0.008391012409404406,disabled,disabled,0,0,0,0,-1,-1,0,0,0,0,0,0,72,72,1,0,0,0,none,354,1,0,0,0,0,0,0,0,0,0,-1,0
1,1403715911.4840581,1403715911484058112,1403715911.4840581,1403715911.4840581,499,355,pool_not_mature,1,1,1,1,-0.18438940280785709,-0.70301088058410965,-0.11477915440315721,-9.518041636440719,0.14569877501526982,2.4945925016137251,9.8405963475374545,30,20,22,2,35232522.807607345,none,3540,17.700000047683716,0.0016372505549640314,0.0081596464663328729,disabled,disabled,0,0,0,0,-1,-1,0,0,0,0,0,0,72,72,1,0,0,0,none,355,1,0,0,0,0,0,0,0,0,0,-1,0
1,1403715911.5340581,1403715911534057984,1403715911.5340581,1403715911.5340581,500,356,confirming_observer_health,1,1,1,1,-0.19658967717451184,-0.71720135386006545,-0.13903040241248393,-9.4847188819340005,0.17951255544372099,2.5989249502645753,9.8359812893267033,30,29,23,2,19075206.51090616,none,3550,17.75,0.00028077487721615808,0.0026115263638820229,disabled,disabled,0,0,0,0,-1,-1,0,0,0,0,0,0,72,72,1,0,0,0,none,356,1,0,0,0,0,0,0,0,0,0,-1,0
1,1403715911.5840583,1403715911584058368,1403715911.5840583,1403715911.5840583,501,357,confirming_observer_health,1,1,1,1,-0.19605757958734377,-0.73128259021310893,-0.16512266414404356,-9.4357402832129473,0.18500052742063106,2.7440684382202951,9.8283941455880885,30,28,24,2,21704548.809049759,none,3560,17.800000190734863,7.3408011067557609e-05,0.00078724065472062454,disabled,disabled,0,0,0,0,-1,-1,0,0,0,0,0,0,39,48,1,0,0,0,none,357,1,0,0,0,0,0,0,0,0,0,-1,0
1,1403715911.634058,1403715911634057984,1403715911.634058,1403715911.634058,502,358,confirming_observer_health,1,1,1,1,-0.19685226538894995,-0.74291334230489503,-0.18055252609998323,-9.3933020233676636,0.15214843942154513,2.8661244545017892,9.8220131051895176,30,25,25,2,22629927.39573621,none,3570,17.849999904632568,0.00048629823644218357,0.0025438092629086703,disabled,disabled,0,0,0,0,-1,-1,0,0,0,0,0,0,72,72,1,0,0,0,none,358,1,0,0,0,0,0,0,0,0,0,-1,0
1,1403715911.6840582,1403715911684058112,1403715911.6840582,1403715911.6840582,503,359,confirming_observer_health,1,1,1,1,-0.15961274886561266,-0.75593772482999488,-0.18552275762876549,-9.3524783679750705,0.085477350487645321,2.9953730581605935,9.8208155342844297,30,23,26,2,23668702.427221633,none,3580,17.900000095367432,0.00066787349996156437,0.0058847167631379798,disabled,disabled,0,0,0,0,-1,-1,0,0,0,0,0,0,72,72,1,0,0,0,none,359,1,0,0,0,0,0,0,0,0,0,-1,0
1,1403715911.7340581,1403715911734058240,1403715911.7340581,1403715911.7340581,504,360,confirming_observer_health,1,1,1,1,-0.10409459014946201,-0.76774806639009485,-0.18605546436670836,-9.3268046577336037,-0.026520910592883497,3.074719364245023,9.8205848935327289,30,27,27,2,21033747.050210845,none,3590,17.950000047683716,0.00054431293419163966,0.0060611889245910534,disabled,disabled,0,0,0,0,-1,-1,0,0,0,0,0,0,72,72,1,0,0,0,none,360,1,0,0,0,0,0,0,0,0,0,0.99999499998821684,1
1,1403715911.7840581,1403715911784058112,1403715911.7840581,1403715911.7840581,505,361,confirming_observer_health,1,1,1,1,-0.025006488453527535,-0.77807761622226512,-0.19669965701041311,-9.3033155612548377,-0.12798007009732915,3.1341844527563381,9.8179005655245906,30,26,28,2,20666829.149870697,none,3600,18,3.2780101043868213e-05,0.0013356758030481789,disabled,disabled,0,0,0,0,-1,-1,0,0,0,0,0,0,72,72,1,0,0,0,none,361,1,0,0,0,0,0,0,0,0,0,-1,0
1,1403715911.834058,1403715911834057984,1403715911.834058,1403715911.834058,506,362,confirming_observer_health,1,1,1,1,0.046673462201601082,-0.79179497255589382,-0.21109193366607609,-9.2870482060210406,-0.17649989531340188,3.1766200996017906,9.816890131360255,30,26,29,2,23211101.485633522,none,3610,18.049999952316284,0.00019690172348067102,0.0053716375445172129,disabled,disabled,0,0,0,0,-1,-1,0,0,0,0,0,0,72,72,1,0,0,0,none,362,1,0,0,0,0,0,0,0,0,0,-1,0
1,1403715911.8840582,1403715911884058112,1403715911.8840582,1403715911.8840582,507,363,confirming_observer_health,1,1,1,1,0.11410405707897338,-0.8049711124243607,-0.21454675058781703,-9.2804869756311614,-0.21959580206984891,3.1897872087278718,9.8158241252637719,30,29,30,2,20709060.571997706,none,3620,18.100000143051147,0.00055536891555723548,0.0039259724470329183,disabled,disabled,0,0,0,0,-1,-1,0,0,0,0,0,0,72,72,1,0,0,0,none,363,1,0,0,0,0,0,0,0,0,0,-1,0
1,1403715911.9340582,1403715911934058240,1403715911.9340582,1403715911.9340582,508,364,confirming_observer_health,1,1,1,1,0.17825117332096876,-0.80969232162357163,-0.21444537990655416,-9.2725973181361194,-0.23475507877296864,3.2050623093877295,9.8136942778126439,30,29,31,2,22909092.829216573,none,3630,18.150000095367432,0.0011495391929595309,0.014409136802545878,disabled,disabled,0,0,0,0,-1,-1,0,0,0,0,0,0,72,72,1,0,0,0,none,364,1,0,0,0,0,0,0,0,0,0,-1,0
1,1403715911.9840581,1403715911984058112,1403715911.9840581,1403715911.9840581,509,365,confirming_observer_health,1,1,1,1,0.24836775724988189,-0.82041776497855157,-0.21755877231617399,-9.2699079502978368,-0.2225959767612409,3.2037517023019855,9.8104417508014485,30,29,32,2,23770355.46275657,none,3640,18.200000047683716,0.00028945167458633127,0.0028954708119055925,disabled,disabled,0,0,0,0,-1,-1,0,0,0,0,0,0,72,72,1,0,0,0,none,365,1,0,0,0,0,0,0,0,0,0,-1,0
1,1403715912.0340581,1403715912034057984,1403715912.0340581,1403715912.0340581,510,366,confirming_observer_health,1,1,1,1,0.28824693019650005,-0.82471936148050817,-0.22139274006616083,-9.2630982905583767,-0.19722922604007506,3.2172991710387144,9.8079000435422614,30,29,33,2,25779804.398191657,none,3650,18.25,0.00061473398892371723,0.0047369504351874253,disabled,disabled,0,0,0,0,-1,-1,0,0,0,0,0,0,72,72,1,0,0,0,none,366,1,0,0,0,0,0,0,0,0,0,-1,0
1,1403715912.0840583,1403715912084058368,1403715912.0840583,1403715912.0840583,511,367,confirming_observer_health,1,1,1,1,0.30511126560241569,-0.83769716936416316,-0.2093494436914575,-9.2570114803550112,-0.14770999880290187,3.2256861439688844,9.804036459059283,30,29,34,2,26792493.409054562,none,3660,18.300000190734863,0.00088914872658410417,0.0042041477706680945,disabled,disabled,0,0,0,0,-1,-1,0,0,0,0,0,0,72,72,1,0,0,0,none,367,1,0,0,0,0,0,0,0,0,0,-1,0
1,1403715912.134058,1403715912134057984,1403715912.134058,1403715912.134058,512,368,confirming_observer_health,1,1,1,1,0.30075917815834269,-0.83654423638572128,-0.18960599860631863,-9.2586500933217994,-0.066521520968670408,3.2173286699213994,9.8019503382550326,30,29,35,2,28839839.465869959,none,3670,18.349999904632568,0.00070482387805958049,0.018432346542209804,disabled,disabled,0,0,0,0,-1,-1,0,0,0,0,0,0,72,72,1,0,0,0,none,368,1,0,0,0,0,0,0,0,0,0,-1,0
1,1403715912.1840582,1403715912184058112,1403715912.1840582,1403715912.1840582,513,369,confirming_observer_health,1,1,1,1,0.29304950640794425,-0.82949838689725575,-0.1722497274701216,-9.2582339992669738,-0.014164864770595835,3.2218509896752803,9.8028272058752766,30,29,36,2,29198496.803649567,none,3680,18.400000095367432,1.6236287561595709e-05,0.00027725426315860114,disabled,disabled,0,0,0,0,-1,-1,0,0,0,0,0,0,15,36,1,0,0,0,none,369,1,0,0,0,0,0,0,0,0,0,-1,0
1,1403715912.2340581,1403715912234058240,1403715912.2340581,1403715912.2340581,514,370,confirming_observer_health,1,1,1,1,0.28095736799778104,-0.8243622031050355,-0.14589036436096223,-9.2603482011552121,0.052113745436698618,3.2182036009088706,9.8037543352536556,30,27,37,2,31546233.710242264,none,3690,18.450000047683716,0.00041500361172099065,0.0075227197706793387,disabled,disabled,0,0,0,0,-1,-1,0,0,0,0,0,0,72,72,1,0,0,0,none,370,1,0,0,0,0,0,0,0,0,0,-1,0
1,1403715912.2840581,1403715912284058112,1403715912.2840581,1403715912.2840581,515,371,confirming_observer_health,1,1,1,1,0.27459167421892472,-0.81167640128359064,-0.12252014243546368,-9.2633521521689932,0.092915493461292048,3.2085314858932072,9.80372381699868,30,26,38,2,32492660.319040976,none,3700,18.5,0.00016732466532804859,0.0006833129393777293,disabled,disabled,0,0,0,0,-1,-1,0,0,0,0,0,0,53,66,1,0,0,0,none,371,1,0,0,0,0,0,0,0,0,0,-1,0
1,1403715912.334058,1403715912334057984,1403715912.334058,1403715912.334058,516,372,confirming_observer_health,1,1,1,1,0.25985016410268169,-0.79889757521082971,-0.098537600343374263,-9.2645911752158323,0.12659475675540299,3.196874253174312,9.8014632003050366,30,27,39,2,31764879.029708583,none,3710,18.549999952316284,0.00043123686584563574,0.0069580697760603357,disabled,disabled,0,0,0,0,-1,-1,0,0,0,0,0,0,72,72,1,0,0,0,none,372,1,0,0,0,0,0,0,0,0,0,-1,0
1,1403715912.3840582,1403715912384058112,1403715912.3840582,1403715912.3840582,517,373,confirming_observer_health,1,1,1,1,0.26700581168364496,-0.79425835346029838,-0.086307093623516101,-9.2626196469914071,0.13690002740501475,3.1972987916802809,9.7998767291030191,30,29,40,2,31528046.767405063,none,3720,18.600000143051147,3.709422387974018e-05,0.00092583785451095927,disabled,disabled,0,0,0,0,-1,-1,0,0,0,0,0,0,67,72,1,0,0,0,none,373,1,0,0,0,0,0,0,0,0,0,-1,0
1,1403715912.4340582,1403715912434058240,1403715912.4340582,1403715912.4340582,518,374,confirming_observer_health,1,1,1,1,0.25813653411944015,-0.78952071501922094,-0.073803458047160791,-9.2581170041009724,0.15291333466573395,3.2135061871932322,9.8011598785384244,30,30,41,2,32438395.980756279,none,3730,18.650000095367432,0.0019848688259393342,0.0058962728523726032,disabled,disabled,0,0,0,0,-1,-1,0,0,0,0,0,0,72,72,1,0,0,0,none,374,1,0,0,0,0,0,0,0,0,0,-1,0
1,1403715912.4840581,1403715912484058112,1403715912.4840581,1403715912.4840581,519,375,ready,1,1,1,1,0.24614226759133898,-0.77779360217404547,-0.064947403386288974,-9.2601124829022297,0.16519567279560751,3.2100614442646158,9.8021154493438978,30,28,42,2,34637336.691463858,none,3740,18.700000047683716,0.00086311148673738635,0.0053170694884717403,disabled,disabled,0,0,0,0,-1,-1,0,0,0,0,0,0,72,72,1,0,0,0,none,375,1,0,0,0,0,0,0,0,0,0,-1,0
1,1403715912.5340581,1403715912534057984,1403715912.5340581,1403715912.5340581,520,376,ready,1,1,1,1,0.24444380706289567,-0.77225673180724752,-0.057634169954092457,-9.2596229821251441,0.17657583941444105,3.2100512890996069,9.801848094967351,30,25,43,2,37134557.976798885,none,3750,18.75,0.0033390434505104409,0.011401132894305319,disabled,disabled,0,0,0,0,-1,-1,0,0,0,0,0,0,72,72,1,0,0,0,none,376,1,0,0,0,0,0,0,0,0,0,-1,0
1,1403715912.5840583,1403715912584058368,1403715912.5840583,1403715912.5840583,521,377,ready,1,1,1,1,0.25027981772392194,-0.77285193586379708,-0.030460546146435095,-9.2523988685111522,0.19711697028423023,3.2302767013952276,9.8020624100021578,30,25,44,2,36450394.468412794,none,3760,18.800000190734863,4.9235926379190398e-05,0.001881886428572445,disabled,disabled,0,0,0,0,-1,-1,0,0,0,0,0,0,72,72,1,0,0,0,none,377,1,0,0,0,0,0,0,0,0,0,-1,0
1,1403715912.634058,1403715912634057984,1403715912.634058,1403715912.634058,522,378,ready,1,1,1,1,0.24865231695047479,-0.75701891442330205,-0.010153548191670142,-9.2479950599076766,0.21497854110855127,3.2397893706758212,9.8014215074935933,30,26,45,2,34800194.359237835,none,3770,18.849999904632568,0.0010287162076151014,0.0035046044682448827,disabled,disabled,0,0,0,0,-1,-1,0,0,0,0,0,0,72,72,1,0,0,0,none,378,1,0,0,0,0,0,0,0,0,0,-1,0
1,1403715912.6840582,1403715912684058112,1403715912.6840582,1403715912.6840582,523,379,ready,1,1,1,1,0.26748728879210842,-0.7548730318277086,0.019093423617622327,-9.2469843942752856,0.20467242487397685,3.2467111602195087,9.8025376585539519,30,27,46,2,33243531.40059353,none,3780,18.900000095367432,0.00067713956233419158,0.0032186981681948828,disabled,disabled,0,0,0,0,-1,-1,0,0,0,0,0,0,72,72,1,0,0,0,none,379,1,0,0,0,0,0,0,0,0,0,-1,0
1,1403715912.7340581,1403715912734058240,1403715912.7340581,1403715912.7340581,524,380,ready,1,1,1,1,0.27043366797180235,-0.74653583204492713,0.038322318638778434,-9.2557483820678073,0.22650682521672827,3.2343226312557434,9.8071925818285877,30,25,47,2,32574356.756392337,none,3790,18.950000047683716,0.00054021017936751222,0.0045402222694301006,disabled,disabled,0,0,0,0,-1,-1,0,0,0,0,0,0,72,72,1,0,0,0,none,380,1,0,0,0,0,0,0,0,0,0,0.99999500000012598,1
1,1403715912.7840581,1403715912784058112,1403715912.7840581,1403715912.7840581,525,381,ready,1,1,1,1,0.27478999084425559,-0.72951425549417248,0.044989912747457464,-9.2652207110398663,0.24118459720812038,3.2203466938515519,9.8118865496301559,30,25,48,2,33213311.031103291,none,3800,19,0.00027171584329099027,0.005319572322320631,disabled,disabled,0,0,0,0,-1,-1,0,0,0,0,0,0,72,72,1,0,0,0,none,381,1,0,0,0,0,0,0,0,0,0,-1,0
1,1403715912.834058,1403715912834057984,1403715912.834058,1403715912.834058,526,382,ready,1,1,1,1,0.2399556693960524,-0.71699142451827391,0.072391005499889527,-9.2755608051245133,0.23364387660031366,3.2152984742701736,9.8198147634911646,30,24,49,2,29144690.448194299,none,3810,19.049999952316284,0.00027165189544780068,0.0022574235534496721,disabled,disabled,0,0,0,0,-1,-1,0,0,0,0,0,0,72,72,1,0,0,0,none,382,1,0,0,0,0,0,0,0,0,0,-1,0
1,1403715912.8840582,1403715912884058112,1403715912.8840582,1403715912.8840582,527,383,ready,1,1,1,1,0.18251251796779827,-0.70608599455195264,0.1067334602310604,-9.2858672182117115,0.23694242093871004,3.1971653024753874,9.8237130290156447,30,23,50,2,28992820.379575629,none,3820,19.100000143051147,0.00011482556698775618,0.0054342853831456086,disabled,disabled,0,0,0,0,-1,-1,0,0,0,0,0,0,72,72,1,0,0,0,none,383,1,0,0,0,0,0,0,0,0,0,-1,0
1,1403715912.9340582,1403715912934058240,1403715912.9340582,1403715912.9340582,528,384,ready,1,1,1,1,0.12105978325819357,-0.68732323201650114,0.13621586599393598,-9.2886335605846941,0.22206394670414481,3.1969853789696208,9.8259219075154274,30,23,51,2,27696680.827069983,none,3830,19.150000095367432,9.1806690996699972e-05,0.0016814939680951442,disabled,disabled,0,0,0,0,-1,-1,0,0,0,0,0,0,42,66,1,0,0,0,none,384,1,0,0,0,0,0,0,0,0,0,-1,0
1,1403715912.9840581,1403715912984058112,1403715912.9840581,1403715912.9840581,529,385,ready,1,1,1,1,0.048960276297690855,-0.67678874994262861,0.17354770315824422,-9.2912338346870129,0.21068543538955314,3.1883061337052521,9.8253096910855984,30,23,52,2,27971631.858059552,none,3840,19.200000047683716,0.00024654782162292183,0.00050595841908103369,disabled,disabled,0,0,0,0,-1,-1,0,0,0,0,0,0,48,48,1,0,0,0,none,385,1,0,0,0,0,0,0,0,0,0,-1,0
1,1403715913.0340581,1403715913034057984,1403715913.0340581,1403715913.0340581,530,386,pool_not_mature,1,1,1,1,-0.013416911424096947,-0.66673609643893583,0.21602957289967537,-9.2927181048335683,0.22609111968974424,3.1845080045543437,9.8258240469374805,30,21,53,2,26581430.879188612,none,3850,19.25,0.0015607647782129451,0.003636734261636688,disabled,disabled,0,0,0,0,-1,-1,0,0,0,0,0,0,60,60,1,0,0,0,none,386,1,0,0,0,0,0,0,0,0,0,-1,0
1,1403715913.0840583,1403715913084058368,1403715913.0840583,1403715913.0840583,531,387,confirming_observer_health,1,1,1,1,-0.058098630755191123,-0.65255753860833432,0.26556944700614155,-9.2948255700733711,0.20704847591877981,3.1828900096818353,9.8268733716886008,30,21,54,2,26072943.028938673,none,3860,19.300000190734863,0.00017100447379432638,0.0013914447001564488,disabled,disabled,0,0,0,0,-1,-1,0,0,0,0,0,0,55,60,1,0,0,0,none,387,1,0,0,0,0,0,0,0,0,0,-1,0
1,1403715913.134058,1403715913134057984,1403715913.134058,1403715913.134058,532,388,pool_not_mature,1,1,1,1,-0.083802613797690814,-0.65145312809917844,0.28731193992685911,-9.2953891459868885,0.18198703068984187,3.1735040838738984,9.823874328646232,26,18,55,2,17898132.251165878,none,3870,19.349999904632568,0.00013116484672314239,0.0044050944290796312,disabled,disabled,0,0,0,0,-1,-1,0,0,0,0,0,0,72,72,1,0,0,0,none,388,1,0,0,0,0,0,0,0,0,0,-1,0
1,1403715913.1840582,1403715913184058112,1403715913.1840582,1403715913.1840582,533,389,pool_not_mature,1,1,1,1,-0.088950942203538025,-0.62842127397663694,0.29601534712122374,-9.302814389941183,0.17302162670413612,3.1360177815197945,9.818701522248876,24,18,56,2,18746892.872197643,none,3880,19.400000095367432,4.4852546847929851e-05,0.00099124899117662832,disabled,disabled,0,0,0,0,-1,-1,0,0,0,0,0,0,14,30,1,0,0,0,none,389,1,0,0,0,0,0,0,0,0,0,-1,0
1,1403715913.2340581,1403715913234058240,1403715913.2340581,1403715913.2340581,534,390,confirming_observer_health,1,1,1,1,-0.064475762050708971,-0.61377164909429727,0.302967603698101,-9.3244393758721014,0.15301896731513587,3.0529557747835052,9.8127021478008931,21,20,57,2,15515240.79957406,none,3890,19.450000047683716,1.9860875902066219e-05,0.00032947063012926181,disabled,disabled,0,0,0,0,-1,-1,0,0,0,0,0,0,24,36,1,0,0,0,none,390,1,0,0,0,0,0,0,0,0,0,-1,0
1,1403715913.2840581,1403715913284058112,1403715913.2840581,1403715913.2840581,535,391,confirming_observer_health,1,1,1,1,-0.055634675164515743,-0.58901192537340163,0.30576652270679161,-9.3482781669325288,0.072450918619602289,2.9665256100149149,9.8079471866864463,21,19,58,2,17369304.895562004,none,3900,19.5,8.2951308724711949e-06,0.00011123605026503349,disabled,disabled,0,0,0,0,-1,-1,0,0,0,0,0,0,25,42,1,0,0,0,none,391,1,0,0,0,0,0,0,0,0,0,-1,0
1,1403715913.334058,1403715913334057984,1403715913.334058,1403715913.334058,536,392,confirming_observer_health,1,1,1,1,-0.030665490677296323,-0.56555137532701627,0.30428003448055635,-9.3722349841396682,-0.061036094203641589,2.8756859827468753,9.8036770588434816,26,25,59,2,18164675.0733689,none,3910,19.549999952316284,0.00035886514109151758,0.00089168627101337368,disabled,disabled,0,0,0,0,-1,-1,0,0,0,0,0,0,46,72,1,0,0,0,none,392,1,0,0,0,0,0,0,0,0,0,-1,0
1,1403715913.3840582,1403715913384058112,1403715913.3840582,1403715913.3840582,537,393,confirming_observer_health,1,1,1,1,-0.027275864504393673,-0.5634863862106787,0.29208855617437451,-9.387436201292223,-0.22920158249257983,2.8109536970021392,9.801936160036897,29,28,60,2,19333529.799048584,none,3920,19.600000143051147,0.00018948267636206636,0.00280210423234609,disabled,disabled,0,0,0,0,-1,-1,0,0,0,0,0,0,72,72,1,0,0,0,none,393,1,0,0,0,0,0,0,0,0,0,-1,0
1,1403715913.4340582,1403715913434058240,1403715913.4340582,1403715913.4340582,538,394,confirming_observer_health,1,1,1,1,-0.0083806676341877055,-0.56260325886213225,0.26188383158623352,-9.4054246186767703,-0.3768804893497098,2.7306772075306713,9.8010534725911516,30,26,61,2,22118599.659906402,none,3930,19.650000095367432,0.00020426680417987234,0.0079718443246543577,disabled,disabled,0,0,0,0,-1,-1,0,0,0,0,0,0,72,72,1,0,0,0,none,394,1,0,0,0,0,0,0,0,0,0,-1,0
1,1403715913.4840581,1403715913484058112,1403715913.4840581,1403715913.4840581,539,395,confirming_observer_health,1,1,1,1,-0.00333996423735198,-0.56929898218046338,0.22633312695302601,-9.4269982324559134,-0.51448401983689429,2.6340308736007008,9.8015870207061919,29,26,62,2,23277895.532386005,none,3940,19.700000047683716,0.00022984093793129546,0.0039964333699494753,disabled,disabled,0,0,0,0,-1,-1,0,0,0,0,0,0,72,72,1,0,0,0,none,395,1,0,0,0,0,0,0,0,0,0,-1,0
1,1403715913.5340581,1403715913534057984,1403715913.5340581,1403715913.5340581,540,396,confirming_observer_health,1,1,1,1,-0.0046163859693093782,-0.59111288544846385,0.17877003091614055,-9.4394452920404621,-0.68302874530118385,2.5464573815737452,9.8007194064774641,30,30,63,2,22602744.321068872,none,3950,19.75,0.0005814624814927396,0.00332454924793594,disabled,disabled,0,0,0,0,-1,-1,0,0,0,0,0,0,72,72,1,0,0,0,none,396,1,0,0,0,0,0,0,0,0,0,-1,0
1,1403715913.5840583,1403715913584058368,1403715913.5840583,1403715913.5840583,541,397,confirming_observer_health,1,1,1,1,-0.0095689544070990465,-0.62210695315367892,0.12400265423937508,-9.4364499666219377,-0.95098061257458666,2.4670544621572805,9.7998627448195439,30,29,64,2,24827239.952731028,none,3960,19.800000190734863,0.00022281201164913293,0.0023916013835585444,disabled,disabled,0,0,0,0,-1,-1,0,0,0,0,0,0,72,72,1,0,0,0,none,397,1,0,0,0,0,0,0,0,0,0,-1,0
1,1403715913.634058,1403715913634057984,1403715913.634058,1403715913.634058,542,398,confirming_observer_health,1,1,1,1,0.0015401545835539005,-0.67505204265917085,0.088612041181147225,-9.4284974932197425,-1.166945703454481,2.3912366711270172,9.7967515060761059,30,29,65,2,26749470.09542764,none,3970,19.849999904632568,0.00026144135472552853,0.00067117412559315672,disabled,disabled,0,0,0,0,-1,-1,0,0,0,0,0,0,21,72,1,0,0,0,none,398,1,0,0,0,0,0,0,0,0,0,-1,0
1,1403715913.6840582,1403715913684058112,1403715913.6840582,1403715913.6840582,543,399,confirming_observer_health,1,1,1,1,0.030475712769667491,-0.7402275040692643,0.022034800687762608,-9.4194373817371293,-1.3447553020055603,2.3289989328345375,9.7958360255714414,30,30,66,2,27548912.04384701,none,3980,19.900000095367432,0.00015823306574816961,0.0020945895168412933,disabled,disabled,0,0,0,0,-1,-1,0,0,0,0,0,0,26,60,1,0,0,0,none,399,1,0,0,0,0,0,0,0,0,0,-1,0
1,1403715913.7340581,1403715913734058240,1403715913.7340581,1403715913.7340581,544,400,confirming_observer_health,1,1,1,1,0.021379657107677495,-0.81143889733098451,-0.032058543202066858,-9.4042847356841701,-1.4178817962367782,2.3354970170176896,9.7931356824267706,30,27,67,2,29693797.463860203,none,3990,19.950000047683716,0.00065994447815261796,0.011971302205852944,disabled,disabled,0,0,0,0,-1,-1,0,0,0,0,0,0,72,72,1,0,0,0,none,400,1,0,0,0,0,0,0,0,0,0,38774.360642800682,1
1,1403715913.7840581,1403715913784058112,1403715913.7840581,1403715913.7840581,545,401,confirming_observer_health,1,1,1,1,0.022847305216459789,-0.88005336999626815,-0.065447536450702171,-9.3904623506876312,-1.3954060461625817,2.3909917301687504,9.7900348644468238,30,26,68,2,31882753.127558403,none,4000,20,0.00033600929032733852,0.002192211118016043,disabled,disabled,0,0,0,0,-1,-1,0,0,0,0,0,0,72,72,1,0,0,0,none,401,1,0,0,0,0,0,0,0,0,0,-1,0
1,1403715913.834058,1403715913834057984,1403715913.834058,1403715913.834058,546,402,confirming_observer_health,1,1,1,1,0.035828345892392123,-0.95432091896923255,-0.11156774375658238,-9.3655465917298599,-1.3310925590046188,2.5176461158166128,9.7889638025169319,30,28,69,2,29902518.867934749,none,4010,20.049999952316284,5.3533226606167774e-05,0.0026565388883206397,disabled,disabled,0,0,0,0,-1,-1,0,0,0,0,0,0,72,72,1,0,0,0,none,402,1,0,0,0,0,0,0,0,0,0,-1,0
1,1403715913.8840582,1403715913884058112,1403715913.8840582,1403715913.8840582,547,403,confirming_observer_health,1,1,1,1,0.041455147866070408,-1.0146891437520809,-0.15658594517633095,-9.3408505906389276,-1.2404767770133951,2.6544760180863562,9.7896126236713137,30,29,70,2,30356089.723024052,none,4020,20.100000143051147,0.00083926503940606246,0.0037931471758065548,disabled,disabled,0,0,0,0,-1,-1,0,0,0,0,0,0,72,72,1,0,0,0,none,403,1,0,0,0,0,0,0,0,0,0,-1,0
1,1403715913.9340582,1403715913934058240,1403715913.9340582,1403715913.9340582,548,404,confirming_observer_health,1,1,1,1,0.050310724288375817,-1.0729262324771431,-0.20088456804292143,-9.3210747356592663,-1.1360406240965968,2.7745379413306952,9.7913780090050064,30,29,71,2,31288722.111202456,none,4030,20.150000095367432,0.00063403960331079713,0.0057481945739721631,disabled,disabled,0,0,0,0,-1,-1,0,0,0,0,0,0,72,72,1,0,0,0,none,404,1,0,0,0,0,0,0,0,0,0,-1,0
1,1403715913.9840581,1403715913984058112,1403715913.9840581,1403715913.9840581,549,405,confirming_observer_health,1,1,1,1,0.04053016498166119,-1.1233479040776704,-0.23363309791463621,-9.3108524833722015,-1.0508564440431358,2.8546182441151817,9.7951579136193878,30,29,72,2,32983601.141977426,none,4040,20.200000047683716,0.00022058913566462416,0.0024020019835936444,disabled,disabled,0,0,0,0,-1,-1,0,0,0,0,0,0,72,72,1,0,0,0,none,405,1,0,0,0,0,0,0,0,0,0,-1,0
1,1403715914.0340581,1403715914034057984,1403715914.0340581,1403715914.0340581,550,406,confirming_observer_health,1,1,1,1,0.059653215055419068,-1.1731028253942402,-0.26530345909101366,-9.2958228930398743,-1.0059460777362572,2.9228395528542039,9.7962871447199902,30,29,73,2,34268844.689396262,none,4050,20.25,3.0875521922820187e-05,0.00071970878206225328,disabled,disabled,0,0,0,0,-1,-1,0,0,0,0,0,0,72,72,1,0,0,0,none,406,1,0,0,0,0,0,0,0,0,0,-1,0
1,1403715914.0840583,1403715914084058368,1403715914.0840583,1403715914.0840583,551,407,confirming_observer_health,1,1,1,1,0.068823719476833828,-1.2132585820886159,-0.29982276767454752,-9.2853960423996895,-1.0197035849588394,2.954146242115566,9.7972115974493104,30,28,74,2,36085337.74549026,none,4060,20.300000190734863,0.0019508710331610953,0.0073976468977779829,disabled,disabled,0,0,0,0,-1,-1,0,0,0,0,0,0,72,72,1,0,0,0,none,407,1,0,0,0,0,0,0,0,0,0,-1,0
1,1403715914.134058,1403715914134057984,1403715914.134058,1403715914.134058,552,408,confirming_observer_health,1,1,1,1,0.079779312179294987,-1.2646453589154787,-0.31783366805238839,-9.2745248802344165,-1.0270815325800766,2.9829436345875631,9.7964106159236053,30,26,75,2,36858294.69753518,none,4070,20.349999904632568,0.0001321692552752457,0.0018127061633480719,disabled,disabled,0,0,0,0,-1,-1,0,0,0,0,0,0,72,72,1,0,0,0,none,408,1,0,0,0,0,0,0,0,0,0,-1,0
1,1403715914.1840582,1403715914184058112,1403715914.1840582,1403715914.1840582,553,409,ready,1,1,1,1,0.059422901848470398,-1.3047919283794138,-0.34582677381648563,-9.2802979395399188,-0.95428297316504918,2.9935652366334087,9.7977557973998124,30,25,76,2,37763325.120543882,none,4080,20.400000095367432,0.00022764285759561132,0.0019884883618722913,disabled,disabled,0,0,0,0,-1,-1,0,0,0,0,0,0,72,72,1,0,0,0,none,409,1,0,0,0,0,0,0,0,0,0,-1,0
1,1403715914.2340581,1403715914234058240,1403715914.2340581,1403715914.2340581,554,410,ready,1,1,1,1,0.021627674498357896,-1.3363884356037394,-0.35932789026833462,-9.2613879997359785,-0.75889493819662035,3.1060171101271909,9.7977840095236282,30,28,77,2,34493949.013829492,none,4090,20.450000047683716,0.00042074491698015611,0.0018905425382876027,disabled,disabled,0,0,0,0,-1,-1,0,0,0,0,0,0,72,72,1,0,0,0,none,410,1,0,0,0,0,0,0,0,0,0,-1,0
1,1403715914.2840581,1403715914284058112,1403715914.2840581,1403715914.2840581,555,411,ready,1,1,1,1,-0.013712941433916995,-1.3557196342177773,-0.37411628847159384,-9.2308318116437054,-0.56318967935918485,3.2431052320025167,9.8001617382384154,30,30,78,2,33431381.482874136,none,4100,20.5,0.00053820831214389123,0.0022480569488333179,disabled,disabled,0,0,0,0,-1,-1,0,0,0,0,0,0,60,60,1,0,0,0,none,411,1,0,0,0,0,0,0,0,0,0,-1,0
1,1403715914.334058,1403715914334057984,1403715914.334058,1403715914.334058,556,412,ready,1,1,1,1,-0.051437664704310625,-1.3648635186352323,-0.38140548214402714,-9.1773902008197172,-0.38963705576353586,3.419687451931444,9.8015595800986279,30,28,79,2,35429671.841811992,none,4110,20.549999952316284,0.00076975030005641942,0.0011881097807263724,disabled,disabled,0,0,0,0,-1,-1,0,0,0,0,0,0,72,72,1,0,0,0,none,412,1,0,0,0,0,0,0,0,0,0,-1,0
1,1403715914.3840582,1403715914384058112,1403715914.3840582,1403715914.3840582,557,413,ready,1,1,1,1,-0.06533765558029575,-1.3613797114875124,-0.39534955294778446,-9.1082181312468418,-0.24994973356653871,3.6177552601647687,9.8035843199379649,30,28,80,2,37256834.204587288,none,4120,20.600000143051147,0.00051453439697876234,0.00051832086170224511,disabled,disabled,0,0,0,0,-1,-1,0,0,0,0,0,0,72,72,1,0,0,0,none,413,1,0,0,0,0,0,0,0,0,0,-1,0
1,1403715914.4340582,1403715914434058240,1403715914.4340582,1403715914.4340582,558,414,ready,1,1,1,1,-0.087564539192510601,-1.3493898322248536,-0.39614962091613032,-9.0374862407210834,-0.14613239929106414,3.8012153963265676,9.8054449526074858,30,29,81,2,35279820.751682416,none,4130,20.650000095367432,0.00014385943952811232,0.0014904558502427769,disabled,disabled,0,0,0,0,-1,-1,0,0,0,0,0,0,72,72,1,0,0,0,none,414,1,0,0,0,0,0,0,0,0,0,-1,0
1,1403715914.4840581,1403715914484058112,1403715914.4840581,1403715914.4840581,559,415,ready,1,1,1,1,-0.087021076718569207,-1.3422691070174502,-0.39343558205776313,-8.9786194141161619,-0.10500624527057552,3.9474524551206809,9.8086193615884465,30,28,82,2,37232929.613535993,none,4140,20.700000047683716,0.00016935787944150771,0.0013217374935625783,disabled,disabled,0,0,0,0,-1,-1,0,0,0,0,0,0,72,72,1,0,0,0,none,415,1,0,0,0,0,0,0,0,0,0,-1,0
1,1403715914.5340581,1403715914534057984,1403715914.5340581,1403715914.5340581,560,416,ready,1,1,1,1,-0.079354119020778532,-1.3327181363679843,-0.38711451338301173,-8.9222925065635259,-0.05957741788199615,4.0803857293381585,9.8112384917291475,30,28,83,2,38533840.431379512,none,4150,20.75,0.00033360771509548731,0.0014080402853237572,disabled,disabled,0,0,0,0,-1,-1,0,0,0,0,0,0,72,72,1,0,0,0,none,416,1,0,0,0,0,0,0,0,0,0,-1,0
1,1403715914.5840583,1403715914584058368,1403715914.5840583,1403715914.5840583,561,417,ready,1,1,1,1,-0.089049018136360791,-1.3095344928829202,-0.3731347530057878,-8.8814532729098108,-0.0039951792056450251,4.1706087681830315,9.8119419942018844,30,29,84,2,38086403.863064423,none,4160,20.800000190734863,0.0008245431897383077,0.0028450349249276217,disabled,disabled,0,0,0,0,-1,-1,0,0,0,0,0,0,72,72,1,0,0,0,none,417,1,0,0,0,0,0,0,0,0,0,-1,0
1,1403715914.634058,1403715914634057984,1403715914.634058,1403715914.634058,562,418,ready,1,1,1,1,-0.10170313451606046,-1.3018320257502958,-0.34286140461339881,-8.8295559924467835,0.10704138335958972,4.276129605832927,9.8111060175387621,30,30,85,2,38975620.74954477,none,4170,20.849999904632568,9.0388811755251548e-05,0.0016047367314886176,disabled,disabled,0,0,0,0,-1,-1,0,0,0,0,0,0,62,72,1,0,0,0,none,418,1,0,0,0,0,0,0,0,0,0,-1,0
1,1403715914.6840582,1403715914684058112,1403715914.6840582,1403715914.6840582,563,419,ready,1,1,1,1,-0.13198338525193526,-1.2764027346234781,-0.30128809573446458,-8.7700561569874989,0.29283855035247469,4.3833114163081461,9.8088255354871201,30,30,86,2,40627733.585612766,none,4180,20.900000095367432,0.00030665668922481848,0.0029715997070005867,disabled,disabled,0,0,0,0,-1,-1,0,0,0,0,0,0,72,72,1,0,0,0,none,419,1,0,0,0,0,0,0,0,0,0,-1,0
1,1403715914.7340581,1403715914734058240,1403715914.7340581,1403715914.7340581,564,420,ready,1,1,1,1,-0.15076463598995113,-1.2372878933561795,-0.26583024990159754,-8.7094466546440792,0.50272895192133105,4.4828121510687557,9.8083027181546836,30,30,87,2,42201642.926370524,none,4190,20.950000047683716,0.00085051465548545055,0.002623816968092533,disabled,disabled,0,0,0,0,-1,-1,0,0,0,0,0,0,72,72,1,0,0,0,none,420,1,0,0,0,0,0,0,0,0,0,55331.272377895271,1
1,1403715914.7840581,1403715914784058112,1403715914.7840581,1403715914.7840581,565,421,ready,1,1,1,1,-0.17618711150812713,-1.1958173215783356,-0.20868027145426588,-8.6254258003305342,0.82840267072692853,4.5946096613142648,9.8078875993619317,30,30,88,2,43748097.619838357,none,4200,21,0.0012305353134413441,0.0034600316235783792,disabled,disabled,0,0,0,0,-1,-1,0,0,0,0,0,0,72,72,1,0,0,0,none,421,1,0,0,0,0,0,0,0,0,0,-1,0
1,1403715914.834058,1403715914834057984,1403715914.834058,1403715914.834058,566,422,ready,1,1,1,1,-0.18263708517246133,-1.1445233318932997,-0.15177285329071102,-8.5357248987287466,1.1184385966248114,4.7005720955728929,9.8084087632437349,30,26,89,2,45924798.103222929,none,4210,21.049999952316284,0.00058039953245314939,0.0013922861010731812,disabled,disabled,0,0,0,0,-1,-1,0,0,0,0,0,0,72,72,1,0,0,0,none,422,1,0,0,0,0,0,0,0,0,0,-1,0
1,1403715914.8840582,1403715914884058112,1403715914.8840582,1403715914.8840582,567,423,ready,1,1,1,1,-0.18528273018379232,-1.0756070901375354,-0.096787971443039994,-8.4474864820852478,1.3878067099950566,4.787516713434016,9.8084836550167296,30,26,90,2,48104913.515868723,none,4220,21.100000143051147,5.3624986521151343e-06,0.0001645168934365008,disabled,disabled,0,0,0,0,-1,-1,0,0,0,0,0,0,30,36,1,0,0,0,none,423,1,0,0,0,0,0,0,0,0,0,-1,0
1,1403715914.9340582,1403715914934058240,1403715914.9340582,1403715914.9340582,568,424,ready,1,1,1,1,-0.14633229184757371,-0.9977018499210164,-0.035349718720934439,-8.380868344728329,1.5672324675380152,4.8486546640553589,9.8083955808399388,30,30,91,2,39748627.913181446,none,4230,21.150000095367432,0.000239122606927155,0.0031061343449860792,disabled,disabled,0,0,0,0,-1,-1,0,0,0,0,0,0,72,72,1,0,0,0,none,424,1,0,0,0,0,0,0,0,0,0,-1,0
1,1403715914.9840581,1403715914984058112,1403715914.9840581,1403715914.9840581,569,425,ready,1,1,1,1,-0.099012929582477302,-0.91215226413194639,0.03218214629321256,-8.3384226156758441,1.6927945108623625,4.8746033274901128,9.8059473063033433,30,30,92,2,41750513.585797362,none,4240,21.200000047683716,0.00034215307191603301,0.0032254453519057684,disabled,disabled,0,0,0,0,-1,-1,0,0,0,0,0,0,72,72,1,0,0,0,none,425,1,0,0,0,0,0,0,0,0,0,-1,0
1,1403715915.0340581,1403715915034057984,1403715915.0340581,1403715915.0340581,570,426,ready,1,1,1,1,-0.040929045765771783,-0.8298758169056687,0.10273670297948762,-8.3027605520109269,1.8077684429933629,4.8891700607746618,9.8034607874304651,30,30,93,2,43537942.106630757,none,4250,21.25,0.00075245604505067292,0.0089639559729595628,disabled,disabled,0,0,0,0,-1,-1,0,0,0,0,0,0,72,72,1,0,0,0,none,426,1,0,0,0,0,0,0,0,0,0,-1,0
1,1403715915.0840583,1403715915084058368,1403715915.0840583,1403715915.0840583,571,427,ready,1,1,1,1,0.019163954449063814,-0.73751390132641792,0.17931758611490459,-8.2828081226339165,1.8988298551865299,4.8884568338286796,9.8034420195931382,30,30,94,2,45222270.867238626,none,4260,21.300000190734863,0.00046279755538118389,0.0028921659968194299,disabled,disabled,0,0,0,0,-1,-1,0,0,0,0,0,0,72,72,1,0,0,0,none,427,1,0,0,0,0,0,0,0,0,0,-1,0
1,1403715915.134058,1403715915134057984,1403715915.134058,1403715915.134058,572,428,ready,1,1,1,1,0.094619360378409137,-0.64258536804759081,0.24305016016782452,-8.2813531291857476,1.9251173221533431,4.8784688806803134,9.8023642543059815,30,30,95,2,46886729.174136065,none,4270,21.349999904632568,0.00012708495418575687,0.0017850494175351342,disabled,disabled,0,0,0,0,-1,-1,0,0,0,0,0,0,72,72,1,0,0,0,none,428,1,0,0,0,0,0,0,0,0,0,-1,0
1,1403715915.1840582,1403715915184058112,1403715915.1840582,1403715915.1840582,573,429,ready,1,1,1,1,0.18087488180563421,-0.54926710708504167,0.31350569287293001,-8.3104349595310811,1.9453127061739828,4.8220709003849498,9.8030576102427158,30,30,96,2,48551125.853938952,none,4280,21.400000095367432,0.00016943293495050885,0.0048969792630691811,disabled,disabled,0,0,0,0,-1,-1,0,0,0,0,0,0,72,72,1,0,0,0,none,429,1,0,0,0,0,0,0,0,0,0,-1,0
1,1403715915.2340581,1403715915234058240,1403715915.2340581,1403715915.2340581,574,430,ready,1,1,1,1,0.26605889554290951,-0.45093935910018323,0.37114000121566226,-8.4238462887935324,1.8064574782718241,4.6783497850879394,9.8036437934911298,30,30,97,2,50210332.873873219,none,4290,21.450000047683716,0.00010061700285876953,0.0020126734079724496,disabled,disabled,0,0,0,0,-1,-1,0,0,0,0,0,0,60,60,1,0,0,0,none,430,1,0,0,0,0,0,0,0,0,0,-1,0
1,1403715915.2840581,1403715915284058112,1403715915.2840581,1403715915.2840581,575,431,ready,1,1,1,1,0.31419957216188993,-0.37975173599219664,0.42666682090228242,-8.5673067175389335,1.5891926658832543,4.4946838770994226,9.8044102768469639,30,30,98,2,51860368.615997799,none,4300,21.5,0.0021589779954359015,0.006548357727043588,disabled,disabled,0,0,0,0,-1,-1,0,0,0,0,0,0,72,72,1,0,0,0,none,431,1,0,0,0,0,0,0,0,0,0,-1,0
1,1403715915.334058,1403715915334057984,1403715915.334058,1403715915.334058,576,432,ready,1,1,1,1,0.3238572742223389,-0.30807450596520203,0.48410421453645153,-8.7178986233707416,1.2770093441226498,4.3111510930893457,9.8091045982694816,30,30,99,2,53498414.322819434,none,4310,21.549999952316284,0.00030719898381591346,0.00192937394057974,disabled,disabled,0,0,0,0,-1,-1,0,0,0,0,0,0,72,72,1,0,0,0,none,432,1,0,0,0,0,0,0,0,0,0,-1,0
1,1403715915.3840582,1403715915384058112,1403715915.3840582,1403715915.3840582,577,433,ready,1,1,1,1,0.27978188567002593,-0.24577770166058691,0.55021846288475107,-8.8473556315143398,0.9791295378279774,4.1310510555528293,9.8132552777312316,30,29,100,2,55257431.680130318,none,4320,21.600000143051147,0.00053150380147664331,0.0017100659856020232,disabled,disabled,0,0,0,0,-1,-1,0,0,0,0,0,0,72,72,1,0,0,0,none,433,1,0,0,0,0,0,0,0,0,0,-1,0
1,1403715915.4340582,1403715915434058240,1403715915.4340582,1403715915.4340582,578,434,ready,1,1,1,1,0.23253562517184792,-0.21599682104810683,0.61697085719916334,-8.9321285822812584,0.69455904048048156,4.0073810028088053,9.8145013002593195,30,29,101,2,56991220.622472398,none,4330,21.650000095367432,0.00083975293275437627,0.007750183644644618,disabled,disabled,0,0,0,0,-1,-1,0,0,0,0,0,0,72,72,1,0,0,0,none,434,1,0,0,0,0,0,0,0,0,0,-1,0
1,1403715915.4840581,1403715915484058112,1403715915.4840581,1403715915.4840581,579,435,ready,1,1,1,1,0.1541731681878491,-0.19264720657361498,0.67679753306096258,-8.9960233225042092,0.50367012414315127,3.8897869919951851,9.8138963748395582,30,30,102,2,57619541.854254939,none,4340,21.700000047683716,9.3655686964129875e-06,0.00016597441147989315,disabled,disabled,0,0,0,0,-1,-1,0,0,0,0,0,0,14,48,1,0,0,0,none,435,1,0,0,0,0,0,0,0,0,0,-1,0
1,1403715915.5340581,1403715915534057984,1403715915.5340581,1403715915.5340581,580,436,ready,1,1,1,1,0.085941165858886504,-0.17046757041524221,0.72848177106830203,-9.0409400754259082,0.37837386460570965,3.7972046644464328,9.8132832167706567,30,30,103,2,59252794.291954145,none,4350,21.75,0.00064324239547405892,0.0065419191750959102,disabled,disabled,0,0,0,0,-1,-1,0,0,0,0,0,0,72,72,1,0,0,0,none,436,1,0,0,0,0,0,0,0,0,0,-1,0
1,1403715915.5840583,1403715915584058368,1403715915.5840583,1403715915.5840583,581,437,ready,1,1,1,1,0.038442966566725599,-0.15909826586717252,0.76493895268100365,-9.0789130425483044,0.26164945390546435,3.7156279227895039,9.8133079708880935,30,29,104,2,60942064.916351043,none,4360,21.800000190734863,0.00050492141995627567,0.0027173908979054961,disabled,disabled,0,0,0,0,-1,-1,0,0,0,0,0,0,72,72,1,0,0,0,none,437,1,0,0,0,0,0,0,0,0,0,-1,0
1,1403715915.634058,1403715915634057984,1403715915.634058,1403715915.634058,582,438,ready,1,1,1,1,-0.0026215851633883958,-0.15399448330619284,0.79634404112630175,-9.1072510124184678,0.10147815336459778,3.6553023647925493,9.8139469224601736,30,29,105,2,62574604.83422251,none,4370,21.849999904632568,0.00045162035150098995,0.0069193984391400908,disabled,disabled,0,0,0,0,-1,-1,0,0,0,0,0,0,72,72,1,0,0,0,none,438,1,0,0,0,0,0,0,0,0,0,-1,0
1,1403715915.6840582,1403715915684058112,1403715915.6840582,1403715915.6840582,583,439,ready,1,1,1,1,-0.021205623628077024,-0.16079003160845071,0.80437214780619692,-9.123701098399291,-0.026008178346140318,3.6115019256046432,9.8125197740906156,30,30,106,2,62870914.251510337,none,4380,21.900000095367432,0.0014459809467939812,0.0023761458243207827,disabled,disabled,0,0,0,0,-1,-1,0,0,0,0,0,0,72,72,1,0,0,0,none,439,1,0,0,0,0,0,0,0,0,0,-1,0
1,1403715915.7340581,1403715915734058240,1403715915.7340581,1403715915.7340581,584,440,ready,1,1,1,1,-0.013597531089599619,-0.16515073509901662,0.81516191353715695,-9.1114132472135534,-0.063706801232091034,3.6389884953128995,9.8114294160963862,30,28,107,2,64752058.753841519,none,4390,21.950000047683716,0.00033226150199585828,0.003924646670486082,disabled,disabled,0,0,0,0,-1,-1,0,0,0,0,0,0,72,72,1,0,0,0,none,440,1,0,0,0,0,0,0,0,0,0,38849.386307767476,1
1,1403715915.7840581,1403715915784058112,1403715915.7840581,1403715915.7840581,585,441,ready,1,1,1,1,-0.0070702760368646913,-0.16684855561659617,0.83231592336922045,-9.0852617424145556,-0.031408064656927304,3.7065011883619325,9.8122942502778354,30,27,108,2,66742485.134501249,none,4400,22,0.0012041925789895765,0.0048160778492686192,disabled,disabled,0,0,0,0,-1,-1,0,0,0,0,0,0,72,72,1,0,0,0,none,441,1,0,0,0,0,0,0,0,0,0,-1,0
1,1403715915.834058,1403715915834057984,1403715915.834058,1403715915.834058,586,442,ready,1,1,1,1,0.0040893731306676151,-0.17037761286009964,0.84504409673878678,-9.0488455828053524,0.018567298188546407,3.7991742311771985,9.8140550214913116,30,29,109,2,63560266.374450475,none,4410,22.049999952316284,0.0017317116260014173,0.002515534259269577,disabled,disabled,0,0,0,0,-1,-1,0,0,0,0,0,0,72,72,1,0,0,0,none,442,1,0,0,0,0,0,0,0,0,0,-1,0
1,1403715915.8840582,1403715915884058112,1403715915.8840582,1403715915.8840582,587,443,ready,1,1,1,1,0.026604119135007778,-0.16902968355592579,0.85966865982283469,-9.0073829124075182,0.064022394143661218,3.9010808903665488,9.8160826153239924,30,29,110,2,62512351.056649432,none,4420,22.100000143051147,0.0011325185760996058,0.0017712210621474613,disabled,disabled,0,0,0,0,-1,-1,0,0,0,0,0,0,72,72,1,0,0,0,none,443,1,0,0,0,0,0,0,0,0,0,-1,0
1,1403715915.9340582,1403715915934058240,1403715915.9340582,1403715915.9340582,588,444,ready,1,1,1,1,0.065106344534401797,-0.1620394519340502,0.88035398045013047,-8.9732445701853329,0.10785035383013424,3.9802820776361636,9.8169952242391112,30,29,111,2,64297876.424439549,none,4430,22.150000095367432,0.00054164968655326232,0.0010673568602058026,disabled,disabled,0,0,0,0,-1,-1,0,0,0,0,0,0,72,72,1,0,0,0,none,444,1,0,0,0,0,0,0,0,0,0,-1,0
1,1403715915.9840581,1403715915984058112,1403715915.9840581,1403715915.9840581,589,445,ready,1,1,1,1,0.082580873921041353,-0.15843570822659006,0.90636064852800613,-8.976106965947011,0.14307719171706224,3.9723533578912402,9.8168507448601812,30,29,112,2,64447351.645597421,none,4440,22.200000047683716,0.0012706129483803629,0.0053615873767368554,disabled,disabled,0,0,0,0,-1,-1,0,0,0,0,0,0,72,72,1,0,0,0,none,445,1,0,0,0,0,0,0,0,0,0,-1,0
1,1403715916.0340581,1403715916034057984,1403715916.0340581,1403715916.0340581,590,446,ready,1,1,1,1,0.084778367946091129,-0.14810728438481544,0.92596788798033147,-9.0010170020100801,0.16586177442073605,3.9119017750473772,9.8157420858693794,30,28,113,2,66222998.43396049,none,4450,22.25,5.1748690355284183e-05,0.00012805711069382761,disabled,disabled,0,0,0,0,-1,-1,0,0,0,0,0,0,30,72,1,0,0,0,none,446,1,0,0,0,0,0,0,0,0,0,-1,0
1,1403715916.0840583,1403715916084058368,1403715916.0840583,1403715916.0840583,591,447,ready,1,1,1,1,0.092719784897214164,-0.14502420494526186,0.93348492513486303,-9.0345681307940691,0.17791047353734196,3.828363732823191,9.8138393260410588,30,29,114,2,65759787.915121481,none,4460,22.300000190734863,4.4828694994312593e-05,0.00010406894720049236,disabled,disabled,0,0,0,0,-1,-1,0,0,0,0,0,0,11,24,1,0,0,0,none,447,1,0,0,0,0,0,0,0,0,0,-1,0
1,1403715916.134058,1403715916134057984,1403715916.134058,1403715916.134058,592,448,ready,1,1,1,1,0.096045155581594932,-0.13056032707133777,0.9556300267274106,-9.0489513290392125,0.16354885506020825,3.7866490582934911,9.8106564242147947,30,29,115,2,65663519.027351424,none,4470,22.349999904632568,0.002297102931327752,0.011324253091142461,disabled,disabled,0,0,0,0,-1,-1,0,0,0,0,0,0,72,72,1,0,0,0,none,448,1,0,0,0,0,0,0,0,0,0,-1,0
1,1403715916.1840582,1403715916184058112,1403715916.1840582,1403715916.1840582,593,449,ready,1,1,1,1,0.085344512161091346,-0.13137129077907869,0.95601505347536553,-9.0855878549269988,0.15849695266694364,3.6948015934511109,9.8094131714680337,30,28,116,2,67278336.128754571,none,4480,22.400000095367432,0.00026025120420025981,0.0031567455257256317,disabled,disabled,0,0,0,0,-1,-1,0,0,0,0,0,0,72,72,1,0,0,0,none,449,1,0,0,0,0,0,0,0,0,0,-1,0
1,1403715916.2340581,1403715916234058240,1403715916.2340581,1403715916.2340581,594,450,ready,1,1,1,1,0.084144329991585096,-0.1349077881712491,0.96154650221575122,-9.1120372676412735,0.16584845557553157,3.626510598155912,9.8085833837327083,30,27,117,2,68454572.632375181,none,4490,22.450000047683716,0.00079999185866946149,0.003151760434985273,disabled,disabled,0,0,0,0,-1,-1,0,0,0,0,0,0,72,72,1,0,0,0,none,450,1,0,0,0,0,0,0,0,0,0,-1,0
1,1403715916.2840581,1403715916284058112,1403715916.2840581,1403715916.2840581,595,451,ready,1,1,1,1,0.08671646329785021,-0.14354591574743922,0.96255854204592439,-9.1315215837602519,0.16168833989945278,3.5742051522882763,9.8074345281823234,30,26,118,2,69961562.069630101,none,4500,22.5,0.0009031678567186592,0.0013590612869338421,disabled,disabled,0,0,0,0,-1,-1,0,0,0,0,0,0,72,72,1,0,0,0,none,451,1,0,0,0,0,0,0,0,0,0,-1,0
1,1403715916.334058,1403715916334057984,1403715916.334058,1403715916.334058,596,452,ready,1,1,1,1,0.079545189175002931,-0.15755405824231286,0.96498791419662056,-9.1517617739628214,0.14725955961787698,3.5232640755691502,9.8076408320993327,30,27,119,2,68322834.272665232,none,4510,22.549999952316284,0.00049000830217576694,0.0022282731041631822,disabled,disabled,0,0,0,0,-1,-1,0,0,0,0,0,0,72,72,1,0,0,0,none,452,1,0,0,0,0,0,0,0,0,0,-1,0
1,1403715916.3840582,1403715916384058112,1403715916.3840582,1403715916.3840582,597,453,ready,1,1,1,1,0.074022708576974225,-0.17275693416419116,0.96152647712738037,-9.1695402789815876,0.16618777553867359,3.4794859495020156,9.8089199088067875,30,28,120,2,67252548.992967144,none,4520,22.600000143051147,0.00030123815983891424,0.0052883713983529817,disabled,disabled,0,0,0,0,-1,-1,0,0,0,0,0,0,72,72,1,0,0,0,none,453,1,0,0,0,0,0,0,0,0,0,-1,0
1,1403715916.4340582,1403715916434058240,1403715916.4340582,1403715916.4340582,598,454,ready,1,1,1,1,0.062782760519436029,-0.19614133679452481,0.96237778368496174,-9.1818253006378594,0.20993446043586439,3.4412667213052268,9.807767583720306,30,29,121,2,67500062.053424254,none,4530,22.650000095367432,5.910306109773901e-05,7.5647561895996436e-05,disabled,disabled,0,0,0,0,-1,-1,0,0,0,0,0,0,50,60,1,0,0,0,none,454,1,0,0,0,0,0,0,0,0,0,-1,0
1,1403715916.4840581,1403715916484058112,1403715916.4840581,1403715916.4840581,599,455,ready,1,1,1,1,0.062718583258265612,-0.20966710728081844,0.96595710829072134,-9.1765520788424944,0.27268192595370705,3.4438568888856405,9.8052849912470883,30,28,122,2,68659648.456139326,none,4540,22.700000047683716,0.0003808992539964553,0.0053496800260996735,disabled,disabled,0,0,0,0,-1,-1,0,0,0,0,0,0,72,72,1,0,0,0,none,455,1,0,0,0,0,0,0,0,0,0,-1,0
1,1403715916.5340581,1403715916534057984,1403715916.5340581,1403715916.5340581,600,456,ready,1,1,1,1,0.06294428093697535,-0.22757676646920233,0.95066996635440826,-9.1620746825691537,0.33348153591878016,3.4715719695206468,9.8033991229233788,30,27,123,2,70360857.385921925,none,4550,22.75,0.0012293923220547743,0.0019068635103940694,disabled,disabled,0,0,0,0,-1,-1,0,0,0,0,0,0,72,72,1,0,0,0,none,456,1,0,0,0,0,0,0,0,0,0,-1,0
1,1403715916.5840583,1403715916584058368,1403715916.5840583,1403715916.5840583,601,457,ready,1,1,1,1,0.070135202474188016,-0.24622291494209086,0.93408740403620916,-9.1557816807318488,0.35614073015993225,3.4856174228674202,9.8033006290483975,30,28,124,2,68844117.24229835,none,4560,22.800000190734863,0.0008318594976894579,0.0018570668949069973,disabled,disabled,0,0,0,0,-1,-1,0,0,0,0,0,0,72,72,1,0,0,0,none,457,1,0,0,0,0,0,0,0,0,0,-1,0
1,1403715916.634058,1403715916634057984,1403715916.634058,1403715916.634058,602,458,ready,1,1,1,1,0.066479958052104118,-0.25707374935504829,0.92116295973661455,-9.1420147821468642,0.44013670938624483,3.4997097300386026,9.7988837524724204,30,28,125,2,70003495.863163352,none,4570,22.849999904632568,0.00044867590832833144,0.0013613867502745131,disabled,disabled,0,0,0,0,-1,-1,0,0,0,0,0,0,55,72,1,0,0,0,none,458,1,0,0,0,0,0,0,0,0,0,-1,0
1,1403715916.6840582,1403715916684058112,1403715916.6840582,1403715916.6840582,603,459,ready,1,1,1,1,0.069923021763937665,-0.26609331983799928,0.90761363612854773,-9.1276589091069926,0.53963148529436056,3.5106609489119975,9.7943912316762667,30,28,126,2,71164913.382910952,none,4580,22.900000095367432,3.8568264526790027e-05,8.9679123096148407e-05,disabled,disabled,0,0,0,0,-1,-1,0,0,0,0,0,0,14,42,1,0,0,0,none,459,1,0,0,0,0,0,0,0,0,0,-1,0
1,1403715916.7340581,1403715916734058240,1403715916.7340581,1403715916.7340581,604,460,ready,1,1,1,1,0.076694114841752023,-0.28069342058212332,0.89447519337528036,-9.116370106734287,0.65981522256638581,3.5139107943218875,9.7924016013101056,30,25,127,2,70031417.996178508,none,4590,22.950000047683716,0.00025240120358800873,0.0068275152525716885,disabled,disabled,0,0,0,0,-1,-1,0,0,0,0,0,0,72,72,1,0,0,0,none,460,1,0,0,0,0,0,0,0,0,0,0.99999500002382269,1
1,1403715916.7840581,1403715916784058112,1403715916.7840581,1403715916.7840581,605,461,ready,1,1,1,1,0.081925428186838942,-0.27260384753650624,0.8869362748158931,-9.1013769360975552,0.7938267843009007,3.517374191151005,9.7896447482519626,30,25,128,2,65082699.861199275,none,4600,23,0.00024158514298066509,0.0030469026288966728,disabled,disabled,0,0,0,0,-1,-1,0,0,0,0,0,0,72,72,1,0,0,0,none,461,1,0,0,0,0,0,0,0,0,0,-1,0
1,1403715916.834058,1403715916834057984,1403715916.834058,1403715916.834058,606,462,ready,1,1,1,1,0.10033675749875455,-0.25844171183409387,0.87404886997685172,-9.0824466235691172,0.90859579850304573,3.5326876703460819,9.7875566497085824,30,24,129,2,62160241.08855141,none,4610,23.049999952316284,0.0018097831570592405,0.0061467558492490099,disabled,disabled,0,0,0,0,-1,-1,0,0,0,0,0,0,72,72,1,0,0,0,none,462,1,0,0,0,0,0,0,0,0,0,-1,0
1,1403715916.8840582,1403715916884058112,1403715916.8840582,1403715916.8840582,607,463,ready,1,1,1,1,0.12786707894729879,-0.2377822064484699,0.86122228925718403,-9.0653323901595559,1.1037829082484667,3.5189054828355029,9.786791294890639,30,24,130,2,59833506.287028573,none,4620,23.100000143051147,0.00018300260426181439,0.00042738766142417649,disabled,disabled,0,0,0,0,-1,-1,0,0,0,0,0,0,53,72,1,0,0,0,none,463,1,0,0,0,0,0,0,0,0,0,-1,0
1,1403715916.9340582,1403715916934058240,1403715916.9340582,1403715916.9340582,608,464,ready,1,1,1,1,0.15486697286243348,-0.18916016042763042,0.86665159051576046,-9.0671585128452268,1.2336678466274902,3.471454896984921,9.7870475095743128,30,26,131,2,57322469.209923886,none,4630,23.150000095367432,0.00080796028964561601,0.0088635453689737166,disabled,disabled,0,0,0,0,-1,-1,0,0,0,0,0,0,72,72,1,0,0,0,none,464,1,0,0,0,0,0,0,0,0,0,-1,0
1,1403715916.9840581,1403715916984058112,1403715916.9840581,1403715916.9840581,609,465,ready,1,1,1,1,0.16381797357401684,-0.14588104600639215,0.85690992407078037,-9.0661508097175982,1.3487710421604344,3.4317148623457752,9.7872846451484428,30,28,132,2,51463555.68697954,none,4640,23.200000047683716,0.00033523500360136261,0.0061052288565701471,disabled,disabled,0,0,0,0,-1,-1,0,0,0,0,0,0,72,72,1,0,0,0,none,465,1,0,0,0,0,0,0,0,0,0,-1,0
1,1403715917.0340581,1403715917034057984,1403715917.0340581,1403715917.0340581,610,466,ready,1,1,1,1,0.19879781239186192,-0.093915747848002537,0.84592198841315069,-9.0732111953507122,1.4399736376656664,3.3749056552959735,9.7870666522078178,30,28,133,2,49647280.417258754,none,4650,23.25,9.905384302832441e-05,0.00027755533617889778,disabled,disabled,0,0,0,0,-1,-1,0,0,0,0,0,0,42,60,1,0,0,0,none,466,1,0,0,0,0,0,0,0,0,0,-1,0
1,1403715917.0840583,1403715917084058368,1403715917.0840583,1403715917.0840583,611,467,ready,1,1,1,1,0.2486834512595818,-0.035067044386411533,0.84576326340159003,-9.1289486694770616,1.4026393308312879,3.2490050463762503,9.7908699661327443,30,27,134,2,51244642.111851983,none,4660,23.300000190734863,0.00078352113101680539,0.002679239405331049,disabled,disabled,0,0,0,0,-1,-1,0,0,0,0,0,0,72,72,1,0,0,0,none,467,1,0,0,0,0,0,0,0,0,0,-1,0
1,1403715917.134058,1403715917134057984,1403715917.134058,1403715917.134058,612,468,ready,1,1,1,1,0.26905525006961084,0.031700730962895843,0.83146547927465198,-9.2337350064101553,1.273759080448146,3.008449701723606,9.7946461891907735,30,20,135,2,53408668.37335898,none,4670,23.349999904632568,0.00074038991679895982,0.0019715080940397294,disabled,disabled,0,0,0,0,-1,-1,0,0,0,0,0,0,72,72,1,0,0,0,none,468,1,0,0,0,0,0,0,0,0,0,-1,0
1,1403715917.1840582,1403715917184058112,1403715917.1840582,1403715917.1840582,613,469,ready,1,1,1,1,0.25816567953029401,0.07839684972800888,0.80423914873898417,-9.3547881910915223,0.96277171473614576,2.7581633608095739,9.8003294128204548,30,20,136,2,51897872.028205231,none,4680,23.400000095367432,0.0001678013395488583,0.0031741198643824554,disabled,disabled,0,0,0,0,-1,-1,0,0,0,0,0,0,72,72,1,0,0,0,none,469,1,0,0,0,0,0,0,0,0,0,-1,0
1,1403715917.2340581,1403715917234058240,1403715917.2340581,1403715917.2340581,614,470,ready,1,1,1,1,0.22436560150337861,0.089799499558053691,0.76979592613661596,-9.4553395318230979,0.6247413276831022,2.5244832846942011,9.8064653797008994,30,24,137,2,46710854.364275962,none,4690,23.450000047683716,0.00049059643118905,0.002110546837391761,disabled,disabled,0,0,0,0,-1,-1,0,0,0,0,0,0,66,66,1,0,0,0,none,470,1,0,0,0,0,0,0,0,0,0,-1,0
1,1403715917.2840581,1403715917284058112,1403715917.2840581,1403715917.2840581,615,471,ready,1,1,1,1,0.15939995394163531,0.097560969483575552,0.70073046976351994,-9.5136960985442105,0.36681295884956827,2.3846829866690662,9.8148702563581658,28,24,138,2,43983445.994861752,none,4700,23.5,0,0,disabled,disabled,0,0,0,0,-1,-1,0,0,0,0,0,0,0,0,0,0,0,0,none,471,1,0,0,0,0,0,0,0,0,0,-1,0
1,1403715917.334058,1403715917334057984,1403715917.334058,1403715917.334058,616,472,ready,1,1,1,1,0.13168406912818864,0.083927240726881777,0.65836154655543844,-9.5549287179775195,0.18744107348255051,2.2521671869087894,9.8185566148720902,26,26,139,2,41758057.213937312,none,4710,23.549999952316284,0.00011404169035150192,0.004596359126011397,disabled,disabled,0,0,0,0,-1,-1,0,0,0,0,0,0,72,72,1,0,0,0,none,472,1,0,0,0,0,0,0,0,0,0,-1,0
1,1403715917.3840582,1403715917384058112,1403715917.3840582,1403715917.3840582,617,473,ready,1,1,1,1,0.11160645694387886,0.061339268208971134,0.6018686693908184,-9.5729886369108446,0.083490500912303311,2.1866039870263072,9.8198940474042846,30,28,140,2,43607755.708212115,none,4720,23.600000143051147,0.00041689762895133974,0.0026235803261451971,disabled,disabled,0,0,0,0,-1,-1,0,0,0,0,0,0,60,60,1,0,0,0,none,473,1,0,0,0,0,0,0,0,0,0,-1,0
1,1403715917.4340582,1403715917434058240,1403715917.4340582,1403715917.4340582,618,474,ready,1,1,1,1,0.10078248368167111,0.048128516300198626,0.54198021267607432,-9.5780415366876905,0.032019445266968309,2.1802827096504167,9.8231124200728992,30,27,141,2,45969415.720270663,none,4730,23.650000095367432,5.229294034731278e-05,7.6913631202697993e-05,disabled,disabled,0,0,0,0,-1,-1,0,0,0,0,0,0,26,72,1,0,0,0,none,474,1,0,0,0,0,0,0,0,0,0,-1,0
1,1403715917.4840581,1403715917484058112,1403715917.4840581,1403715917.4840581,619,475,ready,1,1,1,1,0.098051453463054286,0.026997177308939531,0.48920329693580533,-9.5549934382595261,0.12167081289062039,2.2854620582143674,9.8252755794140203,30,28,142,2,43382193.857567362,none,4740,23.700000047683716,0.00045415109017984631,0.0041279338653265815,disabled,disabled,0,0,0,0,-1,-1,0,0,0,0,0,0,72,72,1,0,0,0,none,475,1,0,0,0,0,0,0,0,0,0,-1,0
1,1403715917.5340581,1403715917534057984,1403715917.5340581,1403715917.5340581,620,476,ready,1,1,1,1,0.059902727436494885,0.025107990825169197,0.4442331690539138,-9.5126740531915992,0.19389865433682937,2.4648189585671165,9.8287281389267349,30,29,143,2,44643119.674649425,none,4750,23.75,0.00073110391576126346,0.0040566247023152025,disabled,disabled,0,0,0,0,-1,-1,0,0,0,0,0,0,72,72,1,0,0,0,none,476,1,0,0,0,0,0,0,0,0,0,-1,0
1,1403715917.5840583,1403715917584058368,1403715917.5840583,1403715917.5840583,621,477,ready,1,1,1,1,0.041629457602639468,0.027695418966568949,0.41391154757159659,-9.4710479056795123,0.35738124834962659,2.6293777932466122,9.8357560648872653,30,30,144,2,42567479.182732105,none,4760,23.800000190734863,0.0004713471161207145,0.0087425156642832701,disabled,disabled,0,0,0,0,-1,-1,0,0,0,0,0,0,72,72,1,0,0,0,none,477,1,0,0,0,0,0,0,0,0,0,-1,0
1,1403715917.634058,1403715917634057984,1403715917.634058,1403715917.634058,622,478,ready,1,1,1,1,0.0054784809541879222,0.047202805925375825,0.40812568268650923,-9.4400638253410278,0.4959603036425243,2.7390444666280449,9.8419076524557561,30,30,145,2,44266620.669786386,none,4770,23.849999904632568,0.0012724397270115582,0.014389687152883275,disabled,disabled,0,0,0,0,-1,-1,0,0,0,0,0,0,72,72,1,0,0,0,none,478,1,0,0,0,0,0,0,0,0,0,-1,0
1,1403715917.6840582,1403715917684058112,1403715917.6840582,1403715917.6840582,623,479,ready,1,1,1,1,-0.007253290895257232,0.068296411280254127,0.39811583190937327,-9.4375903858969519,0.63786482570180725,2.7425705514757976,9.8486891035134434,30,30,146,2,45875839.131663263,none,4780,23.900000095367432,9.3806799987926377e-06,0.00017733277085106732,disabled,disabled,0,0,0,0,-1,-1,0,0,0,0,0,0,26,54,1,0,0,0,none,479,1,0,0,0,0,0,0,0,0,0,-1,0
1,1403715917.7340581,1403715917734058240,1403715917.7340581,1403715917.7340581,624,480,ready,1,1,1,1,-0.048099015365685699,0.094665629451603298,0.37432568776712055,-9.4632367756379452,0.74958431227928113,2.6472223741054681,9.855075505087024,30,29,147,2,47607290.887689874,none,4790,23.950000047683716,0.00090739033389798836,0.011083492625833294,disabled,disabled,0,0,0,0,-1,-1,0,0,0,0,0,0,72,72,1,0,0,0,none,480,1,0,0,0,0,0,0,0,0,0,56414.350777894972,1
1,1403715917.7840581,1403715917784058112,1403715917.7840581,1403715917.7840581,625,481,ready,1,1,1,1,-0.057246268104336875,0.13012621677349964,0.32384524756711125,-9.5014463730045389,0.79330975289863859,2.5180142186304719,9.8614004658745316,30,28,148,2,49462628.208909892,none,4800,24,0.00044736414948766851,0.0049472401395985249,disabled,disabled,0,0,0,0,-1,-1,0,0,0,0,0,0,72,72,1,0,0,0,none,481,1,0,0,0,0,0,0,0,0,0,-1,0
1,1403715917.834058,1403715917834057984,1403715917.834058,1403715917.834058,626,482,ready,1,1,1,1,-0.062341781848552782,0.15826197281019477,0.27344042916465316,-9.5434020458300655,0.79227927860260516,2.374469767481949,9.8662219588017752,30,28,149,2,50739801.701456092,none,4810,24.049999952316284,0.00026561368797864242,0.0011769862787730507,disabled,disabled,0,0,0,0,-1,-1,0,0,0,0,0,0,53,72,1,0,0,0,none,482,1,0,0,0,0,0,0,0,0,0,-1,0
1,1403715917.8840582,1403715917884058112,1403715917.8840582,1403715917.8840582,627,483,ready,1,1,1,1,-0.044897037901027226,0.18692857314303216,0.20025205505833668,-9.5804057939874845,0.77293135383142264,2.244882723938006,9.8702125863347021,30,29,150,2,51826978.015902966,none,4820,24.100000143051147,0.001895835784040849,0.0075376014907279458,disabled,disabled,0,0,0,0,-1,-1,0,0,0,0,0,0,72,72,1,0,0,0,none,483,1,0,0,0,0,0,0,0,0,0,-1,0
1,1403715917.9340582,1403715917934058240,1403715917.9340582,1403715917.9340582,628,484,ready,1,1,1,1,-0.059444107145097361,0.21350477826781886,0.1341107126299266,-9.6099319198945565,0.70582747538859347,2.1528139427091806,9.8733779327008833,30,29,151,2,53648464.745366849,none,4830,24.150000095367432,0.00051835730209420176,0.0093883075570696528,disabled,disabled,0,0,0,0,-1,-1,0,0,0,0,0,0,72,72,1,0,0,0,none,484,1,0,0,0,0,0,0,0,0,0,-1,0
1,1403715917.9840581,1403715917984058112,1403715917.9840581,1403715917.9840581,629,485,ready,1,1,1,1,-0.0570815596277943,0.24054593623672843,0.056242444314744421,-9.634884007274259,0.61008244145337254,2.0888533343566049,9.877575546228524,30,30,152,2,50599085.290245056,none,4840,24.200000047683716,0.00075108701375401908,0.006969975858820184,disabled,disabled,0,0,0,0,-1,-1,0,0,0,0,0,0,45,72,1,0,0,0,none,485,1,0,0,0,0,0,0,0,0,0,-1,0
1,1403715918.0340581,1403715918034057984,1403715918.0340581,1403715918.0340581,630,486,ready,1,1,1,1,-0.061259142025164658,0.25969343385895927,-0.022186348354696333,-9.6515374411703707,0.46911143081360046,2.0599556050106593,9.8800636438966496,30,30,153,2,52253238.651093468,none,4850,24.25,8.3776297723079922e-06,0.00013803220733681244,disabled,disabled,0,0,0,0,-1,-1,0,0,0,0,0,0,3,12,1,0,0,0,none,486,1,0,0,0,0,0,0,0,0,0,-1,0
1,1403715918.0840583,1403715918084058368,1403715918.0840583,1403715918.0840583,631,487,ready,1,1,1,1,-0.094298018515402399,0.28073960493544958,-0.080887844829272859,-9.6527098078662377,0.29989476939804416,2.0862265162395555,9.8801358586129968,30,27,154,2,54319679.589181937,none,4860,24.300000190734863,0.0010199750215363907,0.0066597604642559174,disabled,disabled,0,0,0,0,-1,-1,0,0,0,0,0,0,58,72,1,0,0,0,none,487,1,0,0,0,0,0,0,0,0,0,-1,0
1,1403715918.134058,1403715918134057984,1403715918.134058,1403715918.134058,632,488,ready,1,1,1,1,-0.11442894306815322,0.28486613243802933,-0.1405609007414596,-9.6400418330133295,0.13223444036963891,2.1578552465443628,9.8794853992759109,30,27,155,2,56329873.912515417,none,4870,24.349999904632568,0.0016273784961158963,0.012609575166852498,disabled,disabled,0,0,0,0,-1,-1,0,0,0,0,0,0,72,72,1,0,0,0,none,488,1,0,0,0,0,0,0,0,0,0,-1,0
1,1403715918.1840582,1403715918184058112,1403715918.1840582,1403715918.1840582,633,489,ready,1,1,1,1,-0.11546292858461302,0.2880897674926548,-0.1949724529060213,-9.6345486607382274,0.00066616139826962515,2.1838686592724725,9.8789579744452976,30,30,156,2,52437530.740416519,none,4880,24.400000095367432,0.00077148723475931838,0.0051431365713686325,disabled,disabled,0,0,0,0,-1,-1,0,0,0,0,0,0,72,72,1,0,0,0,none,489,1,0,0,0,0,0,0,0,0,0,-1,0
1,1403715918.2340581,1403715918234058240,1403715918.2340581,1403715918.2340581,634,490,ready,1,1,1,1,-0.12865044408462803,0.28854941719565208,-0.24224028747771462,-9.6341242435443366,-0.0006100948991733903,2.1764375212147424,9.876903897275497,30,30,157,2,54301465.87112543,none,4890,24.450000047683716,0.00097682075590495494,0.008184609687130728,disabled,disabled,0,0,0,0,-1,-1,0,0,0,0,0,0,72,72,1,0,0,0,none,490,1,0,0,0,0,0,0,0,0,0,-1,0
1,1403715918.2840581,1403715918284058112,1403715918.2840581,1403715918.2840581,635,491,ready,1,1,1,1,-0.16987656738429688,0.28839958259645987,-0.28913933301431949,-9.6311534257398606,0.079762523762001616,2.1786394252514203,9.8748138268828836,30,30,158,2,56015537.12986508,none,4900,24.5,0,0,disabled,disabled,0,0,0,0,-1,-1,0,0,0,0,0,0,0,0,0,0,0,0,none,491,1,0,0,0,0,0,0,0,0,0,-1,0
1,1403715918.334058,1403715918334057984,1403715918.334058,1403715918.334058,636,492,ready,1,1,1,1,-0.26658386705184667,0.29713149553825502,-0.31238439747090735,-9.6047954773831972,0.25687002918479723,2.2669636301036582,9.8720414542518444,30,30,159,2,57651452.394797154,none,4910,24.549999952316284,0.0027543544507591935,0.017683947346313587,disabled,disabled,0,0,0,0,-1,-1,0,0,0,0,0,0,72,72,1,0,0,0,none,492,1,0,0,0,0,0,0,0,0,0,-1,0
1,1403715918.3840582,1403715918384058112,1403715918.3840582,1403715918.3840582,637,493,ready,1,1,1,1,-0.34919921373481444,0.31039150654030628,-0.32841388062300619,-9.5534445933679457,0.46868109856466261,2.4328960834463831,9.8694958799095591,30,30,160,2,59255427.167660832,none,4920,24.600000143051147,0.00079377162511331536,0.0024024593587944122,disabled,disabled,0,0,0,0,-1,-1,0,0,0,0,0,0,72,72,1,0,0,0,none,493,1,0,0,0,0,0,0,0,0,0,-1,0
1,1403715918.4340582,1403715918434058240,1403715918.4340582,1403715918.4340582,638,494,ready,1,1,1,1,-0.41487088403834615,0.34582757092372063,-0.32998390383602594,-9.4878905055413352,0.67872336946038248,2.6193751300937369,9.8661977341601386,30,30,161,2,60810224.124865614,none,4930,24.650000095367432,9.4556165571870851e-05,0.0013527109251292202,disabled,disabled,0,0,0,0,-1,-1,0,0,0,0,0,0,26,36,1,0,0,0,none,494,1,0,0,0,0,0,0,0,0,0,-1,0
1,1403715918.4840581,1403715918484058112,1403715918.4840581,1403715918.4840581,639,495,ready,1,1,1,1,-0.4646014423933239,0.3889285501309811,-0.32876815305356993,-9.4133977837495273,0.85158960939511319,2.8166844244242299,9.8626048204682863,30,29,162,2,62460629.196193762,none,4940,24.700000047683716,0.0001894156314521549,0.0029114573198871807,disabled,disabled,0,0,0,0,-1,-1,0,0,0,0,0,0,72,72,1,0,0,0,none,495,1,0,0,0,0,0,0,0,0,0,-1,0
1,1403715918.5340581,1403715918534057984,1403715918.5340581,1403715918.5340581,640,496,ready,1,1,1,1,-0.51128140310624692,0.44063905812980736,-0.32373306712027983,-9.3534716358225154,0.9740753909253016,2.9635393581131808,9.8599604480154213,30,29,163,2,64020944.651603006,none,4950,24.75,0.0012223198631438415,0.0016969153017347589,disabled,disabled,0,0,0,0,-1,-1,0,0,0,0,0,0,72,72,1,0,0,0,none,496,1,0,0,0,0,0,0,0,0,0,-1,0
1,1403715918.5840583,1403715918584058368,1403715918.5840583,1403715918.5840583,641,497,ready,1,1,1,1,-0.54909919304970833,0.49600614084745887,-0.30812649476450504,-9.3034124128438567,1.0752419652133718,3.0802563415347506,9.858884670021153,30,29,164,2,63945761.895182528,none,4960,24.800000190734863,0.00055996972255908093,0.0027221896543903118,disabled,disabled,0,0,0,0,-1,-1,0,0,0,0,0,0,72,72,1,0,0,0,none,497,1,0,0,0,0,0,0,0,0,0,-1,0
1,1403715918.634058,1403715918634057984,1403715918.634058,1403715918.634058,642,498,ready,1,1,1,1,-0.53637461871419878,0.54397803205398143,-0.2937937896970847,-9.2716515035268401,1.0912628253597776,3.1618130785986946,9.8565429081834512,30,29,165,2,65408271.140636317,none,4970,24.849999904632568,0.00019738544510598075,0.0039559462305866757,disabled,disabled,0,0,0,0,-1,-1,0,0,0,0,0,0,72,72,1,0,0,0,none,498,1,0,0,0,0,0,0,0,0,0,-1,0
1,1403715918.6840582,1403715918684058112,1403715918.6840582,1403715918.6840582,643,499,ready,1,1,1,1,-0.49741693094565947,0.58554109431180157,-0.30467819577320987,-9.2549030125894323,1.0237479356459829,3.2312318149369053,9.8560716642096722,30,28,166,2,65200588.910356253,none,4980,24.900000095367432,0.0001046146233679603,0.0010735393048356692,disabled,disabled,0,0,0,0,-1,-1,0,0,0,0,0,0,72,72,1,0,0,0,none,499,1,0,0,0,0,0,0,0,0,0,-1,0
1,1403715918.7340581,1403715918734058240,1403715918.7340581,1403715918.7340581,644,500,ready,1,1,1,1,-0.4085303137171159,0.61598293984633834,-0.31568171344667717,-9.2365852744551429,0.88904709396726112,3.3147930869158397,9.8535661299165316,30,26,167,2,67172994.015468329,none,4990,24.950000047683716,0.0010574773596424465,0.001334181581140558,disabled,disabled,0,0,0,0,-1,-1,0,0,0,0,0,0,72,72,1,0,0,0,none,500,1,0,0,0,0,0,0,0,0,0,38826.486650747633,1
1,1403715918.7840581,1403715918784058112,1403715918.7840581,1403715918.7840581,645,501,ready,1,1,1,1,-0.37258720196509471,0.63016958769978604,-0.31874637391099769,-9.2313727739619527,0.6767509241303058,3.3730290573590356,9.851576530025314,30,26,168,2,61778955.029461473,none,5000,25,0.00035878603060281286,0.0022550902592638521,disabled,disabled,0,0,0,0,-1,-1,0,0,0,0,0,0,72,72,1,0,0,0,none,501,1,0,0,0,0,0,0,0,0,0,-1,0
1,1403715918.834058,1403715918834057984,1403715918.834058,1403715918.834058,646,502,ready,1,1,1,1,-0.32257453784729745,0.63876991160938812,-0.32716359608845913,-9.1986821258236535,0.45901545413911476,3.4973410963938907,9.8517938865778003,30,28,169,2,60016782.958324298,none,5010,25.049999952316284,7.1409126247372982e-05,0.0015509001700297245,disabled,disabled,0,0,0,0,-1,-1,0,0,0,0,0,0,72,72,1,0,0,0,none,502,1,0,0,0,0,0,0,0,0,0,-1,0
1,1403715918.8840582,1403715918884058112,1403715918.8840582,1403715918.8840582,647,503,ready,1,1,1,1,-0.27197610105981368,0.63636841928298005,-0.32010536419096497,-9.1421415389744141,0.25482240266809808,3.6607340717151122,9.8511248250826107,30,30,170,2,57013237.638774768,none,5020,25.100000143051147,9.1173723054052307e-06,5.1143913322108434e-05,disabled,disabled,0,0,0,0,-1,-1,0,0,0,0,0,0,5,24,1,0,0,0,none,503,1,0,0,0,0,0,0,0,0,0,-1,0
1,1403715918.9340582,1403715918934058240,1403715918.9340582,1403715918.9340582,648,504,ready,1,1,1,1,-0.22040683592558244,0.62493636550543241,-0.32278319196950223,-9.0667660251237248,0.11123466407878012,3.8418680643892111,9.8477697743704535,30,28,171,2,58944058.008846298,none,5030,25.150000095367432,0.00016736627533295398,0.0021024511212424301,disabled,disabled,0,0,0,0,-1,-1,0,0,0,0,0,0,72,72,1,0,0,0,none,504,1,0,0,0,0,0,0,0,0,0,-1,0
1,1403715918.9840581,1403715918984058112,1403715918.9840581,1403715918.9840581,649,505,ready,1,1,1,1,-0.1412935039826925,0.60956912033637045,-0.29352750281369017,-8.9875336228889591,0.026680051511252509,4.0237994880242471,9.8472044138187957,30,27,172,2,60854181.64001175,none,5040,25.200000047683716,0.00024583296912875731,0.0022340558653122268,disabled,disabled,0,0,0,0,-1,-1,0,0,0,0,0,0,72,72,1,0,0,0,none,505,1,0,0,0,0,0,0,0,0,0,-1,0
1,1403715919.0340581,1403715919034057984,1403715919.0340581,1403715919.0340581,650,506,ready,1,1,1,1,-0.064454642475238286,0.59623845512927276,-0.27144651396903419,-8.9068449094754101,-0.040465804976997984,4.1941707886209132,9.8450288129055998,30,28,173,2,59017282.422694825,none,5050,25.25,2.8960223940161503e-05,0.00097983191517258313,disabled,disabled,0,0,0,0,-1,-1,0,0,0,0,0,0,72,72,1,0,0,0,none,506,1,0,0,0,0,0,0,0,0,0,-1,0
1,1403715919.0840583,1403715919084058368,1403715919.0840583,1403715919.0840583,651,507,ready,1,1,1,1,-0.0041350948521944363,0.57415995662136421,-0.24585369539844143,-8.8398872205067249,-0.14991967330367212,4.3272580295020209,9.8433350056579556,30,29,174,2,58585394.142564379,none,5060,25.300000190734863,0.0011921973844490944,0.0066641688643745691,disabled,disabled,0,0,0,0,-1,-1,0,0,0,0,0,0,72,72,1,0,0,0,none,507,1,0,0,0,0,0,0,0,0,0,-1,0
1,1403715919.134058,1403715919134057984,1403715919.134058,1403715919.134058,652,508,ready,1,1,1,1,0.043758406756355825,0.54873218406012214,-0.1954598084577108,-8.8131967453813047,-0.30827082999074251,4.3690812765129579,9.8415618160025247,30,30,175,2,57970068.813650645,none,5070,25.349999904632568,0.00059633700659644014,0.0035620781301394975,disabled,disabled,0,0,0,0,-1,-1,0,0,0,0,0,0,72,72,1,0,0,0,none,508,1,0,0,0,0,0,0,0,0,0,-1,0
1,1403715919.1840582,1403715919184058112,1403715919.1840582,1403715919.1840582,653,509,ready,1,1,1,1,0.069596701805713465,0.51776942627059597,-0.13745020968334973,-8.8107655999707699,-0.524267028938183,4.3489620514101057,9.8396096111515092,30,29,176,2,59828049.631492853,none,5080,25.400000095367432,5.7237718526881251e-05,0.0010242077898865404,disabled,disabled,0,0,0,0,-1,-1,0,0,0,0,0,0,72,72,1,0,0,0,none,509,1,0,0,0,0,0,0,0,0,0,-1,0
1,1403715919.2340581,1403715919234058240,1403715919.2340581,1403715919.2340581,654,510,ready,1,1,1,1,0.093475646659149772,0.46999835423396352,-0.080958000049951115,-8.8310437798053183,-0.76212597348171474,4.2682649341928567,9.8380005991438129,30,26,177,2,62150600.543747894,none,5090,25.450000047683716,0.00048959561739753252,0.0023290550731215965,disabled,disabled,0,0,0,0,-1,-1,0,0,0,0,0,0,72,72,1,0,0,0,none,510,1,0,0,0,0,0,0,0,0,0,-1,0
1,1403715919.2840581,1403715919284058112,1403715919.2840581,1403715919.2840581,655,511,ready,1,1,1,1,0.11467283169240892,0.4093563413873797,-0.028134145379066996,-8.8778538199404995,-0.98051052603818833,4.1195087432949702,9.8360582362035416,30,27,178,2,61506538.361634478,none,5100,25.5,7.3002529802264956e-05,0.00024095959209170648,disabled,disabled,0,0,0,0,-1,-1,0,0,0,0,0,0,45,72,1,0,0,0,none,511,1,0,0,0,0,0,0,0,0,0,-1,0
1,1403715919.334058,1403715919334057984,1403715919.334058,1403715919.334058,656,512,ready,1,1,1,1,0.099476359968734954,0.34250797607387423,0.016230747963541597,-8.918954369670903,-1.189870773781293,3.9656107018307267,9.8330873963900558,30,30,179,2,52787686.299722791,none,5110,25.549999952316284,0.0012122753811857939,0.01124579533493289,disabled,disabled,0,0,0,0,-1,-1,0,0,0,0,0,0,72,72,1,0,0,0,none,512,1,0,0,0,0,0,0,0,0,0,-1,0
1,1403715919.3840582,1403715919384058112,1403715919.3840582,1403715919.3840582,657,513,ready,1,1,1,1,0.03913003480382269,0.27549487261068312,0.059103392949174383,-8.9698550090694091,-1.2045631368866683,3.8359502006036723,9.8297398325685705,30,30,180,2,54886065.225354724,none,5120,25.600000143051147,0.00029096746986336354,0.00073331150513541586,disabled,disabled,0,0,0,0,-1,-1,0,0,0,0,0,0,72,72,1,0,0,0,none,513,1,0,0,0,0,0,0,0,0,0,-1,0
1,1403715919.4340582,1403715919434058240,1403715919.4340582,1403715919.4340582,658,514,ready,1,1,1,1,-0.0069995283947839222,0.21079685506655316,0.097263519052659952,-9.0164223190094397,-1.05925794588162,3.7548891238683231,9.8243112309815146,30,29,181,2,56933213.957961142,none,5130,25.650000095367432,0.00077449686191816255,0.0077186656118937609,disabled,disabled,0,0,0,0,-1,-1,0,0,0,0,0,0,72,72,1,0,0,0,none,514,1,0,0,0,0,0,0,0,0,0,-1,0
1,1403715919.4840581,1403715919484058112,1403715919.4840581,1403715919.4840581,659,515,ready,1,1,1,1,-0.064552021700550161,0.15815297481843968,0.14324101625067673,-9.0614747143530128,-0.88411709862605659,3.6771083780483567,9.8190179278202461,30,29,182,2,58896439.320469745,none,5140,25.700000047683716,0,0,disabled,disabled,0,0,0,0,-1,-1,0,0,0,0,0,0,0,0,0,0,0,0,none,515,1,0,0,0,0,0,0,0,0,0,-1,0
1,1403715919.5340581,1403715919534057984,1403715919.5340581,1403715919.5340581,660,516,ready,1,1,1,1,-0.11234768637137248,0.12135617761916097,0.18070740772133839,-9.0967775027947173,-0.72032249013314131,3.6108016734778272,9.8136697595921767,30,30,183,2,59791210.397945195,none,5150,25.75,0.0050498498838472588,0.011185530013632471,disabled,disabled,0,0,0,0,-1,-1,0,0,0,0,0,0,72,72,1,0,0,0,none,516,1,0,0,0,0,0,0,0,0,0,-1,0
1,1403715919.5840583,1403715919584058368,1403715919.5840583,1403715919.5840583,661,517,ready,1,1,1,1,-0.15687995550809625,0.089472416527181395,0.21318240431221033,-9.1238997228374092,-0.58394287241448295,3.5497932597517865,9.8075260701981026,30,30,184,2,61676414.124567315,none,5160,25.800000190734863,0.00056688929091705054,0.003628990399372561,disabled,disabled,0,0,0,0,-1,-1,0,0,0,0,0,0,72,72,1,0,0,0,none,517,1,0,0,0,0,0,0,0,0,0,-1,0
1,1403715919.634058,1403715919634057984,1403715919.634058,1403715919.634058,662,518,ready,1,1,1,1,-0.21185829051278357,0.060085678047187042,0.24871474443806085,-9.1392629551094693,-0.47951155439335591,3.5095837423667486,9.8016956052571835,30,30,185,2,63476313.120431125,none,5170,25.849999904632568,0.00017193590113847492,0.0010589844955661465,disabled,disabled,0,0,0,0,-1,-1,0,0,0,0,0,0,42,72,1,0,0,0,none,518,1,0,0,0,0,0,0,0,0,0,-1,0
1,1403715919.6840582,1403715919684058112,1403715919.6840582,1403715919.6840582,663,519,ready,1,1,1,1,-0.25139112052162821,0.028327526470295215,0.27947710284773564,-9.1449496454364549,-0.435731987073875,3.4863482386499536,9.7966622082863157,30,30,186,2,65212608.858977392,none,5180,25.900000095367432,0.0018327698765710529,0.01360266185551256,disabled,disabled,0,0,0,0,-1,-1,0,0,0,0,0,0,72,72,1,0,0,0,none,519,1,0,0,0,0,0,0,0,0,0,-1,0
1,1403715919.7340581,1403715919734058240,1403715919.7340581,1403715919.7340581,664,520,ready,1,1,1,1,-0.29113046322765501,0.003875124504547388,0.30004640732038707,-9.1451362622414027,-0.44316095409668327,3.4743332804154048,9.7929005217862102,30,30,187,2,66903149.77594921,none,5190,25.950000047683716,0.00097275720230607487,0.0026678398864629365,disabled,disabled,0,0,0,0,-1,-1,0,0,0,0,0,0,72,72,1,0,0,0,none,520,1,0,0,0,0,0,0,0,0,0,56274.784067982706,1
1,1403715919.7840581,1403715919784058112,1403715919.7840581,1403715919.7840581,665,521,ready,1,1,1,1,-0.32270208202272016,-0.027817311711757661,0.32167131663858778,-9.1482776010519071,-0.51318119003812868,3.4514571674798091,9.791164107432003,30,30,188,2,68547939.981646061,none,5200,26,0.00036983928275322747,0.0038408259850469537,disabled,disabled,0,0,0,0,-1,-1,0,0,0,0,0,0,72,72,1,0,0,0,none,521,1,0,0,0,0,0,0,0,0,0,-1,0
1,1403715919.834058,1403715919834057984,1403715919.834058,1403715919.834058,666,522,ready,1,1,1,1,-0.32692176032373182,-0.061466038320975601,0.32056575414072108,-9.1485922349291506,-0.55244731676838488,3.4386035923610656,9.7890721002661412,30,30,189,2,70163908.039868146,none,5210,26.049999952316284,0.00063316427452741455,0.0049711730818948153,disabled,disabled,0,0,0,0,-1,-1,0,0,0,0,0,0,72,72,1,0,0,0,none,522,1,0,0,0,0,0,0,0,0,0,-1,0
1,1403715919.8840582,1403715919884058112,1403715919.8840582,1403715919.8840582,667,523,ready,1,1,1,1,-0.33318213246879186,-0.10434937311313432,0.32376339510074481,-9.146392185275765,-0.59947093979068244,3.4375284995289928,9.7894053751799017,30,30,190,2,71739411.314266577,none,5220,26.100000143051147,0.00015728431717596656,0.00047226900829946923,disabled,disabled,0,0,0,0,-1,-1,0,0,0,0,0,0,45,72,1,0,0,0,none,523,1,0,0,0,0,0,0,0,0,0,-1,0
1,1403715919.9340582,1403715919934058240,1403715919.9340582,1403715919.9340582,668,524,ready,1,1,1,1,-0.31763585967867258,-0.14678467924511882,0.31805505840975329,-9.1270190073331712,-0.60170022958050451,3.4854898184830927,9.7884196069257019,30,30,191,2,73302570.56687519,none,5230,26.150000095367432,0.000766715632843594,0.0087504953820345156,disabled,disabled,0,0,0,0,-1,-1,0,0,0,0,0,0,72,72,1,0,0,0,none,524,1,0,0,0,0,0,0,0,0,0,-1,0
1,1403715919.9840581,1403715919984058112,1403715919.9840581,1403715919.9840581,669,525,ready,1,1,1,1,-0.25059606155233471,-0.17968285147271806,0.31689447388231989,-9.086107536895403,-0.56251412740922158,3.5906433883297093,9.7860355741085598,30,30,192,2,74872057.498509452,none,5240,26.200000047683716,0.00046954517229616776,0.00120840066573441,disabled,disabled,0,0,0,0,-1,-1,0,0,0,0,0,0,72,72,1,0,0,0,none,525,1,0,0,0,0,0,0,0,0,0,-1,0
1,1403715920.0340581,1403715920034057984,1403715920.0340581,1403715920.0340581,670,526,ready,1,1,1,1,-0.17402851363522012,-0.20575843623778586,0.30506308717461317,-9.0504362473402278,-0.53674022172771596,3.6757126956615225,9.7831155647798358,30,30,193,2,76458933.893726856,none,5250,26.25,0.00059904440547135177,0.0068710781224412942,disabled,disabled,0,0,0,0,-1,-1,0,0,0,0,0,0,72,72,1,0,0,0,none,526,1,0,0,0,0,0,0,0,0,0,-1,0
1,1403715920.0840583,1403715920084058368,1403715920.0840583,1403715920.0840583,671,527,ready,1,1,1,1,-0.10180901010517818,-0.23214101203454671,0.29516269102826165,-9.0197837788097157,-0.49159781452285306,3.7528170215743257,9.7817075924983836,30,30,194,2,78055605.219920531,none,5260,26.300000190734863,1.940690927783595e-06,9.3695639576262746e-06,disabled,disabled,0,0,0,0,-1,-1,0,0,0,0,0,0,5,24,1,0,0,0,none,527,1,0,0,0,0,0,0,0,0,0,-1,0
1,1403715920.134058,1403715920134057984,1403715920.134058,1403715920.134058,672,528,ready,1,1,1,1,-0.018679564506817216,-0.25694707697752617,0.28211397505657509,-8.990991829203768,-0.43682565106490301,3.8263856010871478,9.78110308147523,30,30,195,2,79655071.914773196,none,5270,26.349999904632568,0.0027163019661021084,0.0025370967926426876,disabled,disabled,0,0,0,0,-1,-1,0,0,0,0,0,0,72,72,1,0,0,0,none,528,1,0,0,0,0,0,0,0,0,0,-1,0
1,1403715920.1840582,1403715920184058112,1403715920.1840582,1403715920.1840582,673,529,ready,1,1,1,1,0.04116744334029232,-0.27671193177476561,0.27652114157261098,-8.9713574151342073,-0.38649784686906519,3.8706008764004483,9.7783529083435035,30,30,196,2,81236720.733933017,none,5280,26.400000095367432,7.4846664709628968e-05,0.0014382534221657533,disabled,disabled,0,0,0,0,-1,-1,0,0,0,0,0,0,72,72,1,0,0,0,none,529,1,0,0,0,0,0,0,0,0,0,-1,0
1,1403715920.2340581,1403715920234058240,1403715920.2340581,1403715920.2340581,674,530,ready,1,1,1,1,0.15939248325732253,-0.30366337357937434,0.29265611653656159,-8.959926520139275,-0.29503040097350208,3.8955197183905956,9.7745792779108207,30,30,197,2,82772992.506986201,none,5290,26.450000047683716,4.7862491922237054e-06,8.1245803444544069e-06,disabled,disabled,0,0,0,0,-1,-1,0,0,0,0,0,0,21,72,1,0,0,0,none,530,1,0,0,0,0,0,0,0,0,0,-1,0
1,1403715920.2840581,1403715920284058112,1403715920.2840581,1403715920.2840581,675,531,ready,1,1,1,1,0.24602750294689482,-0.32185545439467556,0.29258475919160487,-8.9828050220969562,-0.19460401083489587,3.8416081263970101,9.7717250157197366,30,30,198,2,84228859.428291678,none,5300,26.5,0.001226602766483632,0.0073822032743669497,disabled,disabled,0,0,0,0,-1,-1,0,0,0,0,0,0,72,72,1,0,0,0,none,531,1,0,0,0,0,0,0,0,0,0,-1,0
1,1403715920.334058,1403715920334057984,1403715920.334058,1403715920.334058,676,532,ready,1,1,1,1,0.30435805187718395,-0.3349391363581628,0.29879429677103575,-9.017318197700579,-0.089821108746156203,3.7611452083078132,9.7706861881924763,30,30,199,2,85587099.350839242,none,5310,26.549999952316284,0.00028536909996395682,0.001743122134683457,disabled,disabled,0,0,0,0,-1,-1,0,0,0,0,0,0,72,72,1,0,0,0,none,532,1,0,0,0,0,0,0,0,0,0,-1,0
1,1403715920.3840582,1403715920384058112,1403715920.3840582,1403715920.3840582,677,533,ready,1,1,1,1,0.34521596543988992,-0.34133922937518407,0.30388484843516633,-9.0496577879121869,-0.014264202039648032,3.6870999322816393,9.7719606761596616,30,30,200,2,86864387.319765374,none,5320,26.600000143051147,0.0011674993762240862,0.0034465742695480566,disabled,disabled,0,0,0,0,-1,-1,0,0,0,0,0,0,72,72,1,0,0,0,none,533,1,0,0,0,0,0,0,0,0,0,-1,0
1,1403715920.4340582,1403715920434058240,1403715920.4340582,1403715920.4340582,678,534,ready,1,1,1,1,0.35570412369808951,-0.34344172908044129,0.319835273840477,-9.0953526048852531,0.084965429988136457,3.5753020963444371,9.7732002543491845,30,30,201,2,88030954.384053379,none,5330,26.650000095367432,0.0023376033395532689,0.0088359530419588172,disabled,disabled,0,0,0,0,-1,-1,0,0,0,0,0,0,72,72,1,0,0,0,none,534,1,0,0,0,0,0,0,0,0,0,-1,0
1,1403715920.4840581,1403715920484058112,1403715920.4840581,1403715920.4840581,679,535,ready,1,1,1,1,0.35832665604786207,-0.34191201522575682,0.33420232352131535,-9.1391345178015158,0.1560383412238632,3.4657220465640881,9.7754466395374191,30,30,202,2,89143997.963689968,none,5340,26.700000047683716,0.00063356799072089489,0.0011329061238258883,disabled,disabled,0,0,0,0,-1,-1,0,0,0,0,0,0,72,72,1,0,0,0,none,535,1,0,0,0,0,0,0,0,0,0,-1,0
1,1403715920.5340581,1403715920534057984,1403715920.5340581,1403715920.5340581,680,536,ready,1,1,1,1,0.35299678352520958,-0.32838896961273578,0.34721525363549838,-9.1874858690587899,0.22699794861486933,3.3375194194688595,9.777548800091056,30,30,203,2,90211020.593780309,none,5350,26.75,0.00040924590094566218,0.0068098899732447022,disabled,disabled,0,0,0,0,-1,-1,0,0,0,0,0,0,72,72,1,0,0,0,none,536,1,0,0,0,0,0,0,0,0,0,-1,0
1,1403715920.5840583,1403715920584058368,1403715920.5840583,1403715920.5840583,681,537,ready,1,1,1,1,0.32365381732697757,-0.31582213226571343,0.35994952389840468,-9.2351231806789205,0.28509849136710314,3.2073845677719031,9.7803935032121423,30,29,204,2,91414522.726245001,none,5360,26.800000190734863,0.00012197473859302392,0.0010137223477531131,disabled,disabled,0,0,0,0,-1,-1,0,0,0,0,0,0,72,72,1,0,0,0,none,537,1,0,0,0,0,0,0,0,0,0,-1,0
1,1403715920.634058,1403715920634057984,1403715920.634058,1403715920.634058,682,538,ready,1,1,1,1,0.32066048569136596,-0.30907524686035054,0.35157064797517612,-9.2773827711320607,0.3413724212130404,3.08624907489836,9.7832151956488129,30,28,205,2,92782121.934865788,none,5370,26.849999904632568,0.0057355988738286142,0.005897094141612407,disabled,disabled,0,0,0,0,-1,-1,0,0,0,0,0,0,72,72,1,0,0,0,none,538,1,0,0,0,0,0,0,0,0,0,-1,0
1,1403715920.6840582,1403715920684058112,1403715920.6840582,1403715920.6840582,683,539,ready,1,1,1,1,0.32859964255318913,-0.29125804564425445,0.32600990164866733,-9.3164136756868174,0.38816640888481319,2.9680047766252144,9.785463161832503,30,29,206,2,92181743.847890273,none,5380,26.900000095367432,0.00015044006908245252,0.0014441667113238928,disabled,disabled,0,0,0,0,-1,-1,0,0,0,0,0,0,60,60,1,0,0,0,none,539,1,0,0,0,0,0,0,0,0,0,-1,0
1,1403715920.7340581,1403715920734058240,1403715920.7340581,1403715920.7340581,684,540,ready,1,1,1,1,0.37561757526504047,-0.28189962385187406,0.29557867253066866,-9.3588545780832604,0.39577403744957862,2.8429339922284456,9.7891301853942618,30,29,207,2,91148532.350871101,none,5390,26.950000047683716,0.00054194729621774053,0.003019311167137253,disabled,disabled,0,0,0,0,-1,-1,0,0,0,0,0,0,72,72,1,0,0,0,none,540,1,0,0,0,0,0,0,0,0,0,0.99999499998943675,1
1,1403715920.7840581,1403715920784058112,1403715920.7840581,1403715920.7840581,685,541,ready,1,1,1,1,0.39741067872406177,-0.26831644156973167,0.25212607334242948,-9.3868095221161418,0.42618192215432521,2.7522485921417252,9.7912561169753669,30,28,208,2,92606304.05553934,none,5400,27,0.00020903122017968873,0.0031904663985678375,disabled,disabled,0,0,0,0,-1,-1,0,0,0,0,0,0,72,72,1,0,0,0,none,541,1,0,0,0,0,0,0,0,0,0,-1,0
1,1403715920.834058,1403715920834057984,1403715920.834058,1403715920.834058,686,542,ready,1,1,1,1,0.43223973393922521,-0.2559165130263566,0.20926998705645986,-9.403932479120936,0.40621284858645745,2.703831105104844,9.7933476194381477,30,29,209,2,91780156.387213051,none,5410,27.049999952316284,3.9330876266851442e-05,0.00010842368613402781,disabled,disabled,0,0,0,0,-1,-1,0,0,0,0,0,0,21,72,1,0,0,0,none,542,1,0,0,0,0,0,0,0,0,0,-1,0
1,1403715920.8840582,1403715920884058112,1403715920.8840582,1403715920.8840582,687,543,ready,1,1,1,1,0.4760430717609343,-0.242358434240453,0.1549728409103224,-9.4037970483117608,0.41492436342511546,2.7101737019926899,9.7953357598488413,30,30,210,2,90889548.149048537,none,5420,27.100000143051147,0.00052484267554207559,0.0038706407348439646,disabled,disabled,0,0,0,0,-1,-1,0,0,0,0,0,0,72,72,1,0,0,0,none,543,1,0,0,0,0,0,0,0,0,0,-1,0
1,1403715920.9340582,1403715920934058240,1403715920.9340582,1403715920.9340582,688,544,ready,1,1,1,1,0.49748531228653037,-0.22318422104715999,0.10149216397117469,-9.3847878407426837,0.46621199425346138,2.7695352133485169,9.7960156051996421,30,28,211,2,92239816.731777102,none,5430,27.150000095367432,0.00051186179548241893,0.0013004445118794149,disabled,disabled,0,0,0,0,-1,-1,0,0,0,0,0,0,72,72,1,0,0,0,none,544,1,0,0,0,0,0,0,0,0,0,-1,0
1,1403715920.9840581,1403715920984058112,1403715920.9840581,1403715920.9840581,689,545,ready,1,1,1,1,0.52723767452218673,-0.20422283214511575,0.043658240462007239,-9.3398408795523782,0.52157965583114052,2.908903281694474,9.7962437339516804,30,26,212,2,93779900.648870185,none,5440,27.200000047683716,0.00097047322115906569,0.0036153370587577905,disabled,disabled,0,0,0,0,-1,-1,0,0,0,0,0,0,72,72,1,0,0,0,none,545,1,0,0,0,0,0,0,0,0,0,-1,0
1,1403715921.0340581,1403715921034057984,1403715921.0340581,1403715921.0340581,690,546,ready,1,1,1,1,0.5541892854682744,-0.17370979084061791,0.0022242635399470439,-9.2922159427272106,0.56977074204549194,3.0486359484075409,9.7961266310051123,30,25,213,2,90988298.365656972,none,5450,27.25,0.00044020039547969524,0.0024356735710721147,disabled,disabled,0,0,0,0,-1,-1,0,0,0,0,0,0,72,72,1,0,0,0,none,546,1,0,0,0,0,0,0,0,0,0,-1,0
1,1403715921.0840583,1403715921084058368,1403715921.0840583,1403715921.0840583,691,547,ready,1,1,1,1,0.57251828148756145,-0.15244809593111347,-0.020737121360434319,-9.2469674360654217,0.57606117857916972,3.1798388176704893,9.7953881062204164,30,27,214,2,86841424.755778387,none,5460,27.300000190734863,0.0001117579972377785,0.00033860733349143699,disabled,disabled,0,0,0,0,-1,-1,0,0,0,0,0,0,72,72,1,0,0,0,none,547,1,0,0,0,0,0,0,0,0,0,-1,0
1,1403715921.134058,1403715921134057984,1403715921.134058,1403715921.134058,692,548,ready,1,1,1,1,0.57037967626635344,-0.11363429646696917,-0.03737412810908277,-9.2126921736065768,0.55975139912641325,3.2808732697713019,9.7954656921840968,30,30,215,2,80254871.079177171,none,5470,27.349999904632568,0.00080230051768914149,0.0069402634249399091,disabled,disabled,0,0,0,0,-1,-1,0,0,0,0,0,0,72,72,1,0,0,0,none,548,1,0,0,0,0,0,0,0,0,0,-1,0
1,1403715921.1840582,1403715921184058112,1403715921.1840582,1403715921.1840582,693,549,ready,1,1,1,1,0.56877211962076935,-0.089063858096038589,-0.041120500439212664,-9.2013818645262972,0.52663898601048587,3.3193357244043624,9.7959566398451674,30,29,216,2,81555204.479159012,none,5480,27.400000095367432,0.00056736085031869256,0.0024266347050768862,disabled,disabled,0,0,0,0,-1,-1,0,0,0,0,0,0,72,72,1,0,0,0,none,549,1,0,0,0,0,0,0,0,0,0,-1,0
1,1403715921.2340581,1403715921234058240,1403715921.2340581,1403715921.2340581,694,550,ready,1,1,1,1,0.57241423935844993,-0.064855153639721289,-0.041260645480431263,-9.1874315802536763,0.48499657682203584,3.3625820757916385,9.7954621605009962,30,29,217,2,82699580.94292888,none,5490,27.450000047683716,0.00038850345313697695,0.0036175227874492466,disabled,disabled,0,0,0,0,-1,-1,0,0,0,0,0,0,72,72,1,0,0,0,none,550,1,0,0,0,0,0,0,0,0,0,-1,0
1,1403715921.2840581,1403715921284058112,1403715921.2840581,1403715921.2840581,695,551,ready,1,1,1,1,0.55518989138964303,-0.034749437592350253,-0.040010146769406403,-9.1818271617204541,0.40292061730933793,3.3840902179962726,9.7938941006679503,30,30,218,2,83334769.686884299,none,5500,27.5,0.00048717492284205461,0.004129261052067572,disabled,disabled,0,0,0,0,-1,-1,0,0,0,0,0,0,72,72,1,0,0,0,none,551,1,0,0,0,0,0,0,0,0,0,-1,0
1,1403715921.334058,1403715921334057984,1403715921.334058,1403715921.334058,696,552,ready,1,1,1,1,0.56496277235922332,-0.013886518900186688,-0.04178524615386027,-9.1642024271576652,0.30465005315464555,3.4328476393627163,9.7908049054144541,30,29,219,2,84577977.801635966,none,5510,27.549999952316284,0.0002571686407960067,0.0021026792408534514,disabled,disabled,0,0,0,0,-1,-1,0,0,0,0,0,0,72,72,1,0,0,0,none,552,1,0,0,0,0,0,0,0,0,0,-1,0
1,1403715921.3840582,1403715921384058112,1403715921.3840582,1403715921.3840582,697,553,ready,1,1,1,1,0.56727374026457511,-0.0031728198639616777,-0.043153606136130292,-9.1476684378709834,0.19876952671290402,3.4799809764292742,9.7892601748181285,30,29,220,2,85804446.69907628,none,5520,27.600000143051147,0.00064207194690825355,0.0025347826540136069,disabled,disabled,0,0,0,0,-1,-1,0,0,0,0,0,0,72,72,1,0,0,0,none,553,1,0,0,0,0,0,0,0,0,0,-1,0
1,1403715921.4340582,1403715921434058240,1403715921.4340582,1403715921.4340582,698,554,ready,1,1,1,1,0.57109116527156256,0.0077781972839818473,-0.036873106344539448,-9.1330384912330373,0.089769467348898832,3.5228562744386744,9.7893292400431751,30,30,221,2,84164213.778365552,none,5530,27.650000095367432,0.00027399176548793445,0.0029328827836016384,disabled,disabled,0,0,0,0,-1,-1,0,0,0,0,0,0,72,72,1,0,0,0,none,554,1,0,0,0,0,0,0,0,0,0,-1,0
1,1403715921.4840581,1403715921484058112,1403715921.4840581,1403715921.4840581,699,555,ready,1,1,1,1,0.59670359924958838,0.004699052113707307,-0.026003053050310587,-9.1175865685734863,0.030970005019370701,3.561553555259422,9.7885651503999078,30,30,222,2,85300728.020021752,none,5540,27.700000047683716,0.00011339931484167574,0.0026916921140355231,disabled,disabled,0,0,0,0,-1,-1,0,0,0,0,0,0,72,72,1,0,0,0,none,555,1,0,0,0,0,0,0,0,0,0,-1,0
1,1403715921.5340581,1403715921534057984,1403715921.5340581,1403715921.5340581,700,556,ready,1,1,1,1,0.61718609032650384,-0.00028340431096819771,-0.035054580469649703,-9.1171616705203,-0.013284003157586233,3.5663668334952812,9.7898818063447308,30,29,223,2,86472466.958558902,none,5550,27.75,0.00029532147780251476,0.0018361772640212884,disabled,disabled,0,0,0,0,-1,-1,0,0,0,0,0,0,60,60,1,0,0,0,none,556,1,0,0,0,0,0,0,0,0,0,-1,0
1,1403715921.5840583,1403715921584058368,1403715921.5840583,1403715921.5840583,701,557,ready,1,1,1,1,0.68547294395918368,-0.0076720434546284017,-0.0389228891104536,-9.1159637032088945,-0.039289071403954941,3.5782597085714638,9.7931751955808348,30,29,224,2,87568268.733303621,none,5560,27.800000190734863,0.0012426704662809273,0.0083986449332012544,disabled,disabled,0,0,0,0,-1,-1,0,0,0,0,0,0,72,72,1,0,0,0,none,557,1,0,0,0,0,0,0,0,0,0,-1,0
1,1403715921.634058,1403715921634057984,1403715921.634058,1403715921.634058,702,558,ready,1,1,1,1,0.74903363586740557,-0.016134463367041128,-0.049762794988035264,-9.1290947139182492,-0.068091035717129447,3.5570974348390614,9.7978542980478025,30,28,225,2,87837549.463996589,none,5570,27.849999904632568,0.0002718365747943597,0.0019321369499134687,disabled,disabled,0,0,0,0,-1,-1,0,0,0,0,0,0,72,72,1,0,0,0,none,558,1,0,0,0,0,0,0,0,0,0,-1,0
1,1403715921.6840582,1403715921684058112,1403715921.6840582,1403715921.6840582,703,559,ready,1,1,1,1,0.78234505930174014,-0.029758292129997307,-0.053866407868410453,-9.13072254799585,-0.050135603370596839,3.5737333394312629,9.8053137537035333,30,28,226,2,88989692.454489723,none,5580,27.900000095367432,4.675743386904521e-05,0.0007452858366927943,disabled,disabled,0,0,0,0,-1,-1,0,0,0,0,0,0,67,72,1,0,0,0,none,559,1,0,0,0,0,0,0,0,0,0,-1,0
1,1403715921.7340581,1403715921734058240,1403715921.7340581,1403715921.7340581,704,560,ready,1,1,1,1,0.79636847307063863,-0.036682357878844274,-0.048632162689432809,-9.135799086370552,-0.026464654045130674,3.5734968776578597,9.8098626524061601,30,27,227,2,85862713.634132564,none,5590,27.950000047683716,0.0020706367069705657,0.0060003040511007587,disabled,disabled,0,0,0,0,-1,-1,0,0,0,0,0,0,72,72,1,0,0,0,none,560,1,0,0,0,0,0,0,0,0,0,0.9999949999838057,1
1,1403715921.7840581,1403715921784058112,1403715921.7840581,1403715921.7840581,705,561,ready,1,1,1,1,0.79348163043085373,-0.057443031242036945,-0.035699454293153569,-9.1512902158648952,0.079072254693915142,3.5465745914513298,9.8148131092331603,30,27,228,2,87143437.310445979,none,5600,28,0.00092810854511033824,0.0050496812361239454,disabled,disabled,0,0,0,0,-1,-1,0,0,0,0,0,0,72,72,1,0,0,0,none,561,1,0,0,0,0,0,0,0,0,0,-1,0
1,1403715921.834058,1403715921834057984,1403715921.834058,1403715921.834058,706,562,ready,1,1,1,1,0.77330162547259174,-0.055031833954311465,-0.028447023824541437,-9.158143653733303,0.15030660075191521,3.5338440927191623,9.8174457639597517,30,28,229,2,78550486.028433695,none,5610,28.049999952316284,0.0007716269540123217,0.0037338526911540552,disabled,disabled,0,0,0,0,-1,-1,0,0,0,0,0,0,72,72,1,0,0,0,none,562,1,0,0,0,0,0,0,0,0,0,-1,0
1,1403715921.8840582,1403715921884058112,1403715921.8840582,1403715921.8840582,707,563,ready,1,1,1,1,0.7210835555002727,-0.059649831599850836,0.0040613418711051702,-9.1657143444810174,0.22690323876193136,3.5188287925879767,9.8205886074069859,30,27,230,2,79901806.672058374,none,5620,28.100000143051147,0.0011560082988104393,0.0086104828679270592,disabled,disabled,0,0,0,0,-1,-1,0,0,0,0,0,0,72,72,1,0,0,0,none,563,1,0,0,0,0,0,0,0,0,0,-1,0
1,1403715921.9340582,1403715921934058240,1403715921.9340582,1403715921.9340582,708,564,ready,1,1,1,1,0.66606061539894124,-0.05920705664403246,0.043334785903145337,-9.1798718139004976,0.26923722009696721,3.4844619238067427,9.8226274539345795,30,28,231,2,71693778.483311966,none,5630,28.150000095367432,0.00046670176594504575,0.0056057724441653895,disabled,disabled,0,0,0,0,-1,-1,0,0,0,0,0,0,72,72,1,0,0,0,none,564,1,0,0,0,0,0,0,0,0,0,-1,0
1,1403715921.9840581,1403715921984058112,1403715921.9840581,1403715921.9840581,709,565,ready,1,1,1,1,0.63055653687807589,-0.051027382826433626,0.058492574717167442,-9.1880997650288876,0.29866136582210751,3.4712285014870878,9.8264847841481409,30,27,232,2,72906181.60149537,none,5640,28.200000047683716,0.00017957933880560453,0.0010759446678924537,disabled,disabled,0,0,0,0,-1,-1,0,0,0,0,0,0,66,72,1,0,0,0,none,565,1,0,0,0,0,0,0,0,0,0,-1,0
1,1403715922.0340581,1403715922034057984,1403715922.0340581,1403715922.0340581,710,566,ready,1,1,1,1,0.63172218309565342,-0.047416485688070401,0.064376422635547367,-9.19927892332678,0.28252016937235763,3.456707877960226,9.8313467901818417,30,27,233,2,73071958.539277136,none,5650,28.25,0.0024749973009431658,0.0093570063670544521,disabled,disabled,0,0,0,0,-1,-1,0,0,0,0,0,0,72,72,1,0,0,0,none,566,1,0,0,0,0,0,0,0,0,0,-1,0
1,1403715922.0840583,1403715922084058368,1403715922.0840583,1403715922.0840583,711,567,ready,1,1,1,1,0.65134323186430132,-0.041255182388969941,0.06105308198368762,-9.2158515768092979,0.2546034592622643,3.4141465452793227,9.8312328748682098,30,26,234,2,69200532.17309764,none,5660,28.300000190734863,0.00018063556999090089,0.0026513892353249384,disabled,disabled,0,0,0,0,-1,-1,0,0,0,0,0,0,72,72,1,0,0,0,none,567,1,0,0,0,0,0,0,0,0,0,-1,0
1,1403715922.134058,1403715922134057984,1403715922.134058,1403715922.134058,712,568,ready,1,1,1,1,0.70324665083497628,-0.039765742063846511,0.04774072763343503,-9.2426530885156257,0.27424715211914485,3.3421318795909225,9.8321764180506257,30,24,235,2,69413299.347970814,none,5670,28.349999904632568,0.00095199991672637984,0.0034977647841877373,disabled,disabled,0,0,0,0,-1,-1,0,0,0,0,0,0,54,54,1,0,0,0,none,568,1,0,0,0,0,0,0,0,0,0,-1,0
1,1403715922.1840582,1403715922184058112,1403715922.1840582,1403715922.1840582,713,569,ready,1,1,1,1,0.75440496205870011,-0.030133855120640502,0.0315139435675309,-9.2739975840929194,0.28077474628958177,3.2575642181199838,9.8334932899296241,30,22,236,2,69174554.084856823,none,5680,28.400000095367432,0.0004850754114746713,0.0093221064661585563,disabled,disabled,0,0,0,0,-1,-1,0,0,0,0,0,0,72,72,1,0,0,0,none,569,1,0,0,0,0,0,0,0,0,0,-1,0
1,1403715922.2340581,1403715922234058240,1403715922.2340581,1403715922.2340581,714,570,ready,1,1,1,1,0.79984584051605012,-0.031733226739794229,0.023013363765470037,-9.3096432852421795,0.29497130984278175,3.1609842005502764,9.8360707240347587,28,21,237,2,65656973.27340588,none,5690,28.450000047683716,0.00024993538280306714,0.0031507919937862738,disabled,disabled,0,0,0,0,-1,-1,0,0,0,0,0,0,72,72,1,0,0,0,none,570,1,0,0,0,0,0,0,0,0,0,-1,0
1,1403715922.2840581,1403715922284058112,1403715922.2840581,1403715922.2840581,715,571,pool_not_mature,1,1,1,1,0.84416472729601566,-0.026837670303606776,-0.00879360275744113,-9.3396661650436315,0.29188192134073337,3.0778187888609021,9.8380652380196985,24,19,238,2,51321799.378765509,none,5700,28.5,0.00024524308966885001,0.0024871608965947372,disabled,disabled,0,0,0,0,-1,-1,0,0,0,0,0,0,72,72,1,0,0,0,none,571,1,0,0,0,0,0,0,0,0,0,-1,0
1,1403715922.334058,1403715922334057984,1403715922.334058,1403715922.334058,716,572,confirming_observer_health,1,1,1,1,0.86745027975191991,-0.016330774860044174,-0.035646572791723882,-9.3634858682586888,0.26568991632115596,3.0091982365781536,9.8387363397816472,21,17,239,2,45094935.758766741,none,5710,28.549999952316284,0.00097792927129436045,0.0028618631598981846,disabled,disabled,0,0,0,0,-1,-1,0,0,0,0,0,0,72,72,1,0,0,0,none,572,1,0,0,0,0,0,0,0,0,0,-1,0
1,1403715922.3840582,1403715922384058112,1403715922.3840582,1403715922.3840582,717,573,thin_observations_state_preserved_not_ready,1,0,0,0,0.86038516802509191,-0.0027278853181675832,-0.058844880430877343,-9.3764603415941341,0.20033649806844317,2.9773544715267164,9.8398568535861362,19,14,0,2,41341957.834339663,none,5720,28.600000143051147,0.0012668357692396904,0.0096075015602173543,disabled,disabled,0,0,0,0,-1,-1,0,0,0,0,0,0,72,72,1,0,0,0,none,573,1,0,0,0,0,0,0,0,0,0,-1,0
1,1403715922.4340582,1403715922434058240,1403715922.4340582,1403715922.4340582,718,574,pool_not_mature,1,0,0,0,0.83546203288676468,0.011038634616524962,-0.07983007938927332,-9.3778734377693898,0.11480169430013561,2.9782829188391773,9.8401147751682281,20,16,1,2,37873181.073022075,none,5730,28.650000095367432,0.00026189762186332811,0.00061673009432067791,disabled,disabled,0,0,0,0,-1,-1,0,0,0,0,0,0,72,72,1,0,0,0,none,574,1,0,0,0,0,0,0,0,0,0,-1,0
1,1403715922.4840581,1403715922484058112,1403715922.4840581,1403715922.4840581,719,575,pool_not_mature,1,0,0,0,0.80954372739210945,0.0095527796720321165,-0.0966721417636765,-9.3806371108756235,0.099759750026636007,2.9705633105324845,9.8402515717609607,17,15,2,2,37138230.455343798,none,5740,28.700000047683716,0.001221220109692143,0.0071844006107420226,disabled,disabled,0,0,0,0,-1,-1,0,0,0,0,0,0,72,72,1,0,0,0,none,575,1,0,0,0,0,0,0,0,0,0,-1,0
1,1403715922.5340581,1403715922534057984,1403715922.5340581,1403715922.5340581,720,576,thin_observations_state_preserved_not_ready,1,0,0,0,0.79657535938946045,0.01020106834765694,-0.11587585956000662,-9.3751801686780691,0.12347722529182924,2.9737589343080262,9.8362844621186678,16,14,0,2,37497686.556805164,none,5750,28.75,4.7812582632564287e-05,0.0013697643904340229,disabled,disabled,0,0,0,0,-1,-1,0,0,0,0,0,0,72,72,1,0,0,0,none,576,1,0,0,0,0,0,0,0,0,0,-1,0
1,1403715922.5840583,1403715922584058368,1403715922.5840583,1403715922.5840583,721,577,pool_not_mature,1,0,0,0,0.77916927012933179,0.0011142782243443315,-0.12978859622543709,-9.3779238942323602,0.18431798451591871,2.9480097251370312,9.8321000312716897,23,22,1,2,37092969.100012086,none,5760,28.800000190734863,1.1401954045439087e-05,7.4716646306880567e-05,disabled,disabled,0,0,0,0,-1,-1,0,0,0,0,0,0,24,24,1,0,0,0,none,577,1,0,0,0,0,0,0,0,0,0,-1,0
1,1403715922.634058,1403715922634057984,1403715922.634058,1403715922.634058,722,578,pool_not_mature,1,0,0,0,0.73365469939074568,0.0062594932589046959,-0.14161593299981293,-9.3822170836860455,0.23878379795794732,2.9170358802036489,9.8281286842395872,22,21,2,2,37971405.913401909,none,5770,28.849999904632568,4.1783941581646544e-05,0.00018393462764981758,disabled,disabled,0,0,0,0,-1,-1,0,0,0,0,0,0,32,72,1,0,0,0,none,578,1,0,0,0,0,0,0,0,0,0,-1,0
1,1403715922.6840582,1403715922684058112,1403715922.6840582,1403715922.6840582,723,579,pool_not_mature,1,0,0,0,0.64756230472090992,0.021984078611135469,-0.13529138128116708,-9.3856282081632241,0.26505351855253789,2.9008656004717008,9.8272728394792388,30,28,3,2,39295540.880224898,none,5780,28.900000095367432,0.00053940364913177864,0.0028967138597489335,disabled,disabled,0,0,0,0,-1,-1,0,0,0,0,0,0,37,72,1,0,0,0,none,579,1,0,0,0,0,0,0,0,0,0,-1,0
1,1403715922.7340581,1403715922734058240,1403715922.7340581,1403715922.7340581,724,580,confirming_observer_health,1,0,0,0,0.5779494350547979,0.029175147291524858,-0.1329657183721519,-9.3803621931112033,0.2502190779314315,2.9128612972140058,9.8254040831773501,30,28,4,2,41051254.10465923,none,5790,28.950000047683716,0.00026458764828208079,0.0028948647029892411,disabled,disabled,0,0,0,0,-1,-1,0,0,0,0,0,0,60,60,1,0,0,0,none,580,1,0,0,0,0,0,0,0,0,0,0.9999949999914578,1
1,1403715922.7840581,1403715922784058112,1403715922.7840581,1403715922.7840581,725,581,confirming_observer_health,1,0,0,0,0.50468141632807328,0.035878947795917313,-0.12346796320494315,-9.3735378223972869,0.19300807159494407,2.9264189847500783,9.8216287599317731,30,29,5,2,42181425.456777856,none,5800,29,0.00065304389719294934,0.0058417472190190481,disabled,disabled,0,0,0,0,-1,-1,0,0,0,0,0,0,72,72,1,0,0,0,none,581,1,0,0,0,0,0,0,0,0,0,-1,0
1,1403715922.834058,1403715922834057984,1403715922.834058,1403715922.834058,726,582,confirming_observer_health,1,0,0,0,0.41586033564498709,0.033265474382906855,-0.11648167131005331,-9.3662197782077445,0.11809604523655148,2.9564372893393114,9.8224508680566291,30,29,6,2,42669931.928318486,none,5810,29.049999952316284,0.00035981436901873166,0.0038027941277127149,disabled,disabled,0,0,0,0,-1,-1,0,0,0,0,0,0,59,72,1,0,0,0,none,582,1,0,0,0,0,0,0,0,0,0,-1,0
1,1403715922.8840582,1403715922884058112,1403715922.8840582,1403715922.8840582,727,583,confirming_observer_health,1,0,0,0,0.3335985607162027,0.033546246187874086,-0.10022130895468245,-9.3606152524521082,0.049707532696306803,2.9794783288177507,9.8234861355396852,30,29,7,2,44372212.153544113,none,5820,29.100000143051147,0.00025084350782221586,0.0030516697326624103,disabled,disabled,0,0,0,0,-1,-1,0,0,0,0,0,0,72,72,1,0,0,0,none,583,1,0,0,0,0,0,0,0,0,0,-1,0
1,1403715922.9340582,1403715922934058240,1403715922.9340582,1403715922.9340582,728,584,confirming_observer_health,1,0,0,0,0.27758347205651701,0.022266350869251942,-0.099539311445879908,-9.3503370661351912,-0.0061929508944992889,3.0048340511829204,9.8212967208068207,30,26,8,2,45914859.931050472,none,5830,29.150000095367432,0.00064495454078262516,0.0067782172658288542,disabled,disabled,0,0,0,0,-1,-1,0,0,0,0,0,0,72,72,1,0,0,0,none,584,1,0,0,0,0,0,0,0,0,0,-1,0
1,1403715922.9840581,1403715922984058112,1403715922.9840581,1403715922.9840581,729,585,confirming_observer_health,1,0,0,0,0.25351861950696492,0.0080402063929112151,-0.10407792892739769,-9.3451817981983449,-0.049527350817256843,3.0097763891471585,9.8180257543217078,30,25,9,2,48246667.353202343,none,5840,29.200000047683716,0.0011023397788874768,0.013680171475693594,disabled,disabled,0,0,0,0,-1,-1,0,0,0,0,0,0,72,72,1,0,0,0,none,585,1,0,0,0,0,0,0,0,0,0,-1,0
1,1403715923.0340581,1403715923034057984,1403715923.0340581,1403715923.0340581,730,586,confirming_observer_health,1,0,0,0,0.24429654756430627,0.003645633556791161,-0.12190535526382412,-9.3393976827870091,-0.088092296579375839,3.0165453961577624,9.8148691003520039,30,29,10,2,46889945.406679854,none,5850,29.25,8.6299273946028847e-05,0.0012877172762031414,disabled,disabled,0,0,0,0,-1,-1,0,0,0,0,0,0,38,72,1,0,0,0,none,586,1,0,0,0,0,0,0,0,0,0,-1,0
1,1403715923.0840583,1403715923084058368,1403715923.0840583,1403715923.0840583,731,587,confirming_observer_health,1,0,0,0,0.22435174599547481,-0.012024273987575995,-0.14515266839570312,-9.3307555093458845,-0.11715152332889749,3.0374662075537211,9.8134053119514864,30,30,11,2,48049986.301342838,none,5860,29.300000190734863,0.00068424874063345987,0.0087910428606927157,disabled,disabled,0,0,0,0,-1,-1,0,0,0,0,0,0,72,72,1,0,0,0,none,587,1,0,0,0,0,0,0,0,0,0,-1,0
1,1403715923.134058,1403715923134057984,1403715923.134058,1403715923.134058,732,588,confirming_observer_health,1,0,0,0,0.25892519973189465,-0.031104315103489634,-0.18183640642632057,-9.3159972062043384,-0.13285515851540466,3.0773150200182404,9.8119988876671336,30,30,12,2,49829154.083483055,none,5870,29.349999904632568,0.00050495656824211936,0.0027599937877296442,disabled,disabled,0,0,0,0,-1,-1,0,0,0,0,0,0,72,72,1,0,0,0,none,588,1,0,0,0,0,0,0,0,0,0,-1,0
1,1403715923.1840582,1403715923184058112,1403715923.1840582,1403715923.1840582,733,589,confirming_observer_health,1,0,0,0,0.30515183451930861,-0.037611738913189939,-0.21795400926847575,-9.2881107892296377,-0.14675162114745879,3.1505611972344902,9.8090047369156181,30,30,13,2,51458430.386173673,none,5880,29.400000095367432,0.00094389332549026659,0.0073602773891570201,disabled,disabled,0,0,0,0,-1,-1,0,0,0,0,0,0,72,72,1,0,0,0,none,589,1,0,0,0,0,0,0,0,0,0,-1,0
1,1403715923.2340581,1403715923234058240,1403715923.2340581,1403715923.2340581,734,590,confirming_observer_health,1,0,0,0,0.36535947014257031,-0.062665929726445677,-0.24582988061213232,-9.2561909080163236,-0.16210195874632724,3.2343436296593571,9.8063411059064993,30,28,14,2,53378970.43846596,none,5890,29.450000047683716,0.00014174883036180565,0.0022659432802964951,disabled,disabled,0,0,0,0,-1,-1,0,0,0,0,0,0,72,72,1,0,0,0,none,590,1,0,0,0,0,0,0,0,0,0,-1,0
1,1403715923.2840581,1403715923284058112,1403715923.2840581,1403715923.2840581,735,591,confirming_observer_health,1,0,0,0,0.44791298064492246,-0.087551817264662227,-0.27691374491828652,-9.2239529568263592,-0.12300764757016262,3.3242332704744788,9.8054559234966696,30,28,15,2,55288787.230960362,none,5900,29.5,0.000176709055025889,0.0014468438665105503,disabled,disabled,0,0,0,0,-1,-1,0,0,0,0,0,0,72,72,1,0,0,0,none,591,1,0,0,0,0,0,0,0,0,0,-1,0
1,1403715923.334058,1403715923334057984,1403715923.334058,1403715923.334058,736,592,confirming_observer_health,1,0,0,0,0.44029651391697527,-0.10366932627528581,-0.29236818469408632,-9.2052611277443699,-0.044711035673065599,3.3826876387102778,9.8072119976961769,30,30,16,2,55546401.38816765,none,5910,29.549999952316284,6.2999149955876327e-05,0.00048814808306230995,disabled,disabled,0,0,0,0,-1,-1,0,0,0,0,0,0,14,24,1,0,0,0,none,592,1,0,0,0,0,0,0,0,0,0,-1,0
1,1403715923.3840582,1403715923384058112,1403715923.3840582,1403715923.3840582,737,593,confirming_observer_health,1,0,0,0,0.41614552299834723,-0.120113544265399,-0.28343201805037865,-9.191649155342132,0.097126206808661505,3.4313950867344518,9.8117439803643531,30,28,17,2,57625024.335078806,none,5920,29.600000143051147,0.00033047247992336261,0.0048552210267767803,disabled,disabled,0,0,0,0,-1,-1,0,0,0,0,0,0,72,72,1,0,0,0,none,593,1,0,0,0,0,0,0,0,0,0,-1,0
1,1403715923.4340582,1403715923434058240,1403715923.4340582,1403715923.4340582,738,594,confirming_observer_health,1,0,0,0,0.37658809300625268,-0.12259610762672771,-0.25610389502034137,-9.1894941743884058,0.24248465331497437,3.452075637374727,9.8194922574625956,30,28,18,2,59589622.628241517,none,5930,29.650000095367432,0.00016296334551766148,0.0056225742309679583,disabled,disabled,0,0,0,0,-1,-1,0,0,0,0,0,0,72,72,1,0,0,0,none,594,1,0,0,0,0,0,0,0,0,0,-1,0
1,1403715923.4840581,1403715923484058112,1403715923.4840581,1403715923.4840581,739,595,confirming_observer_health,1,0,0,0,0.30833101246190803,-0.11435439798044648,-0.22751273909297154,-9.1842186076395418,0.39938318165750947,3.4657982627691761,9.824517085176101,30,28,19,2,54331384.183928847,none,5940,29.700000047683716,0.00022168791461968132,0.00075626495166447485,disabled,disabled,0,0,0,0,-1,-1,0,0,0,0,0,0,72,72,1,0,0,0,none,595,1,0,0,0,0,0,0,0,0,0,-1,0
1,1403715923.5340581,1403715923534057984,1403715923.5340581,1403715923.5340581,740,596,confirming_observer_health,1,1,1,1,0.25064573425407954,-0.093291095214306147,-0.19515345404066808,-9.1823615489433692,0.55811674167415404,3.4599350957793149,9.8284489508699213,30,27,20,2,56546598.083777428,none,5950,29.75,0.0004709231621413322,0.0034852407526382765,disabled,disabled,0,0,0,0,-1,-1,0,0,0,0,0,0,72,72,1,0,0,0,none,596,1,0,0,0,0,0,0,0,0,0,-1,0
1,1403715923.5840583,1403715923584058368,1403715923.5840583,1403715923.5840583,741,597,confirming_observer_health,1,1,1,1,0.16710442437104911,-0.070013565299936575,-0.1633581289576099,-9.1834376669032558,0.70360360045733294,3.4378545126662132,9.8310441489565843,30,27,21,2,55930944.23709771,none,5960,29.800000190734863,0.00022990497236382326,0.0015392628344100359,disabled,disabled,0,0,0,0,-1,-1,0,0,0,0,0,0,72,72,1,0,0,0,none,597,1,0,0,0,0,0,0,0,0,0,-1,0
1,1403715923.634058,1403715923634057984,1403715923.634058,1403715923.634058,742,598,confirming_observer_health,1,1,1,1,0.062478617969060964,-0.033044679247317202,-0.12336452047631247,-9.1839202245738925,0.82311233963279296,3.4127452522730355,9.8320259749405299,30,27,22,2,56737050.231266208,none,5970,29.849999904632568,0.00017303845220945741,0.00088357446143804579,disabled,disabled,0,0,0,0,-1,-1,0,0,0,0,0,0,48,60,1,0,0,0,none,598,1,0,0,0,0,0,0,0,0,0,-1,0
1,1403715923.6840582,1403715923684058112,1403715923.6840582,1403715923.6840582,743,599,ready,1,1,1,1,-0.059834837846820609,0.003326423768023896,-0.083037786384118933,-9.1916046420082012,0.91428351974285549,3.3783946689668802,9.8353983543506747,30,29,23,2,55595940.652900741,none,5980,29.900000095367432,0.00030241980322133114,0.0045594775333191,disabled,disabled,0,0,0,0,-1,-1,0,0,0,0,0,0,72,72,1,0,0,0,none,599,1,0,0,0,0,0,0,0,0,0,-1,0
1,1403715923.7340581,1403715923734058240,1403715923.7340581,1403715923.7340581,744,600,ready,1,1,1,1,-0.17569765087034628,0.04261783688539076,-0.049198398736275829,-9.2004207698696678,0.98293162833304104,3.3403019349102965,9.8372513409484501,30,30,24,2,54646922.083751664,none,5990,29.950000047683716,9.3155630098109212e-05,0.0016021636461719963,disabled,disabled,0,0,0,0,-1,-1,0,0,0,0,0,0,63,72,1,0,0,0,none,600,1,0,0,0,0,0,0,0,0,0,0.99999500000199326,1
1,1403715923.7840581,1403715923784058112,1403715923.7840581,1403715923.7840581,745,601,ready,1,1,1,1,-0.26952070868626171,0.096186345690404892,-0.014354416236963834,-9.2168031158543737,1.0372437655631748,3.2820274375743161,9.8385485924811693,30,30,25,2,56488138.260575093,none,6000,30,7.1080276271316063e-05,0.0030872191561118162,disabled,disabled,0,0,0,0,-1,-1,0,0,0,0,0,0,72,72,1,0,0,0,none,601,1,0,0,0,0,0,0,0,0,0,-1,0
1,1403715923.834058,1403715923834057984,1403715923.834058,1403715923.834058,746,602,ready,1,1,1,1,-0.31979981105146094,0.12963281774579086,-0.0013627949896035082,-9.242030209195633,1.0219804166583799,3.2111834716358221,9.8372387207094345,30,29,26,2,58348588.286208883,none,6010,30.049999952316284,0.00097958507854912624,0.005006810604366323,disabled,disabled,0,0,0,0,-1,-1,0,0,0,0,0,0,72,72,1,0,0,0,none,602,1,0,0,0,0,0,0,0,0,0,-1,0
1,1403715923.8840582,1403715923884058112,1403715923.8840582,1403715923.8840582,747,603,ready,1,1,1,1,-0.36762495800074835,0.17147251012652842,0.0036713730296857013,-9.2876206793833571,0.99205567355520607,3.0876911799000037,9.8375763867923656,30,28,27,2,60287283.581682295,none,6020,30.100000143051147,0.00023268762174060798,0.0032735825163165855,disabled,disabled,0,0,0,0,-1,-1,0,0,0,0,0,0,42,72,1,0,0,0,none,603,1,0,0,0,0,0,0,0,0,0,-1,0
1,1403715923.9340582,1403715923934058240,1403715923.9340582,1403715923.9340582,748,604,ready,1,1,1,1,-0.42193986147279905,0.21074437355702993,0.0068322590425162026,-9.3341572834721518,0.96706847256629391,2.9514592604218328,9.8373179977653304,30,28,28,2,61160689.897402301,none,6030,30.150000095367432,0.00032206952517372972,0.0013337663058108969,disabled,disabled,0,0,0,0,-1,-1,0,0,0,0,0,0,28,60,1,0,0,0,none,604,1,0,0,0,0,0,0,0,0,0,-1,0
1,1403715923.9840581,1403715923984058112,1403715923.9840581,1403715923.9840581,749,605,ready,1,1,1,1,-0.478622205663775,0.24930223352352904,-0.0024796287297874225,-9.3768942180563641,0.89647749138647537,2.8364863693426048,9.8374525153948191,30,29,29,2,61524289.587055504,none,6040,30.200000047683716,0.0016927486014898514,0.0084571175629139517,disabled,disabled,0,0,0,0,-1,-1,0,0,0,0,0,0,72,72,1,0,0,0,none,605,1,0,0,0,0,0,0,0,0,0,-1,0
1,1403715924.0340581,1403715924034057984,1403715924.0340581,1403715924.0340581,750,606,ready,1,1,1,1,-0.55357624564211105,0.28194411855921031,-0.011486305538011801,-9.4070289454349734,0.82184681029063655,2.7560458296275367,9.8368396538138025,30,29,30,2,62414930.439596467,none,6050,30.25,0.0006205867872272464,0.0045551203376117157,disabled,disabled,0,0,0,0,-1,-1,0,0,0,0,0,0,72,72,1,0,0,0,none,606,1,0,0,0,0,0,0,0,0,0,-1,0
1,1403715924.0840583,1403715924084058368,1403715924.0840583,1403715924.0840583,751,607,ready,1,1,1,1,-0.61128296413977889,0.30467660915851952,-0.037481638811938084,-9.4304382037742105,0.70894843703300026,2.6941031090655727,9.8333089122559603,30,27,31,2,64225813.477814704,none,6060,30.300000190734863,8.4593230566184331e-05,0.00010968819561616568,disabled,disabled,0,0,0,0,-1,-1,0,0,0,0,0,0,49,72,1,0,0,0,none,607,1,0,0,0,0,0,0,0,0,0,-1,0
1,1403715924.134058,1403715924134057984,1403715924.134058,1403715924.134058,752,608,ready,1,1,1,1,-0.62484948092123604,0.31212703180045454,-0.071476635276366995,-9.4395273708125913,0.59785886185283188,2.6666458573516314,9.8271619672999524,30,28,32,2,63902487.353746653,none,6070,30.349999904632568,0.00047080606840673247,0.0018584879038795897,disabled,disabled,0,0,0,0,-1,-1,0,0,0,0,0,0,72,72,1,0,0,0,none,608,1,0,0,0,0,0,0,0,0,0,-1,0
1,1403715924.1840582,1403715924184058112,1403715924.1840582,1403715924.1840582,753,609,ready,1,1,1,1,-0.63077191351041151,0.32944519499414709,-0.10564423198838248,-9.4361676741180158,0.51643083412961477,2.6671240850625724,9.8194456088737763,30,30,33,2,62712993.284304976,none,6080,30.400000095367432,0.00107090251239337,0.002335555966393931,disabled,disabled,0,0,0,0,-1,-1,0,0,0,0,0,0,72,72,1,0,0,0,none,609,1,0,0,0,0,0,0,0,0,0,-1,0
1,1403715924.2340581,1403715924234058240,1403715924.2340581,1403715924.2340581,754,610,ready,1,1,1,1,-0.63339005703587548,0.33370651015585789,-0.13783130536695068,-9.4217812482384016,0.41902588436793292,2.7118090812372042,9.8132284735711561,30,30,34,2,64134875.524966143,none,6090,30.450000047683716,0.00035839696111946795,0.0010756087545334434,disabled,disabled,0,0,0,0,-1,-1,0,0,0,0,0,0,48,48,1,0,0,0,none,610,1,0,0,0,0,0,0,0,0,0,-1,0
1,1403715924.2840581,1403715924284058112,1403715924.2840581,1403715924.2840581,755,611,ready,1,1,1,1,-0.62521021741796268,0.33478915948572668,-0.1717740513068351,-9.4042901720522138,0.38450199519217665,2.7546127828962783,9.8069570718016408,30,28,35,2,65648549.026607431,none,6100,30.5,0.00033540626522962625,0.0012269289442784599,disabled,disabled,0,0,0,0,-1,-1,0,0,0,0,0,0,72,72,1,0,0,0,none,611,1,0,0,0,0,0,0,0,0,0,-1,0
1,1403715924.334058,1403715924334057984,1403715924.334058,1403715924.334058,756,612,ready,1,1,1,1,-0.62422457009953625,0.33563284873374594,-0.19882649464951135,-9.3773015854979427,0.31599379182560045,2.8265918351592254,9.7991458048364279,30,28,36,2,65903952.215720452,none,6110,30.549999952316284,0.00022016662110535079,0.0023632801497939027,disabled,disabled,0,0,0,0,-1,-1,0,0,0,0,0,0,72,72,1,0,0,0,none,612,1,0,0,0,0,0,0,0,0,0,-1,0
1,1403715924.3840582,1403715924384058112,1403715924.3840582,1403715924.3840582,757,613,ready,1,1,1,1,-0.61492305078150966,0.33482382511500586,-0.21624847349991916,-9.3478636477449992,0.26806673179603868,2.916468976509377,9.7959280234426949,30,28,37,2,66302629.210446738,none,6120,30.600000143051147,0.00011880002260426689,0.0023721440065978148,disabled,disabled,0,0,0,0,-1,-1,0,0,0,0,0,0,72,72,1,0,0,0,none,613,1,0,0,0,0,0,0,0,0,0,-1,0
1,1403715924.4340582,1403715924434058240,1403715924.4340582,1403715924.4340582,758,614,ready,1,1,1,1,-0.61827354390105427,0.33391531628285626,-0.20897896223463486,-9.3113689719354635,0.2781130571358264,3.0256810307629691,9.7945742482249223,30,28,38,2,64923064.975286439,none,6130,30.650000095367432,0.0001129550126871468,0.00046087250321158788,disabled,disabled,0,0,0,0,-1,-1,0,0,0,0,0,0,71,72,1,0,0,0,none,614,1,0,0,0,0,0,0,0,0,0,-1,0
1,1403715924.4840581,1403715924484058112,1403715924.4840581,1403715924.4840581,759,615,ready,1,1,1,1,-0.61739267574545775,0.34489750203790093,-0.20675506475932456,-9.2662636108937004,0.26562065488643599,3.1653538149029647,9.7955939285168316,30,27,39,2,64443795.400062136,none,6140,30.700000047683716,0.00031477786959613964,0.0025862510689403421,disabled,disabled,0,0,0,0,-1,-1,0,0,0,0,0,0,72,72,1,0,0,0,none,615,1,0,0,0,0,0,0,0,0,0,-1,0
1,1403715924.5340581,1403715924534057984,1403715924.5340581,1403715924.5340581,760,616,ready,1,1,1,1,-0.60711199001391314,0.34788875386848928,-0.19960691531055888,-9.2179027781129577,0.27179264109614121,3.3026304825465647,9.7954566494238726,30,26,40,2,64315921.406603217,none,6150,30.75,7.5433733761035121e-05,0.00031724648457703754,disabled,disabled,0,0,0,0,-1,-1,0,0,0,0,0,0,54,54,1,0,0,0,none,616,1,0,0,0,0,0,0,0,0,0,-1,0
1,1403715924.5840583,1403715924584058368,1403715924.5840583,1403715924.5840583,761,617,ready,1,1,1,1,-0.6093623607275731,0.35883719281960774,-0.18681129748671998,-9.1883244275269487,0.27919073811836859,3.3920972409542718,9.7984476804149487,30,27,41,2,62459745.175755151,none,6160,30.800000190734863,0.00035399943685844457,0.003234689322580123,disabled,disabled,0,0,0,0,-1,-1,0,0,0,0,0,0,72,72,1,0,0,0,none,617,1,0,0,0,0,0,0,0,0,0,-1,0
1,1403715924.634058,1403715924634057984,1403715924.634058,1403715924.634058,762,618,ready,1,1,1,1,-0.59590434082516253,0.37273169333532435,-0.17386557168459019,-9.1629494802173852,0.37360424348289784,3.4591153990367158,9.8012602583350166,30,27,42,2,63179187.24277024,none,6170,30.849999904632568,0.00033787834380878359,0.003313561977811691,disabled,disabled,0,0,0,0,-1,-1,0,0,0,0,0,0,72,72,1,0,0,0,none,618,1,0,0,0,0,0,0,0,0,0,-1,0
1,1403715924.6840582,1403715924684058112,1403715924.6840582,1403715924.6840582,763,619,ready,1,1,1,1,-0.59238196662567266,0.41069456197766668,-0.15927398810065885,-9.1505869243785334,0.49307594708950614,3.5010680159291367,9.8098849229931115,30,27,43,2,64157618.291796587,none,6180,30.900000095367432,2.407916644275761e-06,2.0013331114664183e-05,disabled,disabled,0,0,0,0,-1,-1,0,0,0,0,0,0,26,72,1,0,0,0,none,619,1,0,0,0,0,0,0,0,0,0,-1,0
1,1403715924.7340581,1403715924734058240,1403715924.7340581,1403715924.7340581,764,620,ready,1,1,1,1,-0.5856944631997949,0.44000850824525195,-0.1384144154924786,-9.1519106706555746,0.60133074338225545,3.4956248820927671,9.8152157848364237,30,28,44,2,58675237.090250254,none,6190,30.950000047683716,0.0006171044375682511,0.0026982895583767949,disabled,disabled,0,0,0,0,-1,-1,0,0,0,0,0,0,72,72,1,0,0,0,none,620,1,0,0,0,0,0,0,0,0,0,0.9999949999800366,1
1,1403715924.7840581,1403715924784058112,1403715924.7840581,1403715924.7840581,765,621,ready,1,1,1,1,-0.56880781519883505,0.48460497852784856,-0.12390114489805011,-9.1510533447021789,0.69009789525447229,3.4836724720831045,9.8160066379036834,30,22,45,2,59133040.547451109,none,6200,31,0.00076776455009271551,0.0028821388718376236,disabled,disabled,0,0,0,0,-1,-1,0,0,0,0,0,0,72,72,1,0,0,0,none,621,1,0,0,0,0,0,0,0,0,0,-1,0
1,1403715924.834058,1403715924834057984,1403715924.834058,1403715924.834058,766,622,ready,1,1,1,1,-0.55287980232191181,0.5280798315994053,-0.117312562162983,-9.1628103136863466,0.75564823227161226,3.4407830822012895,9.8166738416988633,30,20,46,2,59689920.43017114,none,6210,31.049999952316284,0.0002702162852232834,0.0030729370900067464,disabled,disabled,0,0,0,0,-1,-1,0,0,0,0,0,0,59,72,1,0,0,0,none,622,1,0,0,0,0,0,0,0,0,0,-1,0
1,1403715924.8840582,1403715924884058112,1403715924.8840582,1403715924.8840582,767,623,ready,1,1,1,1,-0.53801112489041569,0.58324723294534131,-0.11449581319854435,-9.1685950558114442,0.79836776102828666,3.4169306357558571,9.817124902376781,26,21,47,2,56110398.887691878,none,6220,31.100000143051147,0.00011725722788132785,0.0018456007379579881,disabled,disabled,0,0,0,0,-1,-1,0,0,0,0,0,0,72,72,1,0,0,0,none,623,1,0,0,0,0,0,0,0,0,0,-1,0
1,1403715924.9340582,1403715924934058240,1403715924.9340582,1403715924.9340582,768,624,ready,1,1,1,1,-0.5206335556856424,0.6342659210321302,-0.1088856052924146,-9.1914857278596021,0.83740040758073286,3.3462418634050946,9.8174326550513165,27,22,48,2,50337655.521237448,none,6230,31.150000095367432,0.00051537563960249401,0.0014867411137563964,disabled,disabled,0,0,0,0,-1,-1,0,0,0,0,0,0,72,72,1,0,0,0,none,624,1,0,0,0,0,0,0,0,0,0,-1,0
1,1403715924.9840581,1403715924984058112,1403715924.9840581,1403715924.9840581,769,625,pool_not_mature,1,1,1,1,-0.48628495439602948,0.67989357841074627,-0.11680896444106006,-9.2246510132850794,0.79889599686210722,3.2515180102861692,9.8135004204370961,25,18,49,2,48264925.250288859,none,6240,31.200000047683716,0.00042184412447797604,0.003901929979707021,disabled,disabled,0,0,0,0,-1,-1,0,0,0,0,0,0,72,72,1,0,0,0,none,625,1,0,0,0,0,0,0,0,0,0,-1,0
1,1403715925.0340581,1403715925034057984,1403715925.0340581,1403715925.0340581,770,626,thin_observations_state_preserved_not_ready,1,0,0,0,-0.43988821872452344,0.72614834961290975,-0.11972832136621279,-9.2786291986164535,0.75475074684238019,3.1130545812880772,9.8159929360893301,23,14,0,2,48467892.799221158,none,6250,31.25,2.5381118882883857e-05,0.0001268849416195738,disabled,disabled,0,0,0,0,-1,-1,0,0,0,0,0,0,37,72,1,0,0,0,none,626,1,0,0,0,0,0,0,0,0,0,-1,0
1,1403715925.0840583,1403715925084058368,1403715925.0840583,1403715925.0840583,771,627,pool_not_mature,1,0,0,0,-0.40057846645148726,0.74457317246644994,-0.14545131820805757,-9.3422411197582882,0.66469504140574753,2.9462630928482865,9.8183376826248914,25,19,1,2,43076660.144801103,none,6260,31.300000190734863,0.00099203723420858859,0.0025090536614691549,disabled,disabled,0,0,0,0,-1,-1,0,0,0,0,0,0,72,72,1,0,0,0,none,627,1,0,0,0,0,0,0,0,0,0,-1,0
1,1403715925.134058,1403715925134057984,1403715925.134058,1403715925.134058,772,628,thin_observations_state_preserved_not_ready,1,0,0,0,-0.32624830517377773,0.77459633746041467,-0.18379262518698081,-9.3929616654134183,0.57827426518125302,2.8041620065996113,9.8196463547804864,20,14,0,2,42268792.185891598,none,6270,31.349999904632568,0.0010510963552564771,0.0032250587687547871,disabled,disabled,0,0,0,0,-1,-1,0,0,0,0,0,0,72,72,1,0,0,0,none,628,1,0,0,0,0,0,0,0,0,0,-1,0
1,1403715925.1840582,1403715925184058112,1403715925.1840582,1403715925.1840582,773,629,pool_not_mature,1,0,0,0,-0.2817096550960892,0.79394611521399339,-0.20540633363794217,-9.4228854052383522,0.51010692504275446,2.7097552795380913,9.8180319876345425,21,15,1,2,42671665.841471165,none,6280,31.400000095367432,0.0001226238284280279,0.001801969569045909,disabled,disabled,0,0,0,0,-1,-1,0,0,0,0,0,0,56,72,1,0,0,0,none,629,1,0,0,0,0,0,0,0,0,0,-1,0
1,1403715925.2340581,1403715925234058240,1403715925.2340581,1403715925.2340581,774,630,pool_not_mature,1,0,0,0,-0.21352935095636522,0.8049170899537752,-0.23139746634633376,-9.4317648879136531,0.51986509472192788,2.6704539732162194,9.8163013931244674,20,18,2,2,37582435.475704215,none,6290,31.450000047683716,0.00011677337244481837,0.0012130895482959203,disabled,disabled,0,0,0,0,-1,-1,0,0,0,0,0,0,72,72,1,0,0,0,none,630,1,0,0,0,0,0,0,0,0,0,-1,0
1,1403715925.2840581,1403715925284058112,1403715925.2840581,1403715925.2840581,775,631,pool_not_mature,1,0,0,0,-0.15584954214207591,0.82510680947303094,-0.26859501609870273,-9.4262514069616739,0.53878558581877856,2.6857323452025268,9.8161939530960822,19,18,3,2,37911691.713297568,none,6300,31.5,0.001988103678504197,0.0087456371391558228,disabled,disabled,0,0,0,0,-1,-1,0,0,0,0,0,0,72,72,1,0,0,0,none,631,1,0,0,0,0,0,0,0,0,0,-1,0
1,1403715925.334058,1403715925334057984,1403715925.334058,1403715925.334058,776,632,pool_not_mature,1,0,0,0,-0.12207521520339229,0.85013504213311175,-0.27755386840237772,-9.4008307380622735,0.61929231522259209,2.7529970040234248,9.815199134075284,20,20,4,2,38289819.433108121,none,6310,31.549999952316284,0.00015132502006665047,0.0016075121965071829,disabled,disabled,0,0,0,0,-1,-1,0,0,0,0,0,0,72,72,1,0,0,0,none,632,1,0,0,0,0,0,0,0,0,0,-1,0
1,1403715925.3840582,1403715925384058112,1403715925.3840582,1403715925.3840582,777,633,confirming_observer_health,1,0,0,0,-0.088158994085248715,0.87821001489562878,-0.29043066752047442,-9.3642169937691744,0.70082535171336535,2.8568866164504274,9.8153714763758764,28,28,5,2,39362178.489146262,none,6320,31.600000143051147,0.00013888713735503774,0.0011841197683976127,disabled,disabled,0,0,0,0,-1,-1,0,0,0,0,0,0,56,72,1,0,0,0,none,633,1,0,0,0,0,0,0,0,0,0,-1,0
1,1403715925.4340582,1403715925434058240,1403715925.4340582,1403715925.4340582,778,634,confirming_observer_health,1,0,0,0,-0.070968894877595778,0.90284370186200802,-0.28655553431607178,-9.3163234297417095,0.79350073339475369,2.9792452643013254,9.8132271963057196,30,28,6,2,41439807.665021688,none,6330,31.650000095367432,0.00099842486509042197,0.0053830167845953548,disabled,disabled,0,0,0,0,-1,-1,0,0,0,0,0,0,66,66,1,0,0,0,none,634,1,0,0,0,0,0,0,0,0,0,-1,0
1,1403715925.4840581,1403715925484058112,1403715925.4840581,1403715925.4840581,779,635,confirming_observer_health,1,0,0,0,-0.063391016268742634,0.93342183969832593,-0.28071975425567003,-9.2584443493477195,0.85977045991375634,3.129873567623636,9.8109176718092037,30,22,7,2,44337504.682596453,none,6340,31.700000047683716,0.0003173018431031076,0.0039290433851958805,disabled,disabled,0,0,0,0,-1,-1,0,0,0,0,0,0,72,72,1,0,0,0,none,635,1,0,0,0,0,0,0,0,0,0,-1,0
1,1403715925.5340581,1403715925534057984,1403715925.5340581,1403715925.5340581,780,636,confirming_observer_health,1,0,0,0,-0.044857023166703258,0.96783414632514408,-0.27043926178238725,-9.2087983801399087,0.91420237573919416,3.2467215647991408,9.8070859336097591,30,24,8,2,40841907.839108914,none,6350,31.75,0.00055154347487537377,0.0048154042385655004,disabled,disabled,0,0,0,0,-1,-1,0,0,0,0,0,0,72,72,1,0,0,0,none,636,1,0,0,0,0,0,0,0,0,0,-1,0
1,1403715925.5840583,1403715925584058368,1403715925.5840583,1403715925.5840583,781,637,confirming_observer_health,1,0,0,0,-0.034348422587245943,1.0047993207129091,-0.25505213915318137,-9.1722819999948229,0.92903710439764542,3.3354148299636215,9.8040225987457745,30,25,9,2,40444800.074759774,none,6360,31.800000190734863,0.0017078132674759573,0.0050510791836762686,disabled,disabled,0,0,0,0,-1,-1,0,0,0,0,0,0,72,72,1,0,0,0,none,637,1,0,0,0,0,0,0,0,0,0,-1,0
1,1403715925.634058,1403715925634057984,1403715925.634058,1403715925.634058,782,638,confirming_observer_health,1,0,0,0,-0.010712723476489881,1.0393508208624473,-0.22366295372851544,-9.1473393502503964,0.93994279050379193,3.387864892136792,9.7997417397313313,30,26,10,2,42315113.203381047,none,6370,31.849999904632568,0.00097821618157397793,0.0090237871675963241,disabled,disabled,0,0,0,0,-1,-1,0,0,0,0,0,0,72,72,1,0,0,0,none,638,1,0,0,0,0,0,0,0,0,0,-1,0
1,1403715925.6840582,1403715925684058112,1403715925.6840582,1403715925.6840582,783,639,confirming_observer_health,1,0,0,0,0.020056686050929778,1.0745548686827002,-0.19015511631621523,-9.1390814994175376,0.93406699592169573,3.4021189769381999,9.7964128812085658,30,29,11,2,36119221.419066317,none,6380,31.900000095367432,0.00055403730550972305,0.0077279680337024818,disabled,disabled,0,0,0,0,-1,-1,0,0,0,0,0,0,72,72,1,0,0,0,none,639,1,0,0,0,0,0,0,0,0,0,-1,0
1,1403715925.7340581,1403715925734058240,1403715925.7340581,1403715925.7340581,784,640,confirming_observer_health,1,0,0,0,0.037431013125314466,1.1071891492627268,-0.15773830760893803,-9.1398320472863457,0.92652631764938342,3.3976670636389517,9.794851828651435,30,28,12,2,37894796.307008222,none,6390,31.950000047683716,0.00061874413465013323,0.0015508834845756384,disabled,disabled,0,0,0,0,-1,-1,0,0,0,0,0,0,72,72,1,0,0,0,none,640,1,0,0,0,0,0,0,0,0,0,38438.470293712518,1
1,1403715925.7840581,1403715925784058112,1403715925.7840581,1403715925.7840581,785,641,confirming_observer_health,1,0,0,0,0.051978703443328708,1.1355012824142892,-0.12282415115350565,-9.1362859114685389,0.91940312920099543,3.4094489903057461,9.794966298440233,30,27,13,2,38534235.478946447,none,6400,32,0.00031257886602173185,0.0015964666024675879,disabled,disabled,0,0,0,0,-1,-1,0,0,0,0,0,0,72,72,1,0,0,0,none,641,1,0,0,0,0,0,0,0,0,0,-1,0
1,1403715925.834058,1403715925834057984,1403715925.834058,1403715925.834058,786,642,confirming_observer_health,1,0,0,0,0.064126487318946906,1.1654939799320232,-0.073421485443367587,-9.1435720655130126,0.91736732273927124,3.3935733433513167,9.7960610940706339,30,26,14,2,39253647.992729247,none,6410,32.049999952316284,0.00036829595343281028,0.0018748355972523834,disabled,disabled,0,0,0,0,-1,-1,0,0,0,0,0,0,72,72,1,0,0,0,none,642,1,0,0,0,0,0,0,0,0,0,-1,0
1,1403715925.8840582,1403715925884058112,1403715925.8840582,1403715925.8840582,787,643,confirming_observer_health,1,0,0,0,0.061768531271409924,1.1924266103089149,-0.041373489076875249,-9.1575503632555719,0.89484451562495426,3.3639268463271601,9.7968096434577578,30,25,15,2,35806599.26579272,none,6420,32.100000143051147,0.00060956472807372538,0.0045243839859616594,disabled,disabled,0,0,0,0,-1,-1,0,0,0,0,0,0,72,72,1,0,0,0,none,643,1,0,0,0,0,0,0,0,0,0,-1,0
1,1403715925.9340582,1403715925934058240,1403715925.9340582,1403715925.9340582,788,644,confirming_observer_health,1,0,0,0,0.079107793861982925,1.2195232377044511,-0.010112556736194591,-9.1741515500097517,0.83549421806564039,3.3322418830710054,9.7962719040592194,30,25,16,2,35872620.658647522,none,6430,32.150000095367432,0.00020204952145430364,0.0022769450321055008,disabled,disabled,0,0,0,0,-1,-1,0,0,0,0,0,0,72,72,1,0,0,0,none,644,1,0,0,0,0,0,0,0,0,0,-1,0
1,1403715925.9840581,1403715925984058112,1403715925.9840581,1403715925.9840581,789,645,confirming_observer_health,1,0,0,0,0.080900547052786861,1.238217507914096,0.03098487659910984,-9.1941695935707166,0.78005792930988904,3.2886815195805568,9.7957475991192329,28,24,17,2,29048044.280287623,none,6440,32.200000047683716,0.0010919931483055491,0.0030456212406099509,disabled,disabled,0,0,0,0,-1,-1,0,0,0,0,0,0,72,72,1,0,0,0,none,645,1,0,0,0,0,0,0,0,0,0,-1,0
1,1403715926.0340581,1403715926034057984,1403715926.0340581,1403715926.0340581,790,646,confirming_observer_health,1,0,0,0,0.07196764861438229,1.2532129900002589,0.081587342917879085,-9.2199610096959699,0.76797544800972073,3.2209905719592422,9.7965426336902137,29,22,18,2,24538425.439704277,none,6450,32.25,0.00079736291405814008,0.0047635445615165075,disabled,disabled,0,0,0,0,-1,-1,0,0,0,0,0,0,72,72,1,0,0,0,none,646,1,0,0,0,0,0,0,0,0,0,-1,0
1,1403715926.0840583,1403715926084058368,1403715926.0840583,1403715926.0840583,791,647,confirming_observer_health,1,0,0,0,0.037275577401738376,1.2768293138290157,0.11678561627156588,-9.2554489247212057,0.80521204685538184,3.1121099315333636,9.7978022772697617,30,24,19,2,24617585.07256183,none,6460,32.300000190734863,0.00074931288867336333,0.0041720294356121816,disabled,disabled,0,0,0,0,-1,-1,0,0,0,0,0,0,72,72,1,0,0,0,none,647,1,0,0,0,0,0,0,0,0,0,-1,0
1,1403715926.134058,1403715926134057984,1403715926.134058,1403715926.134058,792,648,confirming_observer_health,1,1,1,1,0.0028139958152461723,1.2988385516218974,0.16015208711001455,-9.2957354005982662,0.84233944437997232,2.9887940285516339,9.8006694731839659,29,28,20,2,20235005.214326069,none,6470,32.349999904632568,0.0013363056830941202,0.0062259191726903541,disabled,disabled,0,0,0,0,-1,-1,0,0,0,0,0,0,72,72,1,0,0,0,none,648,1,0,0,0,0,0,0,0,0,0,-1,0
1,1403715926.1840582,1403715926184058112,1403715926.1840582,1403715926.1840582,793,649,confirming_observer_health,1,1,1,1,-0.075061339580357905,1.3176406192567893,0.19170538264693593,-9.3311772624138882,0.88513517131169817,2.8780272035793306,9.804966800485639,30,30,21,2,21124877.024787799,none,6480,32.400000095367432,0.0010585112334484078,0.0086017352521528308,disabled,disabled,0,0,0,0,-1,-1,0,0,0,0,0,0,72,72,1,0,0,0,none,649,1,0,0,0,0,0,0,0,0,0,-1,0
1,1403715926.2340581,1403715926234058240,1403715926.2340581,1403715926.2340581,794,650,confirming_observer_health,1,1,1,1,-0.13894094434317641,1.3518966991106427,0.20968886556505187,-9.3568298798748319,0.92627056633408444,2.7906294193573165,9.8079485683377179,30,28,22,2,23581991.882262021,none,6490,32.450000047683716,0.00053836173830418374,0.0033307684145239226,disabled,disabled,0,0,0,0,-1,-1,0,0,0,0,0,0,72,72,1,0,0,0,none,650,1,0,0,0,0,0,0,0,0,0,-1,0
1,1403715926.2840581,1403715926284058112,1403715926.2840581,1403715926.2840581,795,651,confirming_observer_health,1,1,1,1,-0.19163189283244461,1.3804869310043162,0.24341768278503248,-9.3790759954236886,0.95447870146556901,2.7189627542819466,9.8117712253525724,30,25,23,2,26190966.109845959,none,6500,32.5,0.00063282968404474067,0.0037105030008478552,disabled,disabled,0,0,0,0,-1,-1,0,0,0,0,0,0,72,72,1,0,0,0,none,651,1,0,0,0,0,0,0,0,0,0,-1,0
1,1403715926.334058,1403715926334057984,1403715926.334058,1403715926.334058,796,652,ready,1,1,1,1,-0.22443063493357401,1.3983607442484212,0.27504835401494854,-9.4043372642932948,0.9387958166327226,2.6473577122013778,9.8148560775110045,30,27,24,2,25432127.776334353,none,6510,32.549999952316284,0.00027033209789477429,0.0038568440876339161,disabled,disabled,0,0,0,0,-1,-1,0,0,0,0,0,0,72,72,1,0,0,0,none,652,1,0,0,0,0,0,0,0,0,0,-1,0
1,1403715926.3840582,1403715926384058112,1403715926.3840582,1403715926.3840582,797,653,ready,1,1,1,1,-0.24444270094887613,1.4066727203946741,0.28081711667829401,-9.4269638581120248,0.8964169501409418,2.5826504660406346,9.8153601238258315,30,23,25,2,27311664.754645351,none,6520,32.600000143051147,0.0006568325841956093,0.003200247996297517,disabled,disabled,0,0,0,0,-1,-1,0,0,0,0,0,0,72,72,1,0,0,0,none,653,1,0,0,0,0,0,0,0,0,0,-1,0
1,1403715926.4340582,1403715926434058240,1403715926.4340582,1403715926.4340582,798,654,ready,1,1,1,1,-0.25887533376409416,1.3948005560894718,0.27293784911909424,-9.4629553468105829,0.80130232981688543,2.4688249431882552,9.8124770532016772,30,24,26,2,29158699.428982865,none,6530,32.650000095367432,2.3010165382103629e-06,1.0707830665305984e-05,disabled,disabled,0,0,0,0,-1,-1,0,0,0,0,0,0,1,12,1,0,0,0,none,654,1,0,0,0,0,0,0,0,0,0,-1,0
1,1403715926.4840581,1403715926484058112,1403715926.4840581,1403715926.4840581,799,655,ready,1,1,1,1,-0.29146930432624213,1.3899323514138537,0.25654887762750378,-9.5036199865753694,0.69678770507149668,2.3396046496353189,9.8121381906172118,30,27,27,2,24144976.496302459,none,6540,32.700000047683716,9.3663585213306892e-05,0.00058236711024296697,disabled,disabled,0,0,0,0,-1,-1,0,0,0,0,0,0,72,72,1,0,0,0,none,655,1,0,0,0,0,0,0,0,0,0,-1,0
1,1403715926.5340581,1403715926534057984,1403715926.5340581,1403715926.5340581,800,656,pool_not_mature,1,1,1,1,-0.32430669761158942,1.3914388344202464,0.2627250350324547,-9.525422493264081,0.62125094081494414,2.2816597192784966,9.8145604833442643,30,19,28,2,27861635.75972525,none,6550,32.75,0.00046107146404366283,0.004898583421573773,disabled,disabled,0,0,0,0,-1,-1,0,0,0,0,0,0,72,72,1,0,0,0,none,656,1,0,0,0,0,0,0,0,0,0,-1,0
1,1403715926.5840583,1403715926584058368,1403715926.5840583,1403715926.5840583,801,657,confirming_observer_health,1,1,1,1,-0.34679125104974595,1.3867729933571877,0.2455198492580892,-9.5256295519798773,0.54497735499027089,2.293682182816192,9.8130319797080556,30,22,29,2,27873303.484214481,none,6560,32.800000190734863,0.0015374651011240033,0.0064148661776874663,disabled,disabled,0,0,0,0,-1,-1,0,0,0,0,0,0,72,72,1,0,0,0,none,657,1,0,0,0,0,0,0,0,0,0,-1,0
1,1403715926.634058,1403715926634057984,1403715926.634058,1403715926.634058,802,658,confirming_observer_health,1,1,1,1,-0.35664972426835834,1.3859006655428372,0.24067079964989541,-9.5017280498703744,0.49160193252657142,2.3840780592170314,9.8085848411581456,30,26,30,2,20907071.29803605,none,6570,32.849999904632568,0.00040990826359623946,0.002066740625980864,disabled,disabled,0,0,0,0,-1,-1,0,0,0,0,0,0,72,72,1,0,0,0,none,658,1,0,0,0,0,0,0,0,0,0,-1,0
1,1403715926.6840582,1403715926684058112,1403715926.6840582,1403715926.6840582,803,659,confirming_observer_health,1,1,1,1,-0.34839796650675237,1.3955340979596516,0.24928834023228683,-9.4682379686801799,0.47185597030675558,2.5151952263738671,9.807975597188495,30,25,31,2,22052154.154115196,none,6580,32.900000095367432,0.00070356209542802033,0.00099133266256554858,disabled,disabled,0,0,0,0,-1,-1,0,0,0,0,0,0,54,54,1,0,0,0,none,659,1,0,0,0,0,0,0,0,0,0,-1,0
1,1403715926.7340581,1403715926734058240,1403715926.7340581,1403715926.7340581,804,660,confirming_observer_health,1,1,1,1,-0.33117353015200962,1.3949338275595047,0.25924763922552579,-9.4308748514822955,0.41385685194146804,2.6629158376055093,9.8083535170991034,30,28,32,2,19489124.796734404,none,6590,32.950000047683716,0.0018794632957815714,0.013675591792418148,disabled,disabled,0,0,0,0,-1,-1,0,0,0,0,0,0,72,72,1,0,0,0,none,660,1,0,0,0,0,0,0,0,0,0,0.99999499997190933,1
1,1403715926.7840581,1403715926784058112,1403715926.7840581,1403715926.7840581,805,661,confirming_observer_health,1,1,1,1,-0.31815062627159379,1.3822151460394969,0.26445747557606653,-9.3948458039433334,0.31702516132404113,2.8028249262958678,9.8091518593734506,30,30,33,2,20111615.903632086,none,6600,33,0.0001629831060250749,0.0012451334425702669,disabled,disabled,0,0,0,0,-1,-1,0,0,0,0,0,0,72,72,1,0,0,0,none,661,1,0,0,0,0,0,0,0,0,0,-1,0
1,1403715926.834058,1403715926834057984,1403715926.834058,1403715926.834058,806,662,confirming_observer_health,1,1,1,1,-0.25840785528663307,1.3682697154732217,0.26495107094748976,-9.3570605960587763,0.17947500863674878,2.9536530414411732,9.8138096866739613,30,29,34,2,22183899.608078308,none,6610,33.049999952316284,0.00070587172485019219,0.0032380934643574319,disabled,disabled,0,0,0,0,-1,-1,0,0,0,0,0,0,72,72,1,0,0,0,none,662,1,0,0,0,0,0,0,0,0,0,-1,0
1,1403715926.8840582,1403715926884058112,1403715926.8840582,1403715926.8840582,807,663,confirming_observer_health,1,1,1,1,-0.19901744675783375,1.3444459984990369,0.26197215585400108,-9.3177043104709636,0.085952433936405517,3.0890187261635784,9.8167733053614938,30,28,35,2,24229777.122588802,none,6620,33.100000143051147,0.00066218680183868653,0.0050774892177347054,disabled,disabled,0,0,0,0,-1,-1,0,0,0,0,0,0,72,72,1,0,0,0,none,663,1,0,0,0,0,0,0,0,0,0,-1,0
1,1403715926.9340582,1403715926934058240,1403715926.9340582,1403715926.9340582,808,664,confirming_observer_health,1,1,1,1,-0.13183855970070141,1.3168663217699486,0.2669245096369986,-9.2890299479412572,0.0044220183986653288,3.1836099142776209,9.8194434167259725,30,29,36,2,24515033.352171,none,6630,33.150000095367432,0.00076728440084240443,0.0030413005797992809,disabled,disabled,0,0,0,0,-1,-1,0,0,0,0,0,0,72,72,1,0,0,0,none,664,1,0,0,0,0,0,0,0,0,0,-1,0
1,1403715926.9840581,1403715926984058112,1403715926.9840581,1403715926.9840581,809,665,confirming_observer_health,1,1,1,1,-0.077582546091919363,1.2810317451808799,0.28347777233484406,-9.2573935018268241,-0.048791667622782177,3.2784587241161565,9.8208964295642716,30,29,37,2,24906342.109853372,none,6640,33.200000047683716,0.00068130916106367298,0.0056600891268312019,disabled,disabled,0,0,0,0,-1,-1,0,0,0,0,0,0,72,72,1,0,0,0,none,665,1,0,0,0,0,0,0,0,0,0,-1,0
1,1403715927.0340581,1403715927034057984,1403715927.0340581,1403715927.0340581,810,666,confirming_observer_health,1,1,1,1,-0.011761982674796733,1.2490904040126487,0.29870292428542222,-9.2513081852153842,-0.087006390259519867,3.2975432983541419,9.8218157717552135,30,27,38,2,27200592.725987036,none,6650,33.25,0.00019932286496596467,0.0026106139150685183,disabled,disabled,0,0,0,0,-1,-1,0,0,0,0,0,0,72,72,1,0,0,0,none,666,1,0,0,0,0,0,0,0,0,0,-1,0
1,1403715927.0840583,1403715927084058368,1403715927.0840583,1403715927.0840583,811,667,confirming_observer_health,1,1,1,1,-0.0095060882724418549,1.2116781124265579,0.3243174141748465,-9.2709699610723266,-0.12559472367347657,3.2441433480850725,9.8229895712377022,30,28,39,2,28215061.029317193,none,6660,33.300000190734863,0.0019969076442489546,0.014824983302175869,disabled,disabled,0,0,0,0,-1,-1,0,0,0,0,0,0,72,72,1,0,0,0,none,667,1,0,0,0,0,0,0,0,0,0,-1,0
1,1403715927.134058,1403715927134057984,1403715927.134058,1403715927.134058,812,668,confirming_observer_health,1,1,1,1,-0.013452217985244579,1.1821295392428597,0.33996047844280586,-9.2911095581569008,-0.1771526269829263,3.1823086563398135,9.8225856198425063,30,30,40,2,27115550.939807575,none,6670,33.349999904632568,0.0016250234528873591,0.0078691248214675293,disabled,disabled,0,0,0,0,-1,-1,0,0,0,0,0,0,72,72,1,0,0,0,none,668,1,0,0,0,0,0,0,0,0,0,-1,0
1,1403715927.1840582,1403715927184058112,1403715927.1840582,1403715927.1840582,813,669,confirming_observer_health,1,1,1,1,-0.02775752538375905,1.1410549329809185,0.35901590213853313,-9.3195411180465335,-0.36545535749156594,3.0755867899308345,9.8207249412493169,30,30,41,2,29044805.796360575,none,6680,33.400000095367432,0.00039870007073541719,0.0041960926986954134,disabled,disabled,0,0,0,0,-1,-1,0,0,0,0,0,0,72,72,1,0,0,0,none,669,1,0,0,0,0,0,0,0,0,0,-1,0
1,1403715927.2340581,1403715927234058240,1403715927.2340581,1403715927.2340581,814,670,confirming_observer_health,1,1,1,1,-0.043118392115078535,1.0757510966701316,0.37354675703108559,-9.3438521652785127,-0.55171430720253067,2.9678551787648768,9.8193750476022359,30,28,42,2,31102911.662146054,none,6690,33.450000047683716,0.0011415613853239515,0.0085529790380656102,disabled,disabled,0,0,0,0,-1,-1,0,0,0,0,0,0,72,72,1,0,0,0,none,670,1,0,0,0,0,0,0,0,0,0,-1,0
1,1403715927.2840581,1403715927284058112,1403715927.2840581,1403715927.2840581,815,671,confirming_observer_health,1,1,1,1,-0.058106406062928405,1.0030172194874916,0.38053578832060614,-9.361040441470287,-0.75806462673365582,2.8586633473227305,9.8171124195698951,30,23,43,2,33803591.067059077,none,6700,33.5,0.00020995332567353491,0.0014610408885111592,disabled,disabled,0,0,0,0,-1,-1,0,0,0,0,0,0,72,72,1,0,0,0,none,671,1,0,0,0,0,0,0,0,0,0,-1,0
1,1403715927.334058,1403715927334057984,1403715927.334058,1403715927.334058,816,672,confirming_observer_health,1,1,1,1,-0.060352357484511752,0.92418830861773704,0.37220380448142748,-9.3805270628356947,-0.9335833351434516,2.7327656697205325,9.8149821205060555,30,18,44,2,33609821.415500611,none,6710,33.549999952316284,0.00056138905586960617,0.0097826475200294381,disabled,disabled,0,0,0,0,-1,-1,0,0,0,0,0,0,72,72,1,0,0,0,none,672,1,0,0,0,0,0,0,0,0,0,-1,0
1,1403715927.3840582,1403715927384058112,1403715927.3840582,1403715927.3840582,817,673,confirming_observer_health,1,1,1,1,-0.057910576641185436,0.84224288094576616,0.35385125848573323,-9.4212851272786207,-1.0340968316895409,2.5448888104660021,9.8135838899164032,30,22,45,2,29754239.949552529,none,6720,33.600000143051147,0.0014677622951213077,0.01699418235848232,disabled,disabled,0,0,0,0,-1,-1,0,0,0,0,0,0,72,72,1,0,0,0,none,673,1,0,0,0,0,0,0,0,0,0,-1,0
1,1403715927.4340582,1403715927434058240,1403715927.4340582,1403715927.4340582,818,674,confirming_observer_health,1,1,1,1,-0.04475324243599698,0.76558288195383772,0.31442407517116011,-9.456661699303778,-1.0944458362498168,2.3681425737473574,9.8099113876302848,30,29,46,2,21573762.68888988,none,6730,33.650000095367432,0.00023404908380334256,0.0052774961217808801,disabled,disabled,0,0,0,0,-1,-1,0,0,0,0,0,0,72,72,1,0,0,0,none,674,1,0,0,0,0,0,0,0,0,0,-1,0
1,1403715927.4840581,1403715927484058112,1403715927.4840581,1403715927.4840581,819,675,confirming_observer_health,1,1,1,1,-0.062063433150497678,0.68116464822350631,0.27963041516425158,-9.5180150471407412,-0.9936964525861034,2.1604429903707927,9.8105839271738589,30,30,47,2,23564257.567430306,none,6740,33.700000047683716,0.0018061368652551649,0.0046590531068874856,disabled,disabled,0,0,0,0,-1,-1,0,0,0,0,0,0,72,72,1,0,0,0,none,675,1,0,0,0,0,0,0,0,0,0,-1,0
1,1403715927.5340581,1403715927534057984,1403715927.5340581,1403715927.5340581,820,676,ready,1,1,1,1,-0.062009360743261167,0.62134446952449773,0.22101315310753863,-9.5745088292862945,-0.79852125497414839,1.9880353142600586,9.8112761620225424,30,28,48,2,25714856.914444406,none,6750,33.75,0.00063016442664727752,0.004949658836697411,disabled,disabled,0,0,0,0,-1,-1,0,0,0,0,0,0,72,72,1,0,0,0,none,676,1,0,0,0,0,0,0,0,0,0,-1,0
1,1403715927.5840583,1403715927584058368,1403715927.5840583,1403715927.5840583,821,677,ready,1,1,1,1,-0.060811605691074438,0.56131312726276672,0.14322503537468292,-9.6201427586596271,-0.61038303950797868,1.8258771934439979,9.8108889341103644,30,28,49,2,27662335.906563003,none,6760,33.800000190734863,0.00020777175687107909,0.00099638434581586347,disabled,disabled,0,0,0,0,-1,-1,0,0,0,0,0,0,41,60,1,0,0,0,none,677,1,0,0,0,0,0,0,0,0,0,-1,0
1,1403715927.634058,1403715927634057984,1403715927.634058,1403715927.634058,822,678,ready,1,1,1,1,-0.065669851299228865,0.53283211535573916,0.063281423548708721,-9.658790891908593,-0.39982632866238693,1.6800831021065468,9.8119713522152114,30,29,50,2,26438573.082476027,none,6770,33.849999904632568,0.0011968597407565494,0.0042791489446981322,disabled,disabled,0,0,0,0,-1,-1,0,0,0,0,0,0,72,72,1,0,0,0,none,678,1,0,0,0,0,0,0,0,0,0,-1,0
1,1403715927.6840582,1403715927684058112,1403715927.6840582,1403715927.6840582,823,679,ready,1,1,1,1,-0.086542891978157233,0.50665591888145745,-0.006661958131856157,-9.6802536536121906,-0.24668906363981016,1.5958083782781534,9.8140088991489289,30,27,51,2,28780306.120687731,none,6780,33.900000095367432,0.00067141116970633233,0.002149769637083041,disabled,disabled,0,0,0,0,-1,-1,0,0,0,0,0,0,72,72,1,0,0,0,none,679,1,0,0,0,0,0,0,0,0,0,-1,0
1,1403715927.7340581,1403715927734058240,1403715927.7340581,1403715927.7340581,824,680,ready,1,1,1,1,-0.10634649279743526,0.49309774285196012,-0.074320994424939932,-9.6872355199662863,-0.16509298259604094,1.5678169054222386,9.8146746029161207,30,27,52,2,29400712.644821331,none,6790,33.950000047683716,0.00079063401248142509,0.002216380655907044,disabled,disabled,0,0,0,0,-1,-1,0,0,0,0,0,0,72,72,1,0,0,0,none,680,1,0,0,0,0,0,0,0,0,0,0.99999500001395192,1
1,1403715927.7840581,1403715927784058112,1403715927.7840581,1403715927.7840581,825,681,ready,1,1,1,1,-0.12795144430986768,0.49048038822290102,-0.14103987221652403,-9.6869463933533524,-0.17043249378423295,1.5836959847561267,9.8170296238104378,30,29,53,2,28396959.54759388,none,6800,34,0.00066738011494259513,0.0027423301806166313,disabled,disabled,0,0,0,0,-1,-1,0,0,0,0,0,0,72,72,1,0,0,0,none,681,1,0,0,0,0,0,0,0,0,0,-1,0
1,1403715927.834058,1403715927834057984,1403715927.834058,1403715927.834058,826,682,ready,1,1,1,1,-0.16075297024179439,0.49025537889381526,-0.21037095663710059,-9.6845984306310644,-0.2259883785110752,1.6193184705205226,9.8216449650133786,30,29,54,2,29301500.908265866,none,6810,34.049999952316284,0.00031187553532220906,0.0043614076813183649,disabled,disabled,0,0,0,0,-1,-1,0,0,0,0,0,0,72,72,1,0,0,0,none,682,1,0,0,0,0,0,0,0,0,0,-1,0
1,1403715927.8840582,1403715927884058112,1403715927.8840582,1403715927.8840582,827,683,ready,1,1,1,1,-0.17905473264158606,0.47961179919670366,-0.28605177384560537,-9.6753647311749624,-0.27829042019868216,1.6816012517196683,9.8243529562523282,30,28,55,2,31649648.71274744,none,6820,34.100000143051147,0.0018927704838450077,0.0072578301658578169,disabled,disabled,0,0,0,0,-1,-1,0,0,0,0,0,0,72,72,1,0,0,0,none,683,1,0,0,0,0,0,0,0,0,0,-1,0
1,1403715927.9340582,1403715927934058240,1403715927.9340582,1403715927.9340582,828,684,ready,1,1,1,1,-0.22389722612223228,0.47651148702379875,-0.34337182368134261,-9.65927817255319,-0.37808649641698228,1.7631284964669316,9.8261501265037214,30,28,56,2,32054390.426362436,none,6830,34.150000095367432,0.00027462829408698134,0.00079625337313913615,disabled,disabled,0,0,0,0,-1,-1,0,0,0,0,0,0,42,42,1,0,0,0,none,684,1,0,0,0,0,0,0,0,0,0,-1,0
1,1403715927.9840581,1403715927984058112,1403715927.9840581,1403715927.9840581,829,685,ready,1,1,1,1,-0.27311063473790465,0.47283588241192392,-0.37968871152364914,-9.6382423385016818,-0.44700858866339521,1.8650407260608628,9.8272024993835778,30,29,57,2,32294764.415250804,none,6840,34.200000047683716,0.0017559830918795053,0.010066756216056542,disabled,disabled,0,0,0,0,-1,-1,0,0,0,0,0,0,72,72,1,0,0,0,none,685,1,0,0,0,0,0,0,0,0,0,-1,0
1,1403715928.0340581,1403715928034057984,1403715928.0340581,1403715928.0340581,830,686,ready,1,1,1,1,-0.33358506987737901,0.46740778284853479,-0.41786490845351193,-9.6156583143437935,-0.47996504630976561,1.9565792870945968,9.8244314731477296,30,30,58,2,32485857.205812249,none,6850,34.25,0.00089442089963325043,0.005355040088244058,disabled,disabled,0,0,0,0,-1,-1,0,0,0,0,0,0,72,72,1,0,0,0,none,686,1,0,0,0,0,0,0,0,0,0,-1,0
1,1403715928.0840583,1403715928084058368,1403715928.0840583,1403715928.0840583,831,687,ready,1,1,1,1,-0.41809971802837642,0.46299435179678383,-0.4390276067941507,-9.5906579393710416,-0.43145245237849578,2.0594606559342159,9.8187702448944787,30,30,59,2,34548171.313346043,none,6860,34.300000190734863,0.00054780347933752825,0.0037592121946708051,disabled,disabled,0,0,0,0,-1,-1,0,0,0,0,0,0,72,72,1,0,0,0,none,687,1,0,0,0,0,0,0,0,0,0,-1,0
1,1403715928.134058,1403715928134057984,1403715928.134058,1403715928.134058,832,688,ready,1,1,1,1,-0.48968651748890218,0.47022507695399179,-0.44883297805477917,-9.5591800564027913,-0.33601073745945981,2.1890957477504238,9.8123884329573858,30,27,60,2,37022509.874221414,none,6870,34.349999904632568,0.00045220823108202575,0.0011192675027574157,disabled,disabled,0,0,0,0,-1,-1,0,0,0,0,0,0,72,72,1,0,0,0,none,688,1,0,0,0,0,0,0,0,0,0,-1,0
1,1403715928.1840582,1403715928184058112,1403715928.1840582,1403715928.1840582,833,689,ready,1,1,1,1,-0.55028448860051271,0.46861854391514585,-0.45501200396953373,-9.5274971121673815,-0.25415980210251998,2.3188798406840512,9.8089246170461255,30,21,61,2,40414954.540712066,none,6880,34.400000095367432,0.00010205846351766562,0.00092556655558122584,disabled,disabled,0,0,0,0,-1,-1,0,0,0,0,0,0,48,48,1,0,0,0,none,689,1,0,0,0,0,0,0,0,0,0,-1,0
1,1403715928.2340581,1403715928234058240,1403715928.2340581,1403715928.2340581,834,690,ready,1,1,1,1,-0.59028109930607986,0.48203468137768474,-0.45838317636143966,-9.5170756228542324,-0.13581344589453931,2.3624663750484722,9.8068558201110871,30,24,62,2,39767203.22019168,none,6890,34.450000047683716,0.00053155734041085922,0.0072965841682477647,disabled,disabled,0,0,0,0,-1,-1,0,0,0,0,0,0,72,72,1,0,0,0,none,690,1,0,0,0,0,0,0,0,0,0,-1,0
1,1403715928.2840581,1403715928284058112,1403715928.2840581,1403715928.2840581,835,691,ready,1,1,1,1,-0.63679167089609168,0.50414329712826056,-0.46979210404298827,-9.5241024651021746,-0.048844933906925563,2.3351399235154284,9.8063138872733084,30,27,63,2,31203456.893134363,none,6900,34.5,0.00031894655554820826,0.0049210961538832705,disabled,disabled,0,0,0,0,-1,-1,0,0,0,0,0,0,66,66,1,0,0,0,none,691,1,0,0,0,0,0,0,0,0,0,-1,0
1,1403715928.334058,1403715928334057984,1403715928.334058,1403715928.334058,836,692,ready,1,1,1,1,-0.65002295192055271,0.53429753625324972,-0.4981676506939467,-9.5501224296480594,0.034195442136954558,2.2273867167912864,9.8064906738174269,30,24,64,2,34591361.955256104,none,6910,34.549999952316284,0.00032588020285084101,0.0023380689773260317,disabled,disabled,0,0,0,0,-1,-1,0,0,0,0,0,0,30,42,1,0,0,0,none,692,1,0,0,0,0,0,0,0,0,0,-1,0
1,1403715928.3840582,1403715928384058112,1403715928.3840582,1403715928.3840582,837,693,ready,1,1,1,1,-0.65467335270304372,0.55913169783782457,-0.54202055314044717,-9.5749728255983353,0.085697055323015789,2.1146676233888244,9.8060832014442205,30,25,65,2,33393583.912522379,none,6920,34.600000143051147,0.0021165710641823559,0.0015294558200221046,disabled,disabled,0,0,0,0,-1,-1,0,0,0,0,0,0,66,66,1,0,0,0,none,693,1,0,0,0,0,0,0,0,0,0,-1,0
1,1403715928.4340582,1403715928434058240,1403715928.4340582,1403715928.4340582,838,694,ready,1,1,1,1,-0.68014655346355724,0.59135900379130901,-0.57685893105881436,-9.5859389173919212,0.17581703359782286,2.0384898632789703,9.8018660203026258,30,28,66,2,30462604.068053961,none,6930,34.650000095367432,0.00012138760291897266,0.0014658860363096519,disabled,disabled,0,0,0,0,-1,-1,0,0,0,0,0,0,34,48,1,0,0,0,none,694,1,0,0,0,0,0,0,0,0,0,-1,0
1,1403715928.4840581,1403715928484058112,1403715928.4840581,1403715928.4840581,839,695,ready,1,1,1,1,-0.69254008671628231,0.62739968543951896,-0.61708174235833402,-9.5745561835530761,0.27786476639976621,2.0553659623284761,9.7966251423395452,30,28,67,2,30606900.69926374,none,6940,34.700000047683716,0.00068850026477225706,0.0086612567313399374,disabled,disabled,0,0,0,0,-1,-1,0,0,0,0,0,0,72,72,1,0,0,0,none,695,1,0,0,0,0,0,0,0,0,0,-1,0
1,1403715928.5340581,1403715928534057984,1403715928.5340581,1403715928.5340581,840,696,pool_not_mature,1,1,1,1,-0.71634509153502057,0.65732510663285859,-0.63669347086454986,-9.5382358743330382,0.35140052996314985,2.1843523664500442,9.7914667536425828,30,18,68,2,34213316.549821541,none,6950,34.75,0.00038764411504915302,0.006118757278305428,disabled,disabled,0,0,0,0,-1,-1,0,0,0,0,0,0,72,72,1,0,0,0,none,696,1,0,0,0,0,0,0,0,0,0,-1,0
1,1403715928.5840583,1403715928584058368,1403715928.5840583,1403715928.5840583,841,697,pool_not_mature,1,1,1,1,-0.70073317963435022,0.69328050802812879,-0.66373448561362669,-9.49682913403249,0.43931530748417852,2.3528765785747838,9.7938138503038736,30,16,69,2,36830113.345440768,none,6960,34.800000190734863,0.0014303695412898783,0.0024023862733421686,disabled,disabled,0,0,0,0,-1,-1,0,0,0,0,0,0,66,66,1,0,0,0,none,697,1,0,0,0,0,0,0,0,0,0,-1,0
1,1403715928.634058,1403715928634057984,1403715928.634058,1403715928.634058,842,698,pool_not_mature,1,1,1,1,-0.64926131413866528,0.71781719950127898,-0.6816074837190913,-9.4675136730704796,0.47330334529689794,2.4881393118346704,9.8004422574464876,30,23,70,2,23952204.501156155,none,6970,34.849999904632568,0.00032385085760603619,0.00090010578945333355,disabled,disabled,0,0,0,0,-1,-1,0,0,0,0,0,0,72,72,1,0,0,0,none,698,1,0,0,0,0,0,0,0,0,0,-1,0
1,1403715928.6840582,1403715928684058112,1403715928.6840582,1403715928.6840582,843,699,pool_not_mature,1,1,1,1,-0.60785749794375898,0.73656102846366589,-0.69458100364861775,-9.4287493122647739,0.44288437067866432,2.6574121952449339,9.8060848321213996,30,26,71,2,20921170.436690263,none,6980,34.900000095367432,0.00074020785497572498,0.0033742505737327836,disabled,disabled,0,0,0,0,-1,-1,0,0,0,0,0,0,72,72,1,0,0,0,none,699,1,0,0,0,0,0,0,0,0,0,-1,0
1,1403715928.7340581,1403715928734058240,1403715928.7340581,1403715928.7340581,844,700,confirming_observer_health,1,1,1,1,-0.58829051753008776,0.74869161915883675,-0.7044121521163077,-9.347036949229528,0.38587642501911362,2.9203285971203847,9.8002203781755171,30,27,72,2,19208607.932021488,none,6990,34.950000047683716,0.0013219634505348484,0.0060021536036285955,disabled,disabled,0,0,0,0,-1,-1,0,0,0,0,0,0,72,72,1,0,0,0,none,700,1,0,0,0,0,0,0,0,0,0,0.99999499996514263,1
1,1403715928.7840581,1403715928784058112,1403715928.7840581,1403715928.7840581,845,701,confirming_observer_health,1,1,1,1,-0.50079185822317351,0.74344217540114443,-0.7102303162703274,-9.231993847047514,0.32904158159621866,3.2743526512101733,9.800987911370445,30,26,73,2,21354441.191063844,none,7000,35,0.0016683224406182195,0.0088151734931949111,disabled,disabled,0,0,0,0,-1,-1,0,0,0,0,0,0,72,72,1,0,0,0,none,701,1,0,0,0,0,0,0,0,0,0,-1,0
1,1403715928.834058,1403715928834057984,1403715928.834058,1403715928.834058,846,702,confirming_observer_health,1,1,1,1,-0.42467018209975765,0.73221057280594481,-0.7255333180866872,-9.0968623085271805,0.27549451639384753,3.6418934974232697,9.8026623595551552,30,25,74,2,22303175.544169936,none,7010,35.049999952316284,0.00083380321496846874,0.0035257425998592462,disabled,disabled,0,0,0,0,-1,-1,0,0,0,0,0,0,72,72,1,0,0,0,none,702,1,0,0,0,0,0,0,0,0,0,-1,0
1,1403715928.8840582,1403715928884058112,1403715928.8840582,1403715928.8840582,847,703,confirming_observer_health,1,1,1,1,-0.30270671636569679,0.70804397307548639,-0.72678204605932706,-8.9479833971954736,0.24126759429363093,4.0058331239909375,9.8066975045529503,30,21,75,2,22371644.937211908,none,7020,35.100000143051147,0.00072717064999737653,0.0045336762676231402,disabled,disabled,0,0,0,0,-1,-1,0,0,0,0,0,0,22,72,1,0,0,0,none,703,1,0,0,0,0,0,0,0,0,0,-1,0
1,1403715928.9340582,1403715928934058240,1403715928.9340582,1403715928.9340582,848,704,confirming_observer_health,1,1,1,1,-0.20710583629755477,0.67159901169247493,-0.73327491930898847,-8.81131398658178,0.21339720001506871,4.3006448098028534,9.8071575043531443,30,23,76,2,22828796.410243943,none,7030,35.150000095367432,0.0014781373683094372,0.0060924303677955399,disabled,disabled,0,0,0,0,-1,-1,0,0,0,0,0,0,66,66,1,0,0,0,none,704,1,0,0,0,0,0,0,0,0,0,-1,0
1,1403715928.9840581,1403715928984058112,1403715928.9840581,1403715928.9840581,849,705,confirming_observer_health,1,1,1,1,-0.063019233750200188,0.65013961030859024,-0.72473970367907992,-8.6629524109548175,0.20651358273752582,4.5874577560289742,9.8048029555760774,26,24,77,2,20921458.203758296,none,7040,35.200000047683716,0.0018356971763919252,0.014954043295797182,disabled,disabled,0,0,0,0,-1,-1,0,0,0,0,0,0,72,72,1,0,0,0,none,705,1,0,0,0,0,0,0,0,0,0,-1,0
1,1403715929.0340581,1403715929034057984,1403715929.0340581,1403715929.0340581,850,706,confirming_observer_health,1,1,1,1,0.057608874974407726,0.63397027135377704,-0.70852234884727094,-8.529971636205179,0.20383931269944958,4.8201022094685584,9.7997628486402828,27,25,78,2,22466113.669759333,none,7050,35.25,7.4159569352607769e-06,0.00010293657850049964,disabled,disabled,0,0,0,0,-1,-1,0,0,0,0,0,0,3,18,1,0,0,0,none,706,1,0,0,0,0,0,0,0,0,0,-1,0
1,1403715929.0840583,1403715929084058368,1403715929.0840583,1403715929.0840583,851,707,confirming_observer_health,1,1,1,1,0.1608402299390429,0.62886337804772496,-0.67732598880289385,-8.4140068013797311,0.22282067120729859,5.0118699430981257,9.7961216729740581,29,28,79,2,22082022.772335697,none,7060,35.300000190734863,0.00038310869761689812,0.0064802519015626564,disabled,disabled,0,0,0,0,-1,-1,0,0,0,0,0,0,72,72,1,0,0,0,none,707,1,0,0,0,0,0,0,0,0,0,-1,0
1,1403715929.134058,1403715929134057984,1403715929.134058,1403715929.134058,852,708,confirming_observer_health,1,1,1,1,0.22049621252614984,0.61519676088293107,-0.61605691266164408,-8.3079515848034351,0.19117266446449696,5.1772670846255355,9.7909499533305429,28,27,80,2,23836409.316008311,none,7070,35.349999904632568,0.00054330739316635162,0.01213479435260242,disabled,disabled,0,0,0,0,-1,-1,0,0,0,0,0,0,72,72,1,0,0,0,none,708,1,0,0,0,0,0,0,0,0,0,-1,0
1,1403715929.1840582,1403715929184058112,1403715929.1840582,1403715929.1840582,853,709,confirming_observer_health,1,1,1,1,0.26015936470375867,0.60590614056332892,-0.52683710942206652,-8.2129128309579009,0.15668564582506347,5.3197729482115248,9.7865454467367439,30,29,81,2,25928040.245647781,none,7080,35.400000095367432,0.0015704365965428313,0.01580652065731589,disabled,disabled,0,0,0,0,-1,-1,0,0,0,0,0,0,72,72,1,0,0,0,none,709,1,0,0,0,0,0,0,0,0,0,-1,0
1,1403715929.2340581,1403715929234058240,1403715929.2340581,1403715929.2340581,854,710,confirming_observer_health,1,1,1,1,0.29997282954184917,0.60579693005163748,-0.41666944977281978,-8.1496301247509209,0.063236389188569123,5.4109952948061535,9.7826039525056743,30,30,82,2,27739910.976674456,none,7090,35.450000047683716,0.0010739336702676391,0.010975446327344469,disabled,disabled,0,0,0,0,-1,-1,0,0,0,0,0,0,72,72,1,0,0,0,none,710,1,0,0,0,0,0,0,0,0,0,-1,0
1,1403715929.2840581,1403715929284058112,1403715929.2840581,1403715929.2840581,855,711,confirming_observer_health,1,1,1,1,0.33455533661083464,0.60394905277453792,-0.29301217245283728,-8.1509452999387513,-0.14327844820771315,5.4060658245154496,9.781819140390418,30,30,83,2,29859877.967765119,none,7100,35.5,0.00050621609531273338,0.0054675529564558838,disabled,disabled,0,0,0,0,-1,-1,0,0,0,0,0,0,35,72,1,0,0,0,none,711,1,0,0,0,0,0,0,0,0,0,-1,0
1,1403715929.334058,1403715929334057984,1403715929.334058,1403715929.334058,856,712,confirming_observer_health,1,1,1,1,0.36212911986145219,0.59664520004032939,-0.17495226668791364,-8.2504413142925674,-0.46097182617616711,5.2418199298892194,9.7856503658416933,30,26,84,2,32419803.245475572,none,7110,35.549999952316284,0.00098570684578427751,0.020276020687566114,disabled,disabled,0,0,0,0,-1,-1,0,0,0,0,0,0,72,72,1,0,0,0,none,712,1,0,0,0,0,0,0,0,0,0,-1,0
1,1403715929.3840582,1403715929384058112,1403715929.3840582,1403715929.3840582,857,713,confirming_observer_health,1,1,1,1,0.37571810393972438,0.57753840342799811,-0.056480785441187203,-8.3722897185545211,-0.87972416240005247,4.9926192002235483,9.7875122585754681,30,24,85,2,35238492.997245654,none,7120,35.600000143051147,0.00052549692123154165,0.0026842043969067188,disabled,disabled,0,0,0,0,-1,-1,0,0,0,0,0,0,72,72,1,0,0,0,none,713,1,0,0,0,0,0,0,0,0,0,-1,0
1,1403715929.4340582,1403715929434058240,1403715929.4340582,1403715929.4340582,858,714,confirming_observer_health,1,1,1,1,0.35867790329737803,0.52302037945443158,0.038496556570153807,-8.5004249943718246,-1.3377157165522815,4.674632126371093,9.7927980649124464,30,27,86,2,32475785.474939264,none,7130,35.650000095367432,0.0010582579684033666,0.0066566770992432705,disabled,disabled,0,0,0,0,-1,-1,0,0,0,0,0,0,72,72,1,0,0,0,none,714,1,0,0,0,0,0,0,0,0,0,-1,0
1,1403715929.4840581,1403715929484058112,1403715929.4840581,1403715929.4840581,859,715,confirming_observer_health,1,1,1,1,0.37881583500582494,0.44790252463423258,0.10912222849635324,-8.6025902489710067,-1.7838057735280295,4.3315024783524443,9.7953272405436422,30,26,87,2,33454485.456353974,none,7140,35.700000047683716,0.00033174437435161424,0.0033256948906753309,disabled,disabled,0,0,0,0,-1,-1,0,0,0,0,0,0,72,72,1,0,0,0,none,715,1,0,0,0,0,0,0,0,0,0,-1,0
1,1403715929.5340581,1403715929534057984,1403715929.5340581,1403715929.5340581,860,716,confirming_observer_health,1,1,1,1,0.38314347409477229,0.35300667070078051,0.15874838820578763,-8.6550441560882163,-2.2321672967510469,4.0129972096396314,9.7977807073386316,30,27,88,2,34341886.949315056,none,7150,35.75,0.00046972698982422129,0.011551744855854362,disabled,disabled,0,0,0,0,-1,-1,0,0,0,0,0,0,72,72,1,0,0,0,none,716,1,0,0,0,0,0,0,0,0,0,-1,0
1,1403715929.5840583,1403715929584058368,1403715929.5840583,1403715929.5840583,861,717,confirming_observer_health,1,1,1,1,0.4043196844041233,0.22664531044796135,0.18316824206393653,-8.6900460519518532,-2.6018123657207717,3.7059932840113357,9.799015980831884,30,30,89,2,29647696.473551922,none,7160,35.800000190734863,0.00035552194793902022,0.0029045228176198569,disabled,disabled,0,0,0,0,-1,-1,0,0,0,0,0,0,72,72,1,0,0,0,none,717,1,0,0,0,0,0,0,0,0,0,-1,0
1,1403715929.634058,1403715929634057984,1403715929.634058,1403715929.634058,862,718,confirming_observer_health,1,1,1,1,0.42375193694905322,0.084999666046887509,0.17829753302804593,-8.6860264535714382,-2.881012970187804,3.5044286857226887,9.7994036400104072,30,29,90,2,31859106.017595697,none,7170,35.849999904632568,0.00050695065280137821,0.0095959901496292556,disabled,disabled,0,0,0,0,-1,-1,0,0,0,0,0,0,72,72,1,0,0,0,none,718,1,0,0,0,0,0,0,0,0,0,-1,0
1,1403715929.6840582,1403715929684058112,1403715929.6840582,1403715929.6840582,863,719,ready,1,1,1,1,0.44236383926945694,-0.07652518843264515,0.16908859717684127,-8.7214687733582128,-2.8485878872062318,3.4303500509515326,9.7951912685696776,30,29,91,2,33869349.511578351,none,7180,35.900000095367432,4.5672844464620782e-05,0.0008088670211911826,disabled,disabled,0,0,0,0,-1,-1,0,0,0,0,0,0,72,72,1,0,0,0,none,719,1,0,0,0,0,0,0,0,0,0,-1,0
1,1403715929.7340581,1403715929734058240,1403715929.7340581,1403715929.7340581,864,720,ready,1,1,1,1,0.46598071309412492,-0.24116782709396695,0.16991886498419054,-8.7915936051390275,-2.5472733282279019,3.4772104825971129,9.7914101265806419,30,30,92,2,35004105.628848679,none,7190,35.950000047683716,0.00057327935692533434,0.0025186705240385254,disabled,disabled,0,0,0,0,-1,-1,0,0,0,0,0,0,72,72,1,0,0,0,none,720,1,0,0,0,0,0,0,0,0,0,0.99999499996480457,1
1,1403715929.7840581,1403715929784058112,1403715929.7840581,1403715929.7840581,865,721,ready,1,1,1,1,0.46898558830411424,-0.38821099914710827,0.18067301111966669,-8.8911001079698391,-2.1111076476448423,3.5115329425806245,9.7897548609101932,30,28,93,2,37101391.504081488,none,7200,36,0.0002518488820654665,0.0081362278917140006,disabled,disabled,0,0,0,0,-1,-1,0,0,0,0,0,0,72,72,1,0,0,0,none,721,1,0,0,0,0,0,0,0,0,0,-1,0
1,1403715929.834058,1403715929834057984,1403715929.834058,1403715929.834058,866,722,ready,1,1,1,1,0.42807304135131685,-0.51609385418542086,0.2003314424980677,-8.9955459046320669,-1.6775368925399445,3.4768740183045868,9.7889033648992978,30,27,94,2,39259088.157176882,none,7210,36.049999952316284,0.0009065300890278604,0.0031773648555322321,disabled,disabled,0,0,0,0,-1,-1,0,0,0,0,0,0,72,72,1,0,0,0,none,722,1,0,0,0,0,0,0,0,0,0,-1,0
1,1403715929.8840582,1403715929884058112,1403715929.8840582,1403715929.8840582,867,723,ready,1,1,1,1,0.36967454850394227,-0.60313926451144173,0.21578614726113404,-9.1161284518621635,-1.1599844313401353,3.3711201413824776,9.7884530360745448,30,29,95,2,37529001.990707725,none,7220,36.100000143051147,0.00013693910247145768,0.00033470152408893199,disabled,disabled,0,0,0,0,-1,-1,0,0,0,0,0,0,46,60,1,0,0,0,none,723,1,0,0,0,0,0,0,0,0,0,-1,0
1,1403715929.9340582,1403715929934058240,1403715929.9340582,1403715929.9340582,868,724,ready,1,1,1,1,0.26982241778783389,-0.66266811107154866,0.24633537434550792,-9.2089329298426517,-0.62285565934376519,3.2623862982623,9.7895637920086358,30,29,96,2,37553650.622613207,none,7230,36.150000095367432,0.0015058497290267132,0.0038812534260061456,disabled,disabled,0,0,0,0,-1,-1,0,0,0,0,0,0,72,72,1,0,0,0,none,724,1,0,0,0,0,0,0,0,0,0,-1,0
1,1403715929.9840581,1403715929984058112,1403715929.9840581,1403715929.9840581,869,725,ready,1,1,1,1,0.1876094079629792,-0.69361440324252965,0.27545213047903899,-9.2779676285549026,-0.15046288903176552,3.1269580197573208,9.7918940381732629,30,29,97,2,39489859.618072577,none,7240,36.200000047683716,0.0013583970916431745,0.0084532306463122181,disabled,disabled,0,0,0,0,-1,-1,0,0,0,0,0,0,72,72,1,0,0,0,none,725,1,0,0,0,0,0,0,0,0,0,-1,0
1,1403715930.0340581,1403715930034057984,1403715930.0340581,1403715930.0340581,870,726,ready,1,1,1,1,0.09674866800400915,-0.68904706117281656,0.2751353430260195,-9.3146513344608852,0.2531924324838099,3.0184698354607402,9.7947943336257648,30,30,98,2,40081779.609864399,none,7250,36.25,0.00017235631065853937,0.0015838874473521657,disabled,disabled,0,0,0,0,-1,-1,0,0,0,0,0,0,72,72,1,0,0,0,none,726,1,0,0,0,0,0,0,0,0,0,-1,0
1,1403715930.0840583,1403715930084058368,1403715930.0840583,1403715930.0840583,871,727,ready,1,1,1,1,0.042975578074953502,-0.65822367417213912,0.25946873279079524,-9.329091152460995,0.66324073704329778,2.9206411542498638,9.7980597445666628,30,29,99,2,41902470.063384727,none,7260,36.300000190734863,0.00013039382619119374,0.0022050662271786252,disabled,disabled,0,0,0,0,-1,-1,0,0,0,0,0,0,72,72,1,0,0,0,none,727,1,0,0,0,0,0,0,0,0,0,-1,0
1,1403715930.134058,1403715930134057984,1403715930.134058,1403715930.134058,872,728,ready,1,1,1,1,0.024018902399040292,-0.61475752003026318,0.23509941726966557,-9.329909200327938,0.99028321379606077,2.8311470176030755,9.8001663233423209,30,29,100,2,43649169.745471843,none,7270,36.349999904632568,0.00014449729151512668,0.0023816343045655899,disabled,disabled,0,0,0,0,-1,-1,0,0,0,0,0,0,72,72,1,0,0,0,none,728,1,0,0,0,0,0,0,0,0,0,-1,0
1,1403715930.1840582,1403715930184058112,1403715930.1840582,1403715930.1840582,873,729,ready,1,1,1,1,0.011971342087131947,-0.55446883419440474,0.20115529323522294,-9.3166586650109657,1.2955767341194719,2.7573323024373613,9.8021186067288593,30,29,101,2,44295908.056943022,none,7280,36.400000095367432,7.8758393023569873e-05,0.0018862266575798074,disabled,disabled,0,0,0,0,-1,-1,0,0,0,0,0,0,72,72,1,0,0,0,none,729,1,0,0,0,0,0,0,0,0,0,-1,0
1,1403715930.2340581,1403715930234058240,1403715930.2340581,1403715930.2340581,874,730,ready,1,1,1,1,0.0027107488888783024,-0.47808713466114749,0.16623954762402951,-9.2890662359874128,1.5415798691741911,2.7221677234178805,9.8017048080434748,30,28,102,2,46272121.915621191,none,7290,36.450000047683716,0.0018453171252318375,0.0062304042407183846,disabled,disabled,0,0,0,0,-1,-1,0,0,0,0,0,0,72,72,1,0,0,0,none,730,1,0,0,0,0,0,0,0,0,0,-1,0
1,1403715930.2840581,1403715930284058112,1403715930.2840581,1403715930.2840581,875,731,ready,1,1,1,1,-0.012905018510236749,-0.39496505355332956,0.12352487017511153,-9.2659062525926039,1.7191358290155869,2.6910855232022737,9.8007340527956721,30,29,103,2,47104000.794520073,none,7300,36.5,0.00074233788326201673,0.0049857930722391587,disabled,disabled,0,0,0,0,-1,-1,0,0,0,0,0,0,72,72,1,0,0,0,none,731,1,0,0,0,0,0,0,0,0,0,-1,0
1,1403715930.334058,1403715930334057984,1403715930.334058,1403715930.334058,876,732,ready,1,1,1,1,-0.0076850878462071696,-0.30296565871343151,0.087801960194569026,-9.2510014205114413,1.7549510470419967,2.7206343341299553,9.8011597089255336,30,29,104,2,47768215.039657936,none,7310,36.549999952316284,0.00084445024328110789,0.00087119545468528721,disabled,disabled,0,0,0,0,-1,-1,0,0,0,0,0,0,72,72,1,0,0,0,none,732,1,0,0,0,0,0,0,0,0,0,-1,0
1,1403715930.3840582,1403715930384058112,1403715930.3840582,1403715930.3840582,877,733,ready,1,1,1,1,-0.0026037026956872624,-0.21984530088240198,0.065021505376094427,-9.2291840745644933,1.6974718545408045,2.8345628060837442,9.8027544945686778,30,29,105,2,49666233.217500292,none,7320,36.600000143051147,0.004518749975945144,0.0069354294095952959,disabled,disabled,0,0,0,0,-1,-1,0,0,0,0,0,0,72,72,1,0,0,0,none,733,1,0,0,0,0,0,0,0,0,0,-1,0
1,1403715930.4340582,1403715930434058240,1403715930.4340582,1403715930.4340582,878,734,ready,1,1,1,1,-0.04313937060488135,-0.13827540341920339,0.049475878803956257,-9.2020799195272982,1.5512627978810853,3.008468449544393,9.8048749877477483,30,30,106,2,49851145.641912527,none,7330,36.650000095367432,2.8212973394975216e-05,0.00078160392885877491,disabled,disabled,0,0,0,0,-1,-1,0,0,0,0,0,0,72,72,1,0,0,0,none,734,1,0,0,0,0,0,0,0,0,0,-1,0
1,1403715930.4840581,1403715930484058112,1403715930.4840581,1403715930.4840581,879,735,ready,1,1,1,1,-0.096196571545073051,-0.072684496030940821,0.04476981782434683,-9.1592346837136507,1.3942448106283221,3.2111707718138094,9.8054635948056212,30,30,107,2,51610196.537841447,none,7340,36.700000047683716,0.00017834572186299042,0.0015495459374956092,disabled,disabled,0,0,0,0,-1,-1,0,0,0,0,0,0,43,48,1,0,0,0,none,735,1,0,0,0,0,0,0,0,0,0,-1,0
1,1403715930.5340581,1403715930534057984,1403715930.5340581,1403715930.5340581,880,736,ready,1,1,1,1,-0.1514095355700186,-0.021495009219246564,0.073210353918030643,-9.1160421065627624,1.2612798361025666,3.3883394390820576,9.8068289812774392,30,30,108,2,53315580.268559858,none,7350,36.75,0.00029260457142958677,0.0023661554893699842,disabled,disabled,0,0,0,0,-1,-1,0,0,0,0,0,0,72,72,1,0,0,0,none,736,1,0,0,0,0,0,0,0,0,0,-1,0
1,1403715930.5840583,1403715930584058368,1403715930.5840583,1403715930.5840583,881,737,ready,1,1,1,1,-0.17242929395922069,0.04061659835084127,0.092233349068317039,-9.0519759098395625,1.149226070388224,3.5940836778074861,9.8069580358160966,30,30,109,2,55005365.000872619,none,7360,36.800000190734863,0.00092972438196655869,0.0029319296901046958,disabled,disabled,0,0,0,0,-1,-1,0,0,0,0,0,0,72,72,1,0,0,0,none,737,1,0,0,0,0,0,0,0,0,0,-1,0
1,1403715930.634058,1403715930634057984,1403715930.634058,1403715930.634058,882,738,ready,1,1,1,1,-0.1302214012953804,0.076142009611489911,0.11065890269541873,-8.9878250816535132,1.0650028049668712,3.7749614260788751,9.8064042564729466,30,30,110,2,56701351.250732414,none,7370,36.849999904632568,0.0021188861630757031,0.0040547786987490944,disabled,disabled,0,0,0,0,-1,-1,0,0,0,0,0,0,72,72,1,0,0,0,none,738,1,0,0,0,0,0,0,0,0,0,-1,0
1,1403715930.6840582,1403715930684058112,1403715930.6840582,1403715930.6840582,883,739,ready,1,1,1,1,-0.046321833928868163,0.12173470521746117,0.12112937609448673,-8.9215229906466238,1.0431859559929262,3.9294295743717313,9.8041943162793537,30,30,111,2,58406316.869772665,none,7380,36.900000095367432,3.0897759692492818e-05,0.0011546538506609369,disabled,disabled,0,0,0,0,-1,-1,0,0,0,0,0,0,66,72,1,0,0,0,none,739,1,0,0,0,0,0,0,0,0,0,-1,0
1,1403715930.7340581,1403715930734058240,1403715930.7340581,1403715930.7340581,884,740,ready,1,1,1,1,0.049870170762341189,0.16577731480582072,0.12726789565848534,-8.8845085376460382,1.044727653392733,4.0139583320107857,9.8049890013394538,30,30,112,2,60112361.557573371,none,7390,36.950000047683716,0.0023001617104818428,0.0065187860364338658,disabled,disabled,0,0,0,0,-1,-1,0,0,0,0,0,0,72,72,1,0,0,0,none,740,1,0,0,0,0,0,0,0,0,0,56346.625875692385,1
1,1403715930.7840581,1403715930784058112,1403715930.7840581,1403715930.7840581,885,741,ready,1,1,1,1,0.15101215871077281,0.20439997032064761,0.13639714853935916,-8.855287413271121,1.036564596272207,4.0803659101130831,9.8050990456137601,30,30,113,2,61804083.145682238,none,7400,37,0.00073797184359284285,0.0016550562334491713,disabled,disabled,0,0,0,0,-1,-1,0,0,0,0,0,0,72,72,1,0,0,0,none,741,1,0,0,0,0,0,0,0,0,0,-1,0
1,1403715930.834058,1403715930834057984,1403715930.834058,1403715930.834058,886,742,ready,1,1,1,1,0.2550741226519016,0.23951615520338396,0.14484268825788205,-8.8419041122987743,0.92021058776956821,4.138510835644813,9.8057803255874916,30,30,114,2,63465733.192170143,none,7410,37.049999952316284,0.00038964846746856937,0.0042997898306081283,disabled,disabled,0,0,0,0,-1,-1,0,0,0,0,0,0,72,72,1,0,0,0,none,742,1,0,0,0,0,0,0,0,0,0,-1,0
1,1403715930.8840582,1403715930884058112,1403715930.8840582,1403715930.8840582,887,743,ready,1,1,1,1,0.34546656503055323,0.2752427413649241,0.13800159390845038,-8.8359291979802457,0.7019584183930927,4.1991233403279917,9.8081102787519718,30,30,115,2,65073312.719616391,none,7420,37.100000143051147,0.0003388284009484615,0.0015645926554727248,disabled,disabled,0,0,0,0,-1,-1,0,0,0,0,0,0,72,72,1,0,0,0,none,743,1,0,0,0,0,0,0,0,0,0,-1,0
1,1403715930.9340582,1403715930934058240,1403715930.9340582,1403715930.9340582,888,744,ready,1,1,1,1,0.40004942611635558,0.29699222233962586,0.16135289831929164,-8.8415666748778516,0.46958842791067013,4.2264890011130847,9.8110663963948426,30,30,116,2,66609785.917097576,none,7430,37.150000095367432,0.00012665900130397306,0.0011828193252153387,disabled,disabled,0,0,0,0,-1,-1,0,0,0,0,0,0,72,72,1,0,0,0,none,744,1,0,0,0,0,0,0,0,0,0,-1,0
1,1403715930.9840581,1403715930984058112,1403715930.9840581,1403715930.9840581,889,745,ready,1,1,1,1,0.41217594472945607,0.30089017528000689,0.20139349016754496,-8.8240473843759979,0.2788984497109715,4.2851435231286077,9.8134627731894479,30,30,117,2,68078410.516231537,none,7440,37.200000047683716,0.00043508007513249882,0.0016198569362695381,disabled,disabled,0,0,0,0,-1,-1,0,0,0,0,0,0,72,72,1,0,0,0,none,745,1,0,0,0,0,0,0,0,0,0,-1,0
1,1403715931.0340581,1403715931034057984,1403715931.0340581,1403715931.0340581,890,746,ready,1,1,1,1,0.39899187973046574,0.31240278333510668,0.26506972513209681,-8.7760268376056807,0.14548130206575319,4.3962457793113545,9.8166587399042662,30,30,118,2,69502571.034583524,none,7450,37.25,0.00034805324701410185,0.0012541391037416297,disabled,disabled,0,0,0,0,-1,-1,0,0,0,0,0,0,72,72,1,0,0,0,none,746,1,0,0,0,0,0,0,0,0,0,-1,0
1,1403715931.0840583,1403715931084058368,1403715931.0840583,1403715931.0840583,891,747,ready,1,1,1,1,0.37268356722776114,0.30208299826945029,0.33855037208681887,-8.7206256893931275,0.06131121540213532,4.5187905256835892,9.8220435396431238,30,30,119,2,70898244.567054018,none,7460,37.300000190734863,0,0,disabled,disabled,0,0,0,0,-1,-1,0,0,0,0,0,0,0,0,0,0,0,0,none,747,1,0,0,0,0,0,0,0,0,0,-1,0
1,1403715931.134058,1403715931134057984,1403715931.134058,1403715931.134058,892,748,ready,1,1,1,1,0.36658742633468189,0.28823101004527374,0.41182266980700144,-8.6628052050683042,0.022460354534463541,4.6399137035902731,9.8271815728238749,30,30,120,2,72261707.284578741,none,7470,37.349999904632568,0.0016994038961942015,0.0047523357971759883,disabled,disabled,0,0,0,0,-1,-1,0,0,0,0,0,0,72,72,1,0,0,0,none,748,1,0,0,0,0,0,0,0,0,0,-1,0
1,1403715931.1840582,1403715931184058112,1403715931.1840582,1403715931.1840582,893,749,ready,1,1,1,1,0.42147993613233903,0.27710521852498798,0.45952288164783678,-8.6247108290694445,-0.0035438137279721772,4.7196976287049335,9.8316425458865453,30,30,121,2,73581696.680002108,none,7480,37.400000095367432,0.0019770256411036496,0.0075001213840509831,disabled,disabled,0,0,0,0,-1,-1,0,0,0,0,0,0,72,72,1,0,0,0,none,749,1,0,0,0,0,0,0,0,0,0,-1,0
1,1403715931.2340581,1403715931234058240,1403715931.2340581,1403715931.2340581,894,750,ready,1,1,1,1,0.51895477963341952,0.26684407519149644,0.50397844430427796,-8.6138958505951955,-0.011865841553500307,4.747162233225084,9.835389763077794,30,30,122,2,74804895.216157451,none,7490,37.450000047683716,0.00097543158798538555,0.0027834913070538714,disabled,disabled,0,0,0,0,-1,-1,0,0,0,0,0,0,72,72,1,0,0,0,none,750,1,0,0,0,0,0,0,0,0,0,-1,0
1,1403715931.2840581,1403715931284058112,1403715931.2840581,1403715931.2840581,895,751,ready,1,1,1,1,0.60821051884375466,0.2531575489327576,0.51911181937914197,-8.6125886412379504,-0.0096234946694486335,4.7554679638533726,9.8382544828880274,30,30,123,2,75892826.558470711,none,7500,37.5,0.00022165998475679485,0.00040727069969707632,disabled,disabled,0,0,0,0,-1,-1,0,0,0,0,0,0,30,72,1,0,0,0,none,751,1,0,0,0,0,0,0,0,0,0,-1,0
1,1403715931.334058,1403715931334057984,1403715931.334058,1403715931.334058,896,752,ready,1,1,1,1,0.71367850017180634,0.24035002993123805,0.56596322558934309,-8.6374904429589119,0.04664572568570214,4.7118999259924959,9.8392285210020081,30,30,124,2,76780797.305259451,none,7510,37.549999952316284,0.0016542133025411979,0.0057481713809252538,disabled,disabled,0,0,0,0,-1,-1,0,0,0,0,0,0,72,72,1,0,0,0,none,752,1,0,0,0,0,0,0,0,0,0,-1,0
1,1403715931.3840582,1403715931384058112,1403715931.3840582,1403715931.3840582,897,753,ready,1,1,1,1,0.80534466095411694,0.23093235761933467,0.60765485595880053,-8.6705481739177745,0.088486034690003559,4.6530112322308135,9.8405664949651221,30,28,125,2,77719392.691576913,none,7520,37.600000143051147,0.00097173136099546419,0.0064138074257811461,disabled,disabled,0,0,0,0,-1,-1,0,0,0,0,0,0,72,72,1,0,0,0,none,753,1,0,0,0,0,0,0,0,0,0,-1,0
1,1403715931.4340582,1403715931434058240,1403715931.4340582,1403715931.4340582,898,754,ready,1,1,1,1,0.84570048023931121,0.22707748803138414,0.66614545627252486,-8.7152305993529016,0.090989258704571252,4.5745404550347697,9.8432689600481016,30,27,126,2,78584506.740180209,none,7530,37.650000095367432,0.00068724791677081192,0.0038684954408133871,disabled,disabled,0,0,0,0,-1,-1,0,0,0,0,0,0,72,72,1,0,0,0,none,754,1,0,0,0,0,0,0,0,0,0,-1,0
1,1403715931.4840581,1403715931484058112,1403715931.4840581,1403715931.4840581,899,755,ready,1,1,1,1,0.84001411007198157,0.22081587508597028,0.73109929795201478,-8.7493692015315911,0.11735090400773146,4.5139818981412247,9.8458755444159287,30,29,127,2,75601037.289454848,none,7540,37.700000047683716,0.0013924963723545478,0.0061977074784980348,disabled,disabled,0,0,0,0,-1,-1,0,0,0,0,0,0,72,72,1,0,0,0,none,755,1,0,0,0,0,0,0,0,0,0,-1,0
1,1403715931.5340581,1403715931534057984,1403715931.5340581,1403715931.5340581,900,756,ready,1,1,1,1,0.81739555153643473,0.21971078446045225,0.81601547603077595,-8.7819657119581933,0.11013644369536517,4.455368696003017,9.8481146428929662,30,27,128,2,74783952.387979388,none,7550,37.75,0.0025234418268411992,0.0059236365393290687,disabled,disabled,0,0,0,0,-1,-1,0,0,0,0,0,0,72,72,1,0,0,0,none,756,1,0,0,0,0,0,0,0,0,0,-1,0
1,1403715931.5840583,1403715931584058368,1403715931.5840583,1403715931.5840583,901,757,ready,1,1,1,1,0.76521012861222337,0.21023225348406294,0.90078631834253231,-8.8220662603274143,0.074227028423220362,4.3832417784110165,9.8512522676745835,30,24,129,2,76343162.028808624,none,7560,37.800000190734863,1.4019797273910803e-05,3.5274097667212481e-05,disabled,disabled,0,0,0,0,-1,-1,0,0,0,0,0,0,3,18,1,0,0,0,none,757,1,0,0,0,0,0,0,0,0,0,-1,0
1,1403715931.634058,1403715931634057984,1403715931.634058,1403715931.634058,902,758,ready,1,1,1,1,0.69242481363728592,0.20267744962466508,0.9753553114882253,-8.8458898545262343,0.033890095428232916,4.3352305528080493,9.8511491615434732,30,26,130,2,70097934.45863533,none,7570,37.849999904632568,0.00037172789952926431,0.0038786857829529314,disabled,disabled,0,0,0,0,-1,-1,0,0,0,0,0,0,72,72,1,0,0,0,none,758,1,0,0,0,0,0,0,0,0,0,-1,0
1,1403715931.6840582,1403715931684058112,1403715931.6840582,1403715931.6840582,903,759,ready,1,1,1,1,0.63665572267002957,0.19453656399285069,1.0361345775672797,-8.8795848243634747,-0.031299644811181651,4.267370037258897,9.8518248743939019,30,28,131,2,63360263.623853467,none,7580,37.900000095367432,0.00081402489580583944,0.0026181846979721726,disabled,disabled,0,0,0,0,-1,-1,0,0,0,0,0,0,72,72,1,0,0,0,none,759,1,0,0,0,0,0,0,0,0,0,-1,0
1,1403715931.7340581,1403715931734058240,1403715931.7340581,1403715931.7340581,904,760,ready,1,1,1,1,0.57343225378544671,0.19091425592422145,1.0995527978330479,-8.9039915340614755,-0.088243435724426375,4.2204038503578616,9.8539667546984528,30,28,132,2,64049732.497845113,none,7590,37.950000047683716,6.3697759042965048e-05,0.0058042632022640627,disabled,disabled,0,0,0,0,-1,-1,0,0,0,0,0,0,72,72,1,0,0,0,none,760,1,0,0,0,0,0,0,0,0,0,0.9999949999981339,1
1,1403715931.7840581,1403715931784058112,1403715931.7840581,1403715931.7840581,905,761,ready,1,1,1,1,0.54440259470850805,0.1903361096679386,1.1329305755971024,-8.9280945489234416,-0.12543245326297964,4.1660512028803591,9.8530496903176594,30,24,133,2,65161754.771802366,none,7600,38,0.00056603311247441451,0.0031571337842983588,disabled,disabled,0,0,0,0,-1,-1,0,0,0,0,0,0,72,72,1,0,0,0,none,761,1,0,0,0,0,0,0,0,0,0,-1,0
1,1403715931.834058,1403715931834057984,1403715931.834058,1403715931.834058,906,762,ready,1,1,1,1,0.56188029277817209,0.18646972650431584,1.1560411176483847,-8.966820225744744,-0.1099786843973387,4.0776661248225743,9.8510568619500081,30,23,134,2,63870736.946818188,none,7610,38.049999952316284,0.00051239603659362421,0.00038727063343388867,disabled,disabled,0,0,0,0,-1,-1,0,0,0,0,0,0,72,72,1,0,0,0,none,762,1,0,0,0,0,0,0,0,0,0,-1,0
1,1403715931.8840582,1403715931884058112,1403715931.8840582,1403715931.8840582,907,763,ready,1,1,1,1,0.57055176634604099,0.17412473621321692,1.1743347575815695,-9.0388262931487215,-0.11286301334577681,3.9117927929703904,9.8496315500953244,30,26,135,2,54732438.280592553,none,7620,38.100000143051147,0.00014937754386664225,0.00091746618830814905,disabled,disabled,0,0,0,0,-1,-1,0,0,0,0,0,0,47,54,1,0,0,0,none,763,1,0,0,0,0,0,0,0,0,0,-1,0
1,1403715931.9340582,1403715931934058240,1403715931.9340582,1403715931.9340582,908,764,ready,1,1,1,1,0.5425592091997169,0.17534657427275985,1.187578463484422,-9.1125951538881811,-0.10990217046923569,3.7374262012977977,9.8498641379405587,30,25,136,2,53100944.536405593,none,7630,38.150000095367432,0.0013391694633694557,0.0044900764463772294,disabled,disabled,0,0,0,0,-1,-1,0,0,0,0,0,0,72,72,1,0,0,0,none,764,1,0,0,0,0,0,0,0,0,0,-1,0
1,1403715931.9840581,1403715931984058112,1403715931.9840581,1403715931.9840581,909,765,pool_not_mature,1,1,1,1,0.52344204204932276,0.16877530051311512,1.1950633484283062,-9.1929144396339169,-0.11627649294939928,3.5373107404544029,9.8506732456099915,30,21,137,2,52743617.697653219,none,7640,38.200000047683716,0.0013012679011128409,0.0026626540461862007,disabled,disabled,0,0,0,0,-1,-1,0,0,0,0,0,0,72,72,1,0,0,0,none,765,1,0,0,0,0,0,0,0,0,0,-1,0
1,1403715932.0340581,1403715932034057984,1403715932.0340581,1403715932.0340581,910,766,prediction_or_correction_unhealthy,1,1,1,1,0.50565977976042098,0.15821260358589484,1.184472847726064,-9.270425448286904,-0.076717905690514981,3.3292256552069075,9.8504018746742936,30,22,138,2,54009062.986433186,none,7650,38.25,8.6177828141075137e-05,0.00083599683604711433,disabled,disabled,0,0,0,0,-1,-1,0,0,0,0,0,0,62,72,1,0,0,0,none,766,1,0,0,0,0,0,0,0,0,0,-1,0
1,1403715932.0840583,1403715932084058368,1403715932.0840583,1403715932.0840583,911,767,prediction_or_correction_unhealthy,1,1,1,1,0.49600227895077875,0.1441079394152649,1.1689574449320579,-9.3576732034303216,-0.078900056909793334,3.0722656160528508,9.8494207452397351,30,24,139,2,39925097.509898521,none,7660,38.300000190734863,0.0003493455527970863,0.0013959787870982067,disabled,disabled,0,0,0,0,-1,-1,0,0,0,0,0,0,72,72,1,0,0,0,none,767,1,0,0,0,0,0,0,0,0,0,-1,0
1,1403715932.134058,1403715932134057984,1403715932.134058,1403715932.134058,912,768,pool_not_mature,1,1,1,1,0.48162269569730415,0.13394893088724935,1.1408755420721317,-9.4518097850776588,-0.098674943882202631,2.7564989942704186,9.8460515773204111,30,24,140,2,41476454.506308064,none,7670,38.349999904632568,0.00016991612176770268,0.0051885152731828595,disabled,disabled,0,0,0,0,-1,-1,0,0,0,0,0,0,72,72,1,0,0,0,none,768,1,0,0,0,0,0,0,0,0,0,-1,0
1,1403715932.1840582,1403715932184058112,1403715932.1840582,1403715932.1840582,913,769,confirming_observer_health,1,1,1,1,0.468086269815222,0.11482409762174124,1.0967708014945547,-9.5360992360961312,-0.12932879333202468,2.4246215027838867,9.8403609694573664,30,27,141,2,40011937.147458434,none,7680,38.400000095367432,0.0012513351745626837,0.0025400699800026036,disabled,disabled,0,0,0,0,-1,-1,0,0,0,0,0,0,48,48,1,0,0,0,none,769,1,0,0,0,0,0,0,0,0,0,-1,0
1,1403715932.2340581,1403715932234058240,1403715932.2340581,1403715932.2340581,914,770,confirming_observer_health,1,1,1,1,0.44871578802038503,0.092767604942828041,1.0511252524461294,-9.6184446192400497,-0.18828228002508529,2.0417964298735889,9.8345747122793181,30,25,142,2,37995561.070847668,none,7690,38.450000047683716,0.0001347336267203672,0.0028248342664605186,disabled,disabled,0,0,0,0,-1,-1,0,0,0,0,0,0,72,72,1,0,0,0,none,770,1,0,0,0,0,0,0,0,0,0,-1,0
1,1403715932.2840581,1403715932284058112,1403715932.2840581,1403715932.2840581,915,771,confirming_observer_health,1,1,1,1,0.39464064226639584,0.071280579442906056,0.99949789894328778,-9.6929262677880246,-0.19527378319222125,1.6519687386295707,9.8346302521542039,29,23,143,2,39879533.518163636,none,7700,38.5,0.00019726516097415186,0.0033264268447626105,disabled,disabled,0,0,0,0,-1,-1,0,0,0,0,0,0,72,72,1,0,0,0,none,771,1,0,0,0,0,0,0,0,0,0,-1,0
1,1403715932.334058,1403715932334057984,1403715932.334058,1403715932.334058,916,772,confirming_observer_health,1,1,1,1,0.33857922974879923,0.043870407199010142,0.91176930550284896,-9.7486224843333886,-0.19550739119686653,1.2908094430746342,9.8356521136320048,28,22,144,2,32760053.268815957,none,7710,38.549999952316284,0.00069157157963737259,0.0027258339729346864,disabled,disabled,0,0,0,0,-1,-1,0,0,0,0,0,0,72,72,1,0,0,0,none,772,1,0,0,0,0,0,0,0,0,0,-1,0
1,1403715932.3840582,1403715932384058112,1403715932.3840582,1403715932.3840582,917,773,confirming_observer_health,1,1,1,1,0.30290985939766146,0.02451798727939733,0.79729823323183091,-9.7893073192847275,-0.20408902530956199,0.9663048511158645,9.8390007209545125,29,23,145,2,31622035.106102791,none,7720,38.600000143051147,0.00039857990804578465,0.003760115465348914,disabled,disabled,0,0,0,0,-1,-1,0,0,0,0,0,0,72,72,1,0,0,0,none,773,1,0,0,0,0,0,0,0,0,0,-1,0
1,1403715932.4340582,1403715932434058240,1403715932.4340582,1403715932.4340582,918,774,confirming_observer_health,1,1,1,1,0.26893274182661892,-0.00068497431203757902,0.67100934708702298,-9.8093159296977515,-0.20126423846437727,0.72014303963970361,9.8377737471365041,27,23,146,2,25318218.144456647,none,7730,38.650000095367432,5.5637673717089044e-05,0.0017432658412918401,disabled,disabled,0,0,0,0,-1,-1,0,0,0,0,0,0,52,54,1,0,0,0,none,774,1,0,0,0,0,0,0,0,0,0,-1,0
1,1403715932.4840581,1403715932484058112,1403715932.4840581,1403715932.4840581,919,775,confirming_observer_health,1,1,1,1,0.25223746977536232,-0.021724514494056029,0.53213970835089186,-9.8195772429335317,-0.17730225211249412,0.51109792425707756,9.8344676727681684,26,24,147,2,26237031.11778139,none,7740,38.700000047683716,0.00026441591087740236,0.0080829812518737193,disabled,disabled,0,0,0,0,-1,-1,0,0,0,0,0,0,72,72,1,0,0,0,none,775,1,0,0,0,0,0,0,0,0,0,-1,0
1,1403715932.5340581,1403715932534057984,1403715932.5340581,1403715932.5340581,920,776,confirming_observer_health,1,1,1,1,0.26603590605665262,-0.037633629952384326,0.3699879747561805,-9.8245203098420024,-0.15794358773954845,0.29370524019462768,9.8301784451516347,24,24,148,2,22803365.284466386,none,7750,38.75,0.0010153549968854618,0.0062063488999162478,disabled,disabled,0,0,0,0,-1,-1,0,0,0,0,0,0,72,72,1,0,0,0,none,776,1,0,0,0,0,0,0,0,0,0,-1,0
1,1403715932.5840583,1403715932584058368,1403715932.5840583,1403715932.5840583,921,777,confirming_observer_health,1,1,1,1,0.27107413508301631,-0.054501784999615513,0.20547948382871181,-9.8252078552547744,-0.14112396775966513,0.05325067696841871,9.8263656052395039,26,26,149,2,24126227.107750475,none,7760,38.800000190734863,0.00012876703247309418,0.0041608395914828483,disabled,disabled,0,0,0,0,-1,-1,0,0,0,0,0,0,72,72,1,0,0,0,none,777,1,0,0,0,0,0,0,0,0,0,-1,0
1,1403715932.634058,1403715932634057984,1403715932.634058,1403715932.634058,922,778,confirming_observer_health,1,1,1,1,0.27950408699259488,-0.075321396173594832,0.026981742589462811,-9.8221809045385378,-0.097308393758013215,-0.1731903870951467,9.8241896131517858,26,26,150,2,25688820.758374643,none,7770,38.849999904632568,0.00041854842674317382,0.0032636341384136357,disabled,disabled,0,0,0,0,-1,-1,0,0,0,0,0,0,72,72,1,0,0,0,none,778,1,0,0,0,0,0,0,0,0,0,-1,0
1,1403715932.6840582,1403715932684058112,1403715932.6840582,1403715932.6840582,923,779,confirming_observer_health,1,1,1,1,0.30194724614218021,-0.096375155860535563,-0.16936658821984954,-9.8142557350622095,-0.073974904137787886,-0.35911300527712076,9.8211022838682833,27,26,151,2,27321208.935205273,none,7780,38.900000095367432,0.00014862504836399973,0.00062017900413619215,disabled,disabled,0,0,0,0,-1,-1,0,0,0,0,0,0,45,72,1,0,0,0,none,779,1,0,0,0,0,0,0,0,0,0,-1,0
1,1403715932.7340581,1403715932734058240,1403715932.7340581,1403715932.7340581,924,780,confirming_observer_health,1,1,1,1,0.30549061296583496,-0.10756949756352534,-0.37405948849354553,-9.8050443991524503,-0.068977476223822193,-0.53042949412023754,9.8196236694595225,30,26,152,2,29460855.591881454,none,7790,38.950000047683716,0.00069446615119351564,0.0085480725840873014,disabled,disabled,0,0,0,0,-1,-1,0,0,0,0,0,0,72,72,1,0,0,0,none,780,1,0,0,0,0,0,0,0,0,0,0.99999500000833175,1
1,1403715932.7840581,1403715932784058112,1403715932.7840581,1403715932.7840581,925,781,confirming_observer_health,1,1,1,1,0.34289926448660085,-0.11847221698587559,-0.58005688312157033,-9.7958651772011525,-0.074307285988940319,-0.617333331387381,9.8155792791202625,30,25,153,2,30987879.174229331,none,7800,39,0.00017182928185347759,0.00058610064197773246,disabled,disabled,0,0,0,0,-1,-1,0,0,0,0,0,0,72,72,1,0,0,0,none,781,1,0,0,0,0,0,0,0,0,0,-1,0
1,1403715932.834058,1403715932834057984,1403715932.834058,1403715932.834058,926,782,confirming_observer_health,1,1,1,1,0.32670409149575363,-0.12423415188786059,-0.7937476354969667,-9.7955764625726118,-0.084158528473295843,-0.56386475919188139,9.812152891118231,30,28,154,2,27561943.14787513,none,7810,39.049999952316284,0.00034148011299175437,0.0072016463642808354,disabled,disabled,0,0,0,0,-1,-1,0,0,0,0,0,0,72,72,1,0,0,0,none,782,1,0,0,0,0,0,0,0,0,0,-1,0
1,1403715932.8840582,1403715932884058112,1403715932.8840582,1403715932.8840582,927,783,confirming_observer_health,1,1,1,1,0.29210225003393658,-0.12984091948707796,-1.0048023191529907,-9.8042732321442951,-0.11488723430168306,-0.28639802179731533,9.8091282239573179,29,29,155,2,28196304.213584639,none,7820,39.100000143051147,0.00016142980181654249,0.0040189657628891748,disabled,disabled,0,0,0,0,-1,-1,0,0,0,0,0,0,72,72,1,0,0,0,none,783,1,0,0,0,0,0,0,0,0,0,-1,0
1,1403715932.9340582,1403715932934058240,1403715932.9340582,1403715932.9340582,928,784,confirming_observer_health,1,1,1,1,0.22686442095405018,-0.13774170028382193,-1.1943013779826797,-9.8036164672763437,-0.11757459540593655,0.1944445879901551,9.8062494523000705,30,29,156,2,30135022.001796741,none,7830,39.150000095367432,0.00064980482735093183,0.0057554959586333413,disabled,disabled,0,0,0,0,-1,-1,0,0,0,0,0,0,72,72,1,0,0,0,none,784,1,0,0,0,0,0,0,0,0,0,-1,0
1,1403715932.9840581,1403715932984058112,1403715932.9840581,1403715932.9840581,929,785,confirming_observer_health,1,1,1,1,0.13914965243640873,-0.149462841030958,-1.3499720946488336,-9.7680031871831119,-0.11043802550509058,0.80875373095780489,9.802049041890939,30,29,157,2,32094032.291117225,none,7840,39.200000047683716,0.00011597467172655675,0.0035568003327897083,disabled,disabled,0,0,0,0,-1,-1,0,0,0,0,0,0,72,72,1,0,0,0,none,785,1,0,0,0,0,0,0,0,0,0,-1,0
1,1403715933.0340581,1403715933034057984,1403715933.0340581,1403715933.0340581,930,786,confirming_observer_health,1,1,1,1,0.049882148466573017,-0.15668470180301117,-1.4660354412725052,-9.6969186908996399,-0.1041296325020359,1.4181939883173191,9.8006300443789414,30,29,158,2,32300156.183820359,none,7850,39.25,2.6796006844956089e-05,0.00012532434397440694,disabled,disabled,0,0,0,0,-1,-1,0,0,0,0,0,0,7,18,1,0,0,0,none,786,1,0,0,0,0,0,0,0,0,0,-1,0
1,1403715933.0840583,1403715933084058368,1403715933.0840583,1403715933.0840583,931,787,confirming_observer_health,1,1,1,1,-0.047398292741485985,-0.15617705961831466,-1.5369853890127654,-9.5977432317331548,-0.10477125313912926,1.9916397702897979,9.8027690543215353,30,27,159,2,34437765.594799981,none,7860,39.300000190734863,0.0011560905405786684,0.0063411199489957154,disabled,disabled,0,0,0,0,-1,-1,0,0,0,0,0,0,72,72,1,0,0,0,none,787,1,0,0,0,0,0,0,0,0,0,-1,0
1,1403715933.134058,1403715933134057984,1403715933.134058,1403715933.134058,932,788,ready,1,1,1,1,-0.15503881873417194,-0.15622793285813771,-1.5741347778404104,-9.4681471120445178,-0.10197084121077084,2.5461973347963593,9.805066478892341,30,26,160,2,36737584.42837704,none,7870,39.349999904632568,0.0012514063385755706,0.010840549934359737,disabled,disabled,0,0,0,0,-1,-1,0,0,0,0,0,0,72,72,1,0,0,0,none,788,1,0,0,0,0,0,0,0,0,0,-1,0
1,1403715933.1840582,1403715933184058112,1403715933.1840582,1403715933.1840582,933,789,ready,1,1,1,1,-0.26018608565405932,-0.16002010273429859,-1.5749123146799378,-9.3041660077447919,-0.095300327210853311,3.1107713175983389,9.8108860681608494,29,25,161,2,37331305.254366323,none,7880,39.400000095367432,0.00043549493341165626,0.0012972983306195212,disabled,disabled,0,0,0,0,-1,-1,0,0,0,0,0,0,58,72,1,0,0,0,none,789,1,0,0,0,0,0,0,0,0,0,-1,0
1,1403715933.2340581,1403715933234058240,1403715933.2340581,1403715933.2340581,934,790,ready,1,1,1,1,-0.34094851651351671,-0.16043792640652527,-1.5386555637519148,-9.1258688812287136,-0.095535177708951841,3.6127324614980401,9.8154187707871223,30,20,162,2,40499513.024704002,none,7890,39.450000047683716,5.5728034674956753e-05,0.00019445021555255804,disabled,disabled,0,0,0,0,-1,-1,0,0,0,0,0,0,42,42,1,0,0,0,none,790,1,0,0,0,0,0,0,0,0,0,-1,0
1,1403715933.2840581,1403715933284058112,1403715933.2840581,1403715933.2840581,935,791,ready,1,1,1,1,-0.41285096500009866,-0.16693483549561672,-1.4805653811757453,-8.9138420422524369,-0.081505672913515889,4.1050857061187953,9.8140181263091737,27,19,163,2,39199687.378971748,none,7900,39.5,0.00014524759185049251,0.00050369564720887034,disabled,disabled,0,0,0,0,-1,-1,0,0,0,0,0,0,72,72,1,0,0,0,none,791,1,0,0,0,0,0,0,0,0,0,-1,0
1,1403715933.334058,1403715933334057984,1403715933.334058,1403715933.334058,936,792,ready,1,1,1,1,-0.45031019537923883,-0.17211754888042763,-1.4096137033183331,-8.6845183079610511,-0.017985393227954685,4.5706801628712181,9.8138829658267639,23,21,164,2,35491174.219347663,none,7910,39.549999952316284,0.0010902682354788178,0.0015021101988612936,disabled,disabled,0,0,0,0,-1,-1,0,0,0,0,0,0,72,72,1,0,0,0,none,792,1,0,0,0,0,0,0,0,0,0,-1,0
1,1403715933.3840582,1403715933384058112,1403715933.3840582,1403715933.3840582,937,793,ready,1,1,1,1,-0.49243913631163333,-0.16280309708257076,-1.2984140022845048,-8.4266780650262714,0.1020852149378715,5.0265099817761829,9.8124985197246986,25,23,165,2,35047852.382788062,none,7920,39.600000143051147,0.0012235723008974242,0.0046582649882584417,disabled,disabled,0,0,0,0,-1,-1,0,0,0,0,0,0,66,66,1,0,0,0,none,793,1,0,0,0,0,0,0,0,0,0,-1,0
1,1403715933.4340582,1403715933434058240,1403715933.4340582,1403715933.4340582,938,794,ready,1,1,1,1,-0.51065361241905682,-0.15060562035925376,-1.170007898929023,-8.1433030434763776,0.24439332635985644,5.4718884948636397,9.8140040888559827,28,22,166,2,37932972.406564079,none,7930,39.650000095367432,0.00023146539652951889,0.0033636237724319032,disabled,disabled,0,0,0,0,-1,-1,0,0,0,0,0,0,72,72,1,0,0,0,none,794,1,0,0,0,0,0,0,0,0,0,-1,0
1,1403715933.4840581,1403715933484058112,1403715933.4840581,1403715933.4840581,939,795,ready,1,1,1,1,-0.47790299166315969,-0.14033154613717849,-1.021509792510187,-7.8473347057045668,0.3887482288659232,5.8897913752954958,9.8194414104523773,27,23,167,2,39665018.201705277,none,7940,39.700000047683716,0.00027926906845689831,0.0016318344856724274,disabled,disabled,0,0,0,0,-1,-1,0,0,0,0,0,0,42,42,1,0,0,0,none,795,1,0,0,0,0,0,0,0,0,0,-1,0
1,1403715933.5340581,1403715933534057984,1403715933.5340581,1403715933.5340581,940,796,ready,1,1,1,1,-0.39280663548041417,-0.12590309716753764,-0.86419986094729206,-7.5685853042940066,0.49901762229164648,6.2498779041726271,9.8281979992671111,28,27,168,2,36574815.269897245,none,7950,39.75,0.00041222247359210142,0.00089107672248539061,disabled,disabled,0,0,0,0,-1,-1,0,0,0,0,0,0,72,72,1,0,0,0,none,796,1,0,0,0,0,0,0,0,0,0,-1,0
1,1403715933.5840583,1403715933584058368,1403715933.5840583,1403715933.5840583,941,797,pool_not_mature,1,1,1,1,-0.26433667080481288,-0.10388382343937456,-0.71452145092073038,-7.3179226458676387,0.54723616148153775,6.5456678097946845,9.833474784811207,30,20,169,2,40324549.336432502,none,7960,39.800000190734863,0.00040732113971609485,0.0045694038713982475,disabled,disabled,0,0,0,0,-1,-1,0,0,0,0,0,0,72,72,1,0,0,0,none,797,1,0,0,0,0,0,0,0,0,0,-1,0
1,1403715933.634058,1403715933634057984,1403715933.634058,1403715933.634058,942,798,pool_not_mature,1,1,1,1,-0.11219633213017106,-0.076670600228061853,-0.5645846857389506,-7.0866055762369022,0.57016359236328173,6.7920920015958943,9.8324757245238832,30,21,170,2,41870526.270778872,none,7970,39.849999904632568,0.00047583453032049798,0.0075045621213144665,disabled,disabled,0,0,0,0,-1,-1,0,0,0,0,0,0,72,72,1,0,0,0,none,798,1,0,0,0,0,0,0,0,0,0,-1,0
1,1403715933.6840582,1403715933684058112,1403715933.6840582,1403715933.6840582,943,799,confirming_observer_health,1,1,1,1,0.080275807828737097,-0.051024251729679219,-0.40785218537204049,-6.9308957545035028,0.50433347159352093,6.9610478506567377,9.8360487691703238,30,29,171,2,22499698.213787697,none,7980,39.900000095367432,0.00080270868343250857,0.012311908863486154,disabled,disabled,0,0,0,0,-1,-1,0,0,0,0,0,0,72,72,1,0,0,0,none,799,1,0,0,0,0,0,0,0,0,0,-1,0
1,1403715933.7340581,1403715933734058240,1403715933.7340581,1403715933.7340581,944,800,confirming_observer_health,1,1,1,1,0.29567332678108232,-0.028225973595542186,-0.2554708750355405,-6.8157629410098259,0.40015325132672341,7.0796331060503475,9.8354436610086058,30,29,172,2,25182298.317203175,none,7990,39.950000047683716,0.00010761468603767985,0.0017955978519968315,disabled,disabled,0,0,0,0,-1,-1,0,0,0,0,0,0,72,72,1,0,0,0,none,800,1,0,0,0,0,0,0,0,0,0,37596.070854563994,1
1,1403715933.7840581,1403715933784058112,1403715933.7840581,1403715933.7840581,945,801,confirming_observer_health,1,1,1,1,0.53386513485910436,-0.011551292343642945,-0.10623215932000914,-6.7716864057693318,0.3078917893864368,7.1258318548817208,9.8350400993641003,30,30,173,2,24631576.765096873,none,8000,40,0.00036196371701974043,0.0060575775758019016,disabled,disabled,0,0,0,0,-1,-1,0,0,0,0,0,0,72,72,1,0,0,0,none,801,1,0,0,0,0,0,0,0,0,0,-1,0
1,1403715933.834058,1403715933834057984,1403715933.834058,1403715933.834058,946,802,confirming_observer_health,1,1,1,1,0.7623617859783276,-0.0033871238421312741,0.052456904069879379,-6.8048278218917879,0.21170378724063202,7.0946240633979842,9.83281194674597,30,30,174,2,26458482.395710081,none,8010,40.049999952316284,5.07864987093781e-05,0.00056769713230183858,disabled,disabled,0,0,0,0,-1,-1,0,0,0,0,0,0,7,24,1,0,0,0,none,802,1,0,0,0,0,0,0,0,0,0,-1,0
1,1403715933.8840582,1403715933884058112,1403715933.8840582,1403715933.8840582,947,803,confirming_observer_health,1,1,1,1,0.99824196044160363,0.0015288494787106264,0.2154214614884688,-6.973292783361523,0.12613882831366624,6.9271466495378515,9.8299584918092968,30,30,175,2,28187948.779439859,none,8020,40.100000143051147,0.0015768060907014642,0.016072839422188564,disabled,disabled,0,0,0,0,-1,-1,0,0,0,0,0,0,72,72,1,0,0,0,none,803,1,0,0,0,0,0,0,0,0,0,-1,0
1,1403715933.9340582,1403715933934058240,1403715933.9340582,1403715933.9340582,948,804,confirming_observer_health,1,1,1,1,1.2264122923614127,-0.011420341190023805,0.36935531679856765,-7.2908838438040284,0.094317302658757027,6.5902238390702292,9.8283738851588751,30,29,176,2,30054252.843219042,none,8030,40.150000095367432,0.00037260067822045658,0.0071000056068222031,disabled,disabled,0,0,0,0,-1,-1,0,0,0,0,0,0,54,54,1,0,0,0,none,804,1,0,0,0,0,0,0,0,0,0,-1,0
1,1403715933.9840581,1403715933984058112,1403715933.9840581,1403715933.9840581,949,805,confirming_observer_health,1,1,1,1,1.3590895858111969,-0.012542383717466951,0.57352431423345474,-7.7551707107848236,0.039280889701932234,6.0444324664675699,9.8325672936114596,30,26,177,2,32203471.256985251,none,8040,40.200000047683716,0.00089314427236697079,0.023255683058229781,disabled,disabled,0,0,0,0,-1,-1,0,0,0,0,0,0,72,72,1,0,0,0,none,805,1,0,0,0,0,0,0,0,0,0,-1,0
1,1403715934.0340581,1403715934034057984,1403715934.0340581,1403715934.0340581,950,806,confirming_observer_health,1,1,1,1,1.3990547660878638,-0.022741967751946979,0.76809265234835167,-8.2429574418279614,0.034032137514242056,5.374713515583017,9.8404802194182324,30,24,178,2,33763286.526428506,none,8050,40.25,0.00076875603050259133,0.0026690379820148865,disabled,disabled,0,0,0,0,-1,-1,0,0,0,0,0,0,72,72,1,0,0,0,none,806,1,0,0,0,0,0,0,0,0,0,-1,0
1,1403715934.0840583,1403715934084058368,1403715934.0840583,1403715934.0840583,951,807,confirming_observer_health,1,1,1,1,1.3358574817417115,-0.023205405981475809,0.94304877871216841,-8.6990655580921015,-0.013490506749939036,4.6104017965615967,9.8452896505636147,30,24,179,2,32396488.186382242,none,8060,40.300000190734863,0.00052699402765401713,0.0013929049679021095,disabled,disabled,0,0,0,0,-1,-1,0,0,0,0,0,0,72,72,1,0,0,0,none,807,1,0,0,0,0,0,0,0,0,0,-1,0
1,1403715934.134058,1403715934134057984,1403715934.134058,1403715934.134058,952,808,pool_not_mature,1,1,1,1,1.1880249951212072,-0.033414241850135591,1.1109642463441793,-9.0955642081943786,-0.0085341671798740346,3.791966867406765,9.8543581130841158,30,17,180,2,33670422.213092893,none,8070,40.349999904632568,5.9315371548912199e-05,0.00049304347110751419,disabled,disabled,0,0,0,0,-1,-1,0,0,0,0,0,0,60,60,1,0,0,0,none,808,1,0,0,0,0,0,0,0,0,0,-1,0
1,1403715934.1840582,1403715934184058112,1403715934.1840582,1403715934.1840582,953,809,pool_not_mature,1,1,1,1,0.94124244055068129,-0.040308356869020304,1.2239315460169102,-9.4350441498570099,-0.01976727921359454,2.9185694667212996,9.8761579871504868,30,18,181,2,36333996.746321306,none,8080,40.400000095367432,0.00037574322348418027,0.001980302828249019,disabled,disabled,0,0,0,0,-1,-1,0,0,0,0,0,0,72,72,1,0,0,0,none,809,1,0,0,0,0,0,0,0,0,0,-1,0
1,1403715934.2340581,1403715934234058240,1403715934.2340581,1403715934.2340581,954,810,pool_not_mature,1,1,1,1,0.64531242454547899,-0.052570996072545083,1.2838904876666464,-9.6520678421347554,-0.027728080020676532,2.1831477409037063,9.8959242385037722,26,18,182,2,23997396.951835211,none,8090,40.450000047683716,2.1058113869673636e-05,0.0004886575664888995,disabled,disabled,0,0,0,0,-1,-1,0,0,0,0,0,0,72,72,1,0,0,0,none,810,1,0,0,0,0,0,0,0,0,0,-1,0
1,1403715934.2840581,1403715934284058112,1403715934.2840581,1403715934.2840581,955,811,thin_observations_state_preserved_not_ready,1,0,0,0,0.46133099508635961,-0.054375755023574793,1.2539802635530131,-9.7837332858685109,-0.063055073543169901,1.5260487080232938,9.9022339707043159,24,9,0,2,25415655.969342571,none,8100,40.5,9.597295407490775e-05,0.0003271590995325854,disabled,disabled,0,0,0,0,-1,-1,0,0,0,0,0,0,27,30,1,0,0,0,none,811,1,0,0,0,0,0,0,0,0,0,-1,0
1,1403715934.334058,1403715934334057984,1403715934.334058,1403715934.334058,956,812,thin_observations_state_preserved_not_ready,1,0,0,0,0.28437805285869489,-0.049944690188055044,1.169380982536222,-9.8506758524352698,-0.05123267153741369,0.98457668391811948,9.8998904429745789,19,10,0,2,19207287.343004752,none,8110,40.549999952316284,0.00022483114852156602,0.0029148202092804266,disabled,disabled,0,0,0,0,-1,-1,0,0,0,0,0,0,45,72,1,0,0,0,none,812,1,0,0,0,0,0,0,0,0,0,-1,0
1,1403715934.3840582,1403715934384058112,1403715934.3840582,1403715934.3840582,957,813,thin_observations_state_preserved_not_ready,1,0,0,0,0.17837085083143103,-0.058476920316622973,1.0440736540272204,-9.885353537312719,-0.038871451314283885,0.48769927831624815,9.8974530124400459,13,12,0,2,12411201.21259433,none,8120,40.600000143051147,9.7655973499812612e-06,0.00046373931262005648,disabled,disabled,0,0,0,0,-1,-1,0,0,0,0,0,0,35,54,1,0,0,0,none,813,1,0,0,0,0,0,0,0,0,0,-1,0
1,1403715934.4340582,1403715934434058240,1403715934.4340582,1403715934.4340582,958,814,thin_observations_state_preserved_not_ready,1,0,0,0,0.062619629440516897,-0.06053351284237922,0.89475316142671002,-9.8975747843111659,-0.052222306393106446,0.045021137407433735,9.8978149448820609,13,8,0,2,14181567.437861696,none,8130,40.650000095367432,3.8845975443897589e-05,0.00079532200930926831,disabled,disabled,0,0,0,0,-1,-1,0,0,0,0,0,0,36,36,1,0,0,0,none,814,1,0,0,0,0,0,0,0,0,0,-1,0
1,1403715934.4840581,1403715934484058112,1403715934.4840581,1403715934.4840581,959,815,thin_observations_state_preserved_not_ready,1,0,0,0,-0.013358382501145932,-0.063634361650703491,0.71596072237586128,-9.893362543726667,-0.046517876516595023,-0.35495456962712296,9.8998373259841284,12,6,0,2,14621877.999813022,none,8140,40.700000047683716,0.00029433564907562312,0.0012073142978318071,disabled,disabled,0,0,0,0,-1,-1,0,0,0,0,0,0,37,54,1,0,0,0,none,815,1,0,0,0,0,0,0,0,0,0,-1,0
1,1403715934.5340581,1403715934534057984,1403715934.5340581,1403715934.5340581,960,816,thin_observations_state_preserved_not_ready,1,0,0,0,-0.072581879852155931,-0.079771290769614173,0.51887519328465681,-9.8739814817141323,-0.038097530992898948,-0.70065594645610063,9.8988827894063718,10,5,0,2,13585753.949108236,none,8150,40.75,0.00072512799863483194,0.0077377497579583536,disabled,disabled,0,0,0,0,-1,-1,0,0,0,0,0,0,66,66,1,0,0,0,none,816,1,0,0,0,0,0,0,0,0,0,-1,0
1,1403715934.5840583,1403715934584058368,1403715934.5840583,1403715934.5840583,961,817,thin_observations_state_preserved_not_ready,1,0,0,0,-0.097983605542472499,-0.075856192212288467,0.28568865387869313,-9.8432661772662176,-0.029430223334988459,-1.0203137911691076,9.8960494848706428,9,6,0,2,11981727.843035854,none,8160,40.800000190734863,0.00019919001808895036,0.0082258469003164258,disabled,disabled,0,0,0,0,-1,-1,0,0,0,0,0,0,63,72,1,0,0,0,none,817,1,0,0,0,0,0,0,0,0,0,-1,0
1,1403715934.634058,1403715934634057984,1403715934.634058,1403715934.634058,962,818,thin_observations_state_preserved_not_ready,1,0,0,0,-0.064037086855886688,-0.083659976035915407,0.035557370382802343,-9.8087762011587873,-0.012860257662041187,-1.2734812803554432,9.8911076488966536,6,6,0,2,9536600.7370741013,none,8170,40.849999904632568,0,0,disabled,disabled,0,0,0,0,-1,-1,0,0,0,0,0,0,0,0,0,0,0,0,none,818,1,0,0,0,0,0,0,0,0,0,-1,0
1,1403715934.6840582,1403715934684058112,1403715934.6840582,1403715934.6840582,963,819,thin_observations_state_preserved_not_ready,1,0,0,0,0.0031511105213835899,-0.092360472208615346,-0.23261128971421327,-9.7803373981586343,0.016287360958831314,-1.4481481800850238,9.8869812405724211,6,6,0,2,9946714.47061258,none,8180,40.900000095367432,0,0,disabled,disabled,0,0,0,0,-1,-1,0,0,0,0,0,0,0,0,0,0,0,0,none,819,1,0,0,0,0,0,0,0,0,0,-1,0
1,1403715934.7340581,1403715934734058240,1403715934.7340581,1403715934.7340581,964,820,thin_observations_state_preserved_not_ready,1,0,0,0,0.056943430205384081,-0.097688114556545705,-0.498765920997983,-9.7588972058866847,0.072683151716679467,-1.5503433722519009,9.8815445193295464,7,7,0,2,10316874.553429959,none,8190,40.950000047683716,0.0014850742489980818,0.0066324586658590597,disabled,disabled,0,0,0,0,-1,-1,0,0,0,0,0,0,68,72,1,0,0,0,none,820,1,0,0,0,0,0,0,0,0,0,0.99999500000253028,1
1,1403715934.7840581,1403715934784058112,1403715934.7840581,1403715934.7840581,965,821,thin_observations_state_preserved_not_ready,1,0,0,0,0.13733314485990608,-0.10319324120563259,-0.77677606520818332,-9.7397974697107088,0.14560589387575648,-1.5888653791225804,9.869617470818655,7,6,0,2,11025493.306243021,none,8200,41,0.00011681081860994075,0.00086814164621375114,disabled,disabled,0,0,0,0,-1,-1,0,0,0,0,0,0,24,36,1,0,0,0,none,821,1,0,0,0,0,0,0,0,0,0,-1,0
1,1403715934.834058,1403715934834057984,1403715934.834058,1403715934.834058,966,822,thin_observations_state_preserved_not_ready,1,0,0,0,0.1683156336573271,-0.10278352040236001,-1.051551931996662,-9.7537099578604884,0.19645961907895299,-1.4054017962423282,9.8563993695911414,8,7,0,2,11643721.441208063,none,8210,41.049999952316284,0.00093075435064642357,0.0078656897966924242,disabled,disabled,0,0,0,0,-1,-1,0,0,0,0,0,0,50,72,1,0,0,0,none,822,1,0,0,0,0,0,0,0,0,0,-1,0
1,1403715934.8840582,1403715934884058112,1403715934.8840582,1403715934.8840582,967,823,thin_observations_state_preserved_not_ready,1,0,0,0,0.20352932146288222,-0.099961290544722123,-1.3067942221327538,-9.7954810879496641,0.19356812334530521,-0.93959552666413604,9.8423451532895463,9,8,0,2,12328261.451566454,none,8220,41.100000143051147,0.00055190350409058315,0.014040491382462737,disabled,disabled,0,0,0,0,-1,-1,0,0,0,0,0,0,72,72,1,0,0,0,none,823,1,0,0,0,0,0,0,0,0,0,-1,0
1,1403715934.9340582,1403715934934058240,1403715934.9340582,1403715934.9340582,968,824,thin_observations_state_preserved_not_ready,1,0,0,0,0.15125965248785522,-0.088389367187113627,-1.5464052462428921,-9.8267243334525212,0.20178161863847327,-0.30402242607531638,9.8334966610481427,10,9,0,2,12143367.992555769,none,8230,41.150000095367432,0.00032617787331531387,0.0085556777715934222,disabled,disabled,0,0,0,0,-1,-1,0,0,0,0,0,0,72,72,1,0,0,0,none,824,1,0,0,0,0,0,0,0,0,0,-1,0
1,1403715934.9840581,1403715934984058112,1403715934.9840581,1403715934.9840581,969,825,thin_observations_state_preserved_not_ready,1,0,0,0,0.011148099737794537,-0.081451622979579669,-1.7138503932554758,-9.8145232656083667,0.24514267134000717,0.39395598751208399,9.8254853916015907,10,9,0,2,12966174.0827366,none,8240,41.200000047683716,0.0011129965825779681,0.0093326570010853812,disabled,disabled,0,0,0,0,-1,-1,0,0,0,0,0,0,72,72,1,0,0,0,none,825,1,0,0,0,0,0,0,0,0,0,-1,0
1,1403715935.0340581,1403715935034057984,1403715935.0340581,1403715935.0340581,970,826,thin_observations_state_preserved_not_ready,1,0,0,0,-0.17686620755915003,-0.066036070502254865,-1.8140794732573651,-9.761199160226683,0.26875893415523072,1.117806728058965,9.8286688972409806,9,8,0,2,12661025.112727396,none,8250,41.25,0.0023495101660792571,0.0085525414468515908,disabled,disabled,0,0,0,0,-1,-1,0,0,0,0,0,0,72,72,1,0,0,0,none,826,1,0,0,0,0,0,0,0,0,0,-1,0
1,1403715935.0840583,1403715935084058368,1403715935.0840583,1403715935.0840583,971,827,thin_observations_state_preserved_not_ready,1,0,0,0,-0.37073967128025781,-0.053745634090377824,-1.8819515201920551,-9.6481499836371203,0.29127213568998084,1.8547804625577937,9.8291326233840426,11,9,0,2,13495072.544429211,none,8260,41.300000190734863,0.00043170976104948082,0.0022122595130208158,disabled,disabled,0,0,0,0,-1,-1,0,0,0,0,0,0,72,72,1,0,0,0,none,827,1,0,0,0,0,0,0,0,0,0,-1,0
1,1403715935.134058,1403715935134057984,1403715935.134058,1403715935.134058,972,828,thin_observations_state_preserved_not_ready,1,0,0,0,-0.56367825510410863,-0.044596173757812441,-1.888805117551188,-9.4887037146258031,0.27677361101560782,2.5278140852929081,9.8235403936418635,10,5,0,2,14626770.937183408,none,8270,41.349999904632568,0.00097215935372607979,0.0027508818757364818,disabled,disabled,0,0,0,0,-1,-1,0,0,0,0,0,0,72,72,1,0,0,0,none,828,1,0,0,0,0,0,0,0,0,0,-1,0
1,1403715935.1840582,1403715935184058112,1403715935.1840582,1403715935.1840582,973,829,thin_observations_state_preserved_not_ready,1,0,0,0,-0.72141455090680007,-0.042580003719351479,-1.8739229160015276,-9.2883852074004558,0.27923428726719851,3.1572752505963604,9.8142986787783038,9,5,0,2,15438123.162769139,none,8280,41.400000095367432,0,0,disabled,disabled,0,0,0,0,-1,-1,0,0,0,0,0,0,0,0,0,0,0,0,none,829,1,0,0,0,0,0,0,0,0,0,-1,0
1,1403715935.2340581,1403715935234058240,1403715935.2340581,1403715935.2340581,974,830,thin_observations_state_preserved_not_ready,1,0,0,0,-0.88497242028103351,-0.020949147278914983,-1.7883752620635081,-9.0838883994293607,0.25755658722162322,3.6852322911026061,9.8063398313689873,11,11,0,2,13256537.946344256,none,8290,41.450000047683716,0.00027752937970750648,0.0019314644170290401,disabled,disabled,0,0,0,0,-1,-1,0,0,0,0,0,0,26,72,1,0,0,0,none,830,1,0,0,0,0,0,0,0,0,0,-1,0
1,1403715935.2840581,1403715935284058112,1403715935.2840581,1403715935.2840581,975,831,thin_observations_state_preserved_not_ready,1,0,0,0,-0.99848856442926293,-0.015311817198899716,-1.6892543399443818,-8.8784116985087191,0.24165840650345149,4.1396608177718655,9.7990501968224386,11,10,0,2,14579928.005502112,none,8300,41.5,1.100803097131145e-05,3.7729325251999301e-05,disabled,disabled,0,0,0,0,-1,-1,0,0,0,0,0,0,3,18,1,0,0,0,none,831,1,0,0,0,0,0,0,0,0,0,-1,0
1,1403715935.334058,1403715935334057984,1403715935.334058,1403715935.334058,976,832,thin_observations_state_preserved_not_ready,1,0,0,0,-1.0792474747726331,-0.0040608044897891722,-1.5653262806612409,-8.6796648635923503,0.2034383469449306,4.5355310453117017,9.7953566126136291,15,14,0,2,15583055.219200235,none,8310,41.549999952316284,0.00036583636411397375,0.0045777588380578075,disabled,disabled,0,0,0,0,-1,-1,0,0,0,0,0,0,61,72,1,0,0,0,none,832,1,0,0,0,0,0,0,0,0,0,-1,0
1,1403715935.3840582,1403715935384058112,1403715935.3840582,1403715935.3840582,977,833,pool_not_mature,1,0,0,0,-1.13135683585463,-0.0068550925145953187,-1.4409861976873664,-8.5045661222223803,0.1717180718201187,4.8604536459003516,9.796996563610108,18,17,1,2,16596710.833439767,none,8320,41.600000143051147,3.1968588914398241e-05,0.00032615608774951856,disabled,disabled,0,0,0,0,-1,-1,0,0,0,0,0,0,11,30,1,0,0,0,none,833,1,0,0,0,0,0,0,0,0,0,-1,0
1,1403715935.4340582,1403715935434058240,1403715935.4340582,1403715935.4340582,978,834,pool_not_mature,1,0,0,0,-1.1758276890705357,-0.0087864287339109691,-1.2872996681344424,-8.3376120647116956,0.12890225519945089,5.1477410296017441,9.7995728703279088,20,15,2,2,18874813.684683885,none,8330,41.650000095367432,0.00030416564763791412,0.0020404924346703701,disabled,disabled,0,0,0,0,-1,-1,0,0,0,0,0,0,72,72,1,0,0,0,none,834,1,0,0,0,0,0,0,0,0,0,-1,0
1,1403715935.4840581,1403715935484058112,1403715935.4840581,1403715935.4840581,979,835,thin_observations_state_preserved_not_ready,1,0,0,0,-1.174499568697144,-0.013750690392768329,-1.1268936258608913,-8.1958806773019717,0.10395413517697333,5.3806023824419107,9.8048023201251624,19,13,0,2,20559041.407433048,none,8340,41.700000047683716,0.00021147074302218271,0.0013553397836921948,disabled,disabled,0,0,0,0,-1,-1,0,0,0,0,0,0,72,72,1,0,0,0,none,835,1,0,0,0,0,0,0,0,0,0,-1,0
1,1403715935.5340581,1403715935534057984,1403715935.5340581,1403715935.5340581,980,836,thin_observations_state_preserved_not_ready,1,0,0,0,-1.1681210811927369,-0.016261831613127199,-0.95695101701244711,-8.0767520413989189,0.070542846275436388,5.5695936543012854,9.8111810351983308,16,12,0,2,18129030.031499911,none,8350,41.75,0.00032629900599745476,0.0018811143082344875,disabled,disabled,0,0,0,0,-1,-1,0,0,0,0,0,0,72,72,1,0,0,0,none,836,1,0,0,0,0,0,0,0,0,0,-1,0
1,1403715935.5840583,1403715935584058368,1403715935.5840583,1403715935.5840583,981,837,pool_not_mature,1,0,0,0,-1.1163899902790262,-0.022511914836700245,-0.80735365453325325,-7.9828731306579188,0.037395946753732902,5.7150505789536021,9.8178136566657077,22,19,1,2,18515843.739011087,none,8360,41.800000190734863,0.00016874450381094313,0.0017659156421108953,disabled,disabled,0,0,0,0,-1,-1,0,0,0,0,0,0,72,72,1,0,0,0,none,837,1,0,0,0,0,0,0,0,0,0,-1,0
1,1403715935.634058,1403715935634057984,1403715935.634058,1403715935.634058,982,838,pool_not_mature,1,0,0,0,-1.0477189526115147,-0.024120555240184895,-0.66040700387032891,-7.887616903661355,0.035193679066429513,5.8632584009330957,9.8282011624754144,21,20,2,2,15702733.249525947,none,8370,41.849999904632568,0.001767900708187702,0.0072489866184980156,disabled,disabled,0,0,0,0,-1,-1,0,0,0,0,0,0,72,72,1,0,0,0,none,838,1,0,0,0,0,0,0,0,0,0,-1,0
1,1403715935.6840582,1403715935684058112,1403715935.6840582,1403715935.6840582,983,839,pool_not_mature,1,0,0,0,-0.93380506501577898,-0.023651478674905337,-0.50783925004559083,-7.779672502190321,0.029093579767916593,6.0121830350965828,9.832115516267244,23,20,3,2,15093963.563141074,none,8380,41.900000095367432,0.00088736828131975236,0.0027915385989967186,disabled,disabled,0,0,0,0,-1,-1,0,0,0,0,0,0,71,72,1,0,0,0,none,839,1,0,0,0,0,0,0,0,0,0,-1,0
1,1403715935.7340581,1403715935734058240,1403715935.7340581,1403715935.7340581,984,840,confirming_observer_health,1,0,0,0,-0.82067401050698963,-0.033025938361297122,-0.34744652283407557,-7.6580779260057978,0.0093662702306461423,6.167297491406865,9.8326905572843444,30,26,4,2,17134922.293641932,none,8390,41.950000047683716,0.0016998948294304952,0.0050514019799233053,disabled,disabled,0,0,0,0,-1,-1,0,0,0,0,0,0,72,72,1,0,0,0,none,840,1,0,0,0,0,0,0,0,0,0,0.99999500000022612,1
1,1403715935.7840581,1403715935784058112,1403715935.7840581,1403715935.7840581,985,841,pool_not_mature,1,0,0,0,-0.68519435547085972,-0.036270633813205139,-0.18102588309689169,-7.5380621228605262,0.0111550625477146,6.3133995118572575,9.8326760548613841,30,26,5,2,17202416.298090149,none,8400,42,0.00035017835221767623,0.0067979611271867264,disabled,disabled,0,0,0,0,-1,-1,0,0,0,0,0,0,72,72,1,0,0,0,none,841,1,0,0,0,0,0,0,0,0,0,-1,0
1,1403715935.834058,1403715935834057984,1403715935.834058,1403715935.834058,986,842,confirming_observer_health,1,0,0,0,-0.51288395680515853,-0.051719268531300683,-0.03502405696706265,-7.4404673461644313,-0.017319316635170522,6.4354486334833574,9.8374719009647347,30,26,6,2,18775667.387891978,none,8410,42.049999952316284,0.00098956219209617104,0.011790163992672891,disabled,disabled,0,0,0,0,-1,-1,0,0,0,0,0,0,72,72,1,0,0,0,none,842,1,0,0,0,0,0,0,0,0,0,-1,0
1,1403715935.8840582,1403715935884058112,1403715935.8840582,1403715935.8840582,987,843,confirming_observer_health,1,0,0,0,-0.34234636241150496,-0.053322175410178148,0.10941639135022849,-7.3653178178732706,-0.036402534256829266,6.5259432362126546,9.84058772762336,30,28,7,2,17811546.170649566,none,8420,42.100000143051147,0.0016045844738089767,0.0090758213889459392,disabled,disabled,0,0,0,0,-1,-1,0,0,0,0,0,0,72,72,1,0,0,0,none,843,1,0,0,0,0,0,0,0,0,0,-1,0
1,1403715935.9340582,1403715935934058240,1403715935.9340582,1403715935.9340582,988,844,confirming_observer_health,1,0,0,0,-0.15843351942735892,-0.064541670032252849,0.25003033864123736,-7.3574505749141483,-0.053553327289413546,6.5345207868044879,9.8404729985071473,30,28,8,2,19439468.344879612,none,8430,42.150000095367432,0.00035827964359776306,0.0029257853229224845,disabled,disabled,0,0,0,0,-1,-1,0,0,0,0,0,0,72,72,1,0,0,0,none,844,1,0,0,0,0,0,0,0,0,0,-1,0
1,1403715935.9840581,1403715935984058112,1403715935.9840581,1403715935.9840581,989,845,confirming_observer_health,1,0,0,0,0.039413566173292412,-0.0759870598489545,0.37853031373042573,-7.4725718570658399,-0.066675467211977021,6.4022260926686023,9.8403391566849479,30,29,9,2,20353788.006972179,none,8440,42.200000047683716,0.00059783724994056102,0.015701581515390309,disabled,disabled,0,0,0,0,-1,-1,0,0,0,0,0,0,72,72,1,0,0,0,none,845,1,0,0,0,0,0,0,0,0,0,-1,0
1,1403715936.0340581,1403715936034057984,1403715936.0340581,1403715936.0340581,990,846,confirming_observer_health,1,0,0,0,0.19661162220141953,-0.085351860361049775,0.49915157699851359,-7.7188279186024369,-0.077106398594568873,6.0973012154411981,9.8368354639854267,30,30,10,2,21803828.584883917,none,8450,42.25,0.0011102635984613037,0.017412628350697908,disabled,disabled,0,0,0,0,-1,-1,0,0,0,0,0,0,72,72,1,0,0,0,none,846,1,0,0,0,0,0,0,0,0,0,-1,0
1,1403715936.0840583,1403715936084058368,1403715936.0840583,1403715936.0840583,991,847,confirming_observer_health,1,0,0,0,0.30449018609475292,-0.093825487465195104,0.62098729497157645,-8.0454858250167653,-0.087274627081504727,5.6486291814865748,9.8307919645885899,30,29,11,2,23774462.992286537,none,8460,42.300000190734863,0.00094149618021398902,0.025981464793973837,disabled,disabled,0,0,0,0,-1,-1,0,0,0,0,0,0,72,72,1,0,0,0,none,847,1,0,0,0,0,0,0,0,0,0,-1,0
1,1403715936.134058,1403715936134057984,1403715936.134058,1403715936.134058,992,848,confirming_observer_health,1,0,0,0,0.34981219930874546,-0.10465220764126922,0.73056522950104075,-8.401422616816653,-0.13423273824064202,5.1005087962645081,9.8294003069946019,30,29,12,2,25659059.670646757,none,8470,42.349999904632568,0.00064512318577696081,0.0068468218725798906,disabled,disabled,0,0,0,0,-1,-1,0,0,0,0,0,0,72,72,1,0,0,0,none,848,1,0,0,0,0,0,0,0,0,0,-1,0
1,1403715936.1840582,1403715936184058112,1403715936.1840582,1403715936.1840582,993,849,confirming_observer_health,1,0,0,0,0.3461043411419456,-0.11302291159936255,0.81671530408410009,-8.7263287759295665,-0.16044369275776493,4.5165896128105159,9.8272141431185869,30,27,13,2,27162491.319605339,none,8480,42.400000095367432,0.00050964735500634258,0.0052037812896088033,disabled,disabled,0,0,0,0,-1,-1,0,0,0,0,0,0,54,54,1,0,0,0,none,849,1,0,0,0,0,0,0,0,0,0,-1,0
1,1403715936.2340581,1403715936234058240,1403715936.2340581,1403715936.2340581,994,850,confirming_observer_health,1,0,0,0,0.32771322557381055,-0.13858684519386277,0.88083608697935845,-9.0154763819106698,-0.19374266064682941,3.9063573256869071,9.8273077781908995,30,27,14,2,29369208.422499977,none,8490,42.450000047683716,0.0003728237456936893,0.0059812670712999401,disabled,disabled,0,0,0,0,-1,-1,0,0,0,0,0,0,72,72,1,0,0,0,none,850,1,0,0,0,0,0,0,0,0,0,-1,0
1,1403715936.2840581,1403715936284058112,1403715936.2840581,1403715936.2840581,995,851,confirming_observer_health,1,0,0,0,0.25556064901457226,-0.15844364098207353,0.91945365188612083,-9.2608294219685696,-0.20547947175094589,3.2814047920832343,9.8271461170380778,30,28,15,2,28765425.023765091,none,8500,42.5,0.00045792178466441317,0.0038251721311822573,disabled,disabled,0,0,0,0,-1,-1,0,0,0,0,0,0,72,72,1,0,0,0,none,851,1,0,0,0,0,0,0,0,0,0,-1,0
1,1403715936.334058,1403715936334057984,1403715936.334058,1403715936.334058,996,852,confirming_observer_health,1,0,0,0,0.17313736359067883,-0.1695719650607439,0.91900540160241118,-9.4301317962994506,-0.18117583631453379,2.7558065660550728,9.8262241073951913,30,27,16,2,31076826.838783354,none,8510,42.549999952316284,0.00024136619536357451,0.0036063289087995875,disabled,disabled,0,0,0,0,-1,-1,0,0,0,0,0,0,72,72,1,0,0,0,none,852,1,0,0,0,0,0,0,0,0,0,-1,0
1,1403715936.3840582,1403715936384058112,1403715936.3840582,1403715936.3840582,997,853,confirming_observer_health,1,0,0,0,0.084394607593227228,-0.18875158194431252,0.88195340228774455,-9.5565824907142325,-0.096958799290254069,2.2993530826656841,9.829786086652641,30,29,17,2,30784310.342173528,none,8520,42.600000143051147,0.00041612178563194419,0.0026468379626890396,disabled,disabled,0,0,0,0,-1,-1,0,0,0,0,0,0,72,72,1,0,0,0,none,853,1,0,0,0,0,0,0,0,0,0,-1,0
1,1403715936.4340582,1403715936434058240,1403715936.4340582,1403715936.4340582,998,854,confirming_observer_health,1,0,0,0,-0.0022339559555577052,-0.20141514308789185,0.80299151375017896,-9.6335071844149365,-0.058873233814647437,1.9637687508385551,9.8318011796722171,30,30,18,2,32015775.158594601,none,8530,42.650000095367432,0.00085962446628193149,0.0029113148821015818,disabled,disabled,0,0,0,0,-1,-1,0,0,0,0,0,0,72,72,1,0,0,0,none,854,1,0,0,0,0,0,0,0,0,0,-1,0
1,1403715936.4840581,1403715936484058112,1403715936.4840581,1403715936.4840581,999,855,confirming_observer_health,1,0,0,0,-0.051489388868109463,-0.20865856661573082,0.71523609464689752,-9.6806150548571246,-0.010383106085687203,1.7370446342969688,9.8352295199836739,30,27,19,2,34246180.464855872,none,8540,42.700000047683716,0.0008637274268949184,0.004575348018859289,disabled,disabled,0,0,0,0,-1,-1,0,0,0,0,0,0,72,72,1,0,0,0,none,855,1,0,0,0,0,0,0,0,0,0,-1,0
1,1403715936.5340581,1403715936534057984,1403715936.5340581,1403715936.5340581,1000,856,confirming_observer_health,1,1,1,1,-0.097347703962315332,-0.19920571945828108,0.61538499255067092,-9.7124157001311016,0.066548938079226766,1.5392107368165657,9.8338505777566088,30,26,20,2,36500569.203599371,none,8550,42.75,0.0012352861541799892,0.0023922527981431259,disabled,disabled,0,0,0,0,-1,-1,0,0,0,0,0,0,72,72,1,0,0,0,none,856,1,0,0,0,0,0,0,0,0,0,-1,0
1,1403715936.5840583,1403715936584058368,1403715936.5840583,1403715936.5840583,1001,857,confirming_observer_health,1,1,1,1,-0.10244554247021118,-0.19284218568910574,0.49559339750329628,-9.7308526331252825,0.15850385962352509,1.3773628316704782,9.8291273677363709,30,29,21,2,34514133.387466632,none,8560,42.800000190734863,0.00037453248876805707,0.0009714100585563563,disabled,disabled,0,0,0,0,-1,-1,0,0,0,0,0,0,30,60,1,0,0,0,none,857,1,0,0,0,0,0,0,0,0,0,-1,0
1,1403715936.634058,1403715936634057984,1403715936.634058,1403715936.634058,1002,858,confirming_observer_health,1,1,1,1,-0.11994566616878474,-0.1854175103632153,0.38426843508481368,-9.7452912693917124,0.25975474063641874,1.2414261256880967,9.8274774625081882,30,27,22,2,36176235.526573569,none,8570,42.849999904632568,2.4262624775353522e-05,0.00028459895698005439,disabled,disabled,0,0,0,0,-1,-1,0,0,0,0,0,0,30,30,1,0,0,0,none,858,1,0,0,0,0,0,0,0,0,0,-1,0
1,1403715936.6840582,1403715936684058112,1403715936.6840582,1403715936.6840582,1003,859,confirming_observer_health,1,1,1,1,-0.11927102061285919,-0.16904960769444954,0.25754755791110906,-9.7534585042818609,0.36048017198144766,1.1396477252237835,9.826428429838975,30,27,23,2,38429740.382076427,none,8580,42.900000095367432,4.3379005127663138e-05,0.0015940123285735353,disabled,disabled,0,0,0,0,-1,-1,0,0,0,0,0,0,53,72,1,0,0,0,none,859,1,0,0,0,0,0,0,0,0,0,-1,0
1,1403715936.7340581,1403715936734058240,1403715936.7340581,1403715936.7340581,1004,860,confirming_observer_health,1,1,1,1,-0.14431073463982022,-0.16208940362623625,0.1340298153296606,-9.7490119887901745,0.3739011046085029,1.1610743087024746,9.8250257172147357,30,30,24,2,35615962.167345375,none,8590,42.950000047683716,0.0022485049234870695,0.0078495919662001697,disabled,disabled,0,0,0,0,-1,-1,0,0,0,0,0,0,72,72,1,0,0,0,none,860,1,0,0,0,0,0,0,0,0,0,0.99999499999050967,1
1,1403715936.7840581,1403715936784058112,1403715936.7840581,1403715936.7840581,1005,861,ready,1,1,1,1,-0.16535762012121949,-0.14661040924704749,0.014407116730328543,-9.7290036736141925,0.35607951898634632,1.3131163298743977,9.8236744449733671,30,30,25,2,37533012.668349922,none,8600,43,0,0,disabled,disabled,0,0,0,0,-1,-1,0,0,0,0,0,0,0,0,0,0,0,0,none,861,1,0,0,0,0,0,0,0,0,0,-1,0
1,1403715936.834058,1403715936834057984,1403715936.834058,1403715936.834058,1006,862,ready,1,1,1,1,-0.16920318278731214,-0.1389065903336984,-0.066173519291949159,-9.7001965574850484,0.28331052161803782,1.5229862173115876,9.8231138201501729,30,30,26,2,39289147.620793931,none,8610,43.049999952316284,0.00027504857149068519,0.0052786921017430122,disabled,disabled,0,0,0,0,-1,-1,0,0,0,0,0,0,72,72,1,0,0,0,none,862,1,0,0,0,0,0,0,0,0,0,-1,0
1,1403715936.8840582,1403715936884058112,1403715936.8840582,1403715936.8840582,1007,863,ready,1,1,1,1,-0.18611193053221428,-0.12985327453751647,-0.15728803144719811,-9.6741257872486841,0.22676677585485092,1.7089887597805058,9.8265342567559237,30,30,27,2,40986482.064882852,none,8620,43.100000143051147,0.0011871423865676026,0.0010730489090487007,disabled,disabled,0,0,0,0,-1,-1,0,0,0,0,0,0,72,72,1,0,0,0,none,863,1,0,0,0,0,0,0,0,0,0,-1,0
1,1403715936.9340582,1403715936934058240,1403715936.9340582,1403715936.9340582,1008,864,ready,1,1,1,1,-0.19939802730046616,-0.12689024016675146,-0.22121809893460737,-9.6436590616364519,0.20511257322633239,1.8930347772213956,9.829842925120829,30,30,28,2,42689742.738475561,none,8630,43.150000095367432,0.00047379737965786361,0.0031952383705850193,disabled,disabled,0,0,0,0,-1,-1,0,0,0,0,0,0,72,72,1,0,0,0,none,864,1,0,0,0,0,0,0,0,0,0,-1,0
1,1403715936.9840581,1403715936984058112,1403715936.9840581,1403715936.9840581,1009,865,ready,1,1,1,1,-0.22894513360851568,-0.12437347853723522,-0.27995442086407829,-9.6159643151975214,0.19855123562619836,2.0412647291917505,9.8322405380952258,30,30,29,2,44413965.402795367,none,8640,43.200000047683716,0.00023735269532970327,0.0015886581382071711,disabled,disabled,0,0,0,0,-1,-1,0,0,0,0,0,0,72,72,1,0,0,0,none,865,1,0,0,0,0,0,0,0,0,0,-1,0
1,1403715937.0340581,1403715937034057984,1403715937.0340581,1403715937.0340581,1010,866,ready,1,1,1,1,-0.24726620794076401,-0.12707541719039428,-0.3296084369581051,-9.5835465821456278,0.18518271444220774,2.191327675037217,9.8326280672700808,30,29,30,2,46278447.258747824,none,8650,43.25,0.0015786307855179195,0.0050456981052491405,disabled,disabled,0,0,0,0,-1,-1,0,0,0,0,0,0,72,72,1,0,0,0,none,866,1,0,0,0,0,0,0,0,0,0,-1,0
1,1403715937.0840583,1403715937084058368,1403715937.0840583,1403715937.0840583,1011,867,ready,1,1,1,1,-0.28988560040579608,-0.12641162239229703,-0.3639040157367569,-9.5403484426907799,0.17376301417136,2.3746016230135165,9.8329636865527341,30,29,31,2,48156212.480920352,none,8660,43.300000190734863,0.001957722505673048,0.006910458512775019,disabled,disabled,0,0,0,0,-1,-1,0,0,0,0,0,0,72,72,1,0,0,0,none,867,1,0,0,0,0,0,0,0,0,0,-1,0
1,1403715937.134058,1403715937134057984,1403715937.134058,1403715937.134058,1012,868,ready,1,1,1,1,-0.289784326353769,-0.14069615726178966,-0.39057811119125363,-9.4811731333677685,0.18454246588023546,2.5983181378712219,9.8324949556152088,30,30,32,2,47934357.6757342,none,8670,43.349999904632568,7.5923538442846948e-05,0.00060666839635591411,disabled,disabled,0,0,0,0,-1,-1,0,0,0,0,0,0,72,72,1,0,0,0,none,868,1,0,0,0,0,0,0,0,0,0,-1,0
1,1403715937.1840582,1403715937184058112,1403715937.1840582,1403715937.1840582,1013,869,ready,1,1,1,1,-0.31776616093400539,-0.14509616601762099,-0.40771176389740077,-9.4337314710664089,0.18814304817933944,2.7631264478764561,9.8318642709163431,30,30,33,2,49784571.460176274,none,8680,43.400000095367432,0,0,disabled,disabled,0,0,0,0,-1,-1,0,0,0,0,0,0,0,0,0,0,0,0,none,869,1,0,0,0,0,0,0,0,0,0,-1,0
1,1403715937.2340581,1403715937234058240,1403715937.2340581,1403715937.2340581,1014,870,ready,1,1,1,1,-0.3604742279410787,-0.16500545781968132,-0.40750838978068615,-9.3942947598523894,0.17274020578781338,2.9032182612626216,9.834189823580509,30,30,34,2,51577774.903010331,none,8690,43.450000047683716,0.00061232526264563987,0.0045656538784558586,disabled,disabled,0,0,0,0,-1,-1,0,0,0,0,0,0,72,72,1,0,0,0,none,870,1,0,0,0,0,0,0,0,0,0,-1,0
1,1403715937.2840581,1403715937284058112,1403715937.2840581,1403715937.2840581,1015,871,ready,1,1,1,1,-0.40836581362492591,-0.17442681903038582,-0.4004853584094728,-9.3556777126110706,0.19063833482364012,3.0173947291186312,9.8320760467087887,30,30,35,2,53348195.174616329,none,8700,43.5,2.5093869232602951e-05,0.00048364849584299398,disabled,disabled,0,0,0,0,-1,-1,0,0,0,0,0,0,45,72,1,0,0,0,none,871,1,0,0,0,0,0,0,0,0,0,-1,0
1,1403715937.334058,1403715937334057984,1403715937.334058,1403715937.334058,1016,872,ready,1,1,1,1,-0.462943612723484,-0.18721597706609377,-0.38582988296509618,-9.3335473772092268,0.15548918658616542,3.0819642220263166,9.8304520239714677,30,30,36,2,55113533.33080776,none,8710,43.549999952316284,7.5012851631524815e-05,0.0068367852453634966,disabled,disabled,0,0,0,0,-1,-1,0,0,0,0,0,0,72,72,1,0,0,0,none,872,1,0,0,0,0,0,0,0,0,0,-1,0
1,1403715937.3840582,1403715937384058112,1403715937.3840582,1403715937.3840582,1017,873,ready,1,1,1,1,-0.49853652117388325,-0.19878616717685213,-0.37823695546679315,-9.3202421051312339,0.13920901190684851,3.1068515594862918,9.825416971301502,30,30,37,2,56882556.535104163,none,8720,43.600000143051147,0.00017251162461349867,0.00044675692547876435,disabled,disabled,0,0,0,0,-1,-1,0,0,0,0,0,0,9,36,1,0,0,0,none,873,1,0,0,0,0,0,0,0,0,0,-1,0
1,1403715937.4340582,1403715937434058240,1403715937.4340582,1403715937.4340582,1018,874,ready,1,1,1,1,-0.56281021673584164,-0.20474701910111087,-0.35952457649962949,-9.3083800256745874,0.13247494602147575,3.1285328595920365,9.82095749747692,30,29,38,2,58787423.470907301,none,8730,43.650000095367432,0.0011244130480898306,0.0080411146083548893,disabled,disabled,0,0,0,0,-1,-1,0,0,0,0,0,0,72,72,1,0,0,0,none,874,1,0,0,0,0,0,0,0,0,0,-1,0
1,1403715937.4840581,1403715937484058112,1403715937.4840581,1403715937.4840581,1019,875,ready,1,1,1,1,-0.63631065210902937,-0.21480344541186794,-0.33048168819367957,-9.2744590973177576,0.118242519358642,3.2182699707137044,9.8176796874619008,30,25,39,2,61292803.543053247,none,8740,43.700000047683716,0.0012794135885170485,0.0022426289446637062,disabled,disabled,0,0,0,0,-1,-1,0,0,0,0,0,0,72,72,1,0,0,0,none,875,1,0,0,0,0,0,0,0,0,0,-1,0
1,1403715937.5340581,1403715937534057984,1403715937.5340581,1403715937.5340581,1020,876,ready,1,1,1,1,-0.71129316285150468,-0.20542199663972299,-0.27957607942027496,-9.1997809855290864,0.15584706058232145,3.4205450611856469,9.8163326656952794,30,26,40,2,62400967.041151904,none,8750,43.75,0.00034569297636583208,0.002059662249275283,disabled,disabled,0,0,0,0,-1,-1,0,0,0,0,0,0,72,72,1,0,0,0,none,876,1,0,0,0,0,0,0,0,0,0,-1,0
1,1403715937.5840583,1403715937584058368,1403715937.5840583,1403715937.5840583,1021,877,ready,1,1,1,1,-0.72973189060293142,-0.2214303339534007,-0.22187868478511036,-9.093938873219642,0.14510373503386376,3.6938474769538705,9.8165823231292979,30,29,41,2,59007584.588499054,none,8760,43.800000190734863,0.00038934899972633186,0.0021446135638394691,disabled,disabled,0,0,0,0,-1,-1,0,0,0,0,0,0,72,72,1,0,0,0,none,877,1,0,0,0,0,0,0,0,0,0,-1,0
1,1403715937.634058,1403715937634057984,1403715937.634058,1403715937.634058,1022,878,ready,1,1,1,1,-0.71073141041002252,-0.2282728834284522,-0.165931376206083,-8.984383700505747,0.13926496082163528,3.9555996390671537,9.8176022384192265,30,27,42,2,61569496.598597892,none,8770,43.849999904632568,0.0019622992301409816,0.0071228702752778412,disabled,disabled,0,0,0,0,-1,-1,0,0,0,0,0,0,72,72,1,0,0,0,none,878,1,0,0,0,0,0,0,0,0,0,-1,0
1,1403715937.6840582,1403715937684058112,1403715937.6840582,1403715937.6840582,1023,879,ready,1,1,1,1,-0.70633643429014803,-0.22662227931211804,-0.10715106514913882,-8.8891658093775465,0.14662786316591297,4.1765778607793713,9.8225542067232077,30,27,43,2,62358884.973886549,none,8780,43.900000095367432,0.0014527890750109513,0.0042075281116519762,disabled,disabled,0,0,0,0,-1,-1,0,0,0,0,0,0,72,72,1,0,0,0,none,879,1,0,0,0,0,0,0,0,0,0,-1,0
1,1403715937.7340581,1403715937734058240,1403715937.7340581,1403715937.7340581,1024,880,ready,1,1,1,1,-0.67215495843674333,-0.23716456848160311,-0.052135577635605994,-8.8094001726645299,0.13847408958668933,4.3462370115278715,9.8241784713024956,30,28,44,2,61367872.345158994,none,8790,43.950000047683716,0.00040576540448829533,0.007224130318834082,disabled,disabled,0,0,0,0,-1,-1,0,0,0,0,0,0,72,72,1,0,0,0,none,880,1,0,0,0,0,0,0,0,0,0,0.99999500002406239,1
1,1403715937.7840581,1403715937784058112,1403715937.7840581,1403715937.7840581,1025,881,ready,1,1,1,1,-0.62142109735464501,-0.2429641879845221,0.014269804079395702,-8.7517875903329667,0.16033181703443142,4.4669614691019568,9.8271683146418738,30,27,45,2,63168116.504964106,none,8800,44,3.6640702835812615e-05,0.00096859360003288656,disabled,disabled,0,0,0,0,-1,-1,0,0,0,0,0,0,31,42,1,0,0,0,none,881,1,0,0,0,0,0,0,0,0,0,-1,0
1,1403715937.834058,1403715937834057984,1403715937.834058,1403715937.834058,1026,882,ready,1,1,1,1,-0.56958884526077558,-0.24178638372181396,0.081048931042524294,-8.7027031182247185,0.14721832226581263,4.5647765420963351,9.8283213051691565,30,28,46,2,63147753.178361557,none,8810,44.049999952316284,0.0018114860174005072,0.0037502087352634062,disabled,disabled,0,0,0,0,-1,-1,0,0,0,0,0,0,72,72,1,0,0,0,none,882,1,0,0,0,0,0,0,0,0,0,-1,0
1,1403715937.8840582,1403715937884058112,1403715937.8840582,1403715937.8840582,1027,883,ready,1,1,1,1,-0.52729513971515163,-0.2447594652740098,0.15060872507286449,-8.6673266234614488,0.17729595340008031,4.632677562590171,9.8293278535097244,30,30,47,2,60858020.662760563,none,8820,44.100000143051147,0.00026947610697701226,0.00066773497034442906,disabled,disabled,0,0,0,0,-1,-1,0,0,0,0,0,0,47,72,1,0,0,0,none,883,1,0,0,0,0,0,0,0,0,0,-1,0
1,1403715937.9340582,1403715937934058240,1403715937.9340582,1403715937.9340582,1028,884,ready,1,1,1,1,-0.48591211203610768,-0.246107332363173,0.22344793045010752,-8.6416989433947613,0.16475484310430102,4.6878389933221731,9.8326974535937133,30,30,48,2,62590564.268497102,none,8830,44.150000095367432,0.0015648094111780034,0.004169148685446598,disabled,disabled,0,0,0,0,-1,-1,0,0,0,0,0,0,72,72,1,0,0,0,none,884,1,0,0,0,0,0,0,0,0,0,-1,0
1,1403715937.9840581,1403715937984058112,1403715937.9840581,1403715937.9840581,1029,885,ready,1,1,1,1,-0.41152892625150855,-0.24096153080482391,0.28553718058409361,-8.6087651890561965,0.14747594229537112,4.7400798052658883,9.828577913113941,30,27,49,2,64596972.397266105,none,8840,44.200000047683716,0.00071095915596657499,0.0074290833110940745,disabled,disabled,0,0,0,0,-1,-1,0,0,0,0,0,0,72,72,1,0,0,0,none,885,1,0,0,0,0,0,0,0,0,0,-1,0
1,1403715938.0340581,1403715938034057984,1403715938.0340581,1403715938.0340581,1030,886,ready,1,1,1,1,-0.34688935025887313,-0.23347895570378374,0.360848058872697,-8.5835340097343718,0.16483920611588179,4.7785437591951867,9.825411366384758,30,26,50,2,63926110.858527035,none,8850,44.25,0.0011649331624364345,0.0095014122045762473,disabled,disabled,0,0,0,0,-1,-1,0,0,0,0,0,0,72,72,1,0,0,0,none,886,1,0,0,0,0,0,0,0,0,0,-1,0
1,1403715938.0840583,1403715938084058368,1403715938.0840583,1403715938.0840583,1031,887,ready,1,1,1,1,-0.25475061750884104,-0.22351346922249646,0.43091682774396717,-8.5506852013630361,0.16984119788422924,4.8318054058477138,9.8229021640901415,30,24,51,2,65510845.653723359,none,8860,44.300000190734863,0.00032440812575199138,0.0021542865508023929,disabled,disabled,0,0,0,0,-1,-1,0,0,0,0,0,0,72,72,1,0,0,0,none,887,1,0,0,0,0,0,0,0,0,0,-1,0
1,1403715938.134058,1403715938134057984,1403715938.134058,1403715938.134058,1032,888,ready,1,1,1,1,-0.13828390530424994,-0.21245511260315739,0.48490899677591148,-8.524350688699629,0.16425090102620007,4.8676855304886057,9.8176318654831363,30,26,52,2,63184674.53704527,none,8870,44.349999904632568,6.22791886371595e-05,0.00079097441209387959,disabled,disabled,0,0,0,0,-1,-1,0,0,0,0,0,0,72,72,1,0,0,0,none,888,1,0,0,0,0,0,0,0,0,0,-1,0
1,1403715938.1840582,1403715938184058112,1403715938.1840582,1403715938.1840582,1033,889,ready,1,1,1,1,-0.0076932658081414057,-0.20081782830531578,0.52672992583828926,-8.4929660952523189,0.1657715566022108,4.9101380746564729,9.8115956508752902,30,27,53,2,54846031.297589593,none,8880,44.400000095367432,0.00067636055813576664,0.0010142078476674582,disabled,disabled,0,0,0,0,-1,-1,0,0,0,0,0,0,72,72,1,0,0,0,none,889,1,0,0,0,0,0,0,0,0,0,-1,0
1,1403715938.2340581,1403715938234058240,1403715938.2340581,1403715938.2340581,1034,890,ready,1,1,1,1,0.15654176503069353,-0.18159237073872955,0.56464987135395484,-8.5086753435181883,0.15702147194703617,4.8747261640428201,9.8074036838732397,30,28,54,2,56335902.270708136,none,8890,44.450000047683716,0.0025496145889816677,0.022126788949624478,disabled,disabled,0,0,0,0,-1,-1,0,0,0,0,0,0,72,72,1,0,0,0,none,890,1,0,0,0,0,0,0,0,0,0,-1,0
1,1403715938.2840581,1403715938284058112,1403715938.2840581,1403715938.2840581,1035,891,ready,1,1,1,1,0.27411683770412543,-0.16184147335331894,0.59445631932264931,-8.5791763371968521,0.071368699016173515,4.7483427608086215,9.8058206739691745,30,27,55,2,54517898.50722605,none,8900,44.5,0.00022853349123576707,0.00078811713561405608,disabled,disabled,0,0,0,0,-1,-1,0,0,0,0,0,0,72,72,1,0,0,0,none,891,1,0,0,0,0,0,0,0,0,0,-1,0
1,1403715938.334058,1403715938334057984,1403715938.334058,1403715938.334058,1036,892,ready,1,1,1,1,0.39441058146985436,-0.1413003356242358,0.62465753072581143,-8.700723491313985,-0.068068520979637989,4.5212000987005165,9.805532771264442,30,27,56,2,53149200.874536015,none,8910,44.549999952316284,0.00069626668080572393,0.0021406439214976727,disabled,disabled,0,0,0,0,-1,-1,0,0,0,0,0,0,72,72,1,0,0,0,none,892,1,0,0,0,0,0,0,0,0,0,-1,0
1,1403715938.3840582,1403715938384058112,1403715938.3840582,1403715938.3840582,1037,893,ready,1,1,1,1,0.46155903851875335,-0.14035395939275516,0.6632079087505609,-8.8162780119731217,-0.22409885131101787,4.296854822809701,9.8101956987545691,30,27,57,2,50686506.108177431,none,8920,44.600000143051147,0.0021377697899240531,0.0072344440803155524,disabled,disabled,0,0,0,0,-1,-1,0,0,0,0,0,0,60,60,1,0,0,0,none,893,1,0,0,0,0,0,0,0,0,0,-1,0
1,1403715938.4340582,1403715938434058240,1403715938.4340582,1403715938.4340582,1038,894,ready,1,1,1,1,0.49006536384188776,-0.1330910853246027,0.70190933355457785,-8.914337074093666,-0.27899977041216173,4.0936366946209839,9.8133127806056546,30,26,58,2,50055569.891305514,none,8930,44.650000095367432,0.003747537487040091,0.012805911059448486,disabled,disabled,0,0,0,0,-1,-1,0,0,0,0,0,0,72,72,1,0,0,0,none,894,1,0,0,0,0,0,0,0,0,0,-1,0
1,1403715938.4840581,1403715938484058112,1403715938.4840581,1403715938.4840581,1039,895,ready,1,1,1,1,0.47841149993911181,-0.13490369995887627,0.74884032520772503,-9.0118280889366531,-0.31316969322152671,3.8766023020506566,9.8152517119819489,30,27,59,2,44936138.555738293,none,8940,44.700000047683716,1.7212070466619951e-06,6.485965245331121e-05,disabled,disabled,0,0,0,0,-1,-1,0,0,0,0,0,0,38,54,1,0,0,0,none,895,1,0,0,0,0,0,0,0,0,0,-1,0
1,1403715938.5340581,1403715938534057984,1403715938.5340581,1403715938.5340581,1040,896,ready,1,1,1,1,0.44367624336321099,-0.12918290089807358,0.78339917784386492,-9.0817526178587862,-0.29265583510943816,3.7161189045732992,9.8169963717389432,30,25,60,2,46833192.096873149,none,8950,44.75,5.7341755049462019e-05,0.000767674219999211,disabled,disabled,0,0,0,0,-1,-1,0,0,0,0,0,0,54,54,1,0,0,0,none,896,1,0,0,0,0,0,0,0,0,0,-1,0
1,1403715938.5840583,1403715938584058368,1403715938.5840583,1403715938.5840583,1041,897,ready,1,1,1,1,0.40417327785586876,-0.11481372251374773,0.80425268581213039,-9.1333111470175101,-0.26144225387319975,3.5929581107026167,9.8180992328254817,30,24,61,2,49259705.113607779,none,8960,44.800000190734863,0.00065632517903222592,0.002956089792801344,disabled,disabled,0,0,0,0,-1,-1,0,0,0,0,0,0,72,72,1,0,0,0,none,897,1,0,0,0,0,0,0,0,0,0,-1,0
1,1403715938.634058,1403715938634057984,1403715938.634058,1403715938.634058,1042,898,ready,1,1,1,1,0.38725023818460325,-0.10743455893433494,0.82421088530701103,-9.1572823254986933,-0.23495441457288954,3.5309154955295092,9.8172494825377861,30,27,62,2,38154272.420744456,none,8970,44.849999904632568,0.0006239824707427044,0.0018958719277583158,disabled,disabled,0,0,0,0,-1,-1,0,0,0,0,0,0,72,72,1,0,0,0,none,898,1,0,0,0,0,0,0,0,0,0,-1,0
1,1403715938.6840582,1403715938684058112,1403715938.6840582,1403715938.6840582,1043,899,ready,1,1,1,1,0.3865727384373514,-0.092929563000220483,0.8460153201307572,-9.1555899775855902,-0.19435300342142228,3.5388306165269308,9.8176332718264128,30,29,63,2,35913326.166299641,none,8980,44.900000095367432,0.0001097047933068313,0.0024402020683198236,disabled,disabled,0,0,0,0,-1,-1,0,0,0,0,0,0,72,72,1,0,0,0,none,899,1,0,0,0,0,0,0,0,0,0,-1,0
1,1403715938.7340581,1403715938734058240,1403715938.7340581,1403715938.7340581,1044,900,ready,1,1,1,1,0.37454351292004562,-0.084139616965572595,0.84357201256850856,-9.1089156056628529,-0.16077865306639694,3.6594545503408171,9.8178307630749178,30,29,64,2,37135234.795380689,none,8990,44.950000047683716,0,0,disabled,disabled,0,0,0,0,-1,-1,0,0,0,0,0,0,0,0,0,0,0,0,none,900,1,0,0,0,0,0,0,0,0,0,0.99999499996164087,1
1,1403715938.7840581,1403715938784058112,1403715938.7840581,1403715938.7840581,1045,901,ready,1,1,1,1,0.38410230681402552,-0.078638650430838994,0.87031160150338982,-9.0303894149641337,-0.14695587070165883,3.8506854212920789,9.818213036371807,30,29,65,2,39052801.932734989,none,9000,45,0.00042143287889141083,0.0040864163603008697,disabled,disabled,0,0,0,0,-1,-1,0,0,0,0,0,0,72,72,1,0,0,0,none,901,1,0,0,0,0,0,0,0,0,0,-1,0
1,1403715938.834058,1403715938834057984,1403715938.834058,1403715938.834058,1046,902,ready,1,1,1,1,0.41260849380128384,-0.076271957191623579,0.89069274573714718,-8.930405577729573,-0.11710076240934426,4.0862579909567858,9.8215762859104512,30,29,66,2,40387233.969254069,none,9010,45.049999952316284,0.0021729329788777664,0.0053675323143749665,disabled,disabled,0,0,0,0,-1,-1,0,0,0,0,0,0,72,72,1,0,0,0,none,902,1,0,0,0,0,0,0,0,0,0,-1,0
1,1403715938.8840582,1403715938884058112,1403715938.8840582,1403715938.8840582,1047,903,ready,1,1,1,1,0.4250392925345815,-0.071704359218259003,0.92013348538894868,-8.8239496572249188,-0.083370137277867531,4.3172299742341727,9.8238237353616782,30,29,67,2,42206230.734802917,none,9020,45.100000143051147,0.0014339675626041976,0.005104604563707843,disabled,disabled,0,0,0,0,-1,-1,0,0,0,0,0,0,72,72,1,0,0,0,none,903,1,0,0,0,0,0,0,0,0,0,-1,0
1,1403715938.9340582,1403715938934058240,1403715938.9340582,1403715938.9340582,1048,904,ready,1,1,1,1,0.47542091039245499,-0.066823714198545617,0.95637266093946327,-8.7235475146565786,-0.063511155770961086,4.5179007609825357,9.8242425760699188,30,29,68,2,42733126.435262218,none,9030,45.150000095367432,0.00042518631334590221,0.0015150557607462769,disabled,disabled,0,0,0,0,-1,-1,0,0,0,0,0,0,72,72,1,0,0,0,none,904,1,0,0,0,0,0,0,0,0,0,-1,0
1,1403715938.9840581,1403715938984058112,1403715938.9840581,1403715938.9840581,1049,905,ready,1,1,1,1,0.5050114723334459,-0.059631117383615311,1.0128145638825781,-8.6297427365050812,-0.027245970177261956,4.6990822437226383,9.8262188035084232,30,29,69,2,44475671.567591652,none,9040,45.200000047683716,2.0790102439664227e-05,0.00012582269653132431,disabled,disabled,0,0,0,0,-1,-1,0,0,0,0,0,0,12,24,1,0,0,0,none,905,1,0,0,0,0,0,0,0,0,0,-1,0
1,1403715939.0340581,1403715939034057984,1403715939.0340581,1403715939.0340581,1050,906,ready,1,1,1,1,0.54421387213097383,-0.053450974293666395,1.0734102392377116,-8.5484928549847989,0.0014360636882156845,4.8474555532066423,9.8272354960242509,30,30,70,2,44652709.649875604,none,9050,45.25,0.0017196402764458006,0.011581238989571741,disabled,disabled,0,0,0,0,-1,-1,0,0,0,0,0,0,72,72,1,0,0,0,none,906,1,0,0,0,0,0,0,0,0,0,-1,0
1,1403715939.0840583,1403715939084058368,1403715939.0840583,1403715939.0840583,1051,907,ready,1,1,1,1,0.60480941941845878,-0.050356709878534474,1.1378500579603528,-8.4857640638115992,-0.00073926523542393091,4.9546129543954489,9.8263106922716741,30,30,71,2,46178611.277039111,none,9060,45.300000190734863,0,0,disabled,disabled,0,0,0,0,-1,-1,0,0,0,0,0,0,0,0,0,0,0,0,none,907,1,0,0,0,0,0,0,0,0,0,-1,0
1,1403715939.134058,1403715939134057984,1403715939.134058,1403715939.134058,1052,908,ready,1,1,1,1,0.68362495554594849,-0.047986376493834582,1.2043907448472349,-8.4934173740544701,-0.0017364621543438747,4.9410088308283324,9.8260729679518821,30,29,72,2,47784911.686320454,none,9070,45.349999904632568,0.00060073036301283827,0.0045186801097943123,disabled,disabled,0,0,0,0,-1,-1,0,0,0,0,0,0,72,72,1,0,0,0,none,908,1,0,0,0,0,0,0,0,0,0,-1,0
1,1403715939.1840582,1403715939184058112,1403715939.1840582,1403715939.1840582,1053,909,ready,1,1,1,1,0.74675767972176954,-0.044639280245631845,1.2785838484754877,-8.6101807480195536,-0.010597892148595823,4.7330875637277954,9.8253469513701788,30,26,73,2,49730879.44471699,none,9080,45.400000095367432,0.00029397125000826709,0.00076242984792948391,disabled,disabled,0,0,0,0,-1,-1,0,0,0,0,0,0,66,66,1,0,0,0,none,909,1,0,0,0,0,0,0,0,0,0,-1,0
1,1403715939.2340581,1403715939234058240,1403715939.2340581,1403715939.2340581,1054,910,ready,1,1,1,1,0.7239134537844828,-0.04862275139836171,1.3576747268023395,-8.8061756774448359,-0.024424112798647455,4.362759271097099,9.8276647814651632,30,24,74,2,51254441.583001651,none,9090,45.450000047683716,0.00046150808868162553,0.0039396752495193957,disabled,disabled,0,0,0,0,-1,-1,0,0,0,0,0,0,72,72,1,0,0,0,none,910,1,0,0,0,0,0,0,0,0,0,-1,0
1,1403715939.2840581,1403715939284058112,1403715939.2840581,1403715939.2840581,1055,911,ready,1,1,1,1,0.67560204343291974,-0.045247426122356237,1.414821972129652,-9.0076141704778792,-0.037963622247996785,3.9401177937709786,9.8317385293547535,30,25,75,2,49279824.532728106,none,9100,45.5,0.00053281422432631875,0.0026878037021083922,disabled,disabled,0,0,0,0,-1,-1,0,0,0,0,0,0,60,60,1,0,0,0,none,911,1,0,0,0,0,0,0,0,0,0,-1,0
1,1403715939.334058,1403715939334057984,1403715939.334058,1403715939.334058,1056,912,ready,1,1,1,1,0.58986116192176641,-0.044626157397074775,1.462256393919936,-9.1926229223434817,-0.042661012039723181,3.4995452549913835,9.8363079021590103,30,25,76,2,47767336.260166317,none,9110,45.549999952316284,0.0011175115620267074,0.0092689733279837459,disabled,disabled,0,0,0,0,-1,-1,0,0,0,0,0,0,72,72,1,0,0,0,none,912,1,0,0,0,0,0,0,0,0,0,-1,0
1,1403715939.3840582,1403715939384058112,1403715939.3840582,1403715939.3840582,1057,913,ready,1,1,1,1,0.51030245761399318,-0.050199064610318783,1.4779401481918064,-9.358421672501569,-0.039569599482437802,3.0373822649854065,9.8390707374831976,30,22,77,2,48242850.097530559,none,9120,45.600000143051147,0.0004306939917420297,0.0029377015277821895,disabled,disabled,0,0,0,0,-1,-1,0,0,0,0,0,0,72,72,1,0,0,0,none,913,1,0,0,0,0,0,0,0,0,0,-1,0
1,1403715939.4340582,1403715939434058240,1403715939.4340582,1403715939.4340582,1058,914,ready,1,1,1,1,0.41038962828311204,-0.057641516065876454,1.4615294134849612,-9.4879951799421836,-0.048746600020433267,2.6139189288646114,9.8415954464861226,30,24,78,2,49168188.066004954,none,9130,45.650000095367432,0.00025556631578788286,0.0014744317361523277,disabled,disabled,0,0,0,0,-1,-1,0,0,0,0,0,0,72,72,1,0,0,0,none,914,1,0,0,0,0,0,0,0,0,0,-1,0
1,1403715939.4840581,1403715939484058112,1403715939.4840581,1403715939.4840581,1059,915,ready,1,1,1,1,0.33023782159712672,-0.062642714728070287,1.4142826919393623,-9.5875886789002269,-0.054381052544117507,2.2243546815685566,9.8423862819982606,30,25,79,2,40871283.711541519,none,9140,45.700000047683716,0.00024724760107272005,0.0032347592408137624,disabled,disabled,0,0,0,0,-1,-1,0,0,0,0,0,0,72,72,1,0,0,0,none,915,1,0,0,0,0,0,0,0,0,0,-1,0
1,1403715939.5340581,1403715939534057984,1403715939.5340581,1403715939.5340581,1060,916,ready,1,1,1,1,0.26047823214620514,-0.070997125035485081,1.3480519614014475,-9.665454675249249,-0.082372979068152108,1.8658346639291039,9.8442439212007322,30,24,80,2,41337983.938520871,none,9150,45.75,0.00017067647297297204,0.0012308894000925936,disabled,disabled,0,0,0,0,-1,-1,0,0,0,0,0,0,72,72,1,0,0,0,none,916,1,0,0,0,0,0,0,0,0,0,-1,0
1,1403715939.5840583,1403715939584058368,1403715939.5840583,1403715939.5840583,1061,917,ready,1,1,1,1,0.22574379568829292,-0.085082393941297518,1.2419533033846988,-9.7276016811791646,-0.092929941523523629,1.526801711100354,9.8471312526405494,30,27,81,2,41424768.908105783,none,9160,45.800000190734863,9.4644956785438946e-06,5.4069075320795465e-05,disabled,disabled,0,0,0,0,-1,-1,0,0,0,0,0,0,10,18,1,0,0,0,none,917,1,0,0,0,0,0,0,0,0,0,-1,0
1,1403715939.634058,1403715939634057984,1403715939.634058,1403715939.634058,1062,918,ready,1,1,1,1,0.20514623842520599,-0.103382351901373,1.1223937288343113,-9.785943226883683,-0.11194448842534951,1.0924205291173459,9.847365080097136,30,25,82,2,42784540.237383291,none,9170,45.849999904632568,0.00017514775975400462,0.0015791933335779582,disabled,disabled,0,0,0,0,-1,-1,0,0,0,0,0,0,72,72,1,0,0,0,none,918,1,0,0,0,0,0,0,0,0,0,-1,0
1,1403715939.6840582,1403715939684058112,1403715939.6840582,1403715939.6840582,1063,919,ready,1,1,1,1,0.17987350273735189,-0.11254580957272967,0.9675735120572001,-9.8271976260861909,-0.11534696311817053,0.65277001855316108,9.8495292679993867,30,21,83,2,43043873.311257854,none,9180,45.900000095367432,0.00018245331670278643,0.0012380701113516722,disabled,disabled,0,0,0,0,-1,-1,0,0,0,0,0,0,48,54,1,0,0,0,none,919,1,0,0,0,0,0,0,0,0,0,-1,0
1,1403715939.7340581,1403715939734058240,1403715939.7340581,1403715939.7340581,1064,920,ready,1,1,1,1,0.15670828598371914,-0.12871283317370999,0.79145942443925621,-9.8468843403292965,-0.12142166913117791,0.27246777073568956,9.8514015814830422,30,24,84,2,39033321.048715904,none,9190,45.950000047683716,0.00056799387569005989,0.0068502966450693691,disabled,disabled,0,0,0,0,-1,-1,0,0,0,0,0,0,72,72,1,0,0,0,none,920,1,0,0,0,0,0,0,0,0,0,0.99999499999475661,1
1,1403715939.7840581,1403715939784058112,1403715939.7840581,1403715939.7840581,1065,921,ready,1,1,1,1,0.17883759103807206,-0.14512475884062034,0.61450678864254094,-9.8500466504471511,-0.11050016041009532,-0.024041095323257329,9.8506957762231266,30,29,85,2,34106986.410069659,none,9200,46,0.00032800101924897797,0.0023612633839572819,disabled,disabled,0,0,0,0,-1,-1,0,0,0,0,0,0,72,72,1,0,0,0,none,921,1,0,0,0,0,0,0,0,0,0,-1,0
1,1403715939.834058,1403715939834057984,1403715939.834058,1403715939.834058,1066,922,ready,1,1,1,1,0.21867442313383287,-0.16282565192421827,0.41147180245472692,-9.8438454644588305,-0.12052341696419167,-0.25636806279619878,9.8479207960769699,30,30,86,2,35644764.539366402,none,9210,46.049999952316284,0.00024045368519943084,0.0024852238140844456,disabled,disabled,0,0,0,0,-1,-1,0,0,0,0,0,0,72,72,1,0,0,0,none,922,1,0,0,0,0,0,0,0,0,0,-1,0
1,1403715939.8840582,1403715939884058112,1403715939.8840582,1403715939.8840582,1067,923,ready,1,1,1,1,0.28974634670670973,-0.1820413590877849,0.18820308966995905,-9.8324194375176237,-0.12765435690964946,-0.41713910603257787,9.8420918845484291,30,29,87,2,37569859.064626604,none,9220,46.100000143051147,0.00018732496016851655,0.0046901174933735856,disabled,disabled,0,0,0,0,-1,-1,0,0,0,0,0,0,72,72,1,0,0,0,none,923,1,0,0,0,0,0,0,0,0,0,-1,0
1,1403715939.9340582,1403715939934058240,1403715939.9340582,1403715939.9340582,1068,924,ready,1,1,1,1,0.33961008487933136,-0.19821078321363844,-0.038965347818838883,-9.8253883034066227,-0.13865577243257415,-0.44869709405666708,9.8366056044838679,30,29,88,2,39334615.470730051,none,9230,46.150000095367432,0.0020481717757457733,0.012377406274081022,disabled,disabled,0,0,0,0,-1,-1,0,0,0,0,0,0,72,72,1,0,0,0,none,924,1,0,0,0,0,0,0,0,0,0,-1,0
1,1403715939.9840581,1403715939984058112,1403715939.9840581,1403715939.9840581,1069,925,ready,1,1,1,1,0.37885835791155797,-0.21088041959158518,-0.24073570325737606,-9.8250534436461479,-0.14749331081098849,-0.34247886937276478,9.83212699385051,30,30,89,2,37818057.935354888,none,9240,46.200000047683716,0.00082318665109659271,0.0019168009689350556,disabled,disabled,0,0,0,0,-1,-1,0,0,0,0,0,0,72,72,1,0,0,0,none,925,1,0,0,0,0,0,0,0,0,0,-1,0
1,1403715940.0340581,1403715940034057984,1403715940.0340581,1403715940.0340581,1070,926,ready,1,1,1,1,0.3757712466771112,-0.22793216303687003,-0.44415094414055395,-9.832180750695608,-0.17498157996836325,0.043062209273445833,9.8338319703737564,30,30,90,2,39570297.278544091,none,9250,46.25,0.0007054554267148012,0.003575348810488565,disabled,disabled,0,0,0,0,-1,-1,0,0,0,0,0,0,72,72,1,0,0,0,none,926,1,0,0,0,0,0,0,0,0,0,-1,0
1,1403715940.0840583,1403715940084058368,1403715940.0840583,1403715940.0840583,1071,927,ready,1,1,1,1,0.35116441931816889,-0.23314899164789543,-0.63309925411213697,-9.8158886441175284,-0.18337536626955753,0.58475758963221236,9.8350006526335534,30,30,91,2,41314016.201479726,none,9260,46.300000190734863,0.0014531211637316193,0.0048106090833910124,disabled,disabled,0,0,0,0,-1,-1,0,0,0,0,0,0,72,72,1,0,0,0,none,927,1,0,0,0,0,0,0,0,0,0,-1,0
1,1403715940.134058,1403715940134057984,1403715940.134058,1403715940.134058,1072,928,ready,1,1,1,1,0.32146365681239769,-0.25218148526535261,-0.79291504212931696,-9.7612915596365912,-0.19533340956493933,1.1924743168080179,9.8358000716449894,30,30,92,2,43065049.411087736,none,9270,46.349999904632568,0.0002405176113542972,0.0015910127204921574,disabled,disabled,0,0,0,0,-1,-1,0,0,0,0,0,0,72,72,1,0,0,0,none,928,1,0,0,0,0,0,0,0,0,0,-1,0
1,1403715940.1840582,1403715940184058112,1403715940.1840582,1403715940.1840582,1073,929,ready,1,1,1,1,0.2578536344456776,-0.26139578835171318,-0.90982224810405599,-9.6708988328174748,-0.19492172999357285,1.7818032319044044,9.8356037675700954,30,30,93,2,44835927.131276846,none,9280,46.400000095367432,0.0002685387242599597,0.0032262203293748639,disabled,disabled,0,0,0,0,-1,-1,0,0,0,0,0,0,60,60,1,0,0,0,none,929,1,0,0,0,0,0,0,0,0,0,-1,0
1,1403715940.2340581,1403715940234058240,1403715940.2340581,1403715940.2340581,1074,930,ready,1,1,1,1,0.17755636866942595,-0.27837790726699413,-0.98961354047112604,-9.5470648405673924,-0.19878718104500123,2.3550983087715149,9.8352657034431132,30,30,94,2,46628759.293778449,none,9290,46.450000047683716,0.00010943072176375089,0.0014064957924912612,disabled,disabled,0,0,0,0,-1,-1,0,0,0,0,0,0,72,72,1,0,0,0,none,930,1,0,0,0,0,0,0,0,0,0,-1,0
1,1403715940.2840581,1403715940284058112,1403715940.2840581,1403715940.2840581,1075,931,ready,1,1,1,1,0.11238132371336929,-0.29610947340312449,-1.0208900149211106,-9.3899709543127727,-0.178246202316516,2.909341570783746,9.8319679925724035,30,30,95,2,48442139.98520539,none,9300,46.5,0.0001934726199395541,0.0020022199528266834,disabled,disabled,0,0,0,0,-1,-1,0,0,0,0,0,0,72,72,1,0,0,0,none,931,1,0,0,0,0,0,0,0,0,0,-1,0
1,1403715940.334058,1403715940334057984,1403715940.334058,1403715940.334058,1076,932,ready,1,1,1,1,0.048787292558814595,-0.31161831106069959,-1.0272112418601149,-9.2057730728764096,-0.15008321055460458,3.4522963377360729,9.8329615499569929,30,28,96,2,50523339.616770886,none,9310,46.549999952316284,0.00025405766254977765,0.0032609394426303968,disabled,disabled,0,0,0,0,-1,-1,0,0,0,0,0,0,72,72,1,0,0,0,none,932,1,0,0,0,0,0,0,0,0,0,-1,0
1,1403715940.3840582,1403715940384058112,1403715940.3840582,1403715940.3840582,1077,933,ready,1,1,1,1,-0.015031440682273208,-0.31814693229993052,-1.0031403067426148,-9.0058537188799388,-0.11689287472452119,3.9499831233795626,9.8347054772884963,30,28,97,2,51533561.54271166,none,9320,46.600000143051147,0.00078731822215640445,0.0068296954083795457,disabled,disabled,0,0,0,0,-1,-1,0,0,0,0,0,0,48,48,1,0,0,0,none,933,1,0,0,0,0,0,0,0,0,0,-1,0
1,1403715940.4340582,1403715940434058240,1403715940.4340582,1403715940.4340582,1078,934,ready,1,1,1,1,-0.072398154623451644,-0.33130462664489851,-0.94391623857034102,-8.769557331013921,-0.090551887255902908,4.4520441597049567,9.8353460857352975,30,27,98,2,53026312.132321194,none,9330,46.650000095367432,0.00068821310431635614,0.0049774461935523512,disabled,disabled,0,0,0,0,-1,-1,0,0,0,0,0,0,72,72,1,0,0,0,none,934,1,0,0,0,0,0,0,0,0,0,-1,0
1,1403715940.4840581,1403715940484058112,1403715940.4840581,1403715940.4840581,1079,935,ready,1,1,1,1,-0.089292316851853543,-0.33590121674953832,-0.86306365842184563,-8.519126341534319,-0.055579414959508931,4.9176416663093141,9.8367577103745223,30,28,99,2,54202354.577297658,none,9340,46.700000047683716,0.00056991127367517224,0.0019801606258177747,disabled,disabled,0,0,0,0,-1,-1,0,0,0,0,0,0,72,72,1,0,0,0,none,935,1,0,0,0,0,0,0,0,0,0,-1,0
1,1403715940.5340581,1403715940534057984,1403715940.5340581,1403715940.5340581,1080,936,ready,1,1,1,1,-0.091406705164420635,-0.34350373330960732,-0.75919635659584062,-8.2418499211896812,0.020335741175740364,5.3713951054568465,9.8377024271274482,30,27,100,2,54073824.959699251,none,9350,46.75,0.00045059275786616944,0.0021901497362939266,disabled,disabled,0,0,0,0,-1,-1,0,0,0,0,0,0,72,72,1,0,0,0,none,936,1,0,0,0,0,0,0,0,0,0,-1,0
1,1403715940.5840583,1403715940584058368,1403715940.5840583,1403715940.5840583,1081,937,ready,1,1,1,1,-0.06951663217509528,-0.33926851697009175,-0.64065739671806665,-7.9290796397857912,0.11996651580467112,5.8211828019338467,9.8372183625509848,30,26,101,2,56616481.206124395,none,9360,46.800000190734863,0.0019644883873734301,0.0088965272859117817,disabled,disabled,0,0,0,0,-1,-1,0,0,0,0,0,0,72,72,1,0,0,0,none,937,1,0,0,0,0,0,0,0,0,0,-1,0
1,1403715940.634058,1403715940634057984,1403715940.634058,1403715940.634058,1082,938,ready,1,1,1,1,-0.015671608618870299,-0.34102008882352619,-0.50463364465701055,-7.5997367337574637,0.21677101815663585,6.2438869944474398,9.8381458057992361,30,23,102,2,55150079.569810815,none,9370,46.849999904632568,0.000334263775724455,0.0068938662389170088,disabled,disabled,0,0,0,0,-1,-1,0,0,0,0,0,0,72,72,1,0,0,0,none,938,1,0,0,0,0,0,0,0,0,0,-1,0
1,1403715940.6840582,1403715940684058112,1403715940.6840582,1403715940.6840582,1083,939,ready,1,1,1,1,0.086749500136128505,-0.32862087436678694,-0.36168599427240411,-7.2754965606903435,0.34787004797173132,6.6123837580795888,9.8375547133933452,30,21,103,2,56754978.261534259,none,9380,46.900000095367432,0.0013227023599211819,0.006205071563539835,disabled,disabled,0,0,0,0,-1,-1,0,0,0,0,0,0,72,72,1,0,0,0,none,939,1,0,0,0,0,0,0,0,0,0,-1,0
1,1403715940.7340581,1403715940734058240,1403715940.7340581,1403715940.7340581,1084,940,ready,1,1,1,1,0.26176943591504631,-0.29749065922468237,-0.238815592270539,-7.0065928732883034,0.3895889559531272,6.8843445460373163,9.8304792902059894,30,27,104,2,43417115.219700679,none,9390,46.950000047683716,0.0010574437664076987,0.0050750784582468894,disabled,disabled,0,0,0,0,-1,-1,0,0,0,0,0,0,72,72,1,0,0,0,none,940,1,0,0,0,0,0,0,0,0,0,0.99999499998258179,1
1,1403715940.7840581,1403715940784058112,1403715940.7840581,1403715940.7840581,1085,941,ready,1,1,1,1,0.45900155799309283,-0.2799490515383985,-0.10121904998327309,-6.8148643234332749,0.35026823318253258,7.0742370215690391,9.8290331680851732,30,29,105,2,39141991.889737047,none,9400,47,0.00030757440665183224,0.0081915247145710104,disabled,disabled,0,0,0,0,-1,-1,0,0,0,0,0,0,72,72,1,0,0,0,none,941,1,0,0,0,0,0,0,0,0,0,-1,0
1,1403715940.834058,1403715940834057984,1403715940.834058,1403715940.834058,1086,942,ready,1,1,1,1,0.68688272809149009,-0.26399242828079411,0.055289199361327139,-6.7271216990044573,0.28951235802460829,7.159589331548311,9.8284130537480969,30,29,106,2,41218019.614818186,none,9410,47.049999952316284,0.00130141628195741,0.0030040887578142252,disabled,disabled,0,0,0,0,-1,-1,0,0,0,0,0,0,72,72,1,0,0,0,none,942,1,0,0,0,0,0,0,0,0,0,-1,0
1,1403715940.8840582,1403715940884058112,1403715940.8840582,1403715940.8840582,1087,943,ready,1,1,1,1,0.94216931638544243,-0.25957595029165326,0.22547483122053105,-6.7884149300808145,0.20058082450485967,7.1054283766828172,9.8290346599385128,30,30,107,2,40841577.657507427,none,9420,47.100000143051147,1.8513820097763384e-05,5.2066441864582622e-05,disabled,disabled,0,0,0,0,-1,-1,0,0,0,0,0,0,15,30,1,0,0,0,none,943,1,0,0,0,0,0,0,0,0,0,-1,0
1,1403715940.9340582,1403715940934058240,1403715940.9340582,1403715940.9340582,1088,944,ready,1,1,1,1,1.1818760932384786,-0.25350055695139406,0.41842210537968905,-7.0191550745489426,0.1310369389445864,6.879626296033587,9.8292912569020441,30,29,108,2,42524084.222968318,none,9430,47.150000095367432,0.00098312776642616546,0.0070529621215939782,disabled,disabled,0,0,0,0,-1,-1,0,0,0,0,0,0,72,72,1,0,0,0,none,944,1,0,0,0,0,0,0,0,0,0,-1,0
1,1403715940.9840581,1403715940984058112,1403715940.9840581,1403715940.9840581,1089,945,ready,1,1,1,1,1.3300429499063751,-0.24570003466857487,0.62152879851257403,-7.4376194335894477,0.076464392310790594,6.4338857527971962,9.8345775467096512,30,26,109,2,44457237.181866303,none,9440,47.200000047683716,0.00031034387502012437,0.0032306678828486761,disabled,disabled,0,0,0,0,-1,-1,0,0,0,0,0,0,72,72,1,0,0,0,none,945,1,0,0,0,0,0,0,0,0,0,-1,0
1,1403715941.0340581,1403715941034057984,1403715941.0340581,1403715941.0340581,1090,946,ready,1,1,1,1,1.3973370337547997,-0.2464013594199749,0.84536423227284541,-7.9166965260549835,0.031016255474075393,5.8419440909221523,9.8388696838211516,30,22,110,2,44943467.963960178,none,9450,47.25,0.00079168654639115194,0.0040241499299022484,disabled,disabled,0,0,0,0,-1,-1,0,0,0,0,0,0,72,72,1,0,0,0,none,946,1,0,0,0,0,0,0,0,0,0,-1,0
1,1403715941.0840583,1403715941084058368,1403715941.0840583,1403715941.0840583,1091,947,ready,1,1,1,1,1.3872058075119178,-0.24157409338688751,1.0513559677029889,-8.4369841290382475,-0.017538727172302586,5.0834329081164391,9.8500913159175969,30,20,111,2,39769023.692104936,none,9460,47.300000190734863,0.00061714220135928482,0.0027403880691255775,disabled,disabled,0,0,0,0,-1,-1,0,0,0,0,0,0,72,72,1,0,0,0,none,947,1,0,0,0,0,0,0,0,0,0,-1,0
1,1403715941.134058,1403715941134057984,1403715941.134058,1403715941.134058,1092,948,thin_observations_state_preserved_not_ready,1,0,0,0,1.2971240443294296,-0.24783706455620444,1.2186608833061712,-8.915340017347356,-0.012568604499671152,4.2064503017368366,9.8578734895369866,29,12,0,2,34087714.953272879,none,9470,47.349999904632568,0.00025840530570776706,0.00098615635505919881,disabled,disabled,0,0,0,0,-1,-1,0,0,0,0,0,0,48,48,1,0,0,0,none,948,1,0,0,0,0,0,0,0,0,0,-1,0
1,1403715941.1840582,1403715941184058112,1403715941.1840582,1403715941.1840582,1093,949,thin_observations_state_preserved_not_ready,1,0,0,0,1.1269836713774861,-0.24803979485482702,1.3662062446842018,-9.3118436540943872,-0.033272709855036137,3.2810581024471004,9.8730381131216536,24,9,0,2,31704434.774823975,none,9480,47.400000095367432,0.00044171516075003472,0.0020180231917199701,disabled,disabled,0,0,0,0,-1,-1,0,0,0,0,0,0,72,72,1,0,0,0,none,949,1,0,0,0,0,0,0,0,0,0,-1,0
1,1403715941.2340581,1403715941234058240,1403715941.2340581,1403715941.2340581,1094,950,thin_observations_state_preserved_not_ready,1,0,0,0,0.92555252358781748,-0.25171681500266324,1.4232454109360657,-9.5683136916955238,-0.018137150571303065,2.4708314492257739,9.8822044053643214,16,6,0,2,19225370.110144839,none,9490,47.450000047683716,0.0010111835123527992,0.0029245314641362422,disabled,disabled,0,0,0,0,-1,-1,0,0,0,0,0,0,72,72,1,0,0,0,none,950,1,0,0,0,0,0,0,0,0,0,-1,0
1,1403715941.2840581,1403715941284058112,1403715941.2840581,1403715941.2840581,1095,951,thin_observations_state_preserved_not_ready,1,0,0,0,0.76804449106861272,-0.25324476983724747,1.4202111964585118,-9.7297615112227085,0.053432680511278953,1.7711940063370959,9.8898049689921521,13,6,0,2,19229713.98381805,none,9500,47.5,1.3999042777706823e-05,0.00012175219576975183,disabled,disabled,0,0,0,0,-1,-1,0,0,0,0,0,0,19,24,1,0,0,0,none,951,1,0,0,0,0,0,0,0,0,0,-1,0
1,1403715941.334058,1403715941334057984,1403715941.334058,1403715941.334058,1096,952,thin_observations_state_preserved_not_ready,1,0,0,0,0.59183916140188031,-0.25701728219048919,1.3586577647293894,-9.8177554914428402,0.11206363446391743,1.2224721442509998,9.8942063497480657,13,13,0,2,12646645.227737136,none,9510,47.549999952316284,8.7742240376730122e-07,1.0847310161598739e-05,disabled,disabled,0,0,0,0,-1,-1,0,0,0,0,0,0,12,12,1,0,0,0,none,952,1,0,0,0,0,0,0,0,0,0,-1,0
1,1403715941.3840582,1403715941384058112,1403715941.3840582,1403715941.3840582,1097,953,pool_not_mature,1,0,0,0,0.48581286515727279,-0.2667913986405091,1.2634183231294878,-9.8610811536270138,0.16633101217411145,0.754871127519121,9.8913304435344145,21,21,1,2,13809912.269497793,none,9520,47.600000143051147,4.1716113052284072e-05,0.00012675302846518934,disabled,disabled,0,0,0,0,-1,-1,0,0,0,0,0,0,18,30,1,0,0,0,none,953,1,0,0,0,0,0,0,0,0,0,-1,0
1,1403715941.4340582,1403715941434058240,1403715941.4340582,1403715941.4340582,1098,954,pool_not_mature,1,0,0,0,0.33251242857330643,-0.25893087945720539,1.1559849605792163,-9.8705797105755426,0.23160152429553307,0.35460307062390783,9.8796622627788988,23,20,2,2,15831905.71154397,none,9530,47.650000095367432,0.00014384389553700008,0.0031914035395774463,disabled,disabled,0,0,0,0,-1,-1,0,0,0,0,0,0,48,48,1,0,0,0,none,954,1,0,0,0,0,0,0,0,0,0,-1,0
1,1403715941.4840581,1403715941484058112,1403715941.4840581,1403715941.4840581,1099,955,pool_not_mature,1,0,0,0,0.22399544351195541,-0.2479550187005298,1.0076589987375231,-9.8474662963710564,0.29801452443945387,0.091005040150898622,9.8523949896598051,23,20,3,2,17572623.526331596,none,9540,47.700000047683716,3.2820714196855167e-05,0.0001263218493706062,disabled,disabled,0,0,0,0,-1,-1,0,0,0,0,0,0,10,24,1,0,0,0,none,955,1,0,0,0,0,0,0,0,0,0,-1,0
1,1403715941.5340581,1403715941534057984,1403715941.5340581,1403715941.5340581,1100,956,prediction_or_correction_unhealthy,1,0,0,0,0.1152566181718071,-0.22949389287588337,0.85652541521594783,-9.8260370228599427,0.35133656427567728,-0.13078823497021191,9.8331859800584454,30,29,4,2,17242346.839011092,none,9550,47.75,9.8548766193275891e-05,0.00092295258353388841,disabled,disabled,0,0,0,0,-1,-1,0,0,0,0,0,0,29,48,1,0,0,0,none,956,1,0,0,0,0,0,0,0,0,0,-1,0
1,1403715941.5840583,1403715941584058368,1403715941.5840583,1403715941.5840583,1101,957,confirming_observer_health,1,0,0,0,0.010017564256197426,-0.21001265877030265,0.69303974958895731,-9.8169170363008025,0.40258192643187135,-0.31694464400129652,9.8302790505897466,30,27,5,2,20024221.361530099,none,9560,47.800000190734863,0.00031369938924176102,0.0053858668128897013,disabled,disabled,0,0,0,0,-1,-1,0,0,0,0,0,0,72,72,1,0,0,0,none,957,1,0,0,0,0,0,0,0,0,0,-1,0
1,1403715941.634058,1403715941634057984,1403715941.634058,1403715941.634058,1102,958,confirming_observer_health,1,0,0,0,-0.085952603694294152,-0.18500721512541349,0.50481682419668406,-9.8011029534949898,0.4725942924534926,-0.55330533197001897,9.8280776991563457,30,28,6,2,17285833.422370572,none,9570,47.849999904632568,0.0001411412018784989,0.0011107531653435432,disabled,disabled,0,0,0,0,-1,-1,0,0,0,0,0,0,48,48,1,0,0,0,none,958,1,0,0,0,0,0,0,0,0,0,-1,0
1,1403715941.6840582,1403715941684058112,1403715941.6840582,1403715941.6840582,1103,959,confirming_observer_health,1,0,0,0,-0.11819553515926672,-0.15583137375385508,0.29120904307614182,-9.7752078173688943,0.55430359222740178,-0.80855352216566301,9.8242403850533204,29,28,7,2,18211303.74725426,none,9580,47.900000095367432,0.00070189022577710593,0.0093024473180047963,disabled,disabled,0,0,0,0,-1,-1,0,0,0,0,0,0,72,72,1,0,0,0,none,959,1,0,0,0,0,0,0,0,0,0,-1,0
1,1403715941.7340581,1403715941734058240,1403715941.7340581,1403715941.7340581,1104,960,confirming_observer_health,1,0,0,0,-0.1254936685633285,-0.1303403936849252,0.058619254928394524,-9.7426250566678672,0.63628338228134962,-1.0802489657384746,9.8229597049646387,30,26,8,2,19994643.069813196,none,9590,47.950000047683716,0.00037653616843437578,0.0029325203653699592,disabled,disabled,0,0,0,0,-1,-1,0,0,0,0,0,0,72,72,1,0,0,0,none,960,1,0,0,0,0,0,0,0,0,0,0.99999499994416108,1
1,1403715941.7840581,1403715941784058112,1403715941.7840581,1403715941.7840581,1105,961,confirming_observer_health,1,0,0,0,-0.11474340679992014,-0.10124609880505325,-0.1657890342137317,-9.7033577531065163,0.69018486302959126,-1.3519351363988552,9.8213662717036119,30,23,9,2,22867922.002615966,none,9600,48,0.00015645335986374042,0.011614824832316168,disabled,disabled,0,0,0,0,-1,-1,0,0,0,0,0,0,72,72,1,0,0,0,none,961,1,0,0,0,0,0,0,0,0,0,-1,0
1,1403715941.834058,1403715941834057984,1403715941.834058,1403715941.834058,1106,962,confirming_observer_health,1,0,0,0,-0.089142030311812476,-0.070750977148985747,-0.41726529566210574,-9.6692611957438572,0.71582051355352339,-1.5601857696719295,9.820447582214813,30,23,10,2,22982667.47825855,none,9610,48.049999952316284,0.0011595040527070182,0.0019058223620263515,disabled,disabled,0,0,0,0,-1,-1,0,0,0,0,0,0,72,72,1,0,0,0,none,962,1,0,0,0,0,0,0,0,0,0,-1,0
1,1403715941.8840582,1403715941884058112,1403715941.8840582,1403715941.8840582,1107,963,confirming_observer_health,1,0,0,0,-0.071996314826190747,-0.039940073577036377,-0.6795151459653711,-9.6494456467017216,0.72488684027989636,-1.6651249890975148,9.8188544876262824,30,26,11,2,22303907.088733297,none,9620,48.100000143051147,0.0013027571165498426,0.0068429316241337716,disabled,disabled,0,0,0,0,-1,-1,0,0,0,0,0,0,72,72,1,0,0,0,none,963,1,0,0,0,0,0,0,0,0,0,-1,0
1,1403715941.9340582,1403715941934058240,1403715941.9340582,1403715941.9340582,1108,964,confirming_observer_health,1,0,0,0,-0.093336127456648696,-0.0043036365043368358,-0.92904532011571683,-9.6702041816649782,0.6520565384750312,-1.597853255987592,9.8229914828492557,29,29,12,2,20629535.719076458,none,9630,48.150000095367432,0.00063207944487452981,0.007531855487532246,disabled,disabled,0,0,0,0,-1,-1,0,0,0,0,0,0,72,72,1,0,0,0,none,964,1,0,0,0,0,0,0,0,0,0,-1,0
1,1403715941.9840581,1403715941984058112,1403715941.9840581,1403715941.9840581,1109,965,confirming_observer_health,1,0,0,0,-0.13890951813874555,0.020620980089879254,-1.1667224124919224,-9.7240075352419488,0.58364059416431402,-1.2866678542826571,9.8261117974427208,29,29,13,2,22595784.402287949,none,9640,48.200000047683716,7.945409574413124e-05,0.00064184088238161436,disabled,disabled,0,0,0,0,-1,-1,0,0,0,0,0,0,72,72,1,0,0,0,none,965,1,0,0,0,0,0,0,0,0,0,-1,0
1,1403715942.0340581,1403715942034057984,1403715942.0340581,1403715942.0340581,1110,966,confirming_observer_health,1,0,0,0,-0.24097214650859561,0.052111837537607619,-1.355858330795138,-9.7894154452517608,0.47704258127693566,-0.75770607069924711,9.8302768462368135,30,30,14,2,24356546.817205325,none,9650,48.25,0.00011613825784593199,0.0013610252040861131,disabled,disabled,0,0,0,0,-1,-1,0,0,0,0,0,0,72,72,1,0,0,0,none,966,1,0,0,0,0,0,0,0,0,0,-1,0
1,1403715942.0840583,1403715942084058368,1403715942.0840583,1403715942.0840583,1111,967,confirming_observer_health,1,0,0,0,-0.38119521293315439,0.066581405845088884,-1.5087986886862872,-9.8253703911640109,0.38749315839993237,-0.10417344915870694,9.8335602087381755,30,30,15,2,26208053.972960845,none,9660,48.300000190734863,0.00025295206629571943,0.0018964135901337862,disabled,disabled,0,0,0,0,-1,-1,0,0,0,0,0,0,72,72,1,0,0,0,none,967,1,0,0,0,0,0,0,0,0,0,-1,0
1,1403715942.134058,1403715942134057984,1403715942.134058,1403715942.134058,1112,968,confirming_observer_health,1,0,0,0,-0.58504334320295603,0.083089997169325691,-1.6020062908915855,-9.8097192101432586,0.32427273783506311,0.63021744184641537,9.8352894118253662,30,29,16,2,28226926.655298974,none,9670,48.349999904632568,0.00068233879586885682,0.0032059886435158351,disabled,disabled,0,0,0,0,-1,-1,0,0,0,0,0,0,72,72,1,0,0,0,none,968,1,0,0,0,0,0,0,0,0,0,-1,0
1,1403715942.1840582,1403715942184058112,1403715942.1840582,1403715942.1840582,1113,969,confirming_observer_health,1,0,0,0,-0.79414971365397369,0.093996170920290986,-1.6229749899152945,-9.7407633067196997,0.2722255362609769,1.3691010394018976,9.8402751077508412,30,27,17,2,30530769.858744621,none,9680,48.400000095367432,0.00038899260219527792,0.0013455147150240108,disabled,disabled,0,0,0,0,-1,-1,0,0,0,0,0,0,72,72,1,0,0,0,none,969,1,0,0,0,0,0,0,0,0,0,-1,0
1,1403715942.2340581,1403715942234058240,1403715942.2340581,1403715942.2340581,1114,970,confirming_observer_health,1,0,0,0,-1.069918517486742,0.10174599563440728,-1.595160203785047,-9.6200269433359082,0.24269883190680375,2.0819435490987508,9.8457254712464763,30,25,18,2,32545812.938295208,none,9690,48.450000047683716,0.00014905210360396351,0.0010708538227470696,disabled,disabled,0,0,0,0,-1,-1,0,0,0,0,0,0,60,60,1,0,0,0,none,970,1,0,0,0,0,0,0,0,0,0,-1,0
1,1403715942.2840581,1403715942284058112,1403715942.2840581,1403715942.2840581,1115,971,confirming_observer_health,1,0,0,0,-1.3254378592653733,0.11208914097441271,-1.4976232592084728,-9.4254285739860695,0.22493488620591312,2.848880208835689,9.8491328527257274,29,22,19,2,34293512.187692478,none,9700,48.5,0.001735941058189061,0.0083755067444615319,disabled,disabled,0,0,0,0,-1,-1,0,0,0,0,0,0,72,72,1,0,0,0,none,971,1,0,0,0,0,0,0,0,0,0,-1,0
1,1403715942.334058,1403715942334057984,1403715942.334058,1403715942.334058,1116,972,confirming_observer_health,1,1,1,1,-1.4927798688320348,0.10677144606389689,-1.3678590673595796,-9.2009763315675279,0.21624490876609992,3.5102634392849272,9.8502120143585508,27,22,20,2,34505598.707088917,none,9710,48.549999952316284,8.2770709116262151e-05,0.0014467750182278333,disabled,disabled,0,0,0,0,-1,-1,0,0,0,0,0,0,72,72,1,0,0,0,none,972,1,0,0,0,0,0,0,0,0,0,-1,0
1,1403715942.3840582,1403715942384058112,1403715942.3840582,1403715942.3840582,1117,973,confirming_observer_health,1,1,1,1,-1.6139768375308163,0.1114275837436267,-1.1975113586010824,-8.9635419117254003,0.23159382411520135,4.072289176468904,9.8479570693322955,27,25,21,2,32529941.708442926,none,9720,48.600000143051147,0.00063060143840610835,0.0071043426483662197,disabled,disabled,0,0,0,0,-1,-1,0,0,0,0,0,0,72,72,1,0,0,0,none,973,1,0,0,0,0,0,0,0,0,0,-1,0
1,1403715942.4340582,1403715942434058240,1403715942.4340582,1403715942.4340582,1118,974,pool_not_mature,1,1,1,1,-1.6869059469148857,0.1262108536841898,-1.0437416204047176,-8.7454985496203186,0.26393774120665026,4.4923841548719334,9.8353913703313705,28,18,22,2,34963466.023277864,none,9730,48.650000095367432,0.00010914227002698918,0.00067835485240379592,disabled,disabled,0,0,0,0,-1,-1,0,0,0,0,0,0,28,48,1,0,0,0,none,974,1,0,0,0,0,0,0,0,0,0,-1,0
1,1403715942.4840581,1403715942484058112,1403715942.4840581,1403715942.4840581,1119,975,thin_observations_state_preserved_not_ready,1,0,0,0,-1.713777848432378,0.14092192718495228,-0.87241826837476899,-8.5243554836545492,0.33244500354229323,4.8920811624409559,9.834002958714283,27,14,0,2,38682133.244777031,none,9740,48.700000047683716,0.00083914234639755297,0.005595963521030054,disabled,disabled,0,0,0,0,-1,-1,0,0,0,0,0,0,66,66,1,0,0,0,none,975,1,0,0,0,0,0,0,0,0,0,-1,0
1,1403715942.5340581,1403715942534057984,1403715942.5340581,1403715942.5340581,1120,976,pool_not_mature,1,0,0,0,-1.6893911401363877,0.15690499283745013,-0.72926833592115059,-8.3230567910385744,0.3696216566493381,5.2214802623341505,9.8322810499833988,27,17,1,2,28971939.64684213,none,9750,48.75,7.4177458868649924e-05,0.00044060391821105116,disabled,disabled,0,0,0,0,-1,-1,0,0,0,0,0,0,15,24,1,0,0,0,none,976,1,0,0,0,0,0,0,0,0,0,-1,0
1,1403715942.5840583,1403715942584058368,1403715942.5840583,1403715942.5840583,1121,977,pool_not_mature,1,0,0,0,-1.6245302744704435,0.1589048494586455,-0.56495781160088787,-8.1084711733328056,0.36858898898671394,5.5434630819285475,9.829198622078815,30,23,2,2,28606947.360645436,none,9760,48.800000190734863,0.0013563035435409565,0.003382116122294488,disabled,disabled,0,0,0,0,-1,-1,0,0,0,0,0,0,72,72,1,0,0,0,none,977,1,0,0,0,0,0,0,0,0,0,-1,0
1,1403715942.634058,1403715942634057984,1403715942.634058,1403715942.634058,1122,978,pool_not_mature,1,0,0,0,-1.5465372144444529,0.16606311370796878,-0.39622253549819841,-7.9056677905290371,0.32854120803581582,5.8313974575099055,9.8291769160514608,27,24,3,2,21989284.938297499,none,9770,48.849999904632568,4.7238880322458197e-05,0.00037633768472938281,disabled,disabled,0,0,0,0,-1,-1,0,0,0,0,0,0,22,36,1,0,0,0,none,978,1,0,0,0,0,0,0,0,0,0,-1,0
1,1403715942.6840582,1403715942684058112,1403715942.6840582,1403715942.6840582,1123,979,pool_not_mature,1,0,0,0,-1.4448667921929343,0.16321099314543638,-0.22799277312563249,-7.728367416149494,0.28113817205914038,6.065226990654863,9.8282083839811936,30,16,4,2,25555120.920625739,none,9780,48.900000095367432,0.0031094466771480838,0.0049642002011049523,disabled,disabled,0,0,0,0,-1,-1,0,0,0,0,0,0,72,72,1,0,0,0,none,979,1,0,0,0,0,0,0,0,0,0,-1,0
1,1403715942.7340581,1403715942734058240,1403715942.7340581,1403715942.7340581,1124,980,pool_not_mature,1,0,0,0,-1.3009185828311072,0.16550279195228171,-0.065753625256084108,-7.6145482101643642,0.24013459531042305,6.2145683122712558,9.8315750709979444,30,17,5,2,26531001.130941246,none,9790,48.950000047683716,0.00098308970326035699,0.0015664854273286799,disabled,disabled,0,0,0,0,-1,-1,0,0,0,0,0,0,72,72,1,0,0,0,none,980,1,0,0,0,0,0,0,0,0,0,0.99999499999908148,1
1,1403715942.7840581,1403715942784058112,1403715942.7840581,1403715942.7840581,1125,981,pool_not_mature,1,0,0,0,-1.1491139171641809,0.15949735127430276,0.083108029700902489,-7.5437454885356843,0.19849342896771918,6.3008981423295269,9.8310128184820069,23,22,6,2,12466121.336937072,none,9800,49,0.0001535179691680387,0.0004101714689058733,disabled,disabled,0,0,0,0,-1,-1,0,0,0,0,0,0,72,72,1,0,0,0,none,981,1,0,0,0,0,0,0,0,0,0,-1,0
1,1403715942.834058,1403715942834057984,1403715942.834058,1403715942.834058,1126,982,confirming_observer_health,1,0,0,0,-0.99689046326157871,0.15372810805822809,0.2321691036760985,-7.5141304553323875,0.16887530668698084,6.3329983574151925,9.8284049348806271,30,30,7,2,13608604.735020047,none,9810,49.049999952316284,0.00034603253332955453,0.0059928435065060856,disabled,disabled,0,0,0,0,-1,-1,0,0,0,0,0,0,72,72,1,0,0,0,none,982,1,0,0,0,0,0,0,0,0,0,-1,0
1,1403715942.8840582,1403715942884058112,1403715942.8840582,1403715942.8840582,1127,983,confirming_observer_health,1,0,0,0,-0.8418639557431038,0.15609303859896251,0.38389047104562424,-7.5204158301489406,0.13211074862669783,6.3185696303549665,9.8233614247823322,30,29,8,2,16214227.82861268,none,9820,49.100000143051147,0.0013891309912558423,0.008998505417168727,disabled,disabled,0,0,0,0,-1,-1,0,0,0,0,0,0,72,72,1,0,0,0,none,983,1,0,0,0,0,0,0,0,0,0,-1,0
1,1403715942.9340582,1403715942934058240,1403715942.9340582,1403715942.9340582,1128,984,confirming_observer_health,1,0,0,0,-0.68292929013253567,0.1476297125056133,0.5186310693027768,-7.5426724217463903,0.1144587052474586,6.2889900189789945,9.8212220988936956,30,27,9,2,18654182.198570121,none,9830,49.150000095367432,0.00022749318630303414,0.0031643806941738534,disabled,disabled,0,0,0,0,-1,-1,0,0,0,0,0,0,72,72,1,0,0,0,none,984,1,0,0,0,0,0,0,0,0,0,-1,0
1,1403715942.9840581,1403715942984058112,1403715942.9840581,1403715942.9840581,1129,985,confirming_observer_health,1,0,0,0,-0.50048329291113225,0.14024747223445796,0.61420573240601639,-7.6008428333234539,0.07143935568261707,6.2189855949097215,9.8210843183489409,30,28,10,2,19973843.058261912,none,9840,49.200000047683716,0.001225225077187953,0.0074681553157839925,disabled,disabled,0,0,0,0,-1,-1,0,0,0,0,0,0,72,72,1,0,0,0,none,985,1,0,0,0,0,0,0,0,0,0,-1,0
1,1403715943.0340581,1403715943034057984,1403715943.0340581,1403715943.0340581,1130,986,confirming_observer_health,1,0,0,0,-0.31079584890724582,0.13555865272725187,0.70543961128876631,-7.674470973260517,-0.0089013053839302348,6.1324414346234759,9.8236664184887008,30,30,11,2,20198636.483983014,none,9850,49.25,0.00044079546632263162,0.0090831038529313804,disabled,disabled,0,0,0,0,-1,-1,0,0,0,0,0,0,72,72,1,0,0,0,none,986,1,0,0,0,0,0,0,0,0,0,-1,0
1,1403715943.0840583,1403715943084058368,1403715943.0840583,1403715943.0840583,1131,987,confirming_observer_health,1,0,0,0,-0.12634799302895694,0.11954097532861671,0.81062692406550019,-7.7572063256349555,-0.14995294075825039,6.0304146137481176,9.8266289375665288,30,30,12,2,22290763.81604328,none,9860,49.300000190734863,0.00091257237377447573,0.013366771716414294,disabled,disabled,0,0,0,0,-1,-1,0,0,0,0,0,0,72,72,1,0,0,0,none,987,1,0,0,0,0,0,0,0,0,0,-1,0
1,1403715943.134058,1403715943134057984,1403715943.134058,1403715943.134058,1132,988,confirming_observer_health,1,0,0,0,0.052831083245764972,0.094433545907775848,0.90759495816890134,-7.8900755439179955,-0.23455254989455263,5.8617788520074035,9.8320271713027783,30,30,13,2,24265244.539465591,none,9870,49.349999904632568,0.00077550207991179958,0.02069836766151539,disabled,disabled,0,0,0,0,-1,-1,0,0,0,0,0,0,72,72,1,0,0,0,none,988,1,0,0,0,0,0,0,0,0,0,-1,0
1,1403715943.1840582,1403715943184058112,1403715943.1840582,1403715943.1840582,1133,989,confirming_observer_health,1,0,0,0,0.20650871833507606,0.076701219902787818,0.98492475837544702,-8.0980625857954536,-0.27387375605277531,5.5720754482766708,9.833699674029214,30,29,14,2,26294341.757760435,none,9880,49.400000095367432,0.00098091080220929616,0.0025162686640584275,disabled,disabled,0,0,0,0,-1,-1,0,0,0,0,0,0,72,72,1,0,0,0,none,989,1,0,0,0,0,0,0,0,0,0,-1,0
1,1403715943.2340581,1403715943234058240,1403715943.2340581,1403715943.2340581,1134,990,confirming_observer_health,1,0,0,0,0.30426478038810023,0.050721907317842818,1.0595440659381516,-8.3896618193615637,-0.22658754011290921,5.1309452284595043,9.8368880391127238,30,30,15,2,27441797.668745596,none,9890,49.450000047683716,0.00039897383583575418,0.0043968166902194194,disabled,disabled,0,0,0,0,-1,-1,0,0,0,0,0,0,72,72,1,0,0,0,none,990,1,0,0,0,0,0,0,0,0,0,-1,0
1,1403715943.2840581,1403715943284058112,1403715943.2840581,1403715943.2840581,1135,991,confirming_observer_health,1,0,0,0,0.35496110472919268,0.027434229853608549,1.1235953936604661,-8.7175384314443871,-0.17505680990343403,4.5583338539138261,9.838929246322504,30,29,16,2,29378767.521187931,none,9900,49.5,0.0020735824863363809,0.0066040164004535599,disabled,disabled,0,0,0,0,-1,-1,0,0,0,0,0,0,72,72,1,0,0,0,none,991,1,0,0,0,0,0,0,0,0,0,-1,0
1,1403715943.334058,1403715943334057984,1403715943.334058,1403715943.334058,1136,992,confirming_observer_health,1,0,0,0,0.36097519969195874,0.018741400046745352,1.165485875679918,-9.0297128469480104,-0.11179036973275219,3.9134221634491158,9.8419045013898447,30,28,17,2,31456440.438413631,none,9910,49.549999952316284,0.00025712133974602192,0.0011110115568682538,disabled,disabled,0,0,0,0,-1,-1,0,0,0,0,0,0,72,72,1,0,0,0,none,992,1,0,0,0,0,0,0,0,0,0,-1,0
1,1403715943.3840582,1403715943384058112,1403715943.3840582,1403715943.3840582,1137,993,confirming_observer_health,1,0,0,0,0.31110299333079372,0.018783358898643122,1.1743231333887747,-9.2899503278980067,-0.088861114205127406,3.2468676706886521,9.8414035108511442,30,28,18,2,33177167.088028919,none,9920,49.600000143051147,0.00072290167246218356,0.0015624496915565618,disabled,disabled,0,0,0,0,-1,-1,0,0,0,0,0,0,72,72,1,0,0,0,none,993,1,0,0,0,0,0,0,0,0,0,-1,0
1,1403715943.4340582,1403715943434058240,1403715943.4340582,1403715943.4340582,1138,994,confirming_observer_health,1,0,0,0,0.22077227457210177,0.0086100907925052983,1.1531505041357828,-9.4956657215593481,-0.062053374997259013,2.5832032957966535,9.8409581537754978,30,29,19,2,33819965.383743405,none,9930,49.650000095367432,0.00031945924949191944,0.001721762550012102,disabled,disabled,0,0,0,0,-1,-1,0,0,0,0,0,0,72,72,1,0,0,0,none,994,1,0,0,0,0,0,0,0,0,0,-1,0
1,1403715943.4840581,1403715943484058112,1403715943.4840581,1403715943.4840581,1139,995,confirming_observer_health,1,1,1,1,0.12676477705298031,0.011479117696468762,1.1104504499382817,-9.6222766451331445,-0.047738399207525789,2.0607728812684427,9.8405930542018201,30,30,20,2,34304258.190113813,none,9940,49.700000047683716,0.00053017682515854939,0.0042123980809856184,disabled,disabled,0,0,0,0,-1,-1,0,0,0,0,0,0,72,72,1,0,0,0,none,995,1,0,0,0,0,0,0,0,0,0,-1,0
1,1403715943.5340581,1403715943534057984,1403715943.5340581,1403715943.5340581,1140,996,confirming_observer_health,1,1,1,1,0.054447001475507052,0.02378602416082343,1.028067089668766,-9.6966482567123702,-0.04086746436847527,1.6852707702765362,9.8420930260384871,30,30,21,2,36068214.988311879,none,9950,49.75,0.00036674909179102382,0.00049236902404694541,disabled,disabled,0,0,0,0,-1,-1,0,0,0,0,0,0,72,72,1,0,0,0,none,996,1,0,0,0,0,0,0,0,0,0,-1,0
1,1403715943.5840583,1403715943584058368,1403715943.5840583,1403715943.5840583,1141,997,confirming_observer_health,1,1,1,1,-0.0085550700331143651,0.01665820305970207,0.92419670538958831,-9.743505192803724,-0.050126806533240538,1.3928300933572724,9.8426816370279884,30,28,22,2,38006327.251179568,none,9960,49.800000190734863,0.00036126309094356373,0.0031427374531528417,disabled,disabled,0,0,0,0,-1,-1,0,0,0,0,0,0,72,72,1,0,0,0,none,997,1,0,0,0,0,0,0,0,0,0,-1,0
1,1403715943.634058,1403715943634057984,1403715943.634058,1403715943.634058,1142,998,confirming_observer_health,1,1,1,1,-0.044906879966042389,0.020833643857856726,0.80741990216431314,-9.77499063662213,-0.030397317999309587,1.1380399764492157,9.8410619818690499,30,27,23,2,40032560.203834496,none,9970,49.849999904632568,0.00039645305294360572,0.0016022218008195071,disabled,disabled,0,0,0,0,-1,-1,0,0,0,0,0,0,72,72,1,0,0,0,none,998,1,0,0,0,0,0,0,0,0,0,-1,0
1,1403715943.6840582,1403715943684058112,1403715943.6840582,1403715943.6840582,1143,999,confirming_observer_health,1,1,1,1,-0.059577582462544056,0.016474939141347161,0.67151050943132506,-9.7975619853266398,-0.0010104830230522953,0.90898838185977915,9.8396382939491058,30,27,24,2,39341532.457004234,none,9980,49.900000095367432,0.00050950872792669742,0.00067353775669349637,disabled,disabled,0,0,0,0,-1,-1,0,0,0,0,0,0,59,72,1,0,0,0,none,999,1,0,0,0,0,0,0,0,0,0,-1,0
1,1403715943.7340581,1403715943734058240,1403715943.7340581,1403715943.7340581,1144,1000,confirming_observer_health,1,1,1,1,-0.037683608785072889,0.014448308186016555,0.53451814877970816,-9.8141571657126843,0.067616773833377108,0.68153213363505638,9.8380251550090279,30,28,25,2,39969682.157276034,none,9990,49.950000047683716,0.00043041507551993299,0.0012740312100991992,disabled,disabled,0,0,0,0,-1,-1,0,0,0,0,0,0,33,54,1,0,0,0,none,1000,1,0,0,0,0,0,0,0,0,0,0.99999500001158159,1
1,1403715943.7840581,1403715943784058112,1403715943.7840581,1403715943.7840581,1145,1001,ready,1,1,1,1,-0.033354818044070901,0.017432931093512086,0.3637369199698201,-9.8305684744288584,0.10194376845119606,0.41944726585940562,9.8400409080042692,30,28,26,2,39084425.268829845,none,10000,50,0.00072776450197243811,0.0029482888899428532,disabled,disabled,0,0,0,0,-1,-1,0,0,0,0,0,0,72,72,1,0,0,0,none,1001,1,0,0,0,0,0,0,0,0,0,-1,0
1,1403715943.834058,1403715943834057984,1403715943.834058,1403715943.834058,1146,1002,ready,1,1,1,1,0.006438162826818427,0.012550195951574989,0.16911172778271832,-9.83782170040406,0.11956162515505889,0.18848295779080598,9.8403534802632127,30,28,27,2,41223394.351272307,none,10010,50.049999952316284,0.00034062586961828125,0.0019966761217906854,disabled,disabled,0,0,0,0,-1,-1,0,0,0,0,0,0,21,72,1,0,0,0,none,1002,1,0,0,0,0,0,0,0,0,0,-1,0
1,1403715943.8840582,1403715943884058112,1403715943.8840582,1403715943.8840582,1147,1003,ready,1,1,1,1,0.087293905130156571,0.0093227909857400912,-0.033018343105440023,-9.8379124728862486,0.14911162051702623,0.0086304324708391042,9.8390462232834679,30,26,28,2,40532048.983486019,none,10020,50.100000143051147,0.00022646811776992225,0.0082346688298376922,disabled,disabled,0,0,0,0,-1,-1,0,0,0,0,0,0,72,72,1,0,0,0,none,1003,1,0,0,0,0,0,0,0,0,0,-1,0
1,1403715943.9340582,1403715943934058240,1403715943.9340582,1403715943.9340582,1148,1004,ready,1,1,1,1,0.18675309356580391,0.0095142025000597708,-0.25355489571038042,-9.8368048983158829,0.14174474705141568,-0.12675550114274015,9.8386426471296318,30,25,29,2,43026664.891674019,none,10030,50.150000095367432,0.00042915852874622634,0.003156659198145971,disabled,disabled,0,0,0,0,-1,-1,0,0,0,0,0,0,72,72,1,0,0,0,none,1004,1,0,0,0,0,0,0,0,0,0,-1,0
1,1403715943.9840581,1403715943984058112,1403715943.9840581,1403715943.9840581,1149,1005,ready,1,1,1,1,0.23567603738835857,0.006093827359220285,-0.46535252351128331,-9.836905024305171,0.17070866059541195,-0.081781197835338437,9.8387260388894866,30,28,30,2,37658743.799232498,none,10040,50.200000047683716,0.00040753486403678551,0.0058820745040623771,disabled,disabled,0,0,0,0,-1,-1,0,0,0,0,0,0,72,72,1,0,0,0,none,1005,1,0,0,0,0,0,0,0,0,0,-1,0
1,1403715944.0340581,1403715944034057984,1403715944.0340581,1403715944.0340581,1150,1006,ready,1,1,1,1,0.22890542299074598,0.0040575903401396255,-0.67089262675172079,-9.8305471985535,0.24373311272141807,0.25098900866865953,9.8367707880024025,30,28,31,2,38084323.937436365,none,10050,50.25,0.00063227862069072387,0.011792771469249895,disabled,disabled,0,0,0,0,-1,-1,0,0,0,0,0,0,72,72,1,0,0,0,none,1006,1,0,0,0,0,0,0,0,0,0,-1,0
1,1403715944.0840583,1403715944084058368,1403715944.0840583,1403715944.0840583,1151,1007,ready,1,1,1,1,0.21256239655569617,-0.0091699942355660501,-0.85895285808420974,-9.7904473527187097,0.32229648276345335,0.86338490499670295,9.8337260427233097,30,29,32,2,38090013.881558813,none,10060,50.300000190734863,0.00097255229879105256,0.0066412266556992198,disabled,disabled,0,0,0,0,-1,-1,0,0,0,0,0,0,72,72,1,0,0,0,none,1007,1,0,0,0,0,0,0,0,0,0,-1,0
1,1403715944.134058,1403715944134057984,1403715944.134058,1403715944.134058,1152,1008,ready,1,1,1,1,0.13982503881171143,-0.011312545053001175,-0.98469400515568994,-9.7018808662806713,0.38038164068572683,1.5524954973607707,9.8326712955025215,30,30,33,2,38022774.5316386,none,10070,50.349999904632568,0.00087465578957632653,0.0035305290213668516,disabled,disabled,0,0,0,0,-1,-1,0,0,0,0,0,0,72,72,1,0,0,0,none,1008,1,0,0,0,0,0,0,0,0,0,-1,0
1,1403715944.1840582,1403715944184058112,1403715944.1840582,1403715944.1840582,1153,1009,ready,1,1,1,1,0.045728687358420346,-0.0096473687572408932,-1.0720499747321035,-9.5563973579315675,0.4464226688606428,2.2668768189819195,9.8317218316219517,30,29,34,2,40066244.710710004,none,10080,50.400000095367432,0.00031459727857243163,0.0037058667146242529,disabled,disabled,0,0,0,0,-1,-1,0,0,0,0,0,0,72,72,1,0,0,0,none,1009,1,0,0,0,0,0,0,0,0,0,-1,0
1,1403715944.2340581,1403715944234058240,1403715944.2340581,1403715944.2340581,1154,1010,ready,1,1,1,1,-0.097813444086362805,-0.020148412065197879,-1.0949261523789493,-9.3393012200154324,0.50643667744797471,3.0460377167842712,9.8365324763617092,30,26,35,2,42458617.103998952,none,10090,50.450000047683716,0.00072794614400633739,0.0021882530488242955,disabled,disabled,0,0,0,0,-1,-1,0,0,0,0,0,0,72,72,1,0,0,0,none,1010,1,0,0,0,0,0,0,0,0,0,-1,0
1,1403715944.2840581,1403715944284058112,1403715944.2840581,1403715944.2840581,1155,1011,ready,1,1,1,1,-0.17884146353926467,-0.017162366407426143,-1.0755153219089442,-9.0840005841092371,0.53642665963187652,3.7549642833706685,9.8441138221096463,30,24,36,2,44483158.860815264,none,10100,50.5,9.684478155434099e-05,0.00032794850274870334,disabled,disabled,0,0,0,0,-1,-1,0,0,0,0,0,0,64,72,1,0,0,0,none,1011,1,0,0,0,0,0,0,0,0,0,-1,0
1,1403715944.334058,1403715944334057984,1403715944.334058,1403715944.334058,1156,1012,ready,1,1,1,1,-0.28139907060778119,-0.013365720908579539,-1.0125211741317901,-8.8404770215354738,0.52759825391816939,4.3125658303434307,9.8504120688872678,30,25,37,2,45097884.564765222,none,10110,50.549999952316284,1.0806481340290938e-05,0.00028719395466524143,disabled,disabled,0,0,0,0,-1,-1,0,0,0,0,0,0,36,36,1,0,0,0,none,1012,1,0,0,0,0,0,0,0,0,0,-1,0
1,1403715944.3840582,1403715944384058112,1403715944.3840582,1403715944.3840582,1157,1013,ready,1,1,1,1,-0.34108683811154628,-0.025985232226003709,-0.91139245407746294,-8.6146075331326859,0.49510603159359529,4.7609542356369783,9.8551143152302636,30,25,38,2,45261661.559115291,none,10120,50.600000143051147,0.00041957063004729404,0.0030771808879903797,disabled,disabled,0,0,0,0,-1,-1,0,0,0,0,0,0,72,72,1,0,0,0,none,1013,1,0,0,0,0,0,0,0,0,0,-1,0
1,1403715944.4340582,1403715944434058240,1403715944.4340582,1403715944.4340582,1158,1014,ready,1,1,1,1,-0.35538289742044665,-0.032338765144035754,-0.79819585017640871,-8.3904654475302802,0.48436545028996392,5.1393381458195,9.8512596602013041,30,25,39,2,43468646.672405653,none,10130,50.650000095367432,0.00011938673542188223,0.00074022611374267486,disabled,disabled,0,0,0,0,-1,-1,0,0,0,0,0,0,48,48,1,0,0,0,none,1014,1,0,0,0,0,0,0,0,0,0,-1,0
1,1403715944.4840581,1403715944484058112,1403715944.4840581,1403715944.4840581,1159,1015,ready,1,1,1,1,-0.36042724302201701,-0.033195907833185469,-0.69034885513183619,-8.1788748915178928,0.46416693646127594,5.4610986318654522,9.8454580240316076,30,23,40,2,45308164.135197803,none,10140,50.700000047683716,0.00029836169791570106,0.0044822590286712344,disabled,disabled,0,0,0,0,-1,-1,0,0,0,0,0,0,72,72,1,0,0,0,none,1015,1,0,0,0,0,0,0,0,0,0,-1,0
1,1403715944.5340581,1403715944534057984,1403715944.5340581,1403715944.5340581,1160,1016,ready,1,1,1,1,-0.28177464342336589,-0.042781828465108904,-0.57372090996544911,-8.0060335639321885,0.45975868535112524,5.7079624660075678,9.8432101973347965,30,23,41,2,44346490.325629935,none,10150,50.75,7.8339403273585732e-05,0.00077007766363480518,disabled,disabled,0,0,0,0,-1,-1,0,0,0,0,0,0,30,36,1,0,0,0,none,1016,1,0,0,0,0,0,0,0,0,0,-1,0
1,1403715944.5840583,1403715944584058368,1403715944.5840583,1403715944.5840583,1161,1017,ready,1,1,1,1,-0.17761483693648783,-0.036597945373566157,-0.44647109500954996,-7.8605138145373949,0.50526088308680783,5.8939892654414923,9.837788138075064,30,26,42,2,43369960.498368233,none,10160,50.800000190734863,5.9284228813446323e-05,0.0029754683519288882,disabled,disabled,0,0,0,0,-1,-1,0,0,0,0,0,0,72,72,1,0,0,0,none,1017,1,0,0,0,0,0,0,0,0,0,-1,0
1,1403715944.634058,1403715944634057984,1403715944.634058,1403715944.634058,1162,1018,ready,1,1,1,1,-0.071740902454121902,-0.031921106236342388,-0.31172944009730352,-7.7510941795509458,0.53831055710230724,6.015584846298184,9.8263167198685739,30,29,43,2,40616300.853223048,none,10170,50.849999904632568,0.00031726482980599301,0.004044907840932273,disabled,disabled,0,0,0,0,-1,-1,0,0,0,0,0,0,72,72,1,0,0,0,none,1018,1,0,0,0,0,0,0,0,0,0,-1,0
1,1403715944.6840582,1403715944684058112,1403715944.6840582,1403715944.6840582,1163,1019,ready,1,1,1,1,0.079542537055607071,-0.010336755079455322,-0.17354233059870644,-7.6675088007142875,0.60122971234965028,6.1061648700327247,9.8202554852745489,30,26,44,2,40542926.919033103,none,10180,50.900000095367432,0.0010850240935030408,0.009598363376647186,disabled,disabled,0,0,0,0,-1,-1,0,0,0,0,0,0,72,72,1,0,0,0,none,1019,1,0,0,0,0,0,0,0,0,0,-1,0
1,1403715944.7340581,1403715944734058240,1403715944.7340581,1403715944.7340581,1164,1020,ready,1,1,1,1,0.22319686912470388,0.017654087302939186,-0.037432000796693801,-7.602481682063539,0.64354951255609472,6.1692302019266512,9.8117931585203522,30,26,45,2,43092822.128590427,none,10190,50.950000047683716,0.00024667038274177772,0.0034508679370941629,disabled,disabled,0,0,0,0,-1,-1,0,0,0,0,0,0,72,72,1,0,0,0,none,1020,1,0,0,0,0,0,0,0,0,0,38826.35274052871,1
1,1403715944.7840581,1403715944784058112,1403715944.7840581,1403715944.7840581,1165,1021,ready,1,1,1,1,0.38270839489509323,0.053087944937213014,0.079446608514675818,-7.5798933458667426,0.61293792068631181,6.1910668774550706,9.8061095807894922,30,30,46,2,40455448.257634625,none,10200,51,0.0038476015116466989,0.011353221202281686,disabled,disabled,0,0,0,0,-1,-1,0,0,0,0,0,0,72,72,1,0,0,0,none,1021,1,0,0,0,0,0,0,0,0,0,-1,0
1,1403715944.834058,1403715944834057984,1403715944.834058,1403715944.834058,1166,1022,ready,1,1,1,1,0.54060461294935835,0.098067952900923488,0.20666145821117651,-7.6430070535108339,0.56432163624037501,6.1116165509483986,9.8023401591136263,30,28,47,2,42915750.043762222,none,10210,51.049999952316284,0.0027216436739320011,0.017052362566786813,disabled,disabled,0,0,0,0,-1,-1,0,0,0,0,0,0,72,72,1,0,0,0,none,1022,1,0,0,0,0,0,0,0,0,0,-1,0
1,1403715944.8840582,1403715944884058112,1403715944.8840582,1403715944.8840582,1167,1023,ready,1,1,1,1,0.68747528195549334,0.14323891163922661,0.34308233959566276,-7.8467498089507401,0.39582639998339253,5.8560304932720211,9.7990435370664635,30,28,48,2,45124214.367250681,none,10220,51.100000143051147,0.001797984011733978,0.015503256128197914,disabled,disabled,0,0,0,0,-1,-1,0,0,0,0,0,0,72,72,1,0,0,0,none,1023,1,0,0,0,0,0,0,0,0,0,-1,0
1,1403715944.9340582,1403715944934058240,1403715944.9340582,1403715944.9340582,1168,1024,ready,1,1,1,1,0.76840489838443293,0.18661020988451324,0.46761314375587837,-8.1530622320016892,0.19033704406670912,5.4318769781095684,9.798670290123713,30,30,49,2,40269873.006856538,none,10230,51.150000095367432,0.0014472836445010731,0.005702614035739767,disabled,disabled,0,0,0,0,-1,-1,0,0,0,0,0,0,72,72,1,0,0,0,none,1024,1,0,0,0,0,0,0,0,0,0,-1,0
1,1403715944.9840581,1403715944984058112,1403715944.9840581,1403715944.9840581,1169,1025,ready,1,1,1,1,0.78004395024610707,0.22602479137078557,0.58573547717296148,-8.5007891755401328,-0.013113580358714157,4.8809975151547444,9.802434662670132,30,29,50,2,42318159.245961674,none,10240,51.200000047683716,0.00040399228365332196,0.0052959575760994767,disabled,disabled,0,0,0,0,-1,-1,0,0,0,0,0,0,72,72,1,0,0,0,none,1025,1,0,0,0,0,0,0,0,0,0,-1,0
1,1403715945.0340581,1403715945034057984,1403715945.0340581,1403715945.0340581,1170,1026,ready,1,1,1,1,0.73355982336903092,0.25323697002289769,0.67940668227343837,-8.851234193198442,-0.23047718786818783,4.2037196206532812,9.8014654580852483,30,27,51,2,44512187.824498497,none,10250,51.25,0.0003107658207520643,0.0026497654792559115,disabled,disabled,0,0,0,0,-1,-1,0,0,0,0,0,0,72,72,1,0,0,0,none,1026,1,0,0,0,0,0,0,0,0,0,-1,0
1,1403715945.0840583,1403715945084058368,1403715945.0840583,1403715945.0840583,1171,1027,ready,1,1,1,1,0.69657981354768772,0.26190959760383703,0.75611736050391776,-9.1444149045892686,-0.42238472806129651,3.4932464398452727,9.7980356957537893,30,26,52,2,45935818.104556516,none,10260,51.300000190734863,0.00038679608366570811,0.0021942621892204824,disabled,disabled,0,0,0,0,-1,-1,0,0,0,0,0,0,54,54,1,0,0,0,none,1027,1,0,0,0,0,0,0,0,0,0,-1,0
1,1403715945.134058,1403715945134057984,1403715945.134058,1403715945.134058,1172,1028,ready,1,1,1,1,0.58249611972450399,0.25599163918676415,0.80280725929064733,-9.3475464696218751,-0.56786233408947784,2.8787306902626821,9.7972538509154798,30,24,53,2,47069126.256966628,none,10270,51.349999904632568,0.00087805836789194372,0.0010585882572804962,disabled,disabled,0,0,0,0,-1,-1,0,0,0,0,0,0,72,72,1,0,0,0,none,1028,1,0,0,0,0,0,0,0,0,0,-1,0
1,1403715945.1840582,1403715945184058112,1403715945.1840582,1403715945.1840582,1173,1029,ready,1,1,1,1,0.521254039080569,0.23683145998406904,0.77510728451178035,-9.4727453781007132,-0.70445656239343679,2.3815355116646049,9.7928992356680151,29,22,54,2,45484993.779714532,none,10280,51.400000095367432,0.00072649903788321027,0.0022384076336611296,disabled,disabled,0,0,0,0,-1,-1,0,0,0,0,0,0,72,72,1,0,0,0,none,1029,1,0,0,0,0,0,0,0,0,0,-1,0
1,1403715945.2340581,1403715945234058240,1403715945.2340581,1403715945.2340581,1174,1030,thin_observations_state_preserved_not_ready,1,0,0,0,0.46419681552436776,0.21460631936819585,0.73800034732998265,-9.5636420876855244,-0.79186162235103641,1.9496401352858834,9.7924149966910559,25,14,0,2,43093503.528064758,none,10290,51.450000047683716,0.0016092103167612882,0.0049236042518110432,disabled,disabled,0,0,0,0,-1,-1,0,0,0,0,0,0,72,72,1,0,0,0,none,1030,1,0,0,0,0,0,0,0,0,0,-1,0
1,1403715945.2840581,1403715945284058112,1403715945.2840581,1403715945.2840581,1175,1031,thin_observations_state_preserved_not_ready,1,0,0,0,0.41744417089902625,0.18265657759751577,0.66547294701211768,-9.6257643521415641,-0.85777490450091975,1.5814606662316659,9.7924529607544599,22,7,0,2,44305421.41413343,none,10300,51.5,0.0013831167488562817,0.0048369688126709215,disabled,disabled,0,0,0,0,-1,-1,0,0,0,0,0,0,72,72,1,0,0,0,none,1031,1,0,0,0,0,0,0,0,0,0,-1,0
1,1403715945.334058,1403715945334057984,1403715945.334058,1403715945.334058,1176,1032,thin_observations_state_preserved_not_ready,1,0,0,0,0.39215183273220788,0.13971383552236924,0.56392082656410958,-9.6800002858946019,-0.88866837554396672,1.2096364473169949,9.7956805455919813,17,8,0,2,34710601.64449437,none,10310,51.549999952316284,0.00016091717260627967,0.0012535327481390638,disabled,disabled,0,0,0,0,-1,-1,0,0,0,0,0,0,65,66,1,0,0,0,none,1032,1,0,0,0,0,0,0,0,0,0,-1,0
1,1403715945.3840582,1403715945384058112,1403715945.3840582,1403715945.3840582,1177,1033,thin_observations_state_preserved_not_ready,1,0,0,0,0.36397025611382638,0.092265689177861876,0.45103484292541662,-9.7171873291202981,-0.93199904549009849,0.8376459818215638,9.7976529128599132,18,14,0,2,22841320.643590041,none,10320,51.600000143051147,5.3925620605415348e-05,0.00073646901814978551,disabled,disabled,0,0,0,0,-1,-1,0,0,0,0,0,0,60,60,1,0,0,0,none,1033,1,0,0,0,0,0,0,0,0,0,-1,0
1,1403715945.4340582,1403715945434058240,1403715945.4340582,1403715945.4340582,1178,1034,pool_not_mature,1,0,0,0,0.3698556945551999,0.041851004113691651,0.31053818945248868,-9.7431059163186067,-0.93204393411142672,0.48752875189579925,9.7997195406624584,21,19,1,2,21799915.130144201,none,10330,51.650000095367432,3.7781027768752199e-05,0.00026931399391792038,disabled,disabled,0,0,0,0,-1,-1,0,0,0,0,0,0,34,48,1,0,0,0,none,1034,1,0,0,0,0,0,0,0,0,0,-1,0
1,1403715945.4840581,1403715945484058112,1403715945.4840581,1403715945.4840581,1179,1035,pool_not_mature,1,0,0,0,0.35775000801774881,-0.0048242203070380813,0.14173617476904524,-9.7625842801745559,-0.88369393525406215,0.14495205630034902,9.8035696507620056,20,19,2,2,20554651.277654167,none,10340,51.700000047683716,0.00017992593093575545,0.0018113444322562311,disabled,disabled,0,0,0,0,-1,-1,0,0,0,0,0,0,48,48,1,0,0,0,none,1035,1,0,0,0,0,0,0,0,0,0,-1,0
1,1403715945.5340581,1403715945534057984,1403715945.5340581,1403715945.5340581,1180,1036,pool_not_mature,1,0,0,0,0.32690323295737739,-0.058204968089607075,-0.045784738612666673,-9.7678044738495711,-0.83063169228993117,-0.08428152074613407,9.8034206592562079,28,26,3,2,21896456.324166607,none,10350,51.75,0.0015366403657882171,0.0092140459228823753,disabled,disabled,0,0,0,0,-1,-1,0,0,0,0,0,0,72,72,1,0,0,0,none,1036,1,0,0,0,0,0,0,0,0,0,-1,0
1,1403715945.5840583,1403715945584058368,1403715945.5840583,1403715945.5840583,1181,1037,confirming_observer_health,1,0,0,0,0.2570538505578378,-0.10092143776119743,-0.21997638565459479,-9.7721519744110363,-0.67147244190647293,0.084766510787423283,9.795560974879205,30,29,4,2,20075488.28673289,none,10360,51.800000190734863,0.00011249040852424518,0.0020185914997030274,disabled,disabled,0,0,0,0,-1,-1,0,0,0,0,0,0,72,72,1,0,0,0,none,1037,1,0,0,0,0,0,0,0,0,0,-1,0
1,1403715945.634058,1403715945634057984,1403715945.634058,1403715945.634058,1182,1038,confirming_observer_health,1,0,0,0,0.22454939297216958,-0.14716511867266568,-0.39924732461640283,-9.7642461370239158,-0.5180037578562442,0.59789450284586676,9.7962395006488556,30,29,5,2,17829624.803913619,none,10370,51.849999904632568,0.00078421205821621956,0.0087578449911132339,disabled,disabled,0,0,0,0,-1,-1,0,0,0,0,0,0,72,72,1,0,0,0,none,1038,1,0,0,0,0,0,0,0,0,0,-1,0
1,1403715945.6840582,1403715945684058112,1403715945.6840582,1403715945.6840582,1183,1039,confirming_observer_health,1,0,0,0,0.18301926558297144,-0.18298076552460543,-0.54517233710429081,-9.716825251258399,-0.36734586773507932,1.1933260940584844,9.7967169560417418,30,30,6,3,19701991.051126882,none,10380,51.900000095367432,0.00033308641607836557,0.0042230108536049004,disabled,disabled,0,0,0,0,-1,-1,0,0,0,0,0,0,72,72,1,0,0,0,none,1039,1,0,0,0,0,0,0,0,0,0,-1,0
1,1403715945.7340581,1403715945734058240,1403715945.7340581,1403715945.7340581,1184,1040,confirming_observer_health,1,0,0,0,0.11618658611063998,-0.20194268960692818,-0.65963155681298513,-9.6317831521073423,-0.26184886417104902,1.7818373435586274,9.7987119477912294,30,27,7,2,21463131.226843156,none,10390,51.950000047683716,0.0014759225230493792,0.0070141140564806909,disabled,disabled,0,0,0,0,-1,-1,0,0,0,0,0,0,72,72,1,0,0,0,none,1040,1,0,0,0,0,0,0,0,0,0,56014.586175380711,1
1,1403715945.7840581,1403715945784058112,1403715945.7840581,1403715945.7840581,1185,1041,confirming_observer_health,1,0,0,0,0.046225983181081183,-0.22285637534415906,-0.73385647375446139,-9.5071953065258814,-0.18666840537357168,2.3786434704588757,9.8020177743946721,30,27,8,2,23441271.744212668,none,10400,52,0.0011835007088664613,0.005626227505820364,disabled,disabled,0,0,0,0,-1,-1,0,0,0,0,0,0,72,72,1,0,0,0,none,1041,1,0,0,0,0,0,0,0,0,0,-1,0
1,1403715945.834058,1403715945834057984,1403715945.834058,1403715945.834058,1186,1042,confirming_observer_health,1,0,0,0,-0.024193318873777382,-0.21762988699992875,-0.77177202908200015,-9.3317909530019456,-0.16499908014517384,3.0019171740861661,9.8041345261604391,30,30,9,2,23251795.43449669,none,10410,52.049999952316284,0.0018623790336448659,0.010460880835464002,disabled,disabled,0,0,0,0,-1,-1,0,0,0,0,0,0,72,72,1,0,0,0,none,1042,1,0,0,0,0,0,0,0,0,0,-1,0
1,1403715945.8840582,1403715945884058112,1403715945.8840582,1403715945.8840582,1187,1043,confirming_observer_health,1,0,0,0,-0.06580906443072948,-0.22158425545069504,-0.75953607520224975,-9.1252172957096889,-0.12125364123001668,3.5971393549541979,9.8093682099506836,30,29,10,2,25321602.250860341,none,10420,52.100000143051147,0.00011551130945538642,0.0010785412651390417,disabled,disabled,0,0,0,0,-1,-1,0,0,0,0,0,0,29,42,1,0,0,0,none,1043,1,0,0,0,0,0,0,0,0,0,-1,0
1,1403715945.9340582,1403715945934058240,1403715945.9340582,1403715945.9340582,1188,1044,confirming_observer_health,1,0,0,0,-0.11101831167126118,-0.23166906815229599,-0.71443477264779964,-8.8897507696161924,-0.10220489397656773,4.1576862965788131,9.8145030402462918,30,24,11,2,27792438.312278003,none,10430,52.150000095367432,0.0017467900478052773,0.0090869131638891022,disabled,disabled,0,0,0,0,-1,-1,0,0,0,0,0,0,72,72,1,0,0,0,none,1044,1,0,0,0,0,0,0,0,0,0,-1,0
1,1403715945.9840581,1403715945984058112,1403715945.9840581,1403715945.9840581,1189,1045,confirming_observer_health,1,0,0,0,-0.12104757544872088,-0.23989491913939079,-0.64758042757201983,-8.6636142940857539,-0.04772402134843199,4.6177658342151036,9.8175481419010602,30,24,12,2,29276063.599502303,none,10440,52.200000047683716,2.4412161528679293e-05,0.00019733529147809061,disabled,disabled,0,0,0,0,-1,-1,0,0,0,0,0,0,18,30,1,0,0,0,none,1045,1,0,0,0,0,0,0,0,0,0,-1,0
1,1403715946.0340581,1403715946034057984,1403715946.0340581,1403715946.0340581,1190,1046,confirming_observer_health,1,0,0,0,-0.084958927986372459,-0.25388949136283412,-0.56252196117299436,-8.4490218942056803,-0.029313564627989928,5.0036142201879308,9.819520635871438,27,22,13,2,27646274.618228391,none,10450,52.25,0.00026615049529550669,0.0014299930699667111,disabled,disabled,0,0,0,0,-1,-1,0,0,0,0,0,0,72,72,1,0,0,0,none,1046,1,0,0,0,0,0,0,0,0,0,-1,0
1,1403715946.0840583,1403715946084058368,1403715946.0840583,1403715946.0840583,1191,1047,confirming_observer_health,1,0,0,0,-0.055496015677837067,-0.26418941434507043,-0.46348889618518824,-8.2659280857668858,-0.010219652197605004,5.3053588358787263,9.8220417397706754,27,23,14,2,28950106.915788203,none,10460,52.300000190734863,0,0,disabled,disabled,0,0,0,0,-1,-1,0,0,0,0,0,0,0,0,0,0,0,0,none,1047,1,0,0,0,0,0,0,0,0,0,-1,0
1,1403715946.134058,1403715946134057984,1403715946.134058,1403715946.134058,1192,1048,confirming_observer_health,1,0,0,0,0.0012889576098496741,-0.26809053646159331,-0.35248217876753379,-8.0770642650995619,0.041408346513040588,5.5879854051649849,9.8217240178110341,23,20,15,2,27608079.661774598,none,10470,52.349999904632568,0.00078237908968439233,0.0092296326348946557,disabled,disabled,0,0,0,0,-1,-1,0,0,0,0,0,0,72,72,1,0,0,0,none,1048,1,0,0,0,0,0,0,0,0,0,-1,0
1,1403715946.1840582,1403715946184058112,1403715946.1840582,1403715946.1840582,1193,1049,confirming_observer_health,1,0,0,0,0.078452198040803056,-0.27590072268969329,-0.24403434636935931,-7.896257144565717,0.056739724398353605,5.8383495295285419,9.8204084191227032,23,19,16,2,29548923.930496547,none,10480,52.400000095367432,5.808958531962591e-05,0.00080548881316030844,disabled,disabled,0,0,0,0,-1,-1,0,0,0,0,0,0,72,72,1,0,0,0,none,1049,1,0,0,0,0,0,0,0,0,0,-1,0
1,1403715946.2340581,1403715946234058240,1403715946.2340581,1403715946.2340581,1194,1050,confirming_observer_health,1,0,0,0,0.18133036902680116,-0.27778498481180497,-0.12954505468295904,-7.7431551560043328,0.094162974495771559,6.0372257196969512,9.8190331920353913,20,19,17,2,27587050.621187828,none,10490,52.450000047683716,0.00045914257515393343,0.0070260648562908892,disabled,disabled,0,0,0,0,-1,-1,0,0,0,0,0,0,72,72,1,0,0,0,none,1050,1,0,0,0,0,0,0,0,0,0,-1,0
1,1403715946.2840581,1403715946284058112,1403715946.2840581,1403715946.2840581,1195,1051,confirming_observer_health,1,0,0,0,0.31990036421736523,-0.27646058194030187,-0.010480334313520474,-7.6449689434983288,0.120461910531401,6.1620762114446048,9.8199411634996228,19,18,18,2,28416413.952651192,none,10500,52.5,3.2806555952195065e-05,0.00098236575010730723,disabled,disabled,0,0,0,0,-1,-1,0,0,0,0,0,0,26,60,1,0,0,0,none,1051,1,0,0,0,0,0,0,0,0,0,-1,0
1,1403715946.334058,1403715946334057984,1403715946.334058,1403715946.334058,1196,1052,confirming_observer_health,1,0,0,0,0.47398767507794426,-0.27599523323975084,0.11117194242355118,-7.6445942305823333,0.10648602601044389,6.1673209638660831,9.8227800593991841,20,18,19,2,29946726.246109027,none,10510,52.549999952316284,0.00026294609147932819,0.0027732003878833665,disabled,disabled,0,0,0,0,-1,-1,0,0,0,0,0,0,72,72,1,0,0,0,none,1052,1,0,0,0,0,0,0,0,0,0,-1,0
1,1403715946.3840582,1403715946384058112,1403715946.3840582,1403715946.3840582,1197,1053,confirming_observer_health,1,1,1,1,0.64044360331863015,-0.25774714496266238,0.252461995016248,-7.7747636409285814,0.032089051519474922,6.0105842001020697,9.8272631900264642,30,29,20,2,30152122.193962861,none,10520,52.600000143051147,0.0012031212414096203,0.006671917197544423,disabled,disabled,0,0,0,0,-1,-1,0,0,0,0,0,0,72,72,1,0,0,0,none,1053,1,0,0,0,0,0,0,0,0,0,-1,0
1,1403715946.4340582,1403715946434058240,1403715946.4340582,1403715946.4340582,1198,1054,confirming_observer_health,1,1,1,1,0.7526191366029058,-0.24345807422418492,0.38835882079477468,-8.028784221750529,-0.068918347609369032,5.6845572274612879,9.8376987497254564,30,30,21,2,31294198.161935121,none,10530,52.650000095367432,0.00021570835340571238,0.0021665398076393784,disabled,disabled,0,0,0,0,-1,-1,0,0,0,0,0,0,72,72,1,0,0,0,none,1054,1,0,0,0,0,0,0,0,0,0,-1,0
1,1403715946.4840581,1403715946484058112,1403715946.4840581,1403715946.4840581,1199,1055,confirming_observer_health,1,1,1,1,0.78141242986895731,-0.24540811453184788,0.54021171783226574,-8.3413477938143537,-0.16721693369506349,5.2279947791470853,9.8457084016882774,30,27,22,2,33809777.06136962,none,10540,52.700000047683716,0.0015344498898077401,0.019395257311996046,disabled,disabled,0,0,0,0,-1,-1,0,0,0,0,0,0,72,72,1,0,0,0,none,1055,1,0,0,0,0,0,0,0,0,0,-1,0
1,1403715946.5340581,1403715946534057984,1403715946.5340581,1403715946.5340581,1200,1056,ready,1,1,1,1,0.80521167881942923,-0.24860719415756302,0.67291497252217825,-8.6394213388330865,-0.19054913023399417,4.7302368671619428,9.8514491756479892,30,26,23,2,36080482.430108085,none,10550,52.75,0.00071797209075832988,0.0019408527894645626,disabled,disabled,0,0,0,0,-1,-1,0,0,0,0,0,0,72,72,1,0,0,0,none,1056,1,0,0,0,0,0,0,0,0,0,-1,0
1,1403715946.5840583,1403715946584058368,1403715946.5840583,1403715946.5840583,1201,1057,ready,1,1,1,1,0.80038502820275537,-0.23714975805976035,0.76971591789043825,-8.9294828480483606,-0.18637685494237391,4.1563565504830295,9.8511775966323576,30,27,24,2,33148387.223202392,none,10560,52.800000190734863,0.00035373354536337177,0.0016897622933222175,disabled,disabled,0,0,0,0,-1,-1,0,0,0,0,0,0,72,72,1,0,0,0,none,1057,1,0,0,0,0,0,0,0,0,0,-1,0
1,1403715946.634058,1403715946634057984,1403715946.634058,1403715946.634058,1202,1058,ready,1,1,1,1,0.75899816335721815,-0.23569118078298468,0.83670128070467309,-9.1839385166473519,-0.20064853389827472,3.5618020927163125,9.8524829692515876,30,28,25,2,34891620.703015856,none,10570,52.849999904632568,0.00090809089147192901,0.0012044937655458442,disabled,disabled,0,0,0,0,-1,-1,0,0,0,0,0,0,72,72,1,0,0,0,none,1058,1,0,0,0,0,0,0,0,0,0,-1,0
1,1403715946.6840582,1403715946684058112,1403715946.6840582,1403715946.6840582,1203,1059,ready,1,1,1,1,0.69303825081296577,-0.22508261558081688,0.86913605136018468,-9.3867622382672344,-0.17012517415917661,3.0021956295662493,9.8566437741672033,30,24,26,2,32033231.336019803,none,10580,52.900000095367432,0.00025090552727451029,0.00094990917623721761,disabled,disabled,0,0,0,0,-1,-1,0,0,0,0,0,0,48,48,1,0,0,0,none,1059,1,0,0,0,0,0,0,0,0,0,-1,0
1,1403715946.7340581,1403715946734058240,1403715946.7340581,1403715946.7340581,1204,1060,ready,1,1,1,1,0.59038879143277845,-0.23309125826087373,0.86537110293032249,-9.5208542954515956,-0.18191811373645209,2.550619561683023,9.8582666257189775,30,19,27,2,35431833.718098998,none,10590,52.950000047683716,0.00045962968963571282,0.004013326561700465,disabled,disabled,0,0,0,0,-1,-1,0,0,0,0,0,0,72,72,1,0,0,0,none,1060,1,0,0,0,0,0,0,0,0,0,38691.512232710564,1
1,1403715946.7840581,1403715946784058112,1403715946.7840581,1403715946.7840581,1205,1061,pool_not_mature,1,1,1,1,0.52510859601561399,-0.23634661205217006,0.83942910484599098,-9.6168404712530933,-0.1499700012254708,2.1739880263972049,9.8606457998306283,25,17,28,2,34698348.249249749,none,10600,53,0.00015293374583803492,0.0020197790749452329,disabled,disabled,0,0,0,0,-1,-1,0,0,0,0,0,0,72,72,1,0,0,0,none,1061,1,0,0,0,0,0,0,0,0,0,-1,0
1,1403715946.834058,1403715946834057984,1403715946.834058,1403715946.834058,1206,1062,confirming_observer_health,1,1,1,1,0.44192575430075098,-0.22713268076021595,0.79608022484838592,-9.6757379862100468,-0.13791900515226588,1.9187581631577908,9.8651183529877073,24,20,29,2,32532606.012824219,none,10610,53.049999952316284,0.0001997439726958757,0.0014876268411659634,disabled,disabled,0,0,0,0,-1,-1,0,0,0,0,0,0,72,72,1,0,0,0,none,1062,1,0,0,0,0,0,0,0,0,0,-1,0
1,1403715946.8840582,1403715946884058112,1403715946.8840582,1403715946.8840582,1207,1063,confirming_observer_health,1,1,1,1,0.38449627939520842,-0.23820899831418299,0.72164181678436101,-9.7252172398058736,-0.13596955092626409,1.6857997073717939,9.8711832489105014,22,20,30,2,31912526.52556587,none,10620,53.100000143051147,0.0003500622780081993,0.0032005921157719623,disabled,disabled,0,0,0,0,-1,-1,0,0,0,0,0,0,54,54,1,0,0,0,none,1063,1,0,0,0,0,0,0,0,0,0,-1,0
1,1403715946.9340582,1403715946934058240,1403715946.9340582,1403715946.9340582,1208,1064,pool_not_mature,1,1,1,1,0.32892040135739498,-0.23396882502586386,0.62384700399046944,-9.7616463128135784,-0.14662508009915598,1.464518392008197,9.8719831731578278,21,15,31,2,33760925.485027388,none,10630,53.150000095367432,7.2694866383427029e-05,0.0036485025983985899,disabled,disabled,0,0,0,0,-1,-1,0,0,0,0,0,0,72,72,1,0,0,0,none,1064,1,0,0,0,0,0,0,0,0,0,-1,0
1,1403715946.9840581,1403715946984058112,1403715946.9840581,1403715946.9840581,1209,1065,pool_not_mature,1,1,1,1,0.28213271508382476,-0.23973478326268202,0.52833104427082633,-9.7871187087523364,-0.18958371895687859,1.2720519135980377,9.8712588192485349,20,15,32,2,35210862.645505935,none,10640,53.200000047683716,0.00063510859582259526,0.0067935970681426618,disabled,disabled,0,0,0,0,-1,-1,0,0,0,0,0,0,72,72,1,0,0,0,none,1065,1,0,0,0,0,0,0,0,0,0,-1,0
1,1403715947.0340581,1403715947034057984,1403715947.0340581,1403715947.0340581,1210,1066,pool_not_mature,1,1,1,1,0.2522850334955708,-0.25007920515001231,0.42447426053641035,-9.81092491719272,-0.18963286905441459,1.049959699830701,9.8687701223145012,16,15,33,2,26505852.35449056,none,10650,53.25,4.5776054399034556e-05,0.0020490470998494521,disabled,disabled,0,0,0,0,-1,-1,0,0,0,0,0,0,72,72,1,0,0,0,none,1066,1,0,0,0,0,0,0,0,0,0,-1,0
1,1403715947.0840583,1403715947084058368,1403715947.0840583,1403715947.0840583,1211,1067,pool_not_mature,1,1,1,1,0.24915483571692545,-0.2590188214059248,0.29381995097795344,-9.8327513186050304,-0.15605648051213333,0.80261370568004287,9.8666884454301211,20,19,34,2,28022276.610175975,none,10660,53.300000190734863,0.00038127578958204524,0.015574784655407858,disabled,disabled,0,0,0,0,-1,-1,0,0,0,0,0,0,72,72,1,0,0,0,none,1067,1,0,0,0,0,0,0,0,0,0,-1,0
1,1403715947.134058,1403715947134057984,1403715947.134058,1403715947.134058,1212,1068,thin_observations_state_preserved_not_ready,1,0,0,0,0.23626668813923893,-0.26779360534203872,0.14997424929444594,-9.8527822264937139,-0.11898797161759644,0.37567845847476039,9.8606597164825676,20,12,0,2,29559091.353500471,none,10670,53.349999904632568,0.00016682413543954845,0.0027661786566518976,disabled,disabled,0,0,0,0,-1,-1,0,0,0,0,0,0,66,66,1,0,0,0,none,1068,1,0,0,0,0,0,0,0,0,0,-1,0
1,1403715947.1840582,1403715947184058112,1403715947.1840582,1403715947.1840582,1213,1069,pool_not_mature,1,0,0,0,0.20610268492151207,-0.2659404693818323,-0.00095625338648017665,-9.8525888401249357,-0.10100516838088464,-0.072632835712859001,9.8533742659769992,23,15,1,2,32082857.163919885,none,10680,53.400000095367432,0.0012777745405901267,0.0024644638077358097,disabled,disabled,0,0,0,0,-1,-1,0,0,0,0,0,0,72,72,1,0,0,0,none,1069,1,0,0,0,0,0,0,0,0,0,-1,0
1,1403715947.2340581,1403715947234058240,1403715947.2340581,1403715947.2340581,1214,1070,pool_not_mature,1,0,0,0,0.17536185681819358,-0.2648869666803092,-0.17272078499026897,-9.8414516196679962,-0.052801468792325584,-0.38587683420415236,9.8491552383210959,24,24,2,2,14585458.707726492,none,10690,53.450000047683716,0,0,disabled,disabled,0,0,0,0,-1,-1,0,0,0,0,0,0,0,0,0,0,0,0,none,1070,1,0,0,0,0,0,0,0,0,0,-1,0
1,1403715947.2840581,1403715947284058112,1403715947.2840581,1403715947.2840581,1215,1071,pool_not_mature,1,0,0,0,0.078234500402458051,-0.26518667790789913,-0.34939164310769644,-9.8320631964108394,-0.006435061537452858,-0.5320293574412468,9.846449276029043,25,23,3,2,16794446.178996254,none,10700,53.5,9.5764962655188582e-05,0.00055181519940396891,disabled,disabled,0,0,0,0,-1,-1,0,0,0,0,0,0,15,30,1,0,0,0,none,1071,1,0,0,0,0,0,0,0,0,0,-1,0
1,1403715947.334058,1403715947334057984,1403715947.334058,1403715947.334058,1216,1072,pool_not_mature,1,0,0,0,0.03542841278877136,-0.2546954035264859,-0.54122511579636723,-9.835100328366206,0.054013656199862536,-0.42806305284636048,9.8445596103277921,28,25,4,2,18656533.174060877,none,10710,53.549999952316284,5.2117223766083173e-05,0.0032884740647958375,disabled,disabled,0,0,0,0,-1,-1,0,0,0,0,0,0,66,72,1,0,0,0,none,1072,1,0,0,0,0,0,0,0,0,0,-1,0
1,1403715947.3840582,1403715947384058112,1403715947.3840582,1403715947.3840582,1217,1073,confirming_observer_health,1,0,0,0,-0.070402932836359636,-0.25592023279420539,-0.69734169238834953,-9.8429367862775887,0.079557576326197504,-0.080061835608147058,9.8435838943003073,30,29,5,2,18335873.233763322,none,10720,53.600000143051147,0.00068377880174030935,0.0058642135833531436,disabled,disabled,0,0,0,0,-1,-1,0,0,0,0,0,0,72,72,1,0,0,0,none,1073,1,0,0,0,0,0,0,0,0,0,-1,0
1,1403715947.4340582,1403715947434058240,1403715947.4340582,1403715947.4340582,1218,1074,confirming_observer_health,1,0,0,0,-0.18292956949281064,-0.25149831490630947,-0.83792873519102828,-9.8307215472525034,0.085183497520252532,0.48226729715969846,9.8429123796655915,30,30,6,2,19781740.083297331,none,10730,53.650000095367432,5.312943804846338e-05,0.00025345004272805727,disabled,disabled,0,0,0,0,-1,-1,0,0,0,0,0,0,9,18,1,0,0,0,none,1074,1,0,0,0,0,0,0,0,0,0,-1,0
1,1403715947.4840581,1403715947484058112,1403715947.4840581,1403715947.4840581,1219,1075,confirming_observer_health,1,0,0,0,-0.29991917586178779,-0.24570082305023719,-0.94846361055082451,-9.7852621241742987,0.14032115381043511,1.0888099966829237,9.8466518204861639,30,28,7,2,21828183.782924343,none,10740,53.700000047683716,0.00025725082483417963,0.0044055132569995326,disabled,disabled,0,0,0,0,-1,-1,0,0,0,0,0,0,72,72,1,0,0,0,none,1075,1,0,0,0,0,0,0,0,0,0,-1,0
1,1403715947.5340581,1403715947534057984,1403715947.5340581,1403715947.5340581,1220,1076,confirming_observer_health,1,0,0,0,-0.4476308730083649,-0.23565695772560469,-1.0207769713760946,-9.6990975542979925,0.21132814146188361,1.6814345311817969,9.8460334670268903,30,27,8,2,23877300.934255622,none,10750,53.75,0.0018855177693573623,0.023789690706576085,disabled,disabled,0,0,0,0,-1,-1,0,0,0,0,0,0,72,72,1,0,0,0,none,1076,1,0,0,0,0,0,0,0,0,0,-1,0
1,1403715947.5840583,1403715947584058368,1403715947.5840583,1403715947.5840583,1221,1077,confirming_observer_health,1,0,0,0,-0.59389564027546049,-0.21852465065246346,-1.0288790431968764,-9.5858729540681704,0.34673966665674277,2.2389344427429685,9.8499754378815396,30,28,9,2,23743070.731267557,none,10760,53.800000190734863,0.00069848818534538838,0.0080579298645312089,disabled,disabled,0,0,0,0,-1,-1,0,0,0,0,0,0,72,72,1,0,0,0,none,1077,1,0,0,0,0,0,0,0,0,0,-1,0
1,1403715947.634058,1403715947634057984,1403715947.634058,1403715947.634058,1222,1078,confirming_observer_health,1,0,0,0,-0.72093621915752537,-0.19067664616553764,-0.99679790172130012,-9.4167060460643004,0.44692540440085798,2.8719824914986081,9.8550686708189588,30,22,10,2,26057400.494591467,none,10770,53.849999904632568,0.0010416777355928076,0.0072353463327509172,disabled,disabled,0,0,0,0,-1,-1,0,0,0,0,0,0,72,72,1,0,0,0,none,1078,1,0,0,0,0,0,0,0,0,0,-1,0
1,1403715947.6840582,1403715947684058112,1403715947.6840582,1403715947.6840582,1223,1079,confirming_observer_health,1,0,0,0,-0.83728420248638713,-0.17181179451852913,-0.92553024737811662,-9.2216684307994203,0.57446811833438105,3.446953915225293,9.8615756124603262,30,22,11,2,28340523.36184537,none,10780,53.900000095367432,0.00052916728295565965,0.0025898101890295751,disabled,disabled,0,0,0,0,-1,-1,0,0,0,0,0,0,72,72,1,0,0,0,none,1079,1,0,0,0,0,0,0,0,0,0,-1,0
1,1403715947.7340581,1403715947734058240,1403715947.7340581,1403715947.7340581,1224,1080,confirming_observer_health,1,0,0,0,-0.9230560770256615,-0.12797113184971254,-0.83628976936588972,-9.0108144754876509,0.65504993130452016,3.9629713058520357,9.8655465887687352,28,27,12,2,24698304.101659283,none,10790,53.950000047683716,2.8570483148182911e-06,8.1479520491216828e-05,disabled,disabled,0,0,0,0,-1,-1,0,0,0,0,0,0,22,36,1,0,0,0,none,1080,1,0,0,0,0,0,0,0,0,0,0.99999499998981178,1
1,1403715947.7840581,1403715947784058112,1403715947.7840581,1403715947.7840581,1225,1081,confirming_observer_health,1,0,0,0,-0.97513569213768581,-0.10117248337910663,-0.72986867754907947,-8.8273382824394258,0.63407465842301014,4.3694890166156846,9.8699739660953512,27,21,13,2,25544179.744972967,none,10800,54,0.00054144933857913657,0.0053936907338603861,disabled,disabled,0,0,0,0,-1,-1,0,0,0,0,0,0,72,72,1,0,0,0,none,1081,1,0,0,0,0,0,0,0,0,0,-1,0
1,1403715947.834058,1403715947834057984,1403715947.834058,1403715947.834058,1226,1082,confirming_observer_health,1,0,0,0,-0.98848917996607844,-0.078372452572387952,-0.61162710396503195,-8.6590320842538056,0.55236393238251003,4.699723028645197,9.867691680221462,28,21,14,2,28147203.570241701,none,10810,54.049999952316284,7.2955364746143603e-05,0.00039670141447749899,disabled,disabled,0,0,0,0,-1,-1,0,0,0,0,0,0,42,42,1,0,0,0,none,1082,1,0,0,0,0,0,0,0,0,0,-1,0
1,1403715947.8840582,1403715947884058112,1403715947.8840582,1403715947.8840582,1227,1083,confirming_observer_health,1,0,0,0,-0.99622087264896564,-0.05431939180726595,-0.48048488619122787,-8.4835724802332244,0.44603972905789857,5.016527309085971,9.8658755166520251,30,28,15,2,25849078.910173204,none,10820,54.100000143051147,3.3098149815924065e-05,0.00031991073190029917,disabled,disabled,0,0,0,0,-1,-1,0,0,0,0,0,0,33,36,1,0,0,0,none,1083,1,0,0,0,0,0,0,0,0,0,-1,0
1,1403715947.9340582,1403715947934058240,1403715947.9340582,1403715947.9340582,1228,1084,pool_not_mature,1,0,0,0,-0.97830876744586592,-0.057585358632882021,-0.344302103025802,-8.3029611908291123,0.36557539398918876,5.3083730298268419,9.8616243149340139,30,19,16,2,28317953.757939167,none,10830,54.150000095367432,0.00059402819163636956,0.0052850809880716472,disabled,disabled,0,0,0,0,-1,-1,0,0,0,0,0,0,72,72,1,0,0,0,none,1084,1,0,0,0,0,0,0,0,0,0,-1,0
1,1403715947.9840581,1403715947984058112,1403715947.9840581,1403715947.9840581,1229,1085,pool_not_mature,1,0,0,0,-0.89673458262053773,-0.049177706442808805,-0.2034962228497332,-8.1108160090815229,0.28320329295496172,5.5869735782524508,9.8529089208418359,30,19,17,2,30170086.179156132,none,10840,54.200000047683716,8.1692843059848308e-05,0.00045919729246771514,disabled,disabled,0,0,0,0,-1,-1,0,0,0,0,0,0,72,72,1,0,0,0,none,1085,1,0,0,0,0,0,0,0,0,0,-1,0
1,1403715948.0340581,1403715948034057984,1403715948.0340581,1403715948.0340581,1230,1086,confirming_observer_health,1,0,0,0,-0.78317355516531384,-0.052448692746984972,-0.066769966010560497,-7.9104734132139187,0.22922718217730514,5.8495445156453387,9.8410012581408441,25,24,18,2,19800042.075920623,none,10850,54.25,0.0010309421999183193,0.007744838579278962,disabled,disabled,0,0,0,0,-1,-1,0,0,0,0,0,0,72,72,1,0,0,0,none,1086,1,0,0,0,0,0,0,0,0,0,-1,0
1,1403715948.0840583,1403715948084058368,1403715948.0840583,1403715948.0840583,1231,1087,confirming_observer_health,1,0,0,0,-0.64725952450183211,-0.050172509109398543,0.080475886083015799,-7.7153450321844756,0.20097731532675311,6.0869046948262877,9.8294124753633128,30,29,19,2,20515930.038143523,none,10860,54.300000190734863,0.00012323964067967159,0.0012599448760112967,disabled,disabled,0,0,0,0,-1,-1,0,0,0,0,0,0,72,72,1,0,0,0,none,1087,1,0,0,0,0,0,0,0,0,0,-1,0
1,1403715948.134058,1403715948134057984,1403715948.134058,1403715948.134058,1232,1088,confirming_observer_health,1,1,1,1,-0.48855072089278884,-0.045998581827017375,0.22514721501184137,-7.572927705837178,0.15387414664979748,6.2532985131588248,9.8222529791040252,30,29,20,2,22868279.769271452,none,10870,54.349999904632568,0.0011461928579435123,0.0059995571918117514,disabled,disabled,0,0,0,0,-1,-1,0,0,0,0,0,0,72,72,1,0,0,0,none,1088,1,0,0,0,0,0,0,0,0,0,-1,0
1,1403715948.1840582,1403715948184058112,1403715948.1840582,1403715948.1840582,1233,1089,confirming_observer_health,1,1,1,1,-0.31602742398090949,-0.050441898645903885,0.35065452431483563,-7.4658078825497691,0.12054798120814557,6.3731114348969884,9.8167901330592979,30,30,21,2,23098202.355188634,none,10880,54.400000095367432,7.6171456529648733e-05,0.0013057400837647713,disabled,disabled,0,0,0,0,-1,-1,0,0,0,0,0,0,72,72,1,0,0,0,none,1089,1,0,0,0,0,0,0,0,0,0,-1,0
1,1403715948.2340581,1403715948234058240,1403715948.2340581,1403715948.2340581,1234,1090,confirming_observer_health,1,1,1,1,-0.12966211977160708,-0.040162424764303824,0.46503681941467551,-7.4745977589766381,0.12408307480767268,6.3651734286463659,9.8183726271056777,30,30,22,2,24840245.725884993,none,10890,54.450000047683716,0.0004059008450040903,0.0083157876448582118,disabled,disabled,0,0,0,0,-1,-1,0,0,0,0,0,0,72,72,1,0,0,0,none,1090,1,0,0,0,0,0,0,0,0,0,-1,0
1,1403715948.2840581,1403715948284058112,1403715948.2840581,1403715948.2840581,1235,1091,confirming_observer_health,1,1,1,1,0.04454394654434405,-0.0490922525180447,0.59723287874010211,-7.5870076158587141,0.12280293528944422,6.2327205911425789,9.8196013713015109,30,30,23,2,26513619.648111451,none,10900,54.5,7.9510928561255586e-05,0.0020970591680231228,disabled,disabled,0,0,0,0,-1,-1,0,0,0,0,0,0,72,72,1,0,0,0,none,1091,1,0,0,0,0,0,0,0,0,0,-1,0
1,1403715948.334058,1403715948334057984,1403715948.334058,1403715948.334058,1236,1092,confirming_observer_health,1,1,1,1,0.17984052296089298,-0.0439487949902461,0.71908655400877097,-7.8115765028214907,0.14094134247584064,5.9540651713536779,9.8230078889400581,30,30,24,2,28167295.252310447,none,10910,54.549999952316284,0.00061600114181550056,0.005482159010741932,disabled,disabled,0,0,0,0,-1,-1,0,0,0,0,0,0,72,72,1,0,0,0,none,1092,1,0,0,0,0,0,0,0,0,0,-1,0
1,1403715948.3840582,1403715948384058112,1403715948.3840582,1403715948.3840582,1237,1093,confirming_observer_health,1,1,1,1,0.25079305824742543,-0.030987796167725092,0.82754369356965818,-8.1102224490161205,0.1618296900359692,5.5485842451800131,9.8279542198242886,30,30,25,2,29817055.599234819,none,10920,54.600000143051147,0.00031954944822802037,0.0033317691451086001,disabled,disabled,0,0,0,0,-1,-1,0,0,0,0,0,0,72,72,1,0,0,0,none,1093,1,0,0,0,0,0,0,0,0,0,-1,0
1,1403715948.4340582,1403715948434058240,1403715948.4340582,1403715948.4340582,1238,1094,confirming_observer_health,1,1,1,1,0.26898920516324193,-0.031144884544487595,0.92911173951600357,-8.4187474931861495,0.17223077622265079,5.0762779560818458,9.8322718982801121,30,29,26,2,31586566.748663574,none,10930,54.650000095367432,8.816452600854929e-05,0.00079335183980932253,disabled,disabled,0,0,0,0,-1,-1,0,0,0,0,0,0,53,54,1,0,0,0,none,1094,1,0,0,0,0,0,0,0,0,0,-1,0
1,1403715948.4840581,1403715948484058112,1403715948.4840581,1403715948.4840581,1239,1095,confirming_observer_health,1,1,1,1,0.26257637187542776,-0.024209769721002874,1.0035015015518578,-8.7139645267942729,0.13219489975219414,4.5644277166410401,9.8379191725786388,30,29,27,2,33341105.387944952,none,10940,54.700000047683716,0.00048777771096324287,0.0031527260139810886,disabled,disabled,0,0,0,0,-1,-1,0,0,0,0,0,0,60,60,1,0,0,0,none,1095,1,0,0,0,0,0,0,0,0,0,-1,0
1,1403715948.5340581,1403715948534057984,1403715948.5340581,1403715948.5340581,1240,1096,confirming_observer_health,1,1,1,1,0.22661636671587787,-0.013207605887163382,1.0505139514699844,-8.9581813419460676,0.088866300621824323,4.0757288590985201,9.8421784127024132,30,29,28,2,34026762.424993291,none,10950,54.75,0.00016562772935598726,0.0021925728105547954,disabled,disabled,0,0,0,0,-1,-1,0,0,0,0,0,0,72,72,1,0,0,0,none,1096,1,0,0,0,0,0,0,0,0,0,-1,0
1,1403715948.5840583,1403715948584058368,1403715948.5840583,1403715948.5840583,1241,1097,confirming_observer_health,1,1,1,1,0.1503192217610981,-0.011094725206010377,1.0874445030546886,-9.1793211279053804,0.026477120914879804,3.5601885685148766,9.8455868311912251,30,27,29,2,36095309.67598208,none,10960,54.800000190734863,0.00043904098191415786,0.001470794580570415,disabled,disabled,0,0,0,0,-1,-1,0,0,0,0,0,0,72,72,1,0,0,0,none,1097,1,0,0,0,0,0,0,0,0,0,-1,0
1,1403715948.634058,1403715948634057984,1403715948.634058,1403715948.634058,1242,1098,confirming_observer_health,1,1,1,1,0.086576084377264509,-0.015212904622571823,1.0811834251160515,-9.3339287595741247,-0.00803668568417624,3.1307025721225816,9.8449778705803457,30,27,30,2,36651242.303179115,none,10970,54.849999904632568,0.00046083243134444703,0.0017375093381695528,disabled,disabled,0,0,0,0,-1,-1,0,0,0,0,0,0,60,60,1,0,0,0,none,1098,1,0,0,0,0,0,0,0,0,0,-1,0
1,1403715948.6840582,1403715948684058112,1403715948.6840582,1403715948.6840582,1243,1099,confirming_observer_health,1,1,1,1,0.012005387913600082,-0.017602274930808931,1.0497020078560664,-9.4648028793058412,-0.056371051776646856,2.7128947182826013,9.8460890201175904,30,28,31,2,36380419.628561646,none,10980,54.900000095367432,0.00048936390614767505,0.0022974923061409485,disabled,disabled,0,0,0,0,-1,-1,0,0,0,0,0,0,72,72,1,0,0,0,none,1099,1,0,0,0,0,0,0,0,0,0,-1,0
1,1403715948.7340581,1403715948734058240,1403715948.7340581,1403715948.7340581,1244,1100,confirming_observer_health,1,1,1,1,-0.057524509864383767,-0.031002457969511364,0.98992379545004472,-9.5762896873726735,-0.092320660247915909,2.2921791230460551,9.8472296821449739,30,29,32,2,37779110.657933421,none,10990,54.950000047683716,0.00029624697402444645,0.0034071748754245664,disabled,disabled,0,0,0,0,-1,-1,0,0,0,0,0,0,72,72,1,0,0,0,none,1100,1,0,0,0,0,0,0,0,0,0,0.9999949999731903,1
1,1403715948.7840581,1403715948784058112,1403715948.7840581,1403715948.7840581,1245,1101,confirming_observer_health,1,1,1,1,-0.13788759997497435,-0.04113868176476336,0.89962239988234927,-9.649420651889038,-0.13501099560206919,1.9607028351594054,9.847532812529149,30,27,33,2,38508813.2055474,none,11000,55,0.00019154948604572212,0.0030095042517754747,disabled,disabled,0,0,0,0,-1,-1,0,0,0,0,0,0,72,72,1,0,0,0,none,1101,1,0,0,0,0,0,0,0,0,0,-1,0
1,1403715948.834058,1403715948834057984,1403715948.834058,1403715948.834058,1246,1102,confirming_observer_health,1,1,1,1,-0.1857067592610912,-0.044845620205469075,0.82210581021655593,-9.7001250781398785,-0.14676462569661736,1.7041144176466072,9.8497701666254684,30,22,34,2,41205146.86515779,none,11010,55.049999952316284,0.000607766659785058,0.0031211523956301427,disabled,disabled,0,0,0,0,-1,-1,0,0,0,0,0,0,72,72,1,0,0,0,none,1102,1,0,0,0,0,0,0,0,0,0,-1,0
1,1403715948.8840582,1403715948884058112,1403715948.8840582,1403715948.8840582,1247,1103,confirming_observer_health,1,1,1,1,-0.19744340296804419,-0.053394390941039843,0.7261489892278693,-9.7385318585082405,-0.14580674613591732,1.4771294356332445,9.8509986161816556,30,24,35,2,39623425.989843093,none,11020,55.100000143051147,0.001007004575930453,0.0041851612010136447,disabled,disabled,0,0,0,0,-1,-1,0,0,0,0,0,0,72,72,1,0,0,0,none,1103,1,0,0,0,0,0,0,0,0,0,-1,0
1,1403715948.9340582,1403715948934058240,1403715948.9340582,1403715948.9340582,1248,1104,confirming_observer_health,1,1,1,1,-0.21405676583307348,-0.055568349255868441,0.61397021298339427,-9.7664572498873703,-0.10921748818729074,1.2780202293793235,9.8503274757901469,30,30,36,2,36343940.722617663,none,11030,55.150000095367432,0,0,disabled,disabled,0,0,0,0,-1,-1,0,0,0,0,0,0,0,0,0,0,0,0,none,1104,1,0,0,0,0,0,0,0,0,0,-1,0
1,1403715948.9840581,1403715948984058112,1403715948.9840581,1403715948.9840581,1249,1105,ready,1,1,1,1,-0.21011188781927656,-0.060601305391086713,0.49363959513939148,-9.7936833432291834,-0.093283844017229015,1.0670442252487247,9.8520819465550549,30,27,37,2,38785373.058669977,none,11040,55.200000047683716,7.5329709391649667e-05,0.0006160236774368495,disabled,disabled,0,0,0,0,-1,-1,0,0,0,0,0,0,25,42,1,0,0,0,none,1105,1,0,0,0,0,0,0,0,0,0,-1,0
1,1403715949.0340581,1403715949034057984,1403715949.0340581,1403715949.0340581,1250,1106,ready,1,1,1,1,-0.22967863101622171,-0.065185163756280737,0.36395879533707293,-9.8109722634190675,-0.076770298510419971,0.87714129951950037,9.8504034075582094,30,27,38,2,40881323.193009809,none,11050,55.25,4.9523551863502873e-05,0.00068347552124590832,disabled,disabled,0,0,0,0,-1,-1,0,0,0,0,0,0,25,66,1,0,0,0,none,1106,1,0,0,0,0,0,0,0,0,0,-1,0
1,1403715949.0840583,1403715949084058368,1403715949.0840583,1403715949.0840583,1251,1107,ready,1,1,1,1,-0.23474149874618605,-0.065515384196435406,0.23005396375648696,-9.8203569507175246,-0.069200931200404783,0.76591525977068531,9.8504226098952028,30,30,39,2,38724679.320964158,none,11060,55.300000190734863,0.0002824288334275501,0.014324963122645473,disabled,disabled,0,0,0,0,-1,-1,0,0,0,0,0,0,72,72,1,0,0,0,none,1107,1,0,0,0,0,0,0,0,0,0,-1,0
1,1403715949.134058,1403715949134057984,1403715949.134058,1403715949.134058,1252,1108,ready,1,1,1,1,-0.2267799596355467,-0.068072852393602959,0.098637987512662825,-9.819326185827185,-0.04337339869287176,0.76987988348922476,9.8495564890195428,30,29,40,2,40699771.871681526,none,11070,55.349999904632568,0.0001248969026256256,0.0007221593751544831,disabled,disabled,0,0,0,0,-1,-1,0,0,0,0,0,0,36,72,1,0,0,0,none,1108,1,0,0,0,0,0,0,0,0,0,-1,0
1,1403715949.1840582,1403715949184058112,1403715949.1840582,1403715949.1840582,1253,1109,ready,1,1,1,1,-0.27489388478362103,-0.075881371431172503,-0.023324600228073703,-9.7994043739843306,-0.02112773144669311,0.95725674261196037,9.8460709390688113,30,28,41,2,42619986.265483789,none,11080,55.400000095367432,0.00076277974374683245,0.002347396490390495,disabled,disabled,0,0,0,0,-1,-1,0,0,0,0,0,0,72,72,1,0,0,0,none,1109,1,0,0,0,0,0,0,0,0,0,-1,0
1,1403715949.2340581,1403715949234058240,1403715949.2340581,1403715949.2340581,1254,1110,ready,1,1,1,1,-0.28383161628300435,-0.067924015355726855,-0.12164097422576124,-9.746243531204918,-0.033104197389161115,1.3718937658899759,9.8423803707399085,30,29,42,2,42256720.207031637,none,11090,55.450000047683716,0.0018084591556950308,0.0047889718537114708,disabled,disabled,0,0,0,0,-1,-1,0,0,0,0,0,0,72,72,1,0,0,0,none,1110,1,0,0,0,0,0,0,0,0,0,-1,0
1,1403715949.2840581,1403715949284058112,1403715949.2840581,1403715949.2840581,1255,1111,ready,1,1,1,1,-0.30598984497826454,-0.069947806116344546,-0.19868254570208957,-9.6666621500186025,-0.016449821880201297,1.8424630880919581,9.8406960094407712,30,28,43,2,43782476.645332538,none,11100,55.5,0.0002553097539117187,0.0051778872900821882,disabled,disabled,0,0,0,0,-1,-1,0,0,0,0,0,0,72,72,1,0,0,0,none,1111,1,0,0,0,0,0,0,0,0,0,-1,0
1,1403715949.334058,1403715949334057984,1403715949.334058,1403715949.334058,1256,1112,ready,1,1,1,1,-0.32036747603421162,-0.071220538531437366,-0.24700119036346241,-9.5440846772070618,-0.014775171164310097,2.3960647182764157,9.8402691409102516,30,25,44,2,46241489.540876657,none,11110,55.549999952316284,0.0015527717475401284,0.0029205373718861954,disabled,disabled,0,0,0,0,-1,-1,0,0,0,0,0,0,72,72,1,0,0,0,none,1112,1,0,0,0,0,0,0,0,0,0,-1,0
1,1403715949.3840582,1403715949384058112,1403715949.3840582,1403715949.3840582,1257,1113,ready,1,1,1,1,-0.34395320483865999,-0.072544096103228622,-0.26630396486397367,-9.371559992337982,-0.015238497401898851,2.9864070353651369,9.8359034095842635,30,26,45,2,45717284.777842343,none,11120,55.600000143051147,0.0003010885663222786,0.010459376432724706,disabled,disabled,0,0,0,0,-1,-1,0,0,0,0,0,0,72,72,1,0,0,0,none,1113,1,0,0,0,0,0,0,0,0,0,-1,0
1,1403715949.4340582,1403715949434058240,1403715949.4340582,1403715949.4340582,1258,1114,ready,1,1,1,1,-0.33758830184756233,-0.084859678186455623,-0.27124148631617151,-9.1650900382666904,-0.0017885240575284454,3.5657456253882525,9.834298168823695,30,27,46,2,45388808.062140509,none,11130,55.650000095367432,0.00026360347079909877,0.0023476639729304882,disabled,disabled,0,0,0,0,-1,-1,0,0,0,0,0,0,72,72,1,0,0,0,none,1114,1,0,0,0,0,0,0,0,0,0,-1,0
1,1403715949.4840581,1403715949484058112,1403715949.4840581,1403715949.4840581,1259,1115,ready,1,1,1,1,-0.31560050167454878,-0.089438104888303033,-0.23463223437882241,-8.9666830576424275,-0.010094430224741859,4.0409878232820153,9.8351964668554963,30,19,47,2,47349941.539919779,none,11140,55.700000047683716,0.00049471604593634628,0.0070208001454846259,disabled,disabled,0,0,0,0,-1,-1,0,0,0,0,0,0,72,72,1,0,0,0,none,1115,1,0,0,0,0,0,0,0,0,0,-1,0
1,1403715949.5340581,1403715949534057984,1403715949.5340581,1403715949.5340581,1260,1116,ready,1,1,1,1,-0.29847913008385857,-0.095115460285291886,-0.17886699502781539,-8.7810317409221987,0.0027374428502914471,4.4345153746760291,9.837248219746952,29,19,48,2,49134140.169166833,none,11150,55.75,0.00015310851028130302,0.0010847920790989104,disabled,disabled,0,0,0,0,-1,-1,0,0,0,0,0,0,62,72,1,0,0,0,none,1116,1,0,0,0,0,0,0,0,0,0,-1,0
1,1403715949.5840583,1403715949584058368,1403715949.5840583,1403715949.5840583,1261,1117,ready,1,1,1,1,-0.25113478356493463,-0.097512127874912591,-0.11068843790259809,-8.624801846918599,-0.022094845736082759,4.7334756575819936,9.8383681005408548,20,18,49,2,43019443.811532617,none,11160,55.800000190734863,0.00024959760614756617,0.00068147266188183387,disabled,disabled,0,0,0,0,-1,-1,0,0,0,0,0,0,28,48,1,0,0,0,none,1117,1,0,0,0,0,0,0,0,0,0,-1,0
1,1403715949.634058,1403715949634057984,1403715949.634058,1403715949.634058,1262,1118,ready,1,1,1,1,-0.19450228838717268,-0.10193816855270736,-0.030097670176255482,-8.4817448583197042,0.0068107099093321034,4.9828348105209272,9.8371075513253032,19,17,50,2,43968031.532513067,none,11170,55.849999904632568,1.8733806361792048e-05,0.00035504384931324276,disabled,disabled,0,0,0,0,-1,-1,0,0,0,0,0,0,26,36,1,0,0,0,none,1118,1,0,0,0,0,0,0,0,0,0,-1,0
1,1403715949.6840582,1403715949684058112,1403715949.6840582,1403715949.6840582,1263,1119,ready,1,1,1,1,-0.12652884697435707,-0.096103506823718043,0.060610242665384936,-8.3410578036304077,0.030926561397098356,5.2099891577695274,9.8345405972917508,22,21,51,2,43206390.571889907,none,11180,55.900000095367432,0.00015528185089993269,0.0010697475761650124,disabled,disabled,0,0,0,0,-1,-1,0,0,0,0,0,0,20,42,1,0,0,0,none,1119,1,0,0,0,0,0,0,0,0,0,-1,0
1,1403715949.7340581,1403715949734058240,1403715949.7340581,1403715949.7340581,1264,1120,ready,1,1,1,1,-0.057918062739994253,-0.093040239178429837,0.15872254385517526,-8.2089731826917625,0.045755492234143665,5.4129022275186953,9.8330486017256611,24,23,52,2,40286822.429734804,none,11190,55.950000047683716,6.2757641047831377e-05,0.0010376113622838142,disabled,disabled,0,0,0,0,-1,-1,0,0,0,0,0,0,21,72,1,0,0,0,none,1120,1,0,0,0,0,0,0,0,0,0,0.9999949999911415,1
1,1403715949.7840581,1403715949784058112,1403715949.7840581,1403715949.7840581,1265,1121,ready,1,1,1,1,0.053803568047491319,-0.083456599562099304,0.25801008820761173,-8.0961525922819444,0.019274183232161839,5.5779941352280629,9.8316873864200733,24,22,53,2,42626504.733393274,none,11200,56,9.6615189278490826e-05,0.0024382708656410369,disabled,disabled,0,0,0,0,-1,-1,0,0,0,0,0,0,29,48,1,0,0,0,none,1121,1,0,0,0,0,0,0,0,0,0,-1,0
1,1403715949.834058,1403715949834057984,1403715949.834058,1403715949.834058,1266,1122,ready,1,1,1,1,0.15296860723789599,-0.070932647424854528,0.36468044622283813,-8.03446852331383,-0.038918763162187758,5.6580599760589054,9.8268938029738813,24,22,54,2,42326169.283658139,none,11210,56.049999952316284,0.00031772432943529059,0.0039910364655263864,disabled,disabled,0,0,0,0,-1,-1,0,0,0,0,0,0,72,72,1,0,0,0,none,1122,1,0,0,0,0,0,0,0,0,0,-1,0
1,1403715949.8840582,1403715949884058112,1403715949.8840582,1403715949.8840582,1267,1123,ready,1,1,1,1,0.27980330502050227,-0.060064826839972496,0.46573266524735468,-7.9925570510224606,-0.1264868424920535,5.7011370287920355,9.8183466304788887,25,23,55,2,41818475.715070158,none,11220,56.100000143051147,0.00097896014176299812,0.011447340670239708,disabled,disabled,0,0,0,0,-1,-1,0,0,0,0,0,0,72,72,1,0,0,0,none,1123,1,0,0,0,0,0,0,0,0,0,-1,0
1,1403715949.9340582,1403715949934058240,1403715949.9340582,1403715949.9340582,1268,1124,ready,1,1,1,1,0.40837968019477011,-0.042011321267614019,0.56725593814533526,-8.0050486942016477,-0.24837816244985289,5.6692364248411309,9.8123767736908132,30,29,56,2,43436502.491571002,none,11230,56.150000095367432,0.00058278875395375565,0.0034419824494614738,disabled,disabled,0,0,0,0,-1,-1,0,0,0,0,0,0,49,72,1,0,0,0,none,1124,1,0,0,0,0,0,0,0,0,0,-1,0
1,1403715949.9840581,1403715949984058112,1403715949.9840581,1403715949.9840581,1269,1125,ready,1,1,1,1,0.52709986053118696,-0.02611170039482907,0.6740404721773785,-8.0443730719803366,-0.43218028138152204,5.5927428592094079,9.8070123180332143,30,29,57,2,41888904.624121718,none,11240,56.200000047683716,0.00094337265130108137,0.010000730546211324,disabled,disabled,0,0,0,0,-1,-1,0,0,0,0,0,0,72,72,1,0,0,0,none,1125,1,0,0,0,0,0,0,0,0,0,-1,0
1,1403715950.0340581,1403715950034057984,1403715950.0340581,1403715950.0340581,1270,1126,ready,1,1,1,1,0.61610281518613219,-0.031841138687746767,0.78058862511883764,-8.0965445542508299,-0.60210013821729902,5.4907413059167558,9.8012651420064394,30,28,58,2,44215785.3548958,none,11250,56.25,0.0039090832896439493,0.0080749724855069833,disabled,disabled,0,0,0,0,-1,-1,0,0,0,0,0,0,72,72,1,0,0,0,none,1126,1,0,0,0,0,0,0,0,0,0,-1,0
1,1403715950.0840583,1403715950084058368,1403715950.0840583,1403715950.0840583,1271,1127,ready,1,1,1,1,0.68798014346812564,-0.029287005756067529,0.87199687943755311,-8.2321088144049348,-0.77573690697590936,5.2572736695214104,9.7983830154414289,30,28,59,2,45919723.323595591,none,11260,56.300000190734863,0.0022277542368663019,0.012725379387347101,disabled,disabled,0,0,0,0,-1,-1,0,0,0,0,0,0,72,72,1,0,0,0,none,1127,1,0,0,0,0,0,0,0,0,0,-1,0
1,1403715950.134058,1403715950134057984,1403715950.134058,1403715950.134058,1272,1128,ready,1,1,1,1,0.71612599620403827,-0.048746239978098897,0.96725117521272619,-8.4618339274009422,-0.9150316526688409,4.8542707695209053,9.7981560022345331,30,28,60,2,46815648.946774341,none,11270,56.349999904632568,0.00046825789951094752,0.005006321795723993,disabled,disabled,0,0,0,0,-1,-1,0,0,0,0,0,0,72,72,1,0,0,0,none,1128,1,0,0,0,0,0,0,0,0,0,-1,0
1,1403715950.1840582,1403715950184058112,1403715950.1840582,1403715950.1840582,1273,1129,ready,1,1,1,1,0.70337938605067885,-0.069521604770876558,1.0530992824857066,-8.7067156829063901,-0.95598064557837359,4.391107312044638,9.7980926921304636,30,27,61,2,48115510.396610305,none,11280,56.400000095367432,0.0049517654432463531,0.0068550171731562833,disabled,disabled,0,0,0,0,-1,-1,0,0,0,0,0,0,72,72,1,0,0,0,none,1129,1,0,0,0,0,0,0,0,0,0,-1,0
1,1403715950.2340581,1403715950234058240,1403715950.2340581,1403715950.2340581,1274,1130,ready,1,1,1,1,0.63766429928587953,-0.094656499284276469,1.1159486617194339,-8.9810385771349157,-0.93898006732891071,3.8072785399943272,9.7998013945144766,30,24,62,2,50159567.269570328,none,11290,56.450000047683716,0.00034382111797834255,0.0029700718010182417,disabled,disabled,0,0,0,0,-1,-1,0,0,0,0,0,0,48,48,1,0,0,0,none,1130,1,0,0,0,0,0,0,0,0,0,-1,0
1,1403715950.2840581,1403715950284058112,1403715950.2840581,1403715950.2840581,1275,1131,ready,1,1,1,1,0.5797561425430181,-0.13092702010643406,1.1470603543551694,-9.2056699160152959,-0.81368126479135139,3.2599139327203903,9.7996670684287039,30,23,63,2,51313875.437927954,none,11300,56.5,6.0328152067865342e-05,0.00042161172435260341,disabled,disabled,0,0,0,0,-1,-1,0,0,0,0,0,0,42,42,1,0,0,0,none,1131,1,0,0,0,0,0,0,0,0,0,-1,0
1,1403715950.334058,1403715950334057984,1403715950.334058,1403715950.334058,1276,1132,ready,1,1,1,1,0.50421862121920658,-0.15513953046109333,1.1397091452004875,-9.3760048999206962,-0.69920840171395937,2.7476240236094398,9.7952946891596895,30,25,64,2,50778996.971750937,none,11310,56.549999952316284,3.3821107919002951e-05,0.00050604402368811796,disabled,disabled,0,0,0,0,-1,-1,0,0,0,0,0,0,30,30,1,0,0,0,none,1132,1,0,0,0,0,0,0,0,0,0,-1,0
1,1403715950.3840582,1403715950384058112,1403715950.3840582,1403715950.3840582,1277,1133,ready,1,1,1,1,0.40416359892426268,-0.17313907789101146,1.1098058982909247,-9.5043932192316021,-0.58108776864310985,2.2688268588693643,9.7887041418243559,28,25,65,2,49669007.843775675,none,11320,56.600000143051147,8.8522079717780558e-05,0.00042315279463448331,disabled,disabled,0,0,0,0,-1,-1,0,0,0,0,0,0,54,54,1,0,0,0,none,1133,1,0,0,0,0,0,0,0,0,0,-1,0
1,1403715950.4340582,1403715950434058240,1403715950.4340582,1403715950.4340582,1278,1134,ready,1,1,1,1,0.36463730433572883,-0.19654611307855091,1.0329777657617636,-9.5984625440481537,-0.51541017240552944,1.8279449307808251,9.7845548455349647,26,24,66,2,49163122.97974918,none,11330,56.650000095367432,0.00077775970877178491,0.0029518867187563204,disabled,disabled,0,0,0,0,-1,-1,0,0,0,0,0,0,72,72,1,0,0,0,none,1134,1,0,0,0,0,0,0,0,0,0,-1,0
1,1403715950.4840581,1403715950484058112,1403715950.4840581,1403715950.4840581,1279,1135,ready,1,1,1,1,0.29386319431768487,-0.2167771959151544,0.93905020748219914,-9.672227044510139,-0.47732789934829589,1.4028050208393348,9.7850743405730771,25,20,67,2,49624499.750313133,none,11340,56.700000047683716,0.0007440889225014362,0.0026381640663677638,disabled,disabled,0,0,0,0,-1,-1,0,0,0,0,0,0,72,72,1,0,0,0,none,1135,1,0,0,0,0,0,0,0,0,0,-1,0
1,1403715950.5340581,1403715950534057984,1403715950.5340581,1403715950.5340581,1280,1136,ready,1,1,1,1,0.24178309925197267,-0.23559484064677205,0.83189035002802303,-9.7221416098704001,-0.45952315871751476,1.0202205091664645,9.7863194768562014,24,18,68,2,51237970.688109733,none,11350,56.75,0.00017024495736720914,0.0018697491907520036,disabled,disabled,0,0,0,0,-1,-1,0,0,0,0,0,0,72,72,1,0,0,0,none,1136,1,0,0,0,0,0,0,0,0,0,-1,0
1,1403715950.5840583,1403715950584058368,1403715950.5840583,1403715950.5840583,1281,1137,ready,1,1,1,1,0.20739329536665663,-0.26350301744326399,0.70338639944427084,-9.7470872409456817,-0.4582501235557368,0.77298754040861828,9.7884223752335036,20,17,69,2,42904290.769323573,none,11360,56.800000190734863,0.00029522136211770954,0.0023396688349071508,disabled,disabled,0,0,0,0,-1,-1,0,0,0,0,0,0,72,72,1,0,0,0,none,1137,1,0,0,0,0,0,0,0,0,0,-1,0
1,1403715950.634058,1403715950634057984,1403715950.634058,1403715950.634058,1282,1138,ready,1,1,1,1,0.20778869575076023,-0.28087214914926628,0.54993452947252253,-9.7667810061262479,-0.42709683077403721,0.5749525238719525,9.793007368995104,18,17,70,2,39619839.426713392,none,11370,56.849999904632568,0.00077426441699898741,0.0033542506940703138,disabled,disabled,0,0,0,0,-1,-1,0,0,0,0,0,0,72,72,1,0,0,0,none,1138,1,0,0,0,0,0,0,0,0,0,-1,0
1,1403715950.6840582,1403715950684058112,1403715950.6840582,1403715950.6840582,1283,1139,ready,1,1,1,1,0.1972828427867897,-0.30119591672265372,0.3923486034108663,-9.7811656180174253,-0.41072272919068664,0.38524786482652923,9.7973623963142984,17,16,71,2,38844670.385936983,none,11380,56.900000095367432,0.00017856433804348964,0.001532465789454809,disabled,disabled,0,0,0,0,-1,-1,0,0,0,0,0,0,72,72,1,0,0,0,none,1139,1,0,0,0,0,0,0,0,0,0,-1,0
1,1403715950.7340581,1403715950734058240,1403715950.7340581,1403715950.7340581,1284,1140,pool_not_mature,1,1,1,1,0.20766678675735559,-0.32030202475203712,0.22811894954247081,-9.7909065984138532,-0.39541523363973202,0.18198364290566379,9.8005777009390371,20,17,72,2,40302450.315697514,none,11390,56.950000047683716,0.0001931446842631148,0.0022237757034720964,disabled,disabled,0,0,0,0,-1,-1,0,0,0,0,0,0,72,72,1,0,0,0,none,1140,1,0,0,0,0,0,0,0,0,0,0.99999500000640029,1
1,1403715950.7840581,1403715950784058112,1403715950.7840581,1403715950.7840581,1285,1141,pool_not_mature,1,1,1,1,0.20042405913388694,-0.34211336521421287,0.050514873667899855,-9.7984303689753567,-0.386314320823402,0.0036116185491923501,9.806043518867348,19,17,73,2,38484021.858826354,none,11400,57,0.00077135310020142443,0.0052935975926634796,disabled,disabled,0,0,0,0,-1,-1,0,0,0,0,0,0,72,72,1,0,0,0,none,1141,1,0,0,0,0,0,0,0,0,0,-1,0
1,1403715950.834058,1403715950834057984,1403715950.834058,1403715950.834058,1286,1142,pool_not_mature,1,1,1,1,0.22870215536826749,-0.3544461054831074,-0.13642767688217813,-9.8031322427155239,-0.35519076104389463,-0.14719144718255378,9.8106690682655966,19,17,74,2,37942360.77818983,none,11410,57.049999952316284,0.00043796360986342477,0.0012252300930329352,disabled,disabled,0,0,0,0,-1,-1,0,0,0,0,0,0,72,72,1,0,0,0,none,1142,1,0,0,0,0,0,0,0,0,0,-1,0
1,1403715950.8840582,1403715950884058112,1403715950.8840582,1403715950.8840582,1287,1143,confirming_observer_health,1,1,1,1,0.22544347748317106,-0.36490261996052831,-0.32480527475258342,-9.8069520786793554,-0.35506476101052598,-0.23063701335316461,9.8160874838172276,24,22,75,2,39583269.358448505,none,11420,57.100000143051147,0.00066944631426520758,0.0036775970089728458,disabled,disabled,0,0,0,0,-1,-1,0,0,0,0,0,0,72,72,1,0,0,0,none,1143,1,0,0,0,0,0,0,0,0,0,-1,0
1,1403715950.9340582,1403715950934058240,1403715950.9340582,1403715950.9340582,1288,1144,confirming_observer_health,1,1,1,1,0.19891003826342427,-0.37962052285346298,-0.50432735274829665,-9.8171625220750958,-0.31227036689239707,-0.14252663314238651,9.8231617419255546,26,23,76,2,33740702.55641754,none,11430,57.150000095367432,5.9638837480323311e-05,0.00022542231340020021,disabled,disabled,0,0,0,0,-1,-1,0,0,0,0,0,0,25,54,1,0,0,0,none,1144,1,0,0,0,0,0,0,0,0,0,-1,0
1,1403715950.9840581,1403715950984058112,1403715950.9840581,1403715950.9840581,1289,1145,pool_not_mature,1,1,1,1,0.137225639020085,-0.38647613554690813,-0.69421500888104537,-9.8201393736345945,-0.20998864031394804,0.20026792081856271,9.824425672108184,29,25,77,2,35457912.829009093,none,11440,57.200000047683716,0.0014871773151697049,0.0094886023278420873,disabled,disabled,0,0,0,0,-1,-1,0,0,0,0,0,0,72,72,1,0,0,0,none,1145,1,0,0,0,0,0,0,0,0,0,-1,0
1,1403715951.0340581,1403715951034057984,1403715951.0340581,1403715951.0340581,1290,1146,pool_not_mature,1,1,1,1,0.06355709504521817,-0.3994806893740292,-0.84948384995393866,-9.7964325125875522,-0.12934489351594985,0.7477881008864774,9.8257827738551455,29,20,78,2,34079985.00396613,none,11450,57.25,0.00030573849479286776,0.0032961334235715755,disabled,disabled,0,0,0,0,-1,-1,0,0,0,0,0,0,72,72,1,0,0,0,none,1146,1,0,0,0,0,0,0,0,0,0,-1,0
1,1403715951.0840583,1403715951084058368,1403715951.0840583,1403715951.0840583,1291,1147,pool_not_mature,1,1,1,1,0.0041862543400527424,-0.40352238208712837,-0.98234506208371553,-9.7363254577045399,-0.066308139943106553,1.3388840520885006,9.8281758578438723,28,17,79,2,34573796.914508075,none,11460,57.300000190734863,0.00068673637021880881,0.0049332480170637058,disabled,disabled,0,0,0,0,-1,-1,0,0,0,0,0,0,72,72,1,0,0,0,none,1147,1,0,0,0,0,0,0,0,0,0,-1,0
1,1403715951.134058,1403715951134057984,1403715951.134058,1403715951.134058,1292,1148,pool_not_mature,1,1,1,1,-0.067700049873702081,-0.40572960830504062,-1.0757993495585345,-9.6377514907246091,-0.026455737940521491,1.9332116197123339,9.8297640291934361,21,17,80,2,29744975.311823584,none,11470,57.349999904632568,0.00022957163257079325,0.0025584980112325576,disabled,disabled,0,0,0,0,-1,-1,0,0,0,0,0,0,72,72,1,0,0,0,none,1148,1,0,0,0,0,0,0,0,0,0,-1,0
1,1403715951.1840582,1403715951184058112,1403715951.1840582,1403715951.1840582,1293,1149,confirming_observer_health,1,1,1,1,-0.16371291241275279,-0.4106248130731216,-1.12207317298392,-9.4931986560232318,-0.045713107879934385,2.5681128819154191,9.8345368058294067,17,15,81,2,25014412.704010937,none,11480,57.400000095367432,0.00094068825048898889,0.0051963472264231212,disabled,disabled,0,0,0,0,-1,-1,0,0,0,0,0,0,72,72,1,0,0,0,none,1149,1,0,0,0,0,0,0,0,0,0,-1,0
1,1403715951.2340581,1403715951234058240,1403715951.2340581,1403715951.2340581,1294,1150,confirming_observer_health,1,1,1,1,-0.23681934106211755,-0.42030584050811637,-1.1217553255054102,-9.2988396224109611,-0.052374235714787332,3.223493632584244,9.8418531071743747,17,15,82,2,26323335.477121402,none,11490,57.450000047683716,0.00022572921657735805,0.0021485891626436115,disabled,disabled,0,0,0,0,-1,-1,0,0,0,0,0,0,72,72,1,0,0,0,none,1150,1,0,0,0,0,0,0,0,0,0,-1,0
1,1403715951.2840581,1403715951284058112,1403715951.2840581,1403715951.2840581,1295,1151,confirming_observer_health,1,1,1,1,-0.31691501175859654,-0.4299940497643448,-1.0702119358849127,-9.0890524114580131,-0.048869222422653798,3.7954755859576266,9.8498170979329007,15,15,83,2,25287653.103800412,none,11500,57.5,0.00086198433024818513,0.0050869821887236828,disabled,disabled,0,0,0,0,-1,-1,0,0,0,0,0,0,62,72,1,0,0,0,none,1151,1,0,0,0,0,0,0,0,0,0,-1,0
1,1403715951.334058,1403715951334057984,1403715951.334058,1403715951.334058,1296,1152,thin_observations_state_preserved_not_ready,1,0,0,0,-0.34610795592363441,-0.43565589976738328,-1.0088105310134028,-8.879346734535547,-0.0090971416138071037,4.2904644970727972,9.8615904797722553,15,12,0,2,26741823.153073661,none,11510,57.549999952316284,0.00065652703431670449,0.0029289938226333104,disabled,disabled,0,0,0,0,-1,-1,0,0,0,0,0,0,72,72,1,0,0,0,none,1152,1,0,0,0,0,0,0,0,0,0,-1,0
1,1403715951.3840582,1403715951384058112,1403715951.3840582,1403715951.3840582,1297,1153,thin_observations_state_preserved_not_ready,1,0,0,0,-0.36299261523421361,-0.45129857736937073,-0.91736481265670322,-8.6731305113284858,0.0081109981272169535,4.7007410598808121,9.8651013764115536,20,12,0,2,29023840.992642559,none,11520,57.600000143051147,0.0012186774587448896,0.0078358792901859521,disabled,disabled,0,0,0,0,-1,-1,0,0,0,0,0,0,72,72,1,0,0,0,none,1153,1,0,0,0,0,0,0,0,0,0,-1,0
1,1403715951.4340582,1403715951434058240,1403715951.4340582,1403715951.4340582,1298,1154,pool_not_mature,1,0,0,0,-0.33778865665546848,-0.45237519051430625,-0.81072995785934243,-8.4744291105582974,0.027809633023981619,5.0581858984919359,9.8692434719825144,21,15,1,2,29708839.461406339,none,11530,57.650000095367432,0.00021421067499909652,0.001301035879340234,disabled,disabled,0,0,0,0,-1,-1,0,0,0,0,0,0,48,72,1,0,0,0,none,1154,1,0,0,0,0,0,0,0,0,0,-1,0
1,1403715951.4840581,1403715951484058112,1403715951.4840581,1403715951.4840581,1299,1155,pool_not_mature,1,0,0,0,-0.28951638318497058,-0.45105618963368832,-0.69463948853641788,-8.2725231385813913,0.05630803207922476,5.3910661859690228,9.8742799380177448,20,20,2,2,25111975.306408707,none,11540,57.700000047683716,9.9189371082632994e-05,0.0012256108263171597,disabled,disabled,0,0,0,0,-1,-1,0,0,0,0,0,0,72,72,1,0,0,0,none,1155,1,0,0,0,0,0,0,0,0,0,-1,0
1,1403715951.5340581,1403715951534057984,1403715951.5340581,1403715951.5340581,1300,1156,pool_not_mature,1,0,0,0,-0.23542196595321246,-0.45168446662134998,-0.55669795133849787,-8.0884533686820514,0.11014639175987541,5.669625046802401,9.8782517834023089,25,25,3,2,26716711.512447588,none,11550,57.75,2.1941339280599216e-05,0.00048711540663752822,disabled,disabled,0,0,0,0,-1,-1,0,0,0,0,0,0,11,36,1,0,0,0,none,1156,1,0,0,0,0,0,0,0,0,0,-1,0
1,1403715951.5840583,1403715951584058368,1403715951.5840583,1403715951.5840583,1301,1157,confirming_observer_health,1,0,0,0,-0.14774454980933613,-0.44919969409645516,-0.44104660769990217,-7.9233691455144362,0.12731653226504883,5.8992557014108602,9.8791298172514512,30,30,4,2,28544346.411555685,none,11560,57.800000190734863,0.00029595963753277352,0.0015459026587149687,disabled,disabled,0,0,0,0,-1,-1,0,0,0,0,0,0,48,72,1,0,0,0,none,1157,1,0,0,0,0,0,0,0,0,0,-1,0
1,1403715951.634058,1403715951634057984,1403715951.634058,1403715951.634058,1302,1158,confirming_observer_health,1,0,0,0,-0.039017363341890765,-0.4300165474146504,-0.29450859916388855,-7.7799522567861406,0.17388408149410439,6.0848764073115085,9.878441865189318,30,29,5,2,30726894.659332864,none,11570,57.849999904632568,0.00037529313935738421,0.0043996097132258608,disabled,disabled,0,0,0,0,-1,-1,0,0,0,0,0,0,72,72,1,0,0,0,none,1158,1,0,0,0,0,0,0,0,0,0,-1,0
1,1403715951.6840582,1403715951684058112,1403715951.6840582,1403715951.6840582,1303,1159,confirming_observer_health,1,0,0,0,0.089911438513968517,-0.41834464425840612,-0.15371886440341781,-7.6666270844732169,0.1744420029996232,6.2246305504327477,9.8769239317800519,30,29,6,2,32623430.159029789,none,11580,57.900000095367432,9.3875378085470069e-05,0.0029609084786060718,disabled,disabled,0,0,0,0,-1,-1,0,0,0,0,0,0,72,72,1,0,0,0,none,1159,1,0,0,0,0,0,0,0,0,0,-1,0
1,1403715951.7340581,1403715951734058240,1403715951.7340581,1403715951.7340581,1304,1160,confirming_observer_health,1,0,0,0,0.22065861123272953,-0.40535203497713074,-0.015788917631493163,-7.5743461858162906,0.22281495566463164,6.3297299517783605,9.8734921841007051,30,30,7,2,33821305.208003424,none,11590,57.950000047683716,0.00046146964038719536,0.013390766513312122,disabled,disabled,0,0,0,0,-1,-1,0,0,0,0,0,0,72,72,1,0,0,0,none,1160,1,0,0,0,0,0,0,0,0,0,0.99999500002042163,1
1,1403715951.7840581,1403715951784058112,1403715951.7840581,1403715951.7840581,1305,1161,confirming_observer_health,1,0,0,0,0.35231048467126674,-0.3791835896797815,0.12190138931376192,-7.5178709161516544,0.23325017809324913,6.3955306053078349,9.8729732340834726,30,28,8,2,35889779.237870194,none,11600,58,0.00060066874269079629,0.012004917786712513,disabled,disabled,0,0,0,0,-1,-1,0,0,0,0,0,0,72,72,1,0,0,0,none,1161,1,0,0,0,0,0,0,0,0,0,-1,0
1,1403715951.834058,1403715951834057984,1403715951.834058,1403715951.834058,1306,1162,confirming_observer_health,1,0,0,0,0.5153264222233932,-0.35258974770821222,0.28013395875740971,-7.5220163081047309,0.27685874762312151,6.3851376270988611,9.8705300071740147,30,29,9,2,37603598.407427311,none,11610,58.049999952316284,0.00049506069996994395,0.0048478979323222969,disabled,disabled,0,0,0,0,-1,-1,0,0,0,0,0,0,72,72,1,0,0,0,none,1162,1,0,0,0,0,0,0,0,0,0,-1,0
1,1403715951.8840582,1403715951884058112,1403715951.8840582,1403715951.8840582,1307,1163,confirming_observer_health,1,0,0,0,0.69545523604369541,-0.33020799476282059,0.41781969310672945,-7.6601997643849327,0.29538121978717913,6.214846989514152,9.8686490259994084,30,29,10,2,38568486.694654673,none,11620,58.100000143051147,0.0014675878897313012,0.019329656009458022,disabled,disabled,0,0,0,0,-1,-1,0,0,0,0,0,0,72,72,1,0,0,0,none,1163,1,0,0,0,0,0,0,0,0,0,-1,0
1,1403715951.9340582,1403715951934058240,1403715951.9340582,1403715951.9340582,1308,1164,confirming_observer_health,1,0,0,0,0.80978191980902336,-0.30219586535042109,0.55466411253399706,-7.9643527410908339,0.33608079729921797,5.8182047712450347,9.8689093443486886,30,29,11,2,40398954.140678175,none,11630,58.150000095367432,0.00019639353707204501,0.0014586004689285952,disabled,disabled,0,0,0,0,-1,-1,0,0,0,0,0,0,60,60,1,0,0,0,none,1164,1,0,0,0,0,0,0,0,0,0,-1,0
1,1403715951.9840581,1403715951984058112,1403715951.9840581,1403715951.9840581,1309,1165,confirming_observer_health,1,0,0,0,0.85820356439610235,-0.26482537765491787,0.7119941414449249,-8.3173172175730912,0.34758283824719122,5.3053210135653952,9.8714239390353562,30,29,12,2,39747369.062220544,none,11640,58.200000047683716,0.00035019989291740222,0.0055309856037469409,disabled,disabled,0,0,0,0,-1,-1,0,0,0,0,0,0,72,72,1,0,0,0,none,1165,1,0,0,0,0,0,0,0,0,0,-1,0
1,1403715952.0340581,1403715952034057984,1403715952.0340581,1403715952.0340581,1310,1166,confirming_observer_health,1,0,0,0,0.8414654506429603,-0.21155051258212068,0.83642376710119182,-8.6580342573927815,0.35760843054295516,4.7230247770562785,9.8689616493565264,30,26,13,2,41984823.801960006,none,11650,58.25,0.00046132595062709419,0.0024039018914594743,disabled,disabled,0,0,0,0,-1,-1,0,0,0,0,0,0,72,72,1,0,0,0,none,1166,1,0,0,0,0,0,0,0,0,0,-1,0
1,1403715952.0840583,1403715952084058368,1403715952.0840583,1403715952.0840583,1311,1167,confirming_observer_health,1,0,0,0,0.79189066085711179,-0.17283745070856824,0.9460438688377375,-8.9767388558691898,0.3845201840821118,4.0696067213405254,9.8636400545041294,30,22,14,2,43502725.241941497,none,11660,58.300000190734863,0.0014862133701524286,0.0072203534562835228,disabled,disabled,0,0,0,0,-1,-1,0,0,0,0,0,0,72,72,1,0,0,0,none,1167,1,0,0,0,0,0,0,0,0,0,-1,0
1,1403715952.134058,1403715952134057984,1403715952.134058,1403715952.134058,1312,1168,confirming_observer_health,1,0,0,0,0.73452566325734958,-0.13218462764985137,0.99762731416451578,-9.2388496663071376,0.38114486824340943,3.4202726294832946,9.8589999202355383,30,23,15,2,40870169.001142703,none,11670,58.349999904632568,0.0003384379495810424,0.0020045811219763419,disabled,disabled,0,0,0,0,-1,-1,0,0,0,0,0,0,41,42,1,0,0,0,none,1168,1,0,0,0,0,0,0,0,0,0,-1,0
1,1403715952.1840582,1403715952184058112,1403715952.1840582,1403715952.1840582,1313,1169,confirming_observer_health,1,0,0,0,0.63785674219057942,-0.084495532735266971,1.0180463151985693,-9.4187475206551419,0.371143153284553,2.8816311726354527,9.8566906369826661,30,24,16,2,38859718.607308254,none,11680,58.400000095367432,0.00014107349172406104,0.0012543004723322582,disabled,disabled,0,0,0,0,-1,-1,0,0,0,0,0,0,72,72,1,0,0,0,none,1169,1,0,0,0,0,0,0,0,0,0,-1,0
1,1403715952.2340581,1403715952234058240,1403715952.2340581,1403715952.2340581,1314,1170,pool_not_mature,1,0,0,0,0.54458437971185192,-0.031885436273579808,1.0024408994456262,-9.5499999031001348,0.38146920955078384,2.422234874440865,9.8597788359580072,30,18,17,2,39608005.092288554,none,11690,58.450000047683716,0.00065509317209728655,0.0059694007551512598,disabled,disabled,0,0,0,0,-1,-1,0,0,0,0,0,0,72,72,1,0,0,0,none,1170,1,0,0,0,0,0,0,0,0,0,-1,0
1,1403715952.2840581,1403715952284058112,1403715952.2840581,1403715952.2840581,1315,1171,pool_not_mature,1,0,0,0,0.46983153063019639,0.01850080951441032,0.96001179565157257,-9.6414331394604122,0.38011521701054285,2.0536297438844766,9.8650451436298781,28,16,18,2,37778290.33075954,none,11700,58.5,0.00022564948932197941,0.0048946159506338101,disabled,disabled,0,0,0,0,-1,-1,0,0,0,0,0,0,60,60,1,0,0,0,none,1171,1,0,0,0,0,0,0,0,0,0,-1,0
1,1403715952.334058,1403715952334057984,1403715952.334058,1403715952.334058,1316,1172,pool_not_mature,1,0,0,0,0.4201778110059024,0.052159880590755194,0.88155058149622012,-9.7032424338857624,0.36853717915885625,1.7454589178844351,9.8658684471873013,24,19,19,2,28301236.560177732,none,11710,58.549999952316284,0.00015220303976996378,0.0065739740228151844,disabled,disabled,0,0,0,0,-1,-1,0,0,0,0,0,0,72,72,1,0,0,0,none,1172,1,0,0,0,0,0,0,0,0,0,-1,0
1,1403715952.3840582,1403715952384058112,1403715952.3840582,1403715952.3840582,1317,1173,pool_not_mature,1,1,1,1,0.36472528470711157,0.084262711581692518,0.7802025150677866,-9.7468870763509301,0.34425271635015764,1.47279675031234,9.8635413457632879,23,19,20,2,26955263.470151372,none,11720,58.600000143051147,9.5339182561601161e-05,0.0015166194085477216,disabled,disabled,0,0,0,0,-1,-1,0,0,0,0,0,0,60,66,1,0,0,0,none,1173,1,0,0,0,0,0,0,0,0,0,-1,0
1,1403715952.4340582,1403715952434058240,1403715952.4340582,1403715952.4340582,1318,1174,pool_not_mature,1,1,1,1,0.32021571203585625,0.10108715515488746,0.67333765647591004,-9.7849107718525961,0.32621536007706842,1.2001259004425482,9.863630034180126,29,23,21,2,27888700.926472191,none,11730,58.650000095367432,0.00048828364391459184,0.0058885669658496065,disabled,disabled,0,0,0,0,-1,-1,0,0,0,0,0,0,72,72,1,0,0,0,none,1174,1,0,0,0,0,0,0,0,0,0,-1,0
1,1403715952.4840581,1403715952484058112,1403715952.4840581,1403715952.4840581,1319,1175,pool_not_mature,1,1,1,1,0.30933422919490766,0.12781885890296374,0.55068293198961549,-9.799004139260223,0.31425619024373552,1.0210909898047849,9.8570718716972952,27,23,22,2,21531231.695211347,none,11740,58.700000047683716,0.00014270137401648243,0.0024148280777221026,disabled,disabled,0,0,0,0,-1,-1,0,0,0,0,0,0,27,48,1,0,0,0,none,1175,1,0,0,0,0,0,0,0,0,0,-1,0
1,1403715952.5340581,1403715952534057984,1403715952.5340581,1403715952.5340581,1320,1176,confirming_observer_health,1,1,1,1,0.28442238689667537,0.1412701835554484,0.42025863268223834,-9.8071889351642909,0.25571857518271573,0.85732630849762581,9.8479112099441952,24,23,23,2,21664566.693488456,none,11750,58.75,0.00031852846984383229,0.0051000019779586497,disabled,disabled,0,0,0,0,-1,-1,0,0,0,0,0,0,67,72,1,0,0,0,none,1176,1,0,0,0,0,0,0,0,0,0,-1,0
1,1403715952.5840583,1403715952584058368,1403715952.5840583,1403715952.5840583,1321,1177,confirming_observer_health,1,1,1,1,0.27777823539473806,0.15055762722977145,0.28142646798470367,-9.8192605713064278,0.2251860097668904,0.68659243224643707,9.8458110927554277,28,24,24,2,22811256.165745303,none,11760,58.800000190734863,0.00028005091005413644,0.0054987717347011493,disabled,disabled,0,0,0,0,-1,-1,0,0,0,0,0,0,71,72,1,0,0,0,none,1177,1,0,0,0,0,0,0,0,0,0,-1,0
1,1403715952.634058,1403715952634057984,1403715952.634058,1403715952.634058,1322,1178,confirming_observer_health,1,1,1,1,0.27973109258542445,0.1641536018715202,0.1411621117197408,-9.8310981049222619,0.2189864557182612,0.48988190536806764,9.8457315267887129,29,21,25,2,25743511.222882431,none,11770,58.849999904632568,0.00011263433445928073,0.001736710376095224,disabled,disabled,0,0,0,0,-1,-1,0,0,0,0,0,0,48,48,1,0,0,0,none,1178,1,0,0,0,0,0,0,0,0,0,-1,0
1,1403715952.6840582,1403715952684058112,1403715952.6840582,1403715952.6840582,1323,1179,pool_not_mature,1,1,1,1,0.28550060304494346,0.17766046504291635,-0.019533182114379502,-9.8446899632040861,0.20322327544010627,0.23350077054707569,9.8495554610925442,27,19,26,2,26332428.904172193,none,11780,58.900000095367432,9.7739106694985414e-05,0.0021302775642374301,disabled,disabled,0,0,0,0,-1,-1,0,0,0,0,0,0,21,36,1,0,0,0,none,1179,1,0,0,0,0,0,0,0,0,0,-1,0
1,1403715952.7340581,1403715952734058240,1403715952.7340581,1403715952.7340581,1324,1180,thin_observations_state_preserved_not_ready,1,0,0,0,0.27199257653009079,0.18507040050319809,-0.20258503287519269,-9.8508298549367606,0.17558424832631744,-0.080289638531206756,9.8527217095191109,22,12,0,2,23034138.001144692,none,11790,58.950000047683716,0.00042434585059645912,0.0049062108787820656,disabled,disabled,0,0,0,0,-1,-1,0,0,0,0,0,0,72,72,1,0,0,0,none,1180,1,0,0,0,0,0,0,0,0,0,38779.743024207797,1
1,1403715952.7840581,1403715952784058112,1403715952.7840581,1403715952.7840581,1325,1181,thin_observations_state_preserved_not_ready,1,0,0,0,0.29124594134213794,0.18698479420375019,-0.38311113716723216,-9.8402146854955372,0.14066576040603004,-0.37136830188941694,9.8482245267073836,18,12,0,2,22195691.958603069,none,11800,59,4.1160779846299806e-05,0.00049755691424920717,disabled,disabled,0,0,0,0,-1,-1,0,0,0,0,0,0,49,72,1,0,0,0,none,1181,1,0,0,0,0,0,0,0,0,0,-1,0
1,1403715952.834058,1403715952834057984,1403715952.834058,1403715952.834058,1326,1182,thin_observations_state_preserved_not_ready,1,0,0,0,0.2859588961712925,0.19553871929651132,-0.57224899982898247,-9.829772502964909,0.11719993381290751,-0.5787687104263155,9.8474939200133189,14,11,0,2,16863470.951281875,none,11810,59.049999952316284,0.00034143834698268153,0.0040866074767630812,disabled,disabled,0,0,0,0,-1,-1,0,0,0,0,0,0,72,72,1,0,0,0,none,1182,1,0,0,0,0,0,0,0,0,0,-1,0
1,1403715952.8840582,1403715952884058112,1403715952.8840582,1403715952.8840582,1327,1183,pool_not_mature,1,0,0,0,0.21838013132884473,0.19738743358464533,-0.78572619033379332,-9.835589269243437,0.10512500775153384,-0.46563321032056687,9.8471661825656653,16,16,1,2,16057992.446602006,none,11820,59.100000143051147,1.0872033887387549e-05,0.00011876940501674189,disabled,disabled,0,0,0,0,-1,-1,0,0,0,0,0,0,19,30,1,0,0,0,none,1183,1,0,0,0,0,0,0,0,0,0,-1,0
1,1403715952.9340582,1403715952934058240,1403715952.9340582,1403715952.9340582,1328,1184,pool_not_mature,1,0,0,0,0.12402049672873558,0.20344810397487506,-0.96654667274891182,-9.8450757578639365,0.10935562781818164,0.019610187042194881,9.8457026103194636,18,17,2,2,17649190.8027931,none,11830,59.150000095367432,0.0006058597461997444,0.0084091492925185037,disabled,disabled,0,0,0,0,-1,-1,0,0,0,0,0,0,70,72,1,0,0,0,none,1184,1,0,0,0,0,0,0,0,0,0,-1,0
1,1403715952.9840581,1403715952984058112,1403715952.9840581,1403715952.9840581,1329,1185,pool_not_mature,1,0,0,0,0.0023668835071713238,0.19839056540457309,-1.0899369664257208,-9.8180722450573334,0.10504861830057052,0.7251200934171248,9.8453733789658404,18,17,3,2,19200359.898776118,none,11840,59.200000047683716,0.00030176766687852434,0.0030090930993524221,disabled,disabled,0,0,0,0,-1,-1,0,0,0,0,0,0,61,72,1,0,0,0,none,1185,1,0,0,0,0,0,0,0,0,0,-1,0
1,1403715953.0340581,1403715953034057984,1403715953.0340581,1403715953.0340581,1330,1186,thin_observations_state_preserved_not_ready,1,0,0,0,-0.1128588162631034,0.19606696721183589,-1.1764137682765456,-9.7050471075999418,0.11459244351834397,1.477444249359581,9.8175308656918006,17,14,0,2,19910093.055451673,none,11850,59.25,0.0013349585148537235,0.018263954586338196,disabled,disabled,0,0,0,0,-1,-1,0,0,0,0,0,0,72,72,1,0,0,0,none,1186,1,0,0,0,0,0,0,0,0,0,-1,0
1,1403715953.0840583,1403715953084058368,1403715953.0840583,1403715953.0840583,1331,1187,pool_not_mature,1,0,0,0,-0.32751484581005752,0.19496887692098583,-1.2177622433149424,-9.5660732815316969,0.1339822952567265,2.2591721888493081,9.83013571940627,17,16,1,2,19899088.582957603,none,11860,59.300000190734863,0.00010723958824796161,0.00078229814923463936,disabled,disabled,0,0,0,0,-1,-1,0,0,0,0,0,0,39,54,1,0,0,0,none,1187,1,0,0,0,0,0,0,0,0,0,-1,0
1,1403715953.134058,1403715953134057984,1403715953.134058,1403715953.134058,1332,1188,thin_observations_state_preserved_not_ready,1,0,0,0,-0.50947498424972593,0.19406600167669966,-1.1890043150722536,-9.3627009230114542,0.12839622443675236,3.0333513131023699,9.8426558587054664,16,14,0,2,20940190.354072496,none,11870,59.349999904632568,8.7477740574548276e-05,0.0010374847259613522,disabled,disabled,0,0,0,0,-1,-1,0,0,0,0,0,0,39,60,1,0,0,0,none,1188,1,0,0,0,0,0,0,0,0,0,-1,0
1,1403715953.1840582,1403715953184058112,1403715953.1840582,1403715953.1840582,1333,1189,thin_observations_state_preserved_not_ready,1,0,0,0,-0.62697123022795453,0.20766572197685781,-1.1367998218094495,-9.1114533140071661,0.15927920812619578,3.7219653079187678,9.8436262176509075,18,11,0,2,21925264.588921025,none,11880,59.400000095367432,0.00043375951037501903,0.0025534395550234944,disabled,disabled,0,0,0,0,-1,-1,0,0,0,0,0,0,72,72,1,0,0,0,none,1189,1,0,0,0,0,0,0,0,0,0,-1,0
1,1403715953.2340581,1403715953234058240,1403715953.2340581,1403715953.2340581,1334,1190,thin_observations_state_preserved_not_ready,1,0,0,0,-0.72402922889140509,0.2155263159318889,-1.0522041341473203,-8.8592981134243765,0.16066455633396023,4.2860429883967273,9.8429233797978668,20,14,0,2,23985639.751060002,none,11890,59.450000047683716,1.721018465341739e-05,0.00025709045760033205,disabled,disabled,0,0,0,0,-1,-1,0,0,0,0,0,0,11,24,1,0,0,0,none,1190,1,0,0,0,0,0,0,0,0,0,-1,0
1,1403715953.2840581,1403715953284058112,1403715953.2840581,1403715953.2840581,1335,1191,thin_observations_state_preserved_not_ready,1,0,0,0,-0.77268407782417237,0.21355221899699806,-0.9346596070732861,-8.6323670543262576,0.16792042619272954,4.7190145215278063,9.8394642275146502,14,13,0,2,19292275.919531591,none,11900,59.5,0.00010781963878143728,0.001441647973033649,disabled,disabled,0,0,0,0,-1,-1,0,0,0,0,0,0,20,30,1,0,0,0,none,1191,1,0,0,0,0,0,0,0,0,0,-1,0
1,1403715953.334058,1403715953334057984,1403715953.334058,1403715953.334058,1336,1192,thin_observations_state_preserved_not_ready,1,0,0,0,-0.82333608221104271,0.21116412804740065,-0.81046195651888697,-8.4392622321174269,0.17940133870239272,5.0595619468881949,9.8413667220143211,17,14,0,2,20798863.316187337,none,11910,59.549999952316284,0.00054378388372438907,0.0074055192024210827,disabled,disabled,0,0,0,0,-1,-1,0,0,0,0,0,0,72,72,1,0,0,0,none,1192,1,0,0,0,0,0,0,0,0,0,-1,0
1,1403715953.3840582,1403715953384058112,1403715953.3840582,1403715953.3840582,1337,1193,thin_observations_state_preserved_not_ready,1,0,0,0,-0.84044443611162212,0.21098513888399295,-0.68046896129456635,-8.226926603468625,0.17360099245073302,5.3875047453727198,9.8355307952775615,17,13,0,2,22269178.486893818,none,11920,59.600000143051147,0.00040940942264579706,0.0052745954773628029,disabled,disabled,0,0,0,0,-1,-1,0,0,0,0,0,0,70,72,1,0,0,0,none,1193,1,0,0,0,0,0,0,0,0,0,-1,0
1,1403715953.4340582,1403715953434058240,1403715953.4340582,1403715953.4340582,1338,1194,pool_not_mature,1,0,0,0,-0.80372535080523144,0.20579865199802005,-0.53668550652533109,-8.0292612861547266,0.21076582402406921,5.6688188056615738,9.83102058208312,20,18,1,2,21562397.833242886,none,11930,59.650000095367432,0.00030891323272478916,0.00084977343614344,disabled,disabled,0,0,0,0,-1,-1,0,0,0,0,0,0,35,72,1,0,0,0,none,1194,1,0,0,0,0,0,0,0,0,0,-1,0
1,1403715953.4840581,1403715953484058112,1403715953.4840581,1403715953.4840581,1339,1195,pool_not_mature,1,0,0,0,-0.72130114615281238,0.20177771567926098,-0.40679868082215526,-7.8560469183463617,0.23359944874924271,5.8990562890321652,9.8270497600696647,19,19,2,2,19552917.948918596,none,11940,59.700000047683716,9.8819965532138837e-05,0.00045672442857881039,disabled,disabled,0,0,0,0,-1,-1,0,0,0,0,0,0,34,42,1,0,0,0,none,1195,1,0,0,0,0,0,0,0,0,0,-1,0
1,1403715953.5340581,1403715953534057984,1403715953.5340581,1403715953.5340581,1340,1196,pool_not_mature,1,0,0,0,-0.59771947601831021,0.20094528111321938,-0.28693382623269276,-7.6961093826868199,0.25379509773370573,6.0964600542190626,9.821473248683338,30,28,3,2,21034549.547569901,none,11950,59.75,0.0013931833661359454,0.0060805096442322478,disabled,disabled,0,0,0,0,-1,-1,0,0,0,0,0,0,72,72,1,0,0,0,none,1196,1,0,0,0,0,0,0,0,0,0,-1,0
1,1403715953.5840583,1403715953584058368,1403715953.5840583,1403715953.5840583,1341,1197,confirming_observer_health,1,0,0,0,-0.45798061510247839,0.20378843175659342,-0.16289849354936334,-7.5432126016377836,0.26314906972382651,6.2715000155354188,9.8133081186348328,30,28,4,2,23594310.003193904,none,11960,59.800000190734863,0.0013965521463242326,0.0077397117039738903,disabled,disabled,0,0,0,0,-1,-1,0,0,0,0,0,0,72,72,1,0,0,0,none,1197,1,0,0,0,0,0,0,0,0,0,-1,0
1,1403715953.634058,1403715953634057984,1403715953.634058,1403715953.634058,1342,1198,confirming_observer_health,1,0,0,0,-0.29305897779256873,0.1939156231594929,-0.033490126947084892,-7.4196441631843832,0.2626101983628133,6.4146609507603634,9.811623654511525,30,29,5,2,24482335.621519111,none,11970,59.849999904632568,0.0014869004079063326,0.0093391931480743193,disabled,disabled,0,0,0,0,-1,-1,0,0,0,0,0,0,72,72,1,0,0,0,none,1198,1,0,0,0,0,0,0,0,0,0,-1,0
1,1403715953.6840582,1403715953684058112,1403715953.6840582,1403715953.6840582,1343,1199,confirming_observer_health,1,0,0,0,-0.12546835408222012,0.19677309316111771,0.10240371422548497,-7.3117002497869681,0.26292355066843603,6.5345710595540343,9.8097251882298941,30,29,6,2,26228134.35573002,none,11980,59.900000095367432,0.00032311499842816235,0.0073613835635787106,disabled,disabled,0,0,0,0,-1,-1,0,0,0,0,0,0,72,72,1,0,0,0,none,1199,1,0,0,0,0,0,0,0,0,0,-1,0
1,1403715953.7340581,1403715953734058240,1403715953.7340581,1403715953.7340581,1344,1200,confirming_observer_health,1,0,0,0,0.044429912323654445,0.2174768776386409,0.22081410955426428,-7.2267372918962609,0.25863255822028103,6.6273924472571109,9.8089221291748601,30,30,7,2,27118194.047714859,none,11990,59.950000047683716,0.00079118388248932889,0.0038204759500999816,disabled,disabled,0,0,0,0,-1,-1,0,0,0,0,0,0,72,72,1,0,0,0,none,1200,1,0,0,0,0,0,0,0,0,0,0.99999500001356312,1
1,1403715953.7840581,1403715953784058112,1403715953.7840581,1403715953.7840581,1345,1201,confirming_observer_health,1,0,0,0,0.22572070671398531,0.2315824840985351,0.36012296193116705,-7.1821054413914327,0.20983744506989607,6.6784709716528443,9.8096200152619346,30,23,8,2,29806361.94236999,none,12000,60,0.00056383642045776698,0.005136188826708449,disabled,disabled,0,0,0,0,-1,-1,0,0,0,0,0,0,72,72,1,0,0,0,none,1201,1,0,0,0,0,0,0,0,0,0,-1,0
1,1403715953.834058,1403715953834057984,1403715953.834058,1403715953.834058,1346,1202,confirming_observer_health,1,0,0,0,0.43570587330540539,0.26747685925822878,0.48256661991985783,-7.2133032847607934,0.11665081228439136,6.6541743810189109,9.814447940814393,30,25,9,2,29645535.727568857,none,12010,60.049999952316284,6.858673261542576e-05,0.0018983227033629584,disabled,disabled,0,0,0,0,-1,-1,0,0,0,0,0,0,72,72,1,0,0,0,none,1202,1,0,0,0,0,0,0,0,0,0,-1,0
1,1403715953.8840582,1403715953884058112,1403715953.8840582,1403715953.8840582,1347,1203,confirming_observer_health,1,0,0,0,0.58542230385656557,0.2862014810986373,0.6287166562224854,-7.3235156737145202,-0.10097236106013059,6.5375100567256377,9.8174902588507376,30,26,10,2,29007142.310226418,none,12020,60.100000143051147,0.00031726551755264051,0.0025291945067558589,disabled,disabled,0,0,0,0,-1,-1,0,0,0,0,0,0,72,72,1,0,0,0,none,1203,1,0,0,0,0,0,0,0,0,0,-1,0
1,1403715953.9340582,1403715953934058240,1403715953.9340582,1403715953.9340582,1348,1204,confirming_observer_health,1,0,0,0,0.67273653920203957,0.28938700019975061,0.78684016116305855,-7.5143517085934119,-0.43456242145597118,6.3093548830895534,9.8215215287321147,30,26,11,2,30707426.612519298,none,12030,60.150000095367432,0.0023480455505150957,0.006081589553782755,disabled,disabled,0,0,0,0,-1,-1,0,0,0,0,0,0,72,72,1,0,0,0,none,1204,1,0,0,0,0,0,0,0,0,0,-1,0
1,1403715953.9840581,1403715953984058112,1403715953.9840581,1403715953.9840581,1349,1205,confirming_observer_health,1,0,0,0,0.69830934695972702,0.27774628071426749,0.94389784002571453,-7.7988326641252543,-0.85812234663793818,5.9252574302311665,9.8319296427169398,29,24,12,2,29804255.109147154,none,12040,60.200000047683716,0.00027031633770059952,0.0018808422613269555,disabled,disabled,0,0,0,0,-1,-1,0,0,0,0,0,0,72,72,1,0,0,0,none,1205,1,0,0,0,0,0,0,0,0,0,-1,0
1,1403715954.0340581,1403715954034057984,1403715954.0340581,1403715954.0340581,1350,1206,confirming_observer_health,1,0,0,0,0.65823675815371352,0.22348083236729616,1.0941021244172884,-8.0812162843072564,-1.3100807964042487,5.4573881199197016,9.8389762383238146,30,26,13,2,31048347.165766131,none,12050,60.25,0.0013477754278518636,0.0043797227572165941,disabled,disabled,0,0,0,0,-1,-1,0,0,0,0,0,0,72,72,1,0,0,0,none,1206,1,0,0,0,0,0,0,0,0,0,-1,0
1,1403715954.0840583,1403715954084058368,1403715954.0840583,1403715954.0840583,1351,1207,confirming_observer_health,1,0,0,0,0.57010248739139524,0.15476085983266541,1.2398388811643473,-8.3639070209302009,-1.5733672377252141,4.9449371109073867,9.8429075049165053,30,28,14,2,27275553.782046799,none,12060,60.300000190734863,1.512681362040496e-05,0.00030719683464529963,disabled,disabled,0,0,0,0,-1,-1,0,0,0,0,0,0,48,48,1,0,0,0,none,1207,1,0,0,0,0,0,0,0,0,0,-1,0
1,1403715954.134058,1403715954134057984,1403715954.134058,1403715954.134058,1352,1208,confirming_observer_health,1,0,0,0,0.50960236564925965,0.067461040156618537,1.3373337112110195,-8.6369631774292603,-1.7689634341503215,4.3831292014414256,9.8457191792249681,30,25,15,2,29681774.271924403,none,12070,60.349999904632568,0.00074952322422789828,0.0025404622116968153,disabled,disabled,0,0,0,0,-1,-1,0,0,0,0,0,0,72,72,1,0,0,0,none,1208,1,0,0,0,0,0,0,0,0,0,-1,0
1,1403715954.1840582,1403715954184058112,1403715954.1840582,1403715954.1840582,1353,1209,confirming_observer_health,1,0,0,0,0.4345757288746912,-0.022271598083744685,1.3888407710984216,-8.8955660536367542,-1.8597723925856815,3.7958260411988118,9.8487635823935538,29,26,16,2,29724528.238037881,none,12080,60.400000095367432,0.00071569375130621558,0.0016735461804530552,disabled,disabled,0,0,0,0,-1,-1,0,0,0,0,0,0,72,72,1,0,0,0,none,1209,1,0,0,0,0,0,0,0,0,0,-1,0
1,1403715954.2340581,1403715954234058240,1403715954.2340581,1403715954.2340581,1354,1210,confirming_observer_health,1,0,0,0,0.34998768298441407,-0.12087671122290042,1.4103453134145936,-9.1271332548400874,-1.8429338270455089,3.2200976940802821,9.85241065434737,27,27,17,2,30103369.892449591,none,12090,60.450000047683716,0.0001295116240797507,0.00055668708714993651,disabled,disabled,0,0,0,0,-1,-1,0,0,0,0,0,0,60,60,1,0,0,0,none,1210,1,0,0,0,0,0,0,0,0,0,-1,0
1,1403715954.2840581,1403715954284058112,1403715954.2840581,1403715954.2840581,1355,1211,confirming_observer_health,1,0,0,0,0.26308119832381144,-0.21085444260388034,1.3896784144271783,-9.3167122028210088,-1.7410186684637845,2.698216112836922,9.8545746973528026,27,24,18,2,32001144.159923907,none,12100,60.5,0.0013162206810908104,0.0059646166393948824,disabled,disabled,0,0,0,0,-1,-1,0,0,0,0,0,0,72,72,1,0,0,0,none,1211,1,0,0,0,0,0,0,0,0,0,-1,0
1,1403715954.334058,1403715954334057984,1403715954.334058,1403715954.334058,1356,1212,confirming_observer_health,1,0,0,0,0.1513156637081372,-0.28854948188091489,1.3383206191441557,-9.4795245901982526,-1.522699148802191,2.2331878605770639,9.8573387470739302,30,18,19,2,35077321.019211166,none,12110,60.549999952316284,0.00059670719989282574,0.0051064127526920062,disabled,disabled,0,0,0,0,-1,-1,0,0,0,0,0,0,72,72,1,0,0,0,none,1212,1,0,0,0,0,0,0,0,0,0,-1,0
1,1403715954.3840582,1403715954384058112,1403715954.3840582,1403715954.3840582,1357,1213,pool_not_mature,1,1,1,1,0.076040029216925403,-0.34778907030063477,1.2577138325657768,-9.6185325624425584,-1.1878782695172716,1.8156397311344914,9.8602115124997844,30,20,20,2,34870456.011136249,none,12120,60.600000143051147,0.00049105399594573135,0.0018369106342753783,disabled,disabled,0,0,0,0,-1,-1,0,0,0,0,0,0,72,72,1,0,0,0,none,1213,1,0,0,0,0,0,0,0,0,0,-1,0
1,1403715954.4340582,1403715954434058240,1403715954.4340582,1403715954.4340582,1358,1214,confirming_observer_health,1,1,1,1,0.014330450094583167,-0.38768921476018886,1.1462141997033235,-9.7207042576992144,-0.86899350446258528,1.3980319257170055,9.8590939868617653,30,27,21,2,27045657.511995427,none,12130,60.650000095367432,0.00027003124590615476,0.0009286127154934659,disabled,disabled,0,0,0,0,-1,-1,0,0,0,0,0,0,38,54,1,0,0,0,none,1214,1,0,0,0,0,0,0,0,0,0,-1,0
1,1403715954.4840581,1403715954484058112,1403715954.4840581,1403715954.4840581,1359,1215,pool_not_mature,1,1,1,1,-0.030875626108852808,-0.40842015254373809,0.99806433091521252,-9.7861442209661078,-0.61263133242843959,0.97234378305088709,9.8533947599524865,30,26,22,2,28928584.301803466,none,12140,60.700000047683716,8.7840863679198593e-05,0.00095777157073654771,disabled,disabled,0,0,0,0,-1,-1,0,0,0,0,0,0,40,42,1,0,0,0,none,1215,1,0,0,0,0,0,0,0,0,0,-1,0
1,1403715954.5340581,1403715954534057984,1403715954.5340581,1403715954.5340581,1360,1216,pool_not_mature,1,1,1,1,-0.063753340210100221,-0.42739740368492962,0.8366234583897223,-9.81976160982531,-0.46044101062115506,0.55702383729633065,9.8463190865103041,30,26,23,2,29183136.164126046,none,12150,60.75,0.00016246718576764526,0.0016258188624625298,disabled,disabled,0,0,0,0,-1,-1,0,0,0,0,0,0,54,54,1,0,0,0,none,1216,1,0,0,0,0,0,0,0,0,0,-1,0
1,1403715954.5840583,1403715954584058368,1403715954.5840583,1403715954.5840583,1361,1217,confirming_observer_health,1,1,1,1,-0.07795104559633019,-0.43930909352028863,0.65191252486224138,-9.8366121014706831,-0.37192560946145359,0.16192690939307161,9.8449726570345728,30,24,24,2,29407884.179563697,none,12160,60.800000190734863,0.00098266547900474318,0.0097517181681858571,disabled,disabled,0,0,0,0,-1,-1,0,0,0,0,0,0,72,72,1,0,0,0,none,1217,1,0,0,0,0,0,0,0,0,0,-1,0
1,1403715954.634058,1403715954634057984,1403715954.634058,1403715954.634058,1362,1218,confirming_observer_health,1,1,1,1,-0.093807434598150538,-0.45324788746551659,0.45355164445054863,-9.8397988165860983,-0.30174995684371952,-0.15258511671757446,9.8456069394013532,30,26,25,2,29187722.155238084,none,12170,60.849999904632568,0.00024443961510991,0.0033821130157271812,disabled,disabled,0,0,0,0,-1,-1,0,0,0,0,0,0,72,72,1,0,0,0,none,1218,1,0,0,0,0,0,0,0,0,0,-1,0
1,1403715954.6840582,1403715954684058112,1403715954.6840582,1403715954.6840582,1363,1219,confirming_observer_health,1,1,1,1,-0.11338349668044799,-0.46188868592909421,0.23482798374019345,-9.8320304742853661,-0.24112161874540519,-0.40369999828299774,9.843268591830471,30,29,26,2,27472419.902326584,none,12180,60.900000095367432,0.00011095210215544264,0.0005401035746485926,disabled,disabled,0,0,0,0,-1,-1,0,0,0,0,0,0,54,54,1,0,0,0,none,1219,1,0,0,0,0,0,0,0,0,0,-1,0
1,1403715954.7340581,1403715954734058240,1403715954.7340581,1403715954.7340581,1364,1220,confirming_observer_health,1,1,1,1,-0.11098124356884755,-0.46676841279749015,0.012204577106912091,-9.829253002339108,-0.22146004456190913,-0.46398029968904103,9.8426895132290575,30,29,27,2,29520307.824850336,none,12190,60.950000047683716,0.00011287227416926939,0.0025505782808521618,disabled,disabled,0,0,0,0,-1,-1,0,0,0,0,0,0,72,72,1,0,0,0,none,1220,1,0,0,0,0,0,0,0,0,0,38483.785398326996,1
1,1403715954.7840581,1403715954784058112,1403715954.7840581,1403715954.7840581,1365,1221,confirming_observer_health,1,1,1,1,-0.1132873224558963,-0.47093493072638892,-0.18156784554381597,-9.8312157017496631,-0.21875153373411327,-0.37904772577306678,9.8409517622155782,30,30,28,2,29144359.213524856,none,12200,61,0.0015525115198631234,0.012716179946346171,disabled,disabled,0,0,0,0,-1,-1,0,0,0,0,0,0,72,72,1,0,0,0,none,1221,1,0,0,0,0,0,0,0,0,0,-1,0
1,1403715954.834058,1403715954834057984,1403715954.834058,1403715954.834058,1366,1222,confirming_observer_health,1,1,1,1,-0.11063402124167199,-0.47162368285131767,-0.37861395016463356,-9.8361380321631859,-0.21145265532366794,-0.12570473357630371,9.8392136521804421,30,29,29,2,31007584.146080613,none,12210,61.049999952316284,0.00040150426497368509,0.0014883518061980449,disabled,disabled,0,0,0,0,-1,-1,0,0,0,0,0,0,72,72,1,0,0,0,none,1222,1,0,0,0,0,0,0,0,0,0,-1,0
1,1403715954.8840582,1403715954884058112,1403715954.8840582,1403715954.8840582,1367,1223,confirming_observer_health,1,1,1,1,-0.12352416445813784,-0.4739491772612342,-0.55725001454029077,-9.8283846939932857,-0.23023625510552695,0.20207785572473438,9.8331576762533821,30,28,30,2,32960456.184003994,none,12220,61.100000143051147,0.00064505223378322533,0.0045382837099240819,disabled,disabled,0,0,0,0,-1,-1,0,0,0,0,0,0,72,72,1,0,0,0,none,1223,1,0,0,0,0,0,0,0,0,0,-1,0
1,1403715954.9340582,1403715954934058240,1403715954.9340582,1403715954.9340582,1368,1224,confirming_observer_health,1,1,1,1,-0.14747422349722819,-0.48370783045194254,-0.70757571911401362,-9.8011367074484816,-0.22614425429873042,0.67727588784392712,9.8271117125074525,30,29,31,2,33077556.406236555,none,12230,61.150000095367432,0.00040297197468466199,0.004733408606244445,disabled,disabled,0,0,0,0,-1,-1,0,0,0,0,0,0,72,72,1,0,0,0,none,1224,1,0,0,0,0,0,0,0,0,0,-1,0
1,1403715954.9840581,1403715954984058112,1403715954.9840581,1403715954.9840581,1369,1225,confirming_observer_health,1,1,1,1,-0.17565975253790048,-0.49121122442788806,-0.8392475639600312,-9.7455519860710513,-0.25858242527125985,1.2282790403119106,9.8260530114966365,30,29,32,2,34369383.961138181,none,12240,61.200000047683716,0.00072168039435353652,0.0030992461920305082,disabled,disabled,0,0,0,0,-1,-1,0,0,0,0,0,0,72,72,1,0,0,0,none,1225,1,0,0,0,0,0,0,0,0,0,-1,0
1,1403715955.0340581,1403715955034057984,1403715955.0340581,1403715955.0340581,1370,1226,confirming_observer_health,1,1,1,1,-0.22774745833279936,-0.5030104997586019,-0.91632892382684739,-9.6673488628040349,-0.25824329664997014,1.7550823944596805,9.8287658353816436,30,29,33,2,36355882.612514913,none,12250,61.25,0.00017784289055668276,0.0021208471303980811,disabled,disabled,0,0,0,0,-1,-1,0,0,0,0,0,0,60,60,1,0,0,0,none,1226,1,0,0,0,0,0,0,0,0,0,-1,0
1,1403715955.0840583,1403715955084058368,1403715955.0840583,1403715955.0840583,1371,1227,confirming_observer_health,1,1,1,1,-0.29370022835978987,-0.50099250967780484,-0.98302188388910772,-9.5662492688308962,-0.24768210112230313,2.2725863547248926,9.8356047214345601,30,27,34,2,37659064.917251855,none,12260,61.300000190734863,0.00027406324232497466,0.0020240891640539303,disabled,disabled,0,0,0,0,-1,-1,0,0,0,0,0,0,52,72,1,0,0,0,none,1227,1,0,0,0,0,0,0,0,0,0,-1,0
1,1403715955.134058,1403715955134057984,1403715955.134058,1403715955.134058,1372,1228,confirming_observer_health,1,1,1,1,-0.38118486252816225,-0.50914281656640059,-1.0068482601559969,-9.4291383750947375,-0.16390329387086788,2.8060314532801947,9.8391731005823715,30,17,35,2,41154365.35696543,none,12270,61.349999904632568,0.0011630217939781601,0.010185267386646621,disabled,disabled,0,0,0,0,-1,-1,0,0,0,0,0,0,60,60,1,0,0,0,none,1228,1,0,0,0,0,0,0,0,0,0,-1,0
1,1403715955.1840582,1403715955184058112,1403715955.1840582,1403715955.1840582,1373,1229,confirming_observer_health,1,1,1,1,-0.45417799347871196,-0.49834828439805862,-0.99141520746115053,-9.2598946933283006,-0.045761927895101792,3.3407715407453336,9.844211414482535,30,20,36,2,41545445.17857141,none,12280,61.400000095367432,0.00058916134112203843,0.0067305257567787033,disabled,disabled,0,0,0,0,-1,-1,0,0,0,0,0,0,72,72,1,0,0,0,none,1229,1,0,0,0,0,0,0,0,0,0,-1,0
1,1403715955.2340581,1403715955234058240,1403715955.2340581,1403715955.2340581,1374,1230,confirming_observer_health,1,1,1,1,-0.49479147236632243,-0.48085163055074043,-0.95021967629670701,-9.0522525034241692,0.071242194999075734,3.8731223509318213,9.8462900415021828,24,24,37,2,32425077.196547039,none,12290,61.450000047683716,0.0010009607496852802,0.0017368201204792781,disabled,disabled,0,0,0,0,-1,-1,0,0,0,0,0,0,72,72,1,0,0,0,none,1230,1,0,0,0,0,0,0,0,0,0,-1,0
1,1403715955.2840581,1403715955284058112,1403715955.2840581,1403715955.2840581,1375,1231,confirming_observer_health,1,1,1,1,-0.50699761987395497,-0.4618256493041345,-0.88869895516273389,-8.8482836417543123,0.1338174161067279,4.3250619961751955,9.8496797804065395,24,20,38,2,34766203.974044576,none,12300,61.5,0.00013047541384878173,0.0024562769201117887,disabled,disabled,0,0,0,0,-1,-1,0,0,0,0,0,0,72,72,1,0,0,0,none,1231,1,0,0,0,0,0,0,0,0,0,-1,0
1,1403715955.334058,1403715955334057984,1403715955.334058,1403715955.334058,1376,1232,confirming_observer_health,1,1,1,1,-0.45569463170178059,-0.44675875267371551,-0.81789111591711061,-8.6199259720124566,0.15458485993892734,4.7020037112497137,9.8201761258392573,30,26,39,2,36867573.013655491,none,12310,61.549999952316284,0.00055344844823053559,0.0094904223649404391,disabled,disabled,0,0,0,0,-1,-1,0,0,0,0,0,0,72,72,1,0,0,0,none,1232,1,0,0,0,0,0,0,0,0,0,-1,0
1,1403715955.3840582,1403715955384058112,1403715955.3840582,1403715955.3840582,1377,1233,confirming_observer_health,1,1,1,1,-0.42761785733701263,-0.42751328386268223,-0.72845803892320016,-8.4314755733462778,0.1911933039425357,5.018218822353183,9.8137075242961647,30,25,40,2,37634907.767600253,none,12320,61.600000143051147,0.00042192063711746382,0.0017371780595317225,disabled,disabled,0,0,0,0,-1,-1,0,0,0,0,0,0,72,72,1,0,0,0,none,1233,1,0,0,0,0,0,0,0,0,0,-1,0
1,1403715955.4340582,1403715955434058240,1403715955.4340582,1403715955.4340582,1378,1234,confirming_observer_health,1,1,1,1,-0.38682709694343481,-0.42791323001729292,-0.63307333079588202,-8.2535161883049213,0.21626173370951768,5.3101456483661647,9.8165648479975189,30,24,41,2,40094426.553517215,none,12330,61.650000095367432,3.3946158382762624e-05,0.00052059036932968524,disabled,disabled,0,0,0,0,-1,-1,0,0,0,0,0,0,42,42,1,0,0,0,none,1234,1,0,0,0,0,0,0,0,0,0,-1,0
1,1403715955.4840581,1403715955484058112,1403715955.4840581,1403715955.4840581,1379,1235,confirming_observer_health,1,1,1,1,-0.34366371563555104,-0.41720771812557056,-0.51851085031661337,-8.0817239071043616,0.30110268276726987,5.5784370199661941,9.824656926425531,30,25,42,2,37888552.18144647,none,12340,61.700000047683716,0.00036095753274476385,0.0032879167821332897,disabled,disabled,0,0,0,0,-1,-1,0,0,0,0,0,0,72,72,1,0,0,0,none,1235,1,0,0,0,0,0,0,0,0,0,-1,0
1,1403715955.5340581,1403715955534057984,1403715955.5340581,1403715955.5340581,1380,1236,ready,1,1,1,1,-0.27821153924184094,-0.39349268862915637,-0.39487383195798864,-7.8967764404786216,0.44546535495980788,5.8374795723391815,9.8302433993693619,30,24,43,2,39463255.909566745,none,12350,61.75,0.00040752050781722564,0.0014169829495990379,disabled,disabled,0,0,0,0,-1,-1,0,0,0,0,0,0,72,72,1,0,0,0,none,1236,1,0,0,0,0,0,0,0,0,0,-1,0
1,1403715955.5840583,1403715955584058368,1403715955.5840583,1403715955.5840583,1381,1237,ready,1,1,1,1,-0.17690579142590912,-0.37063709588543586,-0.26945617957408285,-7.7254212199989327,0.58343697703029951,6.0632670677643157,9.8379743477817296,27,24,44,2,34793561.311482854,none,12360,61.800000190734863,0.0012222489607895731,0.0090792055378830592,disabled,disabled,0,0,0,0,-1,-1,0,0,0,0,0,0,72,72,1,0,0,0,none,1237,1,0,0,0,0,0,0,0,0,0,-1,0
1,1403715955.634058,1403715955634057984,1403715955.634058,1403715955.634058,1382,1238,ready,1,1,1,1,-0.049592625745837463,-0.33850303800681797,-0.13601828220632248,-7.5737999671850353,0.67944796639551652,6.2497910413592468,9.8429661963569366,26,26,45,2,31043971.845901389,none,12370,61.849999904632568,6.9195722277515497e-05,0.001822807205373892,disabled,disabled,0,0,0,0,-1,-1,0,0,0,0,0,0,72,72,1,0,0,0,none,1238,1,0,0,0,0,0,0,0,0,0,-1,0
1,1403715955.6840582,1403715955684058112,1403715955.6840582,1403715955.6840582,1383,1239,ready,1,1,1,1,0.12325259202663361,-0.29946099691733014,0.0099848158678619119,-7.4714596704568601,0.71944926452963953,6.3738528306956308,9.8471476458344149,29,28,46,2,32995525.167213533,none,12380,61.900000095367432,0.0001703707981529311,0.001860139345648396,disabled,disabled,0,0,0,0,-1,-1,0,0,0,0,0,0,72,72,1,0,0,0,none,1239,1,0,0,0,0,0,0,0,0,0,-1,0
1,1403715955.7340581,1403715955734058240,1403715955.7340581,1403715955.7340581,1384,1240,ready,1,1,1,1,0.31277965564656346,-0.26847536160861218,0.12970509480116482,-7.5000648428200529,0.65078172793776223,6.3492843573260274,9.8482435669569028,30,28,47,2,35321346.584586933,none,12390,61.950000047683716,0.00010671875559469066,0.0012887547291317669,disabled,disabled,0,0,0,0,-1,-1,0,0,0,0,0,0,63,72,1,0,0,0,none,1240,1,0,0,0,0,0,0,0,0,0,0.99999500004023067,1
1,1403715955.7840581,1403715955784058112,1403715955.7840581,1403715955.7840581,1385,1241,ready,1,1,1,1,0.47627706259729685,-0.22732790796676158,0.25161832251669664,-7.7079149403504355,0.54968062152059083,6.1080966126262792,9.8500226264983439,30,28,48,2,36531985.832002684,none,12400,62,0.0014824037498000371,0.0043590704280928776,disabled,disabled,0,0,0,0,-1,-1,0,0,0,0,0,0,72,72,1,0,0,0,none,1241,1,0,0,0,0,0,0,0,0,0,-1,0
1,1403715955.834058,1403715955834057984,1403715955.834058,1403715955.834058,1386,1242,ready,1,1,1,1,0.59273303098294872,-0.18540417192628614,0.37868730463549893,-8.0538068199333352,0.5001044129514941,5.6517775464504592,9.8517256433185256,30,29,49,2,37614015.677656606,none,12410,62.049999952316284,0.0025386182083023249,0.0078653958169628072,disabled,disabled,0,0,0,0,-1,-1,0,0,0,0,0,0,72,72,1,0,0,0,none,1242,1,0,0,0,0,0,0,0,0,0,-1,0
1,1403715955.8840582,1403715955884058112,1403715955.8840582,1403715955.8840582,1387,1243,ready,1,1,1,1,0.61099406451850036,-0.14916878673037506,0.49161499249758844,-8.4130493725998221,0.4133943953686407,5.1100302208010575,9.8520405769274308,30,28,50,2,37570724.000755839,none,12420,62.100000143051147,0.00017323358020305602,0.0025019121076156345,disabled,disabled,0,0,0,0,-1,-1,0,0,0,0,0,0,72,72,1,0,0,0,none,1243,1,0,0,0,0,0,0,0,0,0,-1,0
1,1403715955.9340582,1403715955934058240,1403715955.9340582,1403715955.9340582,1388,1244,ready,1,1,1,1,0.60074031819257379,-0.10571948851243405,0.57691519903427746,-8.7319469533313612,0.36484830628966247,4.5486772127307162,9.8524350425674445,30,28,51,2,39704185.315409064,none,12430,62.150000095367432,0.0019576649559197913,0.0050567927259835286,disabled,disabled,0,0,0,0,-1,-1,0,0,0,0,0,0,72,72,1,0,0,0,none,1244,1,0,0,0,0,0,0,0,0,0,-1,0
1,1403715955.9840581,1403715955984058112,1403715955.9840581,1403715955.9840581,1389,1245,ready,1,1,1,1,0.57318171156831454,-0.074273403697734483,0.64366416270100624,-9.0280626705055464,0.26070423194366149,3.9445857948241843,9.8556399777923005,30,27,52,2,39780436.031790994,none,12440,62.200000047683716,0.0011568059823901199,0.003287933772176007,disabled,disabled,0,0,0,0,-1,-1,0,0,0,0,0,0,72,72,1,0,0,0,none,1245,1,0,0,0,0,0,0,0,0,0,-1,0
1,1403715956.0340581,1403715956034057984,1403715956.0340581,1403715956.0340581,1390,1246,ready,1,1,1,1,0.52612345518918435,-0.038102985235262364,0.69170961170569678,-9.2777655829679126,0.082363534655855872,3.3366879880229017,9.8598785334182111,30,26,53,2,42254431.050653279,none,12450,62.25,0.00044796121927903815,0.0013859821590068229,disabled,disabled,0,0,0,0,-1,-1,0,0,0,0,0,0,72,72,1,0,0,0,none,1246,1,0,0,0,0,0,0,0,0,0,-1,0
1,1403715956.0840583,1403715956084058368,1403715956.0840583,1403715956.0840583,1391,1247,ready,1,1,1,1,0.4655440395668089,-0.005127758161927818,0.68975841871842147,-9.457100304760246,-0.1179240082873282,2.8026267920884322,9.8643483911386038,28,22,54,2,42458688.419952951,none,12460,62.300000190734863,0.00016798914364398547,0.0042903653720880314,disabled,disabled,0,0,0,0,-1,-1,0,0,0,0,0,0,66,66,1,0,0,0,none,1247,1,0,0,0,0,0,0,0,0,0,-1,0
1,1403715956.134058,1403715956134057984,1403715956.134058,1403715956.134058,1392,1248,ready,1,1,1,1,0.39356735619755023,0.010237428969712107,0.66053940466926642,-9.5662859437696959,-0.30416568100119495,2.3951181213547845,9.8662522942962827,27,22,55,2,43702218.493977755,none,12470,62.349999904632568,0.00053426088674523654,0.0021102914057221115,disabled,disabled,0,0,0,0,-1,-1,0,0,0,0,0,0,72,72,1,0,0,0,none,1248,1,0,0,0,0,0,0,0,0,0,-1,0
1,1403715956.1840582,1403715956184058112,1403715956.1840582,1403715956.1840582,1393,1249,ready,1,1,1,1,0.33190542462635808,0.0093832590319472726,0.61097327193436679,-9.6340441162060095,-0.47987292849652718,2.0551289175787599,9.8624864475636116,23,22,56,2,40559141.662039377,none,12480,62.400000095367432,0.0012406084011873141,0.0067923545543612579,disabled,disabled,0,0,0,0,-1,-1,0,0,0,0,0,0,72,72,1,0,0,0,none,1249,1,0,0,0,0,0,0,0,0,0,-1,0
1,1403715956.2340581,1403715956234058240,1403715956.2340581,1403715956.2340581,1394,1250,ready,1,1,1,1,0.27709165519368045,0.0053001921144248806,0.53101456422244608,-9.6728676348153257,-0.62407249210738425,1.8193733303298103,9.862248935774149,30,29,57,2,42225691.945166886,none,12490,62.450000047683716,8.079517189929947e-05,0.00024092026834564848,disabled,disabled,0,0,0,0,-1,-1,0,0,0,0,0,0,21,72,1,0,0,0,none,1250,1,0,0,0,0,0,0,0,0,0,-1,0
1,1403715956.2840581,1403715956284058112,1403715956.2840581,1403715956.2840581,1395,1251,ready,1,1,1,1,0.26204184892615268,-0.015937517943905653,0.44095043811356283,-9.6860154893988,-0.71690044118566354,1.6892680367048019,9.8583197758684094,30,28,58,2,43588884.272881344,none,12500,62.5,0,0,disabled,disabled,0,0,0,0,-1,-1,0,0,0,0,0,0,0,0,0,0,0,0,none,1251,1,0,0,0,0,0,0,0,0,0,-1,0
1,1403715956.334058,1403715956334057984,1403715956.334058,1403715956.334058,1396,1252,ready,1,1,1,1,0.2480608245876702,-0.043638008682701124,0.33487347234336023,-9.7056839075750148,-0.76481131901731547,1.5071333676915677,9.8517352509832978,30,25,59,2,46131712.662947044,none,12510,62.549999952316284,4.569614185494127e-05,0.00071672863749405377,disabled,disabled,0,0,0,0,-1,-1,0,0,0,0,0,0,54,54,1,0,0,0,none,1252,1,0,0,0,0,0,0,0,0,0,-1,0
1,1403715956.3840582,1403715956384058112,1403715956.3840582,1403715956.3840582,1397,1253,ready,1,1,1,1,0.25533523558691723,-0.074472653952034215,0.21632100657922618,-9.7314613442549973,-0.78692541339109445,1.2677300916508272,9.8451882199502432,30,25,60,2,46725938.96842958,none,12520,62.600000143051147,8.8966975074755125e-05,0.0020039628261375362,disabled,disabled,0,0,0,0,-1,-1,0,0,0,0,0,0,72,72,1,0,0,0,none,1253,1,0,0,0,0,0,0,0,0,0,-1,0
1,1403715956.4340582,1403715956434058240,1403715956.4340582,1403715956.4340582,1398,1254,ready,1,1,1,1,0.26585725504433078,-0.11106977960891304,0.08095386035798792,-9.762772975597823,-0.78543675935224611,0.9402396122744473,9.8393443686302042,30,27,61,2,45815479.414050423,none,12530,62.650000095367432,0.00090715510489308628,0.0068218788684867599,disabled,disabled,0,0,0,0,-1,-1,0,0,0,0,0,0,72,72,1,0,0,0,none,1254,1,0,0,0,0,0,0,0,0,0,-1,0
1,1403715956.4840581,1403715956484058112,1403715956.4840581,1403715956.4840581,1399,1255,pool_not_mature,1,1,1,1,0.26718358451207241,-0.14741818638525025,-0.0478802767428134,-9.7841734294258735,-0.78410118742880297,0.58299305308868365,9.832840142561059,30,21,62,2,46976531.584919125,none,12540,62.700000047683716,0.00019018047335864956,0.0013853821770933676,disabled,disabled,0,0,0,0,-1,-1,0,0,0,0,0,0,66,66,1,0,0,0,none,1255,1,0,0,0,0,0,0,0,0,0,-1,0
1,1403715956.5340581,1403715956534057984,1403715956.5340581,1403715956.5340581,1400,1256,confirming_observer_health,1,1,1,1,0.27786108838256646,-0.17554885958402233,-0.18342575852103721,-9.7884902754161178,-0.78389145498717083,0.29481700197821814,9.8242528850683222,30,20,63,2,49346717.315375954,none,12550,62.75,0.00079986674449907338,0.018073457942033459,disabled,disabled,0,0,0,0,-1,-1,0,0,0,0,0,0,72,72,1,0,0,0,none,1256,1,0,0,0,0,0,0,0,0,0,-1,0
1,1403715956.5840583,1403715956584058368,1403715956.5840583,1403715956.5840583,1401,1257,confirming_observer_health,1,1,1,1,0.27600883493825834,-0.20434773029811715,-0.35159996538453459,-9.7846059525018863,-0.77758347870354438,0.078802733287730936,9.8157709622251108,30,28,64,2,27687493.57503489,none,12560,62.800000190734863,9.76152145313644e-05,0.0017932587443912874,disabled,disabled,0,0,0,0,-1,-1,0,0,0,0,0,0,45,72,1,0,0,0,none,1257,1,0,0,0,0,0,0,0,0,0,-1,0
1,1403715956.634058,1403715956634057984,1403715956.634058,1403715956.634058,1402,1258,confirming_observer_health,1,1,1,1,0.28155808069986638,-0.2503113480998731,-0.513628995959722,-9.7818952586504704,-0.73791168253297268,-0.044450444658003435,9.8097892099910826,30,30,65,2,27889842.785213642,none,12570,62.849999904632568,0.0021956870603810829,0.0084228032483921588,disabled,disabled,0,0,0,0,-1,-1,0,0,0,0,0,0,72,72,1,0,0,0,none,1258,1,0,0,0,0,0,0,0,0,0,-1,0
1,1403715956.6840582,1403715956684058112,1403715956.6840582,1403715956.6840582,1403,1259,confirming_observer_health,1,1,1,1,0.25278253476489904,-0.28745423288863842,-0.68599595001812863,-9.7827646292928474,-0.71797231479722867,0.021113934567878242,9.8090985230647707,30,29,66,2,30071512.743835777,none,12580,62.900000095367432,0.0010023336578513068,0.006861408618314779,disabled,disabled,0,0,0,0,-1,-1,0,0,0,0,0,0,72,72,1,0,0,0,none,1259,1,0,0,0,0,0,0,0,0,0,-1,0
1,1403715956.7340581,1403715956734058240,1403715956.7340581,1403715956.7340581,1404,1260,confirming_observer_health,1,1,1,1,0.21360992882328672,-0.32782850935083624,-0.84080518749710242,-9.7856869304687724,-0.62001421230761156,0.25126863755648021,9.8085280370109711,30,29,67,2,31994384.301596388,none,12590,62.950000047683716,9.1472548282142392e-05,0.001071970958390299,disabled,disabled,0,0,0,0,-1,-1,0,0,0,0,0,0,63,72,1,0,0,0,none,1260,1,0,0,0,0,0,0,0,0,0,54018.878583354868,1
1,1403715956.7840581,1403715956784058112,1403715956.7840581,1403715956.7840581,1405,1261,confirming_observer_health,1,1,1,1,0.17599416872816875,-0.3603162365716393,-0.98388553564108994,-9.7780561665635624,-0.52312161733107665,0.57495804306789977,9.8089049018878391,30,30,68,2,32758107.957355384,none,12600,63,0.00021118999589080884,0.00061153635182790739,disabled,disabled,0,0,0,0,-1,-1,0,0,0,0,0,0,28,72,1,0,0,0,none,1261,1,0,0,0,0,0,0,0,0,0,-1,0
1,1403715956.834058,1403715956834057984,1403715956.834058,1403715956.834058,1406,1262,confirming_observer_health,1,1,1,1,0.11120280837408,-0.39441834601591408,-1.1045119431754353,-9.7532253977869328,-0.40574555514093835,0.95238108346818939,9.8080102387640657,30,30,69,2,34650458.964632079,none,12610,63.049999952316284,0.0016718467258897238,0.0065191010032056677,disabled,disabled,0,0,0,0,-1,-1,0,0,0,0,0,0,72,72,1,0,0,0,none,1262,1,0,0,0,0,0,0,0,0,0,-1,0
1,1403715956.8840582,1403715956884058112,1403715956.8840582,1403715956.8840582,1407,1263,confirming_observer_health,1,1,1,1,0.038493187391091498,-0.42047102033365535,-1.1939611044115959,-9.7044510694146116,-0.30279323351483217,1.3980539733591044,9.8093123720957092,30,30,70,2,36525913.150672309,none,12620,63.100000143051147,0.00033927234128070904,0.0048340390281671258,disabled,disabled,0,0,0,0,-1,-1,0,0,0,0,0,0,72,72,1,0,0,0,none,1263,1,0,0,0,0,0,0,0,0,0,-1,0
1,1403715956.9340582,1403715956934058240,1403715956.9340582,1403715956.9340582,1408,1264,confirming_observer_health,1,1,1,1,-0.066553175996268921,-0.43305681592407941,-1.2569904346290399,-9.6279362085496949,-0.22547171975816929,1.875084960631499,9.8114186916010979,30,30,71,2,38418503.224494651,none,12630,63.150000095367432,0.0013554994814633618,0.0074736176861187062,disabled,disabled,0,0,0,0,-1,-1,0,0,0,0,0,0,72,72,1,0,0,0,none,1264,1,0,0,0,0,0,0,0,0,0,-1,0
1,1403715956.9840581,1403715956984058112,1403715956.9840581,1403715956.9840581,1409,1265,confirming_observer_health,1,1,1,1,-0.20096394395367695,-0.4427933381693151,-1.2833349803090186,-9.5138485183308408,-0.15748383934446275,2.4108354205638278,9.8158159219927192,30,29,72,2,40537285.78988196,none,12640,63.200000047683716,0.0027507038452457663,0.0045195182533088497,disabled,disabled,0,0,0,0,-1,-1,0,0,0,0,0,0,72,72,1,0,0,0,none,1265,1,0,0,0,0,0,0,0,0,0,-1,0
1,1403715957.0340581,1403715957034057984,1403715957.0340581,1403715957.0340581,1410,1266,confirming_observer_health,1,1,1,1,-0.33648086379936465,-0.44726571752716227,-1.2817820870957939,-9.370714574266449,-0.12149006812358897,2.9361707750539563,9.820700091607689,30,29,73,2,42695345.481926128,none,12650,63.25,0.0028876511144964078,0.0066962774082817058,disabled,disabled,0,0,0,0,-1,-1,0,0,0,0,0,0,72,72,1,0,0,0,none,1266,1,0,0,0,0,0,0,0,0,0,-1,0
1,1403715957.0840583,1403715957084058368,1403715957.0840583,1403715957.0840583,1411,1267,confirming_observer_health,1,1,1,1,-0.44702938224141936,-0.44698709488509997,-1.2433229679492652,-9.2151866325009237,-0.091915758122961988,3.4086171970359689,9.8258223256043244,30,30,74,2,44102824.322391741,none,12660,63.300000190734863,0.00065764977013006731,0.0012290077914336533,disabled,disabled,0,0,0,0,-1,-1,0,0,0,0,0,0,72,72,1,0,0,0,none,1267,1,0,0,0,0,0,0,0,0,0,-1,0
1,1403715957.134058,1403715957134057984,1403715957.134058,1403715957.134058,1412,1268,confirming_observer_health,1,1,1,1,-0.55348276566446475,-0.44804564193831581,-1.1711583563760608,-9.0440876987552112,-0.039391370680513835,3.8467301407013021,9.8282453550081499,30,24,75,2,47144457.735494256,none,12670,63.349999904632568,0.00083250807367116653,0.0029641003469552431,disabled,disabled,0,0,0,0,-1,-1,0,0,0,0,0,0,72,72,1,0,0,0,none,1268,1,0,0,0,0,0,0,0,0,0,-1,0
1,1403715957.1840582,1403715957184058112,1403715957.1840582,1403715957.1840582,1413,1269,confirming_observer_health,1,1,1,1,-0.66643138617976327,-0.44381599440065717,-1.0787740442307785,-8.8567684726972775,0.026542989955082023,4.2682076395701616,9.8316147587141209,30,23,76,2,50270463.356559083,none,12680,63.400000095367432,0.00064492672381401793,0.0038109367844021357,disabled,disabled,0,0,0,0,-1,-1,0,0,0,0,0,0,72,72,1,0,0,0,none,1269,1,0,0,0,0,0,0,0,0,0,-1,0
1,1403715957.2340581,1403715957234058240,1403715957.2340581,1403715957.2340581,1414,1270,confirming_observer_health,1,1,1,1,-0.74613363156527079,-0.42901401092455965,-0.95497070501014725,-8.6530356308763103,0.092331163543921152,4.6746489392038963,9.8354406804055543,30,23,77,2,46088158.403503843,none,12690,63.450000047683716,0.00016850571600930423,0.0011071227686347052,disabled,disabled,0,0,0,0,-1,-1,0,0,0,0,0,0,72,72,1,0,0,0,none,1270,1,0,0,0,0,0,0,0,0,0,-1,0
1,1403715957.2840581,1403715957284058112,1403715957.2840581,1403715957.2840581,1415,1271,confirming_observer_health,1,1,1,1,-0.81186903146230727,-0.41675091390246283,-0.80825205816879153,-8.4233982309374849,0.1814506788154614,5.0726780646818765,9.8345627688122477,30,24,78,2,48189100.6443813,none,12700,63.5,0.0001619458850160608,0.0016494714383001061,disabled,disabled,0,0,0,0,-1,-1,0,0,0,0,0,0,72,72,1,0,0,0,none,1271,1,0,0,0,0,0,0,0,0,0,-1,0
1,1403715957.334058,1403715957334057984,1403715957.334058,1403715957.334058,1416,1272,confirming_observer_health,1,1,1,1,-0.83973286258398183,-0.39837429738185665,-0.66524941944238447,-8.1643708138021989,0.26442412123081571,5.4724254422288494,9.8323095517740633,30,30,79,2,41175131.791427732,none,12710,63.549999952316284,0.00011057007559402095,0.00048913956814745755,disabled,disabled,0,0,0,0,-1,-1,0,0,0,0,0,0,58,72,1,0,0,0,none,1272,1,0,0,0,0,0,0,0,0,0,-1,0
1,1403715957.3840582,1403715957384058112,1403715957.3840582,1403715957.3840582,1417,1273,confirming_observer_health,1,1,1,1,-0.81743748107707259,-0.38248390078043965,-0.51516918131649758,-7.9037545859991276,0.30467551202493987,5.8406854729430071,9.8323837657598272,30,30,80,2,43397287.868587762,none,12720,63.600000143051147,0.00015694510497398111,0.00053146523927343977,disabled,disabled,0,0,0,0,-1,-1,0,0,0,0,0,0,54,72,1,0,0,0,none,1273,1,0,0,0,0,0,0,0,0,0,-1,0
1,1403715957.4340582,1403715957434058240,1403715957.4340582,1403715957.4340582,1418,1274,confirming_observer_health,1,1,1,1,-0.76200248593702591,-0.36412415696375444,-0.35284050854954663,-7.6709119755486235,0.32188264379805881,6.144107799974452,9.8334408845887005,30,29,81,2,45259324.617894441,none,12730,63.650000095367432,0.00013806940653409618,0.0010803964586535691,disabled,disabled,0,0,0,0,-1,-1,0,0,0,0,0,0,72,72,1,0,0,0,none,1274,1,0,0,0,0,0,0,0,0,0,-1,0
1,1403715957.4840581,1403715957484058112,1403715957.4840581,1403715957.4840581,1419,1275,ready,1,1,1,1,-0.67676339506743655,-0.34577395567934055,-0.1827224080503109,-7.4428308114307367,0.33607005214816127,6.4236521800352495,9.8372750748164606,30,26,82,2,47394139.389100805,none,12740,63.700000047683716,0.00012015079137586875,0.00049992476218331864,disabled,disabled,0,0,0,0,-1,-1,0,0,0,0,0,0,48,48,1,0,0,0,none,1275,1,0,0,0,0,0,0,0,0,0,-1,0
1,1403715957.5340581,1403715957534057984,1403715957.5340581,1403715957.5340581,1420,1276,ready,1,1,1,1,-0.5695204519063799,-0.32498501990967532,-0.0053340598069803562,-7.2467249653613504,0.34695803883825443,6.6471468721400351,9.8397136210413674,30,19,83,2,50009115.085878007,none,12750,63.75,0.00055098345500087271,0.0020262198370714531,disabled,disabled,0,0,0,0,-1,-1,0,0,0,0,0,0,72,72,1,0,0,0,none,1276,1,0,0,0,0,0,0,0,0,0,-1,0
1,1403715957.5840583,1403715957584058368,1403715957.5840583,1403715957.5840583,1421,1277,ready,1,1,1,1,-0.44245870684467692,-0.30986011044598044,0.16915459203395264,-7.0780619350607727,0.3148280780949208,6.8347033581023355,9.844351043546169,30,21,84,2,47946284.040639691,none,12760,63.800000190734863,0.00059663614728159404,0.00826759926588423,disabled,disabled,0,0,0,0,-1,-1,0,0,0,0,0,0,72,72,1,0,0,0,none,1277,1,0,0,0,0,0,0,0,0,0,-1,0
1,1403715957.634058,1403715957634057984,1403715957.634058,1403715957.634058,1422,1278,ready,1,1,1,1,-0.2649922169747404,-0.28912250473581719,0.33796028820984092,-6.9409211511737814,0.30285975054291658,6.9799250247130988,9.848221352403014,30,25,85,2,33109272.682923291,none,12770,63.849999904632568,0.0010690159322696731,0.0083965247098250033,disabled,disabled,0,0,0,0,-1,-1,0,0,0,0,0,0,72,72,1,0,0,0,none,1278,1,0,0,0,0,0,0,0,0,0,-1,0
1,1403715957.6840582,1403715957684058112,1403715957.6840582,1403715957.6840582,1423,1279,pool_not_mature,1,1,1,1,-0.093212221512635002,-0.28040821365200019,0.49962220036873739,-6.8873938055863499,0.23291897091643846,7.0358796005932298,9.848555550652387,30,22,86,2,31832981.843782473,none,12780,63.900000095367432,0.00015143992840938148,0.00084436631498440654,disabled,disabled,0,0,0,0,-1,-1,0,0,0,0,0,0,60,60,1,0,0,0,none,1279,1,0,0,0,0,0,0,0,0,0,-1,0
1,1403715957.7340581,1403715957734058240,1403715957.7340581,1403715957.7340581,1424,1280,confirming_observer_health,1,1,1,1,0.11484123520663926,-0.28020335952466197,0.65266469147593831,-6.971597771922025,0.16239888819295337,6.9533268310560183,9.847756237429822,30,24,87,2,32036137.870063864,none,12790,63.950000047683716,0.00045462014882365005,0.0047443906093532157,disabled,disabled,0,0,0,0,-1,-1,0,0,0,0,0,0,72,72,1,0,0,0,none,1280,1,0,0,0,0,0,0,0,0,0,0.99999499998886843,1
1,1403715957.7840581,1403715957784058112,1403715957.7840581,1403715957.7840581,1425,1281,confirming_observer_health,1,1,1,1,0.31652945516998587,-0.29148352036976205,0.79603935026821726,-7.1921412372659068,0.12198286757858662,6.7213144433250553,9.8446860408452572,30,27,88,2,27064362.431949534,none,12800,64,0.0010081519108991247,0.015043683135510128,disabled,disabled,0,0,0,0,-1,-1,0,0,0,0,0,0,72,72,1,0,0,0,none,1281,1,0,0,0,0,0,0,0,0,0,-1,0
1,1403715957.834058,1403715957834057984,1403715957.834058,1403715957.834058,1426,1282,confirming_observer_health,1,1,1,1,0.48113684605966889,-0.30822668502606582,0.94870841463772382,-7.5761219182282113,0.082724474163321626,6.2854146108555726,9.8443335726112124,30,28,89,2,25643593.614085276,none,12810,64.049999952316284,0.00022627396880349438,0.0011187813440260469,disabled,disabled,0,0,0,0,-1,-1,0,0,0,0,0,0,72,72,1,0,0,0,none,1282,1,0,0,0,0,0,0,0,0,0,-1,0
1,1403715957.8840582,1403715957884058112,1403715957.8840582,1403715957.8840582,1427,1283,confirming_observer_health,1,1,1,1,0.52677162055632976,-0.31750184881940979,1.0729659110974996,-8.0050223286475148,0.068466948569181063,5.7251130622863347,9.8418489005447185,30,29,90,2,25773495.426397018,none,12820,64.100000143051147,0.00053234676337705965,0.0077652478566300259,disabled,disabled,0,0,0,0,-1,-1,0,0,0,0,0,0,72,72,1,0,0,0,none,1283,1,0,0,0,0,0,0,0,0,0,-1,0
1,1403715957.9340582,1403715957934058240,1403715957.9340582,1403715957.9340582,1428,1284,confirming_observer_health,1,1,1,1,0.50939454079173585,-0.3214761484079286,1.1825617119469463,-8.4139105256206026,0.030360071269998987,5.1160289687566882,9.8472617755513276,30,26,91,2,27802449.888887584,none,12830,64.150000095367432,0.00013970208154311735,0.0019062743158665073,disabled,disabled,0,0,0,0,-1,-1,0,0,0,0,0,0,47,60,1,0,0,0,none,1284,1,0,0,0,0,0,0,0,0,0,-1,0
1,1403715957.9840581,1403715957984058112,1403715957.9840581,1403715957.9840581,1429,1285,confirming_observer_health,1,1,1,1,0.43658575077073281,-0.31760385356029314,1.2579201168182139,-8.7831889141383126,-0.016213434322187706,4.4802127555117721,9.8598669723046992,30,26,92,2,29425881.910465874,none,12840,64.200000047683716,0.0017527776581556655,0.010172554631673903,disabled,disabled,0,0,0,0,-1,-1,0,0,0,0,0,0,72,72,1,0,0,0,none,1285,1,0,0,0,0,0,0,0,0,0,-1,0
1,1403715958.0340581,1403715958034057984,1403715958.0340581,1403715958.0340581,1430,1286,confirming_observer_health,1,1,1,1,0.35102956891026926,-0.31229129629314017,1.2993579896022716,-9.0921135248358862,-0.040597510300110343,3.8389876472313316,9.8694479410928029,30,29,93,2,29499824.72741814,none,12850,64.25,0.00024699155011476809,0.0022330836048802529,disabled,disabled,0,0,0,0,-1,-1,0,0,0,0,0,0,61,72,1,0,0,0,none,1286,1,0,0,0,0,0,0,0,0,0,-1,0
1,1403715958.0840583,1403715958084058368,1403715958.0840583,1403715958.0840583,1431,1287,confirming_observer_health,1,1,1,1,0.22961639621834515,-0.30441403062493827,1.3179320286081313,-9.3467252286215867,-0.11651567636399925,3.1941282280487417,9.8781224703588091,30,26,94,2,31114902.685220573,none,12860,64.300000190734863,8.5744057828968127e-06,7.8850174660147855e-05,disabled,disabled,0,0,0,0,-1,-1,0,0,0,0,0,0,12,18,1,0,0,0,none,1287,1,0,0,0,0,0,0,0,0,0,-1,0
1,1403715958.134058,1403715958134057984,1403715958.134058,1403715958.134058,1432,1288,confirming_observer_health,1,1,1,1,0.1073248113318841,-0.28666097267953794,1.2929111159813349,-9.5313781867575216,-0.12601721432283908,2.6191754702094219,9.8855010303499302,30,26,95,2,28862056.076256633,none,12870,64.349999904632568,0.00019157317376618897,0.0021961888650142954,disabled,disabled,0,0,0,0,-1,-1,0,0,0,0,0,0,36,42,1,0,0,0,none,1288,1,0,0,0,0,0,0,0,0,0,-1,0
1,1403715958.1840582,1403715958184058112,1403715958.1840582,1403715958.1840582,1433,1289,confirming_observer_health,1,1,1,1,0.0045718170635173534,-0.26639100123324688,1.2360104657984319,-9.6670299236527164,-0.13374148475563555,2.071755275570371,9.8874427559099107,30,25,96,2,28248977.736406945,none,12880,64.400000095367432,0.0012129201533921841,0.0042561609077769198,disabled,disabled,0,0,0,0,-1,-1,0,0,0,0,0,0,72,72,1,0,0,0,none,1289,1,0,0,0,0,0,0,0,0,0,-1,0
1,1403715958.2340581,1403715958234058240,1403715958.2340581,1403715958.2340581,1434,1290,confirming_observer_health,1,1,1,1,-0.089728335626435826,-0.24944790487870735,1.1500309496333965,-9.7529748059275807,-0.17743247910912241,1.6035155184444481,9.8855076686831378,30,24,97,2,28283690.178445693,none,12890,64.450000047683716,0.00093359120868244144,0.0059031247050923517,disabled,disabled,0,0,0,0,-1,-1,0,0,0,0,0,0,72,72,1,0,0,0,none,1290,1,0,0,0,0,0,0,0,0,0,-1,0
1,1403715958.2840581,1403715958284058112,1403715958.2840581,1403715958.2840581,1435,1291,confirming_observer_health,1,1,1,1,-0.16330573907110416,-0.23762790058151828,1.0494055693685458,-9.8060632671297654,-0.2308549016861316,1.2313300881953777,9.8857647438465506,29,26,98,2,25081433.714982931,none,12900,64.5,0,0,disabled,disabled,0,0,0,0,-1,-1,0,0,0,0,0,0,1,6,1,0,0,0,none,1291,1,0,0,0,0,0,0,0,0,0,-1,0
1,1403715958.334058,1403715958334057984,1403715958.334058,1403715958.334058,1436,1292,confirming_observer_health,1,1,1,1,-0.21743786416587643,-0.22632179355438634,0.92407765577983392,-9.8371685870378016,-0.26896464540644549,0.89700707795276013,9.8816420441229944,30,25,99,2,26045236.404237501,none,12910,64.549999952316284,0.00021426700429467911,0.001366319939152958,disabled,disabled,0,0,0,0,-1,-1,0,0,0,0,0,0,72,72,1,0,0,0,none,1292,1,0,0,0,0,0,0,0,0,0,-1,0
1,1403715958.3840582,1403715958384058112,1403715958.3840582,1403715958.3840582,1437,1293,confirming_observer_health,1,1,1,1,-0.24951525300257266,-0.24118867877370806,0.77112682323285819,-9.8536076751806991,-0.32192472518850246,0.58547016420665488,9.876233849916872,30,25,100,2,26904144.127034973,none,12920,64.600000143051147,0.00046845913613883584,0.0023485385441743816,disabled,disabled,0,0,0,0,-1,-1,0,0,0,0,0,0,42,42,1,0,0,0,none,1293,1,0,0,0,0,0,0,0,0,0,-1,0
1,1403715958.4340582,1403715958434058240,1403715958.4340582,1403715958.4340582,1438,1294,confirming_observer_health,1,1,1,1,-0.26145697505761184,-0.24764411188902735,0.60715787504477614,-9.8631614928450055,-0.31199532784671535,0.23459727560236696,9.8708830202904725,30,26,101,2,25608276.425440524,none,12930,64.650000095367432,0.00041434769408124514,0.006588407046409281,disabled,disabled,0,0,0,0,-1,-1,0,0,0,0,0,0,72,72,1,0,0,0,none,1294,1,0,0,0,0,0,0,0,0,0,-1,0
1,1403715958.4840581,1403715958484058112,1403715958.4840581,1403715958.4840581,1439,1295,confirming_observer_health,1,1,1,1,-0.28856636357492482,-0.24760975942561414,0.41966229516567932,-9.8619754807216164,-0.31875305831916811,-0.093678384439546805,9.8675700926952317,30,24,102,2,27972848.267891593,none,12940,64.700000047683716,0.0030077293419729246,0.0099652448807776295,disabled,disabled,0,0,0,0,-1,-1,0,0,0,0,0,0,72,72,1,0,0,0,none,1295,1,0,0,0,0,0,0,0,0,0,-1,0
1,1403715958.5340581,1403715958534057984,1403715958.5340581,1403715958.5340581,1440,1296,confirming_observer_health,1,1,1,1,-0.29099331150396696,-0.25916075882155154,0.21152524761787003,-9.8526341438407918,-0.28856276981422763,-0.31039967764119342,9.8617450790608032,30,27,103,2,27743913.82360049,none,12950,64.75,0,0,disabled,disabled,0,0,0,0,-1,-1,0,0,0,0,0,0,0,0,0,0,0,0,none,1296,1,0,0,0,0,0,0,0,0,0,-1,0
1,1403715958.5840583,1403715958584058368,1403715958.5840583,1403715958.5840583,1441,1297,confirming_observer_health,1,1,1,1,-0.29019329226760854,-0.27220214838696527,0.014299878667657483,-9.8432418936640289,-0.238779261498649,-0.3499510500709988,9.8523546551243406,30,29,104,2,26385942.785600726,none,12960,64.800000190734863,0.00070381909885158811,0.0074861119732366373,disabled,disabled,0,0,0,0,-1,-1,0,0,0,0,0,0,72,72,1,0,0,0,none,1297,1,0,0,0,0,0,0,0,0,0,-1,0
1,1403715958.634058,1403715958634057984,1403715958.634058,1403715958.634058,1442,1298,confirming_observer_health,1,1,1,1,-0.29346773044117819,-0.28835942762725464,-0.18313047912905966,-9.835762649592839,-0.16096308717345362,-0.29604155747747002,9.8415332452982973,30,28,105,2,28675468.523745194,none,12970,64.849999904632568,0.00014977205701647688,0.0021220710628028845,disabled,disabled,0,0,0,0,-1,-1,0,0,0,0,0,0,21,72,1,0,0,0,none,1298,1,0,0,0,0,0,0,0,0,0,-1,0
1,1403715958.6840582,1403715958684058112,1403715958.6840582,1403715958.6840582,1443,1299,ready,1,1,1,1,-0.29428256430162331,-0.29724570335223072,-0.36450780546263251,-9.8329111256438892,-0.030202248273882064,-0.13459637317515297,9.8338786632886652,30,27,106,2,29449288.113771874,none,12980,64.900000095367432,0.00069819124574058849,0.006503581423703793,disabled,disabled,0,0,0,0,-1,-1,0,0,0,0,0,0,72,72,1,0,0,0,none,1299,1,0,0,0,0,0,0,0,0,0,-1,0
1,1403715958.7340581,1403715958734058240,1403715958.7340581,1403715958.7340581,1444,1300,ready,1,1,1,1,-0.3130133618994167,-0.31524498995809097,-0.52097127669774057,-9.8237407656955202,0.096454427407361931,0.13298086457266942,9.825114248623116,30,27,107,2,30556910.655353647,none,12990,64.950000047683716,0.0018184566030802012,0.0084503385763829448,disabled,disabled,0,0,0,0,-1,-1,0,0,0,0,0,0,72,72,1,0,0,0,none,1300,1,0,0,0,0,0,0,0,0,0,0.99999499996150598,1
1,1403715958.7840581,1403715958784058112,1403715958.7840581,1403715958.7840581,1445,1301,ready,1,1,1,1,-0.35374135803468976,-0.33483868660141014,-0.67030065342459644,-9.8015169037619181,0.25869105046803859,0.51364060920890808,9.8183746796377349,30,29,108,2,30988404.754788134,none,13000,65,0.0012316498391234043,0.026034500287118963,disabled,disabled,0,0,0,0,-1,-1,0,0,0,0,0,0,72,72,1,0,0,0,none,1301,1,0,0,0,0,0,0,0,0,0,-1,0
1,1403715958.834058,1403715958834057984,1403715958.834058,1403715958.834058,1446,1302,ready,1,1,1,1,-0.40059924191237262,-0.33771687017087254,-0.78172543700611274,-9.7577506331647985,0.50136645197584873,0.96238170450470595,9.8179042714502085,30,28,109,2,32158262.537077431,none,13010,65.049999952316284,0.000964173231524863,0.018515107101192488,disabled,disabled,0,0,0,0,-1,-1,0,0,0,0,0,0,72,72,1,0,0,0,none,1302,1,0,0,0,0,0,0,0,0,0,-1,0
1,1403715958.8840582,1403715958884058112,1403715958.8840582,1403715958.8840582,1447,1303,ready,1,1,1,1,-0.45246686513472983,-0.32817191020435121,-0.85794517770475165,-9.6758795547175218,0.76272878335410532,1.4631562961323261,9.8155604374518042,30,26,110,2,34766969.935458429,none,13020,65.100000143051147,0.00051477580915849246,0.0085184493677305899,disabled,disabled,0,0,0,0,-1,-1,0,0,0,0,0,0,72,72,1,0,0,0,none,1303,1,0,0,0,0,0,0,0,0,0,-1,0
1,1403715958.9340582,1403715958934058240,1403715958.9340582,1403715958.9340582,1448,1304,ready,1,1,1,1,-0.51192129063116631,-0.30907494890005244,-0.91103005527978476,-9.5730724661192621,1.0045929684035295,1.932377029866456,9.8176883460054931,30,27,111,2,35761003.016413309,none,13030,65.150000095367432,0.00022217404840104096,0.0044349137652158919,disabled,disabled,0,0,0,0,-1,-1,0,0,0,0,0,0,52,66,1,0,0,0,none,1304,1,0,0,0,0,0,0,0,0,0,-1,0
1,1403715958.9840581,1403715958984058112,1403715958.9840581,1403715958.9840581,1449,1305,ready,1,1,1,1,-0.58934694027532697,-0.27471737608050373,-0.92276719460191403,-9.4471782809285543,1.2047137493886886,2.3842319641486478,9.817590068264332,30,26,112,2,36922351.157220304,none,13040,65.200000047683716,5.7836147179451982e-05,0.00071932355363631367,disabled,disabled,0,0,0,0,-1,-1,0,0,0,0,0,0,72,72,1,0,0,0,none,1305,1,0,0,0,0,0,0,0,0,0,-1,0
1,1403715959.0340581,1403715959034057984,1403715959.0340581,1403715959.0340581,1450,1306,ready,1,1,1,1,-0.63877856773974073,-0.23910382529769164,-0.91661213656851726,-9.29434808136355,1.2776448552052293,2.893305993264875,9.8177646235913159,30,26,113,2,38525942.297008172,none,13050,65.25,0.00083415740568177623,0.0086287559113406645,disabled,disabled,0,0,0,0,-1,-1,0,0,0,0,0,0,72,72,1,0,0,0,none,1306,1,0,0,0,0,0,0,0,0,0,-1,0
1,1403715959.0840583,1403715959084058368,1403715959.0840583,1403715959.0840583,1451,1307,ready,1,1,1,1,-0.66321648924168164,-0.19868576178518843,-0.89595059762751206,-9.14554979315289,1.2815504024495794,3.3357494581024096,9.8188938735627485,30,29,114,2,38021991.585424341,none,13060,65.300000190734863,0.00064344586387399445,0.0097945404996539667,disabled,disabled,0,0,0,0,-1,-1,0,0,0,0,0,0,72,72,1,0,0,0,none,1307,1,0,0,0,0,0,0,0,0,0,-1,0
1,1403715959.134058,1403715959134057984,1403715959.134058,1403715959.134058,1452,1308,ready,1,1,1,1,-0.66635477577740287,-0.15794125359489739,-0.84978291001115569,-9.0195726751384875,1.1588839793161207,3.7048310761756422,9.8194438041376451,30,30,115,2,39623017.851518065,none,13070,65.349999904632568,0.0014366653944489353,0.0036604040896118456,disabled,disabled,0,0,0,0,-1,-1,0,0,0,0,0,0,72,72,1,0,0,0,none,1308,1,0,0,0,0,0,0,0,0,0,-1,0
1,1403715959.1840582,1403715959184058112,1403715959.1840582,1403715959.1840582,1453,1309,ready,1,1,1,1,-0.656831109474449,-0.14001715709715001,-0.79138793467999924,-8.9029603741796777,0.93315413813962,4.0401554197741669,9.8212186558324426,30,30,116,2,42038965.317449167,none,13080,65.400000095367432,5.5855461578951371e-05,0.0017934725285535613,disabled,disabled,0,0,0,0,-1,-1,0,0,0,0,0,0,72,72,1,0,0,0,none,1309,1,0,0,0,0,0,0,0,0,0,-1,0
1,1403715959.2340581,1403715959234058240,1403715959.2340581,1403715959.2340581,1454,1310,ready,1,1,1,1,-0.6523571670825643,-0.12698058005206594,-0.72215809231199068,-8.7845969673693851,0.69608129637741423,4.3357600550372286,9.8210227728652733,30,30,117,2,44365123.843343049,none,13090,65.450000047683716,0.00010337256348844018,0.0017808301058473081,disabled,disabled,0,0,0,0,-1,-1,0,0,0,0,0,0,34,72,1,0,0,0,none,1310,1,0,0,0,0,0,0,0,0,0,-1,0
1,1403715959.2840581,1403715959284058112,1403715959.2840581,1403715959.2840581,1455,1311,ready,1,1,1,1,-0.66672795565715492,-0.12378029385444266,-0.63968240468912974,-8.6399757481877053,0.50399099272847692,4.6441282906773012,9.8219710562744176,30,29,118,2,46809138.108518958,none,13100,65.5,7.8394202027564174e-05,0.0011405680264701974,disabled,disabled,0,0,0,0,-1,-1,0,0,0,0,0,0,28,42,1,0,0,0,none,1311,1,0,0,0,0,0,0,0,0,0,-1,0
1,1403715959.334058,1403715959334057984,1403715959.334058,1403715959.334058,1456,1312,ready,1,1,1,1,-0.66454599027878736,-0.12227198718688306,-0.53646238922664369,-8.4302827083733032,0.35622890414530078,5.0233036071069366,9.8198851675780823,30,23,119,2,50166582.534905538,none,13110,65.549999952316284,0.00089678998637902733,0.0040614772579482756,disabled,disabled,0,0,0,0,-1,-1,0,0,0,0,0,0,72,72,1,0,0,0,none,1312,1,0,0,0,0,0,0,0,0,0,-1,0
1,1403715959.3840582,1403715959384058112,1403715959.3840582,1403715959.3840582,1457,1313,ready,1,1,1,1,-0.61973239876707431,-0.11417324309842705,-0.41245719498951089,-8.1871734602296158,0.27099417480984955,5.4174652992685646,9.8210069432542451,30,18,120,2,52703477.810097739,none,13120,65.600000143051147,0.00013066661774664145,0.0072207431558894992,disabled,disabled,0,0,0,0,-1,-1,0,0,0,0,0,0,72,72,1,0,0,0,none,1313,1,0,0,0,0,0,0,0,0,0,-1,0
1,1403715959.4340582,1403715959434058240,1403715959.4340582,1403715959.4340582,1458,1314,pool_not_mature,1,1,1,1,-0.56524485033895855,-0.1089026725930432,-0.28504788878170639,-7.9596150843624818,0.21287966945614226,5.7487871334680642,9.8208626683609861,30,20,121,2,47133121.32869523,none,13130,65.650000095367432,0.00058391885169869291,0.0079048331153058603,disabled,disabled,0,0,0,0,-1,-1,0,0,0,0,0,0,72,72,1,0,0,0,none,1314,1,0,0,0,0,0,0,0,0,0,-1,0
1,1403715959.4840581,1403715959484058112,1403715959.4840581,1403715959.4840581,1459,1315,pool_not_mature,1,1,1,1,-0.47550234288054655,-0.10292975636979072,-0.16188324370961019,-7.7357757036281853,0.17580956811381615,6.0416701838633493,9.8170725448917775,30,26,122,2,39671123.546999536,none,13140,65.700000047683716,0.00069876076646359679,0.011475840277065974,disabled,disabled,0,0,0,0,-1,-1,0,0,0,0,0,0,72,72,1,0,0,0,none,1315,1,0,0,0,0,0,0,0,0,0,-1,0
1,1403715959.5340581,1403715959534057984,1403715959.5340581,1403715959.5340581,1460,1316,pool_not_mature,1,1,1,1,-0.30183012839528867,-0.11090851440783654,-0.02348757932388108,-7.5499562823747093,0.15783153905474068,6.2685742953651049,9.8143657134326237,30,23,123,2,37248449.587343201,none,13150,65.75,0.00033342735009943985,0.0062692035610238828,disabled,disabled,0,0,0,0,-1,-1,0,0,0,0,0,0,72,72,1,0,0,0,none,1316,1,0,0,0,0,0,0,0,0,0,-1,0
1,1403715959.5840583,1403715959584058368,1403715959.5840583,1403715959.5840583,1461,1317,confirming_observer_health,1,1,1,1,-0.083652385030651755,-0.10767069722308291,0.091441527179517201,-7.4243221990576593,0.077086832568490207,6.4119229577738892,9.8101609829606602,30,22,124,2,37520373.865194619,none,13160,65.800000190734863,0.00029933817509508341,0.0052215207547617231,disabled,disabled,0,0,0,0,-1,-1,0,0,0,0,0,0,72,72,1,0,0,0,none,1317,1,0,0,0,0,0,0,0,0,0,-1,0
1,1403715959.634058,1403715959634057984,1403715959.634058,1403715959.634058,1462,1318,confirming_observer_health,1,1,1,1,0.16684022965362871,-0.10928546446811196,0.19531352895871917,-7.3788465760127817,0.035556383429296956,6.457215541880335,9.8053186385266979,30,27,125,2,30833301.057390988,none,13170,65.849999904632568,0.00036606384649061558,0.0048895192850397983,disabled,disabled,0,0,0,0,-1,-1,0,0,0,0,0,0,72,72,1,0,0,0,none,1318,1,0,0,0,0,0,0,0,0,0,-1,0
1,1403715959.6840582,1403715959684058112,1403715959.6840582,1403715959.6840582,1463,1319,confirming_observer_health,1,1,1,1,0.41426008395544978,-0.10762316752388036,0.30726171584075024,-7.4586828370800848,-0.01989496896493383,6.3584715969356962,9.801148224722505,30,29,126,2,29113721.346231498,none,13180,65.900000095367432,0.00045344925603205968,0.0057683868682322312,disabled,disabled,0,0,0,0,-1,-1,0,0,0,0,0,0,46,72,1,0,0,0,none,1319,1,0,0,0,0,0,0,0,0,0,-1,0
1,1403715959.7340581,1403715959734058240,1403715959.7340581,1403715959.7340581,1464,1320,confirming_observer_health,1,1,1,1,0.64274353906443915,-0.099800751494401208,0.40214236919322388,-7.6887233334977747,-0.00091031710720991706,6.062566128965563,9.7913827111307867,30,26,127,2,30463717.938498981,none,13190,65.950000047683716,0.003085470713079878,0.021169615860587111,disabled,disabled,0,0,0,0,-1,-1,0,0,0,0,0,0,72,72,1,0,0,0,none,1320,1,0,0,0,0,0,0,0,0,0,0.99999499994535912,1
1,1403715959.7840581,1403715959784058112,1403715959.7840581,1403715959.7840581,1465,1321,confirming_observer_health,1,1,1,1,0.77090050538580335,-0.095266314862225851,0.55372031415813683,-8.0225526968248992,0.016970810765193106,5.5999519649983034,9.7837161545109659,30,24,128,2,33334978.167270929,none,13200,66,0.0014035153472844487,0.0035023389403447056,disabled,disabled,0,0,0,0,-1,-1,0,0,0,0,0,0,36,36,1,0,0,0,none,1321,1,0,0,0,0,0,0,0,0,0,-1,0
1,1403715959.834058,1403715959834057984,1403715959.834058,1403715959.834058,1466,1322,confirming_observer_health,1,1,1,1,0.82596158899816541,-0.093173022552275525,0.6939576281114167,-8.3730564704545856,0.041740996960720866,5.0502093902678205,9.7782632329978689,30,23,129,2,32627798.8009222,none,13210,66.049999952316284,0.0015746095492969172,0.0067655948013941166,disabled,disabled,0,0,0,0,-1,-1,0,0,0,0,0,0,72,72,1,0,0,0,none,1322,1,0,0,0,0,0,0,0,0,0,-1,0
1,1403715959.8840582,1403715959884058112,1403715959.8840582,1403715959.8840582,1467,1323,confirming_observer_health,1,1,1,1,0.79075578789736434,-0.083625592242045507,0.80135693147614395,-8.7285634465555351,0.033097511003511784,4.4066349878094151,9.7779009609203023,29,23,130,2,31591964.40930682,none,13220,66.100000143051147,0.0012208803747633342,0.0060191429066400745,disabled,disabled,0,0,0,0,-1,-1,0,0,0,0,0,0,72,72,1,0,0,0,none,1323,1,0,0,0,0,0,0,0,0,0,-1,0
1,1403715959.9340582,1403715959934058240,1403715959.9340582,1403715959.9340582,1468,1324,confirming_observer_health,1,1,1,1,0.71769946359765946,-0.077655127789551553,0.87365099506496147,-9.0448340276330104,0.016552927229122414,3.7173276263688306,9.7789478610223082,25,23,131,2,30053651.208922338,none,13230,66.150000095367432,7.7395677312383669e-05,0.0023550641201185406,disabled,disabled,0,0,0,0,-1,-1,0,0,0,0,0,0,53,72,1,0,0,0,none,1324,1,0,0,0,0,0,0,0,0,0,-1,0
1,1403715959.9840581,1403715959984058112,1403715959.9840581,1403715959.9840581,1469,1325,confirming_observer_health,1,1,1,1,0.59391960393694465,-0.058151407180153727,0.9194564016226433,-9.3105391990262589,0.011217188489092225,3.0162181769716248,9.7869217884387005,24,21,132,2,31870238.163857866,none,13240,66.200000047683716,0.0011182206062661424,0.0027717982983482014,disabled,disabled,0,0,0,0,-1,-1,0,0,0,0,0,0,72,72,1,0,0,0,none,1325,1,0,0,0,0,0,0,0,0,0,-1,0
1,1403715960.0340581,1403715960034057984,1403715960.0340581,1403715960.0340581,1470,1326,confirming_observer_health,1,1,1,1,0.48067870759185904,-0.051780744978036114,0.91998191014207686,-9.5037753988630094,-0.017172116140720919,2.3807521738458512,9.7974498022127303,24,21,133,2,32897758.055073064,none,13250,66.25,0.00040369625753872276,0.0023205947911717475,disabled,disabled,0,0,0,0,-1,-1,0,0,0,0,0,0,56,72,1,0,0,0,none,1326,1,0,0,0,0,0,0,0,0,0,-1,0
1,1403715960.0840583,1403715960084058368,1403715960.0840583,1403715960.0840583,1471,1327,confirming_observer_health,1,1,1,1,0.35298258059113197,-0.048059227878078196,0.86796945482921928,-9.6484870668882259,-0.016089055357680536,1.7968755167970294,9.8143936725849894,26,23,134,2,33810855.687452972,none,13260,66.300000190734863,0.0015256401408187807,0.013137636889066991,disabled,disabled,0,0,0,0,-1,-1,0,0,0,0,0,0,72,72,1,0,0,0,none,1327,1,0,0,0,0,0,0,0,0,0,-1,0
1,1403715960.134058,1403715960134057984,1403715960.134058,1403715960.134058,1472,1328,confirming_observer_health,1,1,1,1,0.26194969729517159,-0.046018384844884519,0.78996189692578855,-9.7343618217529286,-0.039531793796594959,1.3423355937031303,9.8265572651689208,25,18,135,2,36210193.96831587,none,13270,66.349999904632568,3.8701621948896187e-05,0.00021633074752402202,disabled,disabled,0,0,0,0,-1,-1,0,0,0,0,0,0,11,24,1,0,0,0,none,1328,1,0,0,0,0,0,0,0,0,0,-1,0
1,1403715960.1840582,1403715960184058112,1403715960.1840582,1403715960.1840582,1473,1329,confirming_observer_health,1,1,1,1,0.19319575563145638,-0.054938153622417045,0.6614607851436648,-9.7890366515751452,-0.080886579489743232,0.93552257993361565,9.8339709020409831,26,20,136,2,36190848.614444926,none,13280,66.400000095367432,0.00060100000877377823,0.004203385089392637,disabled,disabled,0,0,0,0,-1,-1,0,0,0,0,0,0,72,72,1,0,0,0,none,1329,1,0,0,0,0,0,0,0,0,0,-1,0
1,1403715960.2340581,1403715960234058240,1403715960.2340581,1403715960.2340581,1474,1330,pool_not_mature,1,1,1,1,0.16644736543388508,-0.058633651427491724,0.5115201015958788,-9.8226084086515186,-0.13115520424579336,0.58080242697857087,9.8406386528769811,21,16,137,2,31802542.277553692,none,13290,66.450000047683716,0.00035537012200072043,0.0025049419848297001,disabled,disabled,0,0,0,0,-1,-1,0,0,0,0,0,0,72,72,1,0,0,0,none,1330,1,0,0,0,0,0,0,0,0,0,-1,0
1,1403715960.2840581,1403715960284058112,1403715960.2840581,1403715960.2840581,1475,1331,thin_observations_state_preserved_not_ready,1,0,0,0,0.15331654713977835,-0.066186465928152818,0.34428217439354175,-9.8304183842403283,-0.16310086774709665,0.31297409419237965,9.8367515108345405,20,13,0,2,33216269.531804521,none,13300,66.5,0.0001451482557379063,0.00039569202534853664,disabled,disabled,0,0,0,0,-1,-1,0,0,0,0,0,0,40,60,1,0,0,0,none,1331,1,0,0,0,0,0,0,0,0,0,-1,0
1,1403715960.334058,1403715960334057984,1403715960.334058,1403715960.334058,1476,1332,thin_observations_state_preserved_not_ready,1,0,0,0,0.14219702121757558,-0.074224968277304876,0.18022330849157328,-9.8298972300648408,-0.20412005650904741,0.050557964410711795,9.8321462895377554,17,10,0,2,33948770.515654273,none,13310,66.549999952316284,0.00034297806753993455,0.0048534589348141113,disabled,disabled,0,0,0,0,-1,-1,0,0,0,0,0,0,72,72,1,0,0,0,none,1332,1,0,0,0,0,0,0,0,0,0,-1,0
1,1403715960.3840582,1403715960384058112,1403715960.3840582,1403715960.3840582,1477,1333,thin_observations_state_preserved_not_ready,1,0,0,0,0.14829073785788424,-0.086888685379494845,-0.0028575746745676135,-9.8238233261060905,-0.21651704864661991,-0.20615412955377047,9.8283713757688691,13,7,0,2,28869961.178611133,none,13320,66.600000143051147,4.928155954003747e-05,0.0012228905237314592,disabled,disabled,0,0,0,0,-1,-1,0,0,0,0,0,0,72,72,1,0,0,0,none,1333,1,0,0,0,0,0,0,0,0,0,-1,0
1,1403715960.4340582,1403715960434058240,1403715960.4340582,1403715960.4340582,1478,1334,thin_observations_state_preserved_not_ready,1,0,0,0,0.17076043165730945,-0.1060171682476015,-0.19784734253263347,-9.8135985845579317,-0.22803150104342032,-0.40540521311776911,9.8246154597077542,11,7,0,2,28293653.03587329,none,13330,66.650000095367432,6.0862933411551428e-05,0.00069724062737490052,disabled,disabled,0,0,0,0,-1,-1,0,0,0,0,0,0,23,42,1,0,0,0,none,1334,1,0,0,0,0,0,0,0,0,0,-1,0
1,1403715960.4840581,1403715960484058112,1403715960.4840581,1403715960.4840581,1479,1335,thin_observations_state_preserved_not_ready,1,0,0,0,0.17615348107876685,-0.1220428848952866,-0.40068993789070451,-9.8066797679106159,-0.23164648313982134,-0.44143778035136372,9.8193429249324016,7,6,0,2,22467590.194327079,none,13340,66.700000047683716,5.8345153013144206e-05,0.00075890361470190972,disabled,disabled,0,0,0,0,-1,-1,0,0,0,0,0,0,15,36,1,0,0,0,none,1335,1,0,0,0,0,0,0,0,0,0,-1,0
1,1403715960.5340581,1403715960534057984,1403715960.5340581,1403715960.5340581,1480,1336,thin_observations_state_preserved_not_ready,1,0,0,0,0.15264005851553167,-0.13649510536688234,-0.58970844370692521,-9.808816030461335,-0.24347312095349671,-0.28505615106277454,9.8159771846373403,9,8,0,2,23639516.165451732,none,13350,66.75,0.00050418698832823598,0.0077813684206080027,disabled,disabled,0,0,0,0,-1,-1,0,0,0,0,0,0,72,72,1,0,0,0,none,1336,1,0,0,0,0,0,0,0,0,0,-1,0
1,1403715960.5840583,1403715960584058368,1403715960.5840583,1403715960.5840583,1481,1337,thin_observations_state_preserved_not_ready,1,0,0,0,0.11396500998307429,-0.1669729607113358,-0.77306034622247488,-9.8073550643525724,-0.2686823771876552,0.12177590237487046,9.8117905067572888,9,9,0,2,24426026.057014268,none,13360,66.800000190734863,0.00038395943117720723,0.0035772893366616105,disabled,disabled,0,0,0,0,-1,-1,0,0,0,0,0,0,66,72,1,0,0,0,none,1337,1,0,0,0,0,0,0,0,0,0,-1,0
1,1403715960.634058,1403715960634057984,1403715960.634058,1403715960.634058,1482,1338,pool_not_mature,1,0,0,0,0.057056693807841133,-0.17836251159881081,-0.94014431521460029,-9.7768423990109241,-0.28144724472177957,0.71546755909597093,9.8070257303005945,15,15,1,2,25696979.152708281,none,13370,66.849999904632568,0.0001827077871561408,0.0025905522664094625,disabled,disabled,0,0,0,0,-1,-1,0,0,0,0,0,0,30,30,1,0,0,0,none,1338,1,0,0,0,0,0,0,0,0,0,-1,0
1,1403715960.6840582,1403715960684058112,1403715960.6840582,1403715960.6840582,1483,1339,pool_not_mature,1,0,0,0,-0.0063386742353245809,-0.19308814276762984,-1.0210573371890721,-9.7174675731750018,-0.27000776749131272,1.3375504467448183,9.8128039533968359,16,16,2,2,27128959.516497955,none,13380,66.900000095367432,0.00029830129995025897,0.0097123605994916384,disabled,disabled,0,0,0,0,-1,-1,0,0,0,0,0,0,72,72,1,0,0,0,none,1339,1,0,0,0,0,0,0,0,0,0,-1,0
1,1403715960.7340581,1403715960734058240,1403715960.7340581,1403715960.7340581,1484,1340,pool_not_mature,1,0,0,0,-0.069750332034233725,-0.20211290554516953,-1.0787266336280779,-9.6191222286356215,-0.30531536070675841,1.9350732815322351,9.8165797772857406,20,18,3,2,28154845.664912641,none,13390,66.950000047683716,0.00039353410896765208,0.0044373010847312691,disabled,disabled,0,0,0,0,-1,-1,0,0,0,0,0,0,72,72,1,0,0,0,none,1340,1,0,0,0,0,0,0,0,0,0,0.9999950000000648,1
1,1403715960.7840581,1403715960784058112,1403715960.7840581,1403715960.7840581,1485,1341,pool_not_mature,1,0,0,0,-0.17239862947085924,-0.20447194966576548,-1.0918468689534784,-9.4636086519538978,-0.3199237640227337,2.5821681880550629,9.8147762319640641,20,17,4,2,29614057.097879231,none,13400,67,0.00020606785364508443,0.0085210335530409801,disabled,disabled,0,0,0,0,-1,-1,0,0,0,0,0,0,72,72,1,0,0,0,none,1341,1,0,0,0,0,0,0,0,0,0,-1,0
1,1403715960.834058,1403715960834057984,1403715960.834058,1403715960.834058,1486,1342,pool_not_mature,1,0,0,0,-0.25200037580924384,-0.23176746126458453,-1.0924306731505293,-9.2216989396294018,-0.34043117845098436,3.3378423694208226,9.8130941299635133,19,15,5,2,30366972.510569017,none,13410,67.049999952316284,0.00059002502595181957,0.0036865030290711182,disabled,disabled,0,0,0,0,-1,-1,0,0,0,0,0,0,51,60,1,0,0,0,none,1342,1,0,0,0,0,0,0,0,0,0,-1,0
1,1403715960.8840582,1403715960884058112,1403715960.8840582,1403715960.8840582,1487,1343,pool_not_mature,1,0,0,0,-0.3102444789752376,-0.25133116969832769,-1.0695767869256225,-8.9515142974970807,-0.38581970686053219,4.0142096329005925,9.8179602790685863,18,15,6,2,31540697.122031845,none,13420,67.100000143051147,0.0017784180680162226,0.0050779599163888979,disabled,disabled,0,0,0,0,-1,-1,0,0,0,0,0,0,72,72,1,0,0,0,none,1343,1,0,0,0,0,0,0,0,0,0,-1,0
1,1403715960.9340582,1403715960934058240,1403715960.9340582,1403715960.9340582,1488,1344,thin_observations_state_preserved_not_ready,1,0,0,0,-0.35317879708034833,-0.26452568020721512,-1.0035968684540837,-8.6531414812209455,-0.38516789441414734,4.6388206594101753,9.8256739672698643,15,14,0,2,31058526.386976864,none,13430,67.150000095367432,0.00028181217375922076,0.0049380697373134323,disabled,disabled,0,0,0,0,-1,-1,0,0,0,0,0,0,72,72,1,0,0,0,none,1344,1,0,0,0,0,0,0,0,0,0,-1,0
1,1403715960.9840581,1403715960984058112,1403715960.9840581,1403715960.9840581,1489,1345,pool_not_mature,1,0,0,0,-0.36306246331449316,-0.27888282427014666,-0.90801046087571746,-8.3967219511411511,-0.41186144145536535,5.1081534887872451,9.8370626427172176,16,15,1,2,32470110.688031096,none,13440,67.200000047683716,0.0021797829411218331,0.0073373551758625149,disabled,disabled,0,0,0,0,-1,-1,0,0,0,0,0,0,72,72,1,0,0,0,none,1345,1,0,0,0,0,0,0,0,0,0,-1,0
1,1403715961.0340581,1403715961034057984,1403715961.0340581,1403715961.0340581,1490,1346,thin_observations_state_preserved_not_ready,1,0,0,0,-0.35602146620537617,-0.29761879138651309,-0.79051117024040707,-8.1352709077791907,-0.42915352950214514,5.5245130733232637,9.8431219738537354,16,14,0,2,33204732.836473674,none,13450,67.25,0.00031529465922819187,0.0062839494566787977,disabled,disabled,0,0,0,0,-1,-1,0,0,0,0,0,0,72,72,1,0,0,0,none,1346,1,0,0,0,0,0,0,0,0,0,-1,0
1,1403715961.0840583,1403715961084058368,1403715961.0840583,1403715961.0840583,1491,1347,pool_not_mature,1,0,0,0,-0.30669915111839979,-0.31108152785124021,-0.66084191107005807,-7.8807177384731348,-0.4443769447987968,5.8876755998762569,9.8472283873144768,17,16,1,2,34654756.676445618,none,13460,67.300000190734863,0.00016294381972778972,0.003540875572265745,disabled,disabled,0,0,0,0,-1,-1,0,0,0,0,0,0,72,72,1,0,0,0,none,1347,1,0,0,0,0,0,0,0,0,0,-1,0
1,1403715961.134058,1403715961134057984,1403715961.134058,1403715961.134058,1492,1348,pool_not_mature,1,0,0,0,-0.21782007816925308,-0.33245579154247057,-0.52710707061736006,-7.6200411409677207,-0.42701443373568176,6.2251079254231518,9.8488241430043502,16,15,2,2,35914642.654687926,none,13470,67.349999904632568,0.00011458402103555863,0.0012384194549608057,disabled,disabled,0,0,0,0,-1,-1,0,0,0,0,0,0,72,72,1,0,0,0,none,1348,1,0,0,0,0,0,0,0,0,0,-1,0
1,1403715961.1840582,1403715961184058112,1403715961.1840582,1403715961.1840582,1493,1349,pool_not_mature,1,0,0,0,-0.073492531833152408,-0.35348384159311219,-0.38301652197845076,-7.3742299313423754,-0.37482784006287079,6.5168414684811484,9.8482986203357736,19,17,3,2,37521791.267593436,none,13480,67.400000095367432,0.00034816191633365001,0.0022034063247356214,disabled,disabled,0,0,0,0,-1,-1,0,0,0,0,0,0,45,72,1,0,0,0,none,1349,1,0,0,0,0,0,0,0,0,0,-1,0
1,1403715961.2340581,1403715961234058240,1403715961.2340581,1403715961.2340581,1494,1350,pool_not_mature,1,0,0,0,0.073904288255009609,-0.36646498834326507,-0.2497400425853944,-7.2070179510328671,-0.27296507843157269,6.7037227660568517,9.8465992405856593,22,19,4,2,38010751.44177261,none,13490,67.450000047683716,0.00014345499450752638,0.0020976932828176103,disabled,disabled,0,0,0,0,-1,-1,0,0,0,0,0,0,72,72,1,0,0,0,none,1350,1,0,0,0,0,0,0,0,0,0,-1,0
1,1403715961.2840581,1403715961284058112,1403715961.2840581,1403715961.2840581,1495,1351,pool_not_mature,1,0,0,0,0.26756904078419924,-0.38918333495373103,-0.11263466070337878,-7.1565325077332318,-0.1201106932462668,6.758101100728533,9.8438973278139592,22,20,5,2,37709204.396364041,none,13500,67.5,0.00021570019079741377,0.0045238322733578105,disabled,disabled,0,0,0,0,-1,-1,0,0,0,0,0,0,72,72,1,0,0,0,none,1351,1,0,0,0,0,0,0,0,0,0,-1,0
1,1403715961.334058,1403715961334057984,1403715961.334058,1403715961.334058,1496,1352,pool_not_mature,1,0,0,0,0.46683742712572746,-0.40749395913290859,0.021493894614413644,-7.2618736369391863,0.056563767772390701,6.6388008173230686,9.839292884693819,20,19,6,2,36728358.772526845,none,13510,67.549999952316284,0.00018541455821868323,0.0034654723557317147,disabled,disabled,0,0,0,0,-1,-1,0,0,0,0,0,0,72,72,1,0,0,0,none,1352,1,0,0,0,0,0,0,0,0,0,-1,0
1,1403715961.3840582,1403715961384058112,1403715961.3840582,1403715961.3840582,1497,1353,confirming_observer_health,1,0,0,0,0.65379360574706613,-0.42383554028959891,0.17176380214378617,-7.4759246469903946,0.2325921511620698,6.3877665045036816,9.836010845475915,22,19,7,2,38420115.964412205,none,13520,67.600000143051147,0.00066308111451325927,0.0055576070521160146,disabled,disabled,0,0,0,0,-1,-1,0,0,0,0,0,0,72,72,1,0,0,0,none,1353,1,0,0,0,0,0,0,0,0,0,-1,0
1,1403715961.4340582,1403715961434058240,1403715961.4340582,1403715961.4340582,1498,1354,confirming_observer_health,1,0,0,0,0.77261512724716264,-0.42699002564370059,0.32535756104683589,-7.7528611936016176,0.38671859874131481,6.0413643463270867,9.8363860806161156,22,20,8,2,37703443.693704791,none,13530,67.650000095367432,0.00042664650426117956,0.0043577691113514984,disabled,disabled,0,0,0,0,-1,-1,0,0,0,0,0,0,72,72,1,0,0,0,none,1354,1,0,0,0,0,0,0,0,0,0,-1,0
1,1403715961.4840581,1403715961484058112,1403715961.4840581,1403715961.4840581,1499,1355,confirming_observer_health,1,0,0,0,0.87438250640218107,-0.41237351720862092,0.47483100474655993,-8.0457137804329459,0.49681049632655711,5.6394725002858417,9.8378849854726962,23,23,9,2,35883139.761298619,none,13540,67.700000047683716,0.00028120809211626917,0.0048391705087742643,disabled,disabled,0,0,0,0,-1,-1,0,0,0,0,0,0,72,72,1,0,0,0,none,1355,1,0,0,0,0,0,0,0,0,0,-1,0
1,1403715961.5340581,1403715961534057984,1403715961.5340581,1403715961.5340581,1500,1356,confirming_observer_health,1,0,0,0,0.92781830966484446,-0.37477866424059197,0.60575750981796639,-8.3417009740343424,0.57150890754356998,5.1877519097824489,9.839886556716932,30,30,10,2,37253670.714366421,none,13550,67.75,0.00075613291193037276,0.0043383062443443062,disabled,disabled,0,0,0,0,-1,-1,0,0,0,0,0,0,72,72,1,0,0,0,none,1356,1,0,0,0,0,0,0,0,0,0,-1,0
1,1403715961.5840583,1403715961584058368,1403715961.5840583,1403715961.5840583,1501,1357,confirming_observer_health,1,0,0,0,0.93335549765881287,-0.31841135462593778,0.72634959189687209,-8.6362507394828025,0.57913766307263037,4.6964106418472031,9.8476647071710435,30,29,11,2,39233289.898725666,none,13560,67.800000190734863,0.00027260028872919107,0.0028935756296210959,disabled,disabled,0,0,0,0,-1,-1,0,0,0,0,0,0,71,72,1,0,0,0,none,1357,1,0,0,0,0,0,0,0,0,0,-1,0
1,1403715961.634058,1403715961634057984,1403715961.634058,1403715961.634058,1502,1358,confirming_observer_health,1,0,0,0,0.90481019609114732,-0.27380079285366049,0.82439726142978886,-8.9013820892754829,0.54923029287661795,4.1906150327534979,9.8538069479073567,30,28,12,2,40894201.067875378,none,13570,67.849999904632568,0.00087024746805719553,0.0032163439535808896,disabled,disabled,0,0,0,0,-1,-1,0,0,0,0,0,0,72,72,1,0,0,0,none,1358,1,0,0,0,0,0,0,0,0,0,-1,0
1,1403715961.6840582,1403715961684058112,1403715961.6840582,1403715961.6840582,1503,1359,confirming_observer_health,1,0,0,0,0.86631549086687087,-0.21488978958605609,0.9069694749383691,-9.1351783774636637,0.50477507472384031,3.6654197584349815,9.8560430127748369,30,27,13,2,42341043.340292104,none,13580,67.900000095367432,0.00016701112915221253,0.0012392883071935281,disabled,disabled,0,0,0,0,-1,-1,0,0,0,0,0,0,47,72,1,0,0,0,none,1359,1,0,0,0,0,0,0,0,0,0,-1,0
1,1403715961.7340581,1403715961734058240,1403715961.7340581,1403715961.7340581,1504,1360,confirming_observer_health,1,0,0,0,0.75759413398938047,-0.15842226012949268,0.93604879268366614,-9.3453436491475284,0.3957746721717969,3.1265806870149309,9.8624333865537217,30,25,14,2,44179161.229257017,none,13590,67.950000047683716,7.5022217529309684e-05,0.0031094471966489272,disabled,disabled,0,0,0,0,-1,-1,0,0,0,0,0,0,72,72,1,0,0,0,none,1360,1,0,0,0,0,0,0,0,0,0,0.99999499994275987,1
1,1403715961.7840581,1403715961784058112,1403715961.7840581,1403715961.7840581,1505,1361,confirming_observer_health,1,0,0,0,0.63294750281963841,-0.10217303695842019,0.93801841369498318,-9.5232220486025483,0.23718562874481772,2.5848577631223462,9.8706385236744758,30,26,15,2,45170455.692308068,none,13600,68,0.00085109459778708344,0.0027371393063334317,disabled,disabled,0,0,0,0,-1,-1,0,0,0,0,0,0,72,72,1,0,0,0,none,1361,1,0,0,0,0,0,0,0,0,0,-1,0
1,1403715961.834058,1403715961834057984,1403715961.834058,1403715961.834058,1506,1362,confirming_observer_health,1,0,0,0,0.48365863363910988,-0.065846544602920359,0.92145300252502516,-9.6533621940984471,0.11398121311806744,2.0887193743386834,9.8774056306365612,30,25,16,2,45416401.100045778,none,13610,68.049999952316284,0.00027121164195374579,0.0034263728243095403,disabled,disabled,0,0,0,0,-1,-1,0,0,0,0,0,0,72,72,1,0,0,0,none,1362,1,0,0,0,0,0,0,0,0,0,-1,0
1,1403715961.8840582,1403715961884058112,1403715961.8840582,1403715961.8840582,1507,1363,confirming_observer_health,1,0,0,0,0.34230129316931684,-0.040735174287973706,0.86962352910838014,-9.7380163347679378,-0.021946505082202129,1.6616532855394894,9.8787922048515977,30,19,17,2,47539403.022039592,none,13620,68.100000143051147,0.00062513129888935848,0.0094469757359135504,disabled,disabled,0,0,0,0,-1,-1,0,0,0,0,0,0,72,72,1,0,0,0,none,1363,1,0,0,0,0,0,0,0,0,0,-1,0
1,1403715961.9340582,1403715961934058240,1403715961.9340582,1403715961.9340582,1508,1364,pool_not_mature,1,0,0,0,0.25256167148576242,-0.030731158084388477,0.78714677486591988,-9.7913927997006898,-0.14536599333727565,1.2942427742621019,9.8776297049838373,30,19,18,2,42052423.993908033,none,13630,68.150000095367432,6.4761470520668691e-05,0.00055810325973879038,disabled,disabled,0,0,0,0,-1,-1,0,0,0,0,0,0,42,60,1,0,0,0,none,1364,1,0,0,0,0,0,0,0,0,0,-1,0
1,1403715961.9840581,1403715961984058112,1403715961.9840581,1403715961.9840581,1509,1365,pool_not_mature,1,0,0,0,0.17564805045596762,-0.039999487489578066,0.6871955409123538,-9.8399477267167761,-0.20832877289335242,0.83079921678022661,9.8771554346753376,30,18,19,2,37771933.145877674,none,13640,68.200000047683716,0.00076473448003332026,0.012402400655906042,disabled,disabled,0,0,0,0,-1,-1,0,0,0,0,0,0,72,72,1,0,0,0,none,1365,1,0,0,0,0,0,0,0,0,0,-1,0
1,1403715962.0340581,1403715962034057984,1403715962.0340581,1403715962.0340581,1510,1366,pool_not_mature,1,1,1,1,0.091387466893986066,-0.046809908178897824,0.54828008753315738,-9.8680881781694421,-0.2348098854536228,0.32192246921927653,9.8761295075865867,29,19,20,2,36028530.704737879,none,13650,68.25,0.00016043865937464193,0.0012972276344402297,disabled,disabled,0,0,0,0,-1,-1,0,0,0,0,0,0,22,42,1,0,0,0,none,1366,1,0,0,0,0,0,0,0,0,0,-1,0
1,1403715962.0840583,1403715962084058368,1403715962.0840583,1403715962.0840583,1511,1367,thin_observations_state_preserved_not_ready,1,0,0,0,0.019706012558427584,-0.055805267421995562,0.37552852974539497,-9.8695537624177625,-0.22017176167886765,-0.16711196424277197,9.8734235948068427,21,14,0,2,32391699.341081291,none,13660,68.300000190734863,0.00056839163868427605,0.0017443551912116569,disabled,disabled,0,0,0,0,-1,-1,0,0,0,0,0,0,72,72,1,0,0,0,none,1367,1,0,0,0,0,0,0,0,0,0,-1,0
1,1403715962.134058,1403715962134057984,1403715962.134058,1403715962.134058,1512,1368,thin_observations_state_preserved_not_ready,1,0,0,0,-0.038563817852783386,-0.071529310754459619,0.19099283111180043,-9.8527430044469479,-0.21973792650090482,-0.53279405626465026,9.8695845390984989,19,14,0,2,33512623.664969169,none,13670,68.349999904632568,4.7330302326993731e-05,0.00036949364389668004,disabled,disabled,0,0,0,0,-1,-1,0,0,0,0,0,0,18,30,1,0,0,0,none,1368,1,0,0,0,0,0,0,0,0,0,-1,0
1,1403715962.1840582,1403715962184058112,1403715962.1840582,1403715962.1840582,1513,1369,thin_observations_state_preserved_not_ready,1,0,0,0,-0.082853438040032951,-0.089770989793719808,-0.017436245867788695,-9.8343386060072397,-0.21075797907448185,-0.77236059915528821,9.866872637187301,15,13,0,2,23461746.292973407,none,13680,68.400000095367432,7.9450279110523952e-05,0.00083192958594342455,disabled,disabled,0,0,0,0,-1,-1,0,0,0,0,0,0,23,42,1,0,0,0,none,1369,1,0,0,0,0,0,0,0,0,0,-1,0
1,1403715962.2340581,1403715962234058240,1403715962.2340581,1403715962.2340581,1514,1370,pool_not_mature,1,0,0,0,-0.11472973543148372,-0.10450363610547722,-0.23071209011997537,-9.8252457193878993,-0.17306601224510715,-0.86316278879095532,9.8646061903604672,24,22,1,2,24684332.951637987,none,13690,68.450000047683716,0,0,disabled,disabled,0,0,0,0,-1,-1,0,0,0,0,0,0,0,0,0,0,0,0,none,1370,1,0,0,0,0,0,0,0,0,0,-1,0
1,1403715962.2840581,1403715962284058112,1403715962.2840581,1403715962.2840581,1515,1371,pool_not_mature,1,0,0,0,-0.14386774898016805,-0.13523274844356589,-0.43877629084219538,-9.8277194930094112,-0.10692273459204238,-0.80412666844298986,9.8611420537050893,22,20,2,2,19970681.462013833,none,13700,68.5,0,0,disabled,disabled,0,0,0,0,-1,-1,0,0,0,0,0,0,0,0,0,0,0,0,none,1371,1,0,0,0,0,0,0,0,0,0,-1,0
1,1403715962.334058,1403715962334057984,1403715962.334058,1403715962.334058,1516,1372,pool_not_mature,1,0,0,0,-0.17109895953683787,-0.14699029859871443,-0.63228229344507347,-9.83547021758916,0.026180154082239514,-0.63486379194646492,9.8559734088458146,24,20,3,2,21990556.250427239,none,13710,68.549999952316284,5.591863645861685e-05,0.0006569836578357816,disabled,disabled,0,0,0,0,-1,-1,0,0,0,0,0,0,19,24,1,0,0,0,none,1372,1,0,0,0,0,0,0,0,0,0,-1,0
1,1403715962.3840582,1403715962384058112,1403715962.3840582,1403715962.3840582,1517,1373,confirming_observer_health,1,0,0,0,-0.20319137311190727,-0.15690435601723673,-0.83692786281420051,-9.8427387491285661,0.17460602599942407,-0.40500777210667188,9.8526151169818412,27,24,4,2,22266825.003753908,none,13720,68.600000143051147,0.00047171755400542576,0.0029530415860660607,disabled,disabled,0,0,0,0,-1,-1,0,0,0,0,0,0,40,72,1,0,0,0,none,1373,1,0,0,0,0,0,0,0,0,0,-1,0
1,1403715962.4340582,1403715962434058240,1403715962.4340582,1403715962.4340582,1518,1374,confirming_observer_health,1,0,0,0,-0.27576913369795386,-0.17137809022073666,-1.0034213752188572,-9.8396710537467911,0.38077348480194295,-0.10079136131713941,9.8475516648142989,30,27,5,2,22442665.294812318,none,13730,68.650000095367432,0.00070554947372442815,0.0049635522818648331,disabled,disabled,0,0,0,0,-1,-1,0,0,0,0,0,0,45,72,1,0,0,0,none,1374,1,0,0,0,0,0,0,0,0,0,-1,0
1,1403715962.4840581,1403715962484058112,1403715962.4840581,1403715962.4840581,1519,1375,confirming_observer_health,1,0,0,0,-0.37249744550427782,-0.17582998433358588,-1.1395081253358659,-9.8244441048489151,0.62139818935017066,0.25895786728492082,9.847481752004267,30,26,6,2,24160861.188888956,none,13740,68.700000047683716,0.00042194696095493875,0.028794823566811928,disabled,disabled,0,0,0,0,-1,-1,0,0,0,0,0,0,72,72,1,0,0,0,none,1375,1,0,0,0,0,0,0,0,0,0,-1,0
1,1403715962.5340581,1403715962534057984,1403715962.5340581,1403715962.5340581,1520,1376,confirming_observer_health,1,0,0,0,-0.49476386070123096,-0.1552318862188192,-1.2375337000006623,-9.7773444813762183,0.89104714932420126,0.7232503367798101,9.8444665258950863,30,28,7,2,25585119.944831487,none,13750,68.75,3.7097131638239386e-05,0.00026525237629025595,disabled,disabled,0,0,0,0,-1,-1,0,0,0,0,0,0,10,36,1,0,0,0,none,1376,1,0,0,0,0,0,0,0,0,0,-1,0
1,1403715962.5840583,1403715962584058368,1403715962.5840583,1403715962.5840583,1521,1377,pool_not_mature,1,0,0,0,-0.62222994379073981,-0.1174481656164659,-1.3027384626780714,-9.6841440776966987,1.1906192259903228,1.2809843928908571,9.8407896875055609,30,18,8,2,27855694.741260469,none,13760,68.800000190734863,0.00036745977299394229,0.0064975498035316276,disabled,disabled,0,0,0,0,-1,-1,0,0,0,0,0,0,72,72,1,0,0,0,none,1377,1,0,0,0,0,0,0,0,0,0,-1,0
1,1403715962.634058,1403715962634057984,1403715962.634058,1403715962.634058,1522,1378,pool_not_mature,1,0,0,0,-0.7283892594982927,-0.055437845323903744,-1.328169479545652,-9.5600958031759564,1.4477061302978298,1.7923102001858031,9.8338019432615447,30,16,9,2,31781581.304335203,none,13770,68.849999904632568,0.00010059838012841944,0.0031172091733581426,disabled,disabled,0,0,0,0,-1,-1,0,0,0,0,0,0,72,72,1,0,0,0,none,1378,1,0,0,0,0,0,0,0,0,0,-1,0
1,1403715962.6840582,1403715962684058112,1403715962.6840582,1403715962.6840582,1523,1379,thin_observations_state_preserved_not_ready,1,0,0,0,-0.83262146514994184,0.012136925731488746,-1.3429985026688944,-9.423788665496847,1.6801399570425515,2.2205031093551688,9.8265607994788162,18,14,0,2,18178805.733860951,none,13780,68.900000095367432,0.00033975980959744922,0.0032694684096036546,disabled,disabled,0,0,0,0,-1,-1,0,0,0,0,0,0,72,72,1,0,0,0,none,1379,1,0,0,0,0,0,0,0,0,0,-1,0
1,1403715962.7340581,1403715962734058240,1403715962.7340581,1403715962.7340581,1524,1380,thin_observations_state_preserved_not_ready,1,0,0,0,-0.93750288825904193,0.07908079655443935,-1.3411829327881037,-9.2804855785669123,1.8594108530428071,2.6030185738313993,9.8163397959785943,16,14,0,2,18700826.12794707,none,13790,68.950000047683716,2.7795020008245207e-05,0.0004103215918598644,disabled,disabled,0,0,0,0,-1,-1,0,0,0,0,0,0,9,36,1,0,0,0,none,1380,1,0,0,0,0,0,0,0,0,0,58859.262414294783,1
1,1403715962.7840581,1403715962784058112,1403715962.7840581,1403715962.7840581,1525,1381,thin_observations_state_preserved_not_ready,1,0,0,0,-1.0233854163872296,0.15866848670932238,-1.3180716073879724,-9.1288860125790592,1.9689469978357881,3.0004730453480706,9.8089831586565843,14,12,0,2,19266226.465560552,none,13800,69,2.5301771278726098e-05,0.00016852645962650521,disabled,disabled,0,0,0,0,-1,-1,0,0,0,0,0,0,14,42,1,0,0,0,none,1381,1,0,0,0,0,0,0,0,0,0,-1,0
1,1403715962.834058,1403715962834057984,1403715962.834058,1403715962.834058,1526,1382,thin_observations_state_preserved_not_ready,1,0,0,0,-1.0880730184419767,0.22570069114864608,-1.2776711783625665,-8.9924360197213158,1.9567800436952965,3.3725479116197561,9.8013760832015961,14,12,0,2,20914205.685143825,none,13810,69.049999952316284,0.00028080795327395169,0.0019708206019321047,disabled,disabled,0,0,0,0,-1,-1,0,0,0,0,0,0,36,36,1,0,0,0,none,1382,1,0,0,0,0,0,0,0,0,0,-1,0
1,1403715962.8840582,1403715962884058112,1403715962.8840582,1403715962.8840582,1527,1383,thin_observations_state_preserved_not_ready,1,0,0,0,-1.1660220984553311,0.29354892825537549,-1.2098008813202143,-8.8747951610856184,1.8743997841001718,3.7121998775006353,9.8008056624126159,14,11,0,2,20216616.241931699,none,13820,69.100000143051147,0.000111551314518346,0.0011542076897258248,disabled,disabled,0,0,0,0,-1,-1,0,0,0,0,0,0,37,42,1,0,0,0,none,1383,1,0,0,0,0,0,0,0,0,0,-1,0
1,1403715962.9340582,1403715962934058240,1403715962.9340582,1403715962.9340582,1528,1384,thin_observations_state_preserved_not_ready,1,0,0,0,-1.2522304975368108,0.34863947817526542,-1.1178851526309692,-8.7446850406385916,1.6553219720636763,4.1072957369166669,9.8020143624491265,18,13,0,2,22437079.307570126,none,13830,69.150000095367432,0.0012891861556246316,0.0054971081356795506,disabled,disabled,0,0,0,0,-1,-1,0,0,0,0,0,0,72,72,1,0,0,0,none,1384,1,0,0,0,0,0,0,0,0,0,-1,0
1,1403715962.9840581,1403715962984058112,1403715962.9840581,1403715962.9840581,1529,1385,thin_observations_state_preserved_not_ready,1,0,0,0,-1.3558407009880387,0.37256859459452657,-0.96986231779872778,-8.6107675643320505,1.2809244865915681,4.5153834035214411,9.8068737561008525,14,12,0,2,18672985.769377772,none,13840,69.200000047683716,0.00051219292173923243,0.0037385543015115946,disabled,disabled,0,0,0,0,-1,-1,0,0,0,0,0,0,51,72,1,0,0,0,none,1385,1,0,0,0,0,0,0,0,0,0,-1,0
1,1403715963.0340581,1403715963034057984,1403715963.0340581,1403715963.0340581,1530,1386,thin_observations_state_preserved_not_ready,1,0,0,0,-1.4400667217054532,0.35868086226140716,-0.78448225088726387,-8.4188492428271893,0.95147900667400342,4.9444392083472835,9.8096796052998183,16,7,0,2,19875435.701299671,none,13850,69.25,0.00099806265695642792,0.0036138590783739307,disabled,disabled,0,0,0,0,-1,-1,0,0,0,0,0,0,60,60,1,0,0,0,none,1386,1,0,0,0,0,0,0,0,0,0,-1,0
1,1403715963.0840583,1403715963084058368,1403715963.0840583,1403715963.0840583,1531,1387,thin_observations_state_preserved_not_ready,1,0,0,0,-1.4903578756294875,0.3328094477099548,-0.58439161514705762,-8.1961240260449859,0.68117322788086854,5.3485808694304779,9.8105944434336489,18,10,0,2,21302725.224828433,none,13860,69.300000190734863,0.0006364861495579059,0.0086620570793050026,disabled,disabled,0,0,0,0,-1,-1,0,0,0,0,0,0,72,72,1,0,0,0,none,1387,1,0,0,0,0,0,0,0,0,0,-1,0
1,1403715963.134058,1403715963134057984,1403715963.134058,1403715963.134058,1532,1388,thin_observations_state_preserved_not_ready,1,0,0,0,-1.4983540288785089,0.31136235749508778,-0.38624292654630832,-7.9383976020186333,0.49713973031687125,5.7367550626913326,9.8069191415300949,10,10,0,2,10428955.878156858,none,13870,69.349999904632568,0.00050186828698847448,0.0042858064777145932,disabled,disabled,0,0,0,0,-1,-1,0,0,0,0,0,0,72,72,1,0,0,0,none,1388,1,0,0,0,0,0,0,0,0,0,-1,0
1,1403715963.1840582,1403715963184058112,1403715963.1840582,1403715963.1840582,1533,1389,thin_observations_state_preserved_not_ready,1,0,0,0,-1.4648244310423106,0.28794968586468672,-0.17993242884253979,-7.6815929600283699,0.38745628404422039,6.0695363394618234,9.7977683250651726,10,8,0,2,11537451.367230693,none,13880,69.400000095367432,0.0012917686139642876,0.017410104921900978,disabled,disabled,0,0,0,0,-1,-1,0,0,0,0,0,0,72,72,1,0,0,0,none,1389,1,0,0,0,0,0,0,0,0,0,-1,0
1,1403715963.2340581,1403715963234058240,1403715963.2340581,1403715963.2340581,1534,1390,thin_observations_state_preserved_not_ready,1,0,0,0,-1.4018560917439231,0.27004436585113145,0.033215085681573803,-7.4546573133888847,0.31166494577137727,6.3469704995138434,9.7955645687313027,17,14,0,2,12792225.927399589,none,13890,69.450000047683716,0.0013188686035778118,0.0082150993072790095,disabled,disabled,0,0,0,0,-1,-1,0,0,0,0,0,0,72,72,1,0,0,0,none,1390,1,0,0,0,0,0,0,0,0,0,-1,0
1,1403715963.2840581,1403715963284058112,1403715963.2840581,1403715963.2840581,1535,1391,thin_observations_state_preserved_not_ready,1,0,0,0,-1.3271229091114614,0.25718576522306219,0.24592474889712698,-7.2339525457210296,0.29641292292317811,6.5972406189934985,9.7949739070360646,15,14,0,2,13235328.755582478,none,13900,69.5,0.0013911327790127204,0.014729417965894664,disabled,disabled,0,0,0,0,-1,-1,0,0,0,0,0,0,72,72,1,0,0,0,none,1391,1,0,0,0,0,0,0,0,0,0,-1,0
1,1403715963.334058,1403715963334057984,1403715963.334058,1403715963.334058,1536,1392,thin_observations_state_preserved_not_ready,1,0,0,0,-1.1439609316075987,0.24090487558155579,0.43208654286972192,-7.1215160776771995,0.27850940317864048,6.7284066602135288,9.8012761882052661,16,11,0,2,14058819.351066191,none,13910,69.549999952316284,0.00067784066640176447,0.0061626491053483152,disabled,disabled,0,0,0,0,-1,-1,0,0,0,0,0,0,72,72,1,0,0,0,none,1392,1,0,0,0,0,0,0,0,0,0,-1,0
1,1403715963.3840582,1403715963384058112,1403715963.3840582,1403715963.3840582,1537,1393,thin_observations_state_preserved_not_ready,1,0,0,0,-0.94551423799480527,0.24235307537411352,0.57171175850358891,-7.2307513242013588,0.30097673856495044,6.61619198970961,9.8055264088316285,17,11,0,2,16229769.715801338,none,13920,69.600000143051147,0.00027381955257296619,0.0042643808612753834,disabled,disabled,0,0,0,0,-1,-1,0,0,0,0,0,0,72,72,1,0,0,0,none,1393,1,0,0,0,0,0,0,0,0,0,-1,0
1,1403715963.4340582,1403715963434058240,1403715963.4340582,1403715963.4340582,1538,1394,thin_observations_state_preserved_not_ready,1,0,0,0,-0.77298144494719057,0.22656269959080116,0.6428673605381493,-7.5792084888158122,0.25292381997979391,6.2099997402330498,9.8016564186542166,13,12,0,2,14073539.278859805,none,13930,69.650000095367432,0.00027732569454195496,0.0044024467043875934,disabled,disabled,0,0,0,0,-1,-1,0,0,0,0,0,0,72,72,1,0,0,0,none,1394,1,0,0,0,0,0,0,0,0,0,-1,0
1,1403715963.4840581,1403715963484058112,1403715963.4840581,1403715963.4840581,1539,1395,thin_observations_state_preserved_not_ready,1,0,0,0,-0.67681356584668173,0.21570570046119769,0.67776424969895244,-8.0037964638798051,0.2145158696389049,5.6506461240145942,9.7998253307078365,12,12,0,2,14598762.509337034,none,13940,69.700000047683716,0.00044505858094756156,0.0015320455419814522,disabled,disabled,0,0,0,0,-1,-1,0,0,0,0,0,0,54,54,1,0,0,0,none,1395,1,0,0,0,0,0,0,0,0,0,-1,0
1,1403715963.5340581,1403715963534057984,1403715963.5340581,1403715963.5340581,1540,1396,pool_not_mature,1,0,0,0,-0.66111047473645446,0.20273407051173678,0.70826486253709209,-8.4524894516221316,0.15497105093500216,4.9683074686838475,9.8057469404319733,15,15,1,2,15699211.694224998,none,13950,69.75,0.0005573049245507373,0.0077588264505931183,disabled,disabled,0,0,0,0,-1,-1,0,0,0,0,0,0,30,30,1,0,0,0,none,1396,1,0,0,0,0,0,0,0,0,0,-1,0
1,1403715963.5840583,1403715963584058368,1403715963.5840583,1403715963.5840583,1541,1397,pool_not_mature,1,0,0,0,-0.64402606347496016,0.19914297064030947,0.71048941189223913,-8.810246812069126,0.12265946828304491,4.321360550568345,9.8137480731238469,17,17,2,2,17168893.75379565,none,13960,69.800000190734863,0.00071556225232832793,0.015007962366585931,disabled,disabled,0,0,0,0,-1,-1,0,0,0,0,0,0,72,72,1,0,0,0,none,1397,1,0,0,0,0,0,0,0,0,0,-1,0
1,1403715963.634058,1403715963634057984,1403715963.634058,1403715963.634058,1542,1398,pool_not_mature,1,0,0,0,-0.63890029817869698,0.19239293506478791,0.66407412633630603,-9.0732398488619257,0.058663469003094958,3.7498756519322396,9.8177741959430733,17,17,3,2,18741162.332016028,none,13970,69.849999904632568,0.00078539752106497748,0.013476515875521464,disabled,disabled,0,0,0,0,-1,-1,0,0,0,0,0,0,72,72,1,0,0,0,none,1398,1,0,0,0,0,0,0,0,0,0,-1,0
1,1403715963.6840582,1403715963684058112,1403715963.6840582,1403715963.6840582,1543,1399,pool_not_mature,1,0,0,0,-0.63988392184043541,0.18250453286378546,0.6044727530983558,-9.2631904856156204,-0.014185529179237181,3.2758916144142356,9.8253938888691561,22,21,4,2,20363180.038714074,none,13980,69.900000095367432,0.0016703049463867537,0.0090864453824325234,disabled,disabled,0,0,0,0,-1,-1,0,0,0,0,0,0,72,72,1,0,0,0,none,1399,1,0,0,0,0,0,0,0,0,0,-1,0
1,1403715963.7340581,1403715963734058240,1403715963.7340581,1403715963.7340581,1544,1400,confirming_observer_health,1,0,0,0,-0.61201280975553463,0.17292002895326974,0.52441230469814704,-9.385318421880287,-0.070598800138987186,2.922624428101074,9.8301027267470449,28,27,5,2,22376562.425541677,none,13990,69.950000047683716,0.0013395205708537769,0.0041870466470554386,disabled,disabled,0,0,0,0,-1,-1,0,0,0,0,0,0,72,72,1,0,0,0,none,1400,1,0,0,0,0,0,0,0,0,0,0.99999499998825969,1
1,1403715963.7840581,1403715963784058112,1403715963.7840581,1403715963.7840581,1545,1401,confirming_observer_health,1,0,0,0,-0.58080521064073476,0.14844609387365998,0.44609314645317488,-9.4533607927500718,-0.067111610250276163,2.7042146253004353,9.8327672089714113,27,27,6,2,23646254.582944509,none,14000,70,0.00026141526128048193,0.00027013813919103761,disabled,disabled,0,0,0,0,-1,-1,0,0,0,0,0,0,66,72,1,0,0,0,none,1401,1,0,0,0,0,0,0,0,0,0,-1,0
1,1403715963.834058,1403715963834057984,1403715963.834058,1403715963.834058,1546,1402,confirming_observer_health,1,0,0,0,-0.54057613131225624,0.13213848302540079,0.35969987379001112,-9.4965221630902459,-0.053280476829208549,2.5489505765555087,9.8327982306664889,30,30,7,2,24955281.241825402,none,14010,70.049999952316284,0.0036540237012593663,0.0050768214834452513,disabled,disabled,0,0,0,0,-1,-1,0,0,0,0,0,0,72,72,1,0,0,0,none,1402,1,0,0,0,0,0,0,0,0,0,-1,0
1,1403715963.8840582,1403715963884058112,1403715963.8840582,1403715963.8840582,1547,1403,confirming_observer_health,1,0,0,0,-0.48190754751281706,0.10918555953369306,0.26617480146956418,-9.5083098370505255,-0.041294560466032332,2.4935866839201144,9.8299356940063234,30,29,8,2,26783436.013408471,none,14020,70.100000143051147,0.006192752934753307,0.0054191049466089155,disabled,disabled,0,0,0,0,-1,-1,0,0,0,0,0,0,72,72,1,0,0,0,none,1403,1,0,0,0,0,0,0,0,0,0,-1,0
1,1403715963.9340582,1403715963934058240,1403715963.9340582,1403715963.9340582,1548,1404,confirming_observer_health,1,0,0,0,-0.44801578605079384,0.096848664982139288,0.20625088061551314,-9.4872957300509437,-0.015193593090700949,2.5532907664048015,9.8248819256274977,30,29,9,2,28526065.761712432,none,14030,70.150000095367432,0.00096341675388891921,0.0041192429723201614,disabled,disabled,0,0,0,0,-1,-1,0,0,0,0,0,0,72,72,1,0,0,0,none,1404,1,0,0,0,0,0,0,0,0,0,-1,0
1,1403715963.9840581,1403715963984058112,1403715963.9840581,1403715963.9840581,1549,1405,confirming_observer_health,1,0,0,0,-0.39447613302508056,0.087800621907334481,0.13197241389754774,-9.4530627722500107,0.064337868719425761,2.6714815481465033,9.823510004043241,30,30,10,2,29575462.358364001,none,14040,70.200000047683716,0.0011247178597548408,0.0065073176176560924,disabled,disabled,0,0,0,0,-1,-1,0,0,0,0,0,0,72,72,1,0,0,0,none,1405,1,0,0,0,0,0,0,0,0,0,-1,0
1,1403715964.0340581,1403715964034057984,1403715964.0340581,1403715964.0340581,1550,1406,confirming_observer_health,1,0,0,0,-0.33314787086808434,0.071527699893317018,0.089375285779842467,-9.396593956501869,0.028606380393699074,2.8540096966625699,9.8204973222851937,30,30,11,2,31382861.397043597,none,14050,70.25,0.00018026569321845907,0.00079498615204271687,disabled,disabled,0,0,0,0,-1,-1,0,0,0,0,0,0,26,54,1,0,0,0,none,1406,1,0,0,0,0,0,0,0,0,0,-1,0
1,1403715964.0840583,1403715964084058368,1403715964.0840583,1403715964.0840583,1551,1407,confirming_observer_health,1,0,0,0,-0.27147155820290197,0.064634380906129441,0.055233719834192438,-9.2762868685933721,-0.042257533366074018,3.2209318364029902,9.8196581234948486,30,30,12,2,33204580.098656699,none,14060,70.300000190734863,0.00038960433461856484,0.0023879161731538002,disabled,disabled,0,0,0,0,-1,-1,0,0,0,0,0,0,48,48,1,0,0,0,none,1407,1,0,0,0,0,0,0,0,0,0,-1,0
1,1403715964.134058,1403715964134057984,1403715964.134058,1403715964.134058,1552,1408,confirming_observer_health,1,0,0,0,-0.16794954305674539,0.034750050314203876,0.024374540883423706,-9.1247395469564019,-0.28412366877326906,3.621185400958197,9.8211293529339123,30,30,13,2,35054822.429653339,none,14070,70.349999904632568,0.0020296464566682175,0.012361264919601447,disabled,disabled,0,0,0,0,-1,-1,0,0,0,0,0,0,72,72,1,0,0,0,none,1408,1,0,0,0,0,0,0,0,0,0,-1,0
1,1403715964.1840582,1403715964184058112,1403715964.1840582,1403715964.1840582,1553,1409,confirming_observer_health,1,0,0,0,-0.0079746870193822383,-0.0040981638266024785,-0.014235034398183662,-8.9836356896425382,-0.37807924172219792,3.9517775139319409,9.8216699006257837,30,30,14,2,36939085.31458348,none,14080,70.400000095367432,0.00024969236969753873,0.0022189766492824005,disabled,disabled,0,0,0,0,-1,-1,0,0,0,0,0,0,60,60,1,0,0,0,none,1409,1,0,0,0,0,0,0,0,0,0,-1,0
1,1403715964.2340581,1403715964234058240,1403715964.2340581,1403715964.2340581,1554,1410,confirming_observer_health,1,0,0,0,0.15144098298590042,-0.040759168804174094,-0.037163971184824431,-8.908572069731834,-0.42541644712752569,4.108552799334543,9.8195642255658395,30,30,15,2,38844266.956982605,none,14090,70.450000047683716,0.0040003488908178907,0.012121680222168384,disabled,disabled,0,0,0,0,-1,-1,0,0,0,0,0,0,72,72,1,0,0,0,none,1410,1,0,0,0,0,0,0,0,0,0,-1,0
1,1403715964.2840581,1403715964284058112,1403715964.2840581,1403715964.2840581,1555,1411,confirming_observer_health,1,0,0,0,0.29701747799432826,-0.073883417513942742,-0.045282626012879829,-8.9326020440832412,-0.29330888723166998,4.0596209083857877,9.8162075824165527,30,30,16,2,40748402.903962769,none,14100,70.5,0.0015726995844977235,0.0065392197685273327,disabled,disabled,0,0,0,0,-1,-1,0,0,0,0,0,0,72,72,1,0,0,0,none,1411,1,0,0,0,0,0,0,0,0,0,-1,0
1,1403715964.334058,1403715964334057984,1403715964.334058,1403715964.334058,1556,1412,confirming_observer_health,1,0,0,0,0.35539525803824112,-0.0958783209853908,-0.010325191758214683,-8.9778341853529593,-0.19946662073063492,3.9607670541496831,9.814732255630588,30,29,17,2,42776781.629853442,none,14110,70.549999952316284,0.0019868670563779958,0.012267462981084127,disabled,disabled,0,0,0,0,-1,-1,0,0,0,0,0,0,72,72,1,0,0,0,none,1412,1,0,0,0,0,0,0,0,0,0,-1,0
1,1403715964.3840582,1403715964384058112,1403715964.3840582,1403715964.3840582,1557,1413,confirming_observer_health,1,0,0,0,0.35822098060960172,-0.11457612367883674,0.020762343736625419,-9.0405731424718283,-0.092129586369540772,3.8110229004942613,9.8114395555983158,30,29,18,2,44778251.850827061,none,14120,70.600000143051147,7.9709378987558437e-05,0.0016388214165733528,disabled,disabled,0,0,0,0,-1,-1,0,0,0,0,0,0,45,72,1,0,0,0,none,1413,1,0,0,0,0,0,0,0,0,0,-1,0
1,1403715964.4340582,1403715964434058240,1403715964.4340582,1403715964.4340582,1558,1414,confirming_observer_health,1,0,0,0,0.33828627390217297,-0.13790728778870023,0.055345116048243805,-9.068074696057792,-0.014290669419795678,3.7368081429497266,9.8078498160265202,30,30,19,2,44717282.128174759,none,14130,70.650000095367432,0.00022494821007974371,0.0080393923465856745,disabled,disabled,0,0,0,0,-1,-1,0,0,0,0,0,0,72,72,1,0,0,0,none,1414,1,0,0,0,0,0,0,0,0,0,-1,0
1,1403715964.4840581,1403715964484058112,1403715964.4840581,1403715964.4840581,1559,1415,confirming_observer_health,1,1,1,1,0.34009774090589789,-0.15107088909811833,0.083300409463795813,-9.0881305754112436,0.0064299930878947992,3.6807367148099019,9.8052017554094935,30,30,20,2,46651503.972871289,none,14140,70.700000047683716,0.0012003394883508978,0.0043275025592964273,disabled,disabled,0,0,0,0,-1,-1,0,0,0,0,0,0,72,72,1,0,0,0,none,1415,1,0,0,0,0,0,0,0,0,0,-1,0
1,1403715964.5340581,1403715964534057984,1403715964.5340581,1403715964.5340581,1560,1416,confirming_observer_health,1,1,1,1,0.32705598590089568,-0.16163888305066818,0.10651318211149252,-9.1068391416186607,-0.03178711280563274,3.6270361592453404,9.8025976594131112,30,30,21,2,48517981.193187311,none,14150,70.75,7.1543797693612502e-05,0.001314146706785375,disabled,disabled,0,0,0,0,-1,-1,0,0,0,0,0,0,72,72,1,0,0,0,none,1416,1,0,0,0,0,0,0,0,0,0,-1,0
1,1403715964.5840583,1403715964584058368,1403715964.5840583,1403715964.5840583,1561,1417,confirming_observer_health,1,1,1,1,0.34374636900390926,-0.18004396416963248,0.11171863481584271,-9.099041718834247,-0.033846209165843098,3.6357150861564045,9.798577955737569,30,30,22,2,50345947.076149441,none,14160,70.800000190734863,0.0010073042348421575,0.0054174005653106587,disabled,disabled,0,0,0,0,-1,-1,0,0,0,0,0,0,72,72,1,0,0,0,none,1417,1,0,0,0,0,0,0,0,0,0,-1,0
1,1403715964.634058,1403715964634057984,1403715964.634058,1403715964.634058,1562,1418,confirming_observer_health,1,1,1,1,0.38039142565862571,-0.19593910554211452,0.11747034692640887,-9.1183318149437511,0.045316039622597018,3.5862950693355553,9.798343786334657,30,30,23,2,52149119.994175158,none,14170,70.849999904632568,0.00066574048263920731,0.0017651714837842861,disabled,disabled,0,0,0,0,-1,-1,0,0,0,0,0,0,32,48,1,0,0,0,none,1418,1,0,0,0,0,0,0,0,0,0,-1,0
1,1403715964.6840582,1403715964684058112,1403715964.6840582,1403715964.6840582,1563,1419,ready,1,1,1,1,0.42963290555822525,-0.1929189038685071,0.11258495498194887,-9.1401652720767999,0.1887523053346605,3.5195963441725437,9.796213914546815,30,30,24,2,53923404.239270121,none,14180,70.900000095367432,0.00083521008009347761,0.012526888504312198,disabled,disabled,0,0,0,0,-1,-1,0,0,0,0,0,0,72,72,1,0,0,0,none,1419,1,0,0,0,0,0,0,0,0,0,-1,0
1,1403715964.7340581,1403715964734058240,1403715964.7340581,1403715964.7340581,1564,1420,ready,1,1,1,1,0.46630878263503978,-0.19872907466799167,0.099746998189155403,-9.1619031750189492,0.33064689801670022,3.4407987842120233,9.7922874464052221,30,29,25,2,55823637.1648065,none,14190,70.950000047683716,0.0012615437457471608,0.0038618360480805339,disabled,disabled,0,0,0,0,-1,-1,0,0,0,0,0,0,72,72,1,0,0,0,none,1420,1,0,0,0,0,0,0,0,0,0,56434.822324115688,1
1,1403715964.7840581,1403715964784058112,1403715964.7840581,1403715964.7840581,1565,1421,ready,1,1,1,1,0.56076886100147605,-0.20771485634010375,0.092618945691604185,-9.1934552284948197,0.53135758515588616,3.3185644528990466,9.7885049905328536,30,29,26,2,57679048.546420678,none,14200,71,0.00026480367085538283,0.0017213379766357674,disabled,disabled,0,0,0,0,-1,-1,0,0,0,0,0,0,72,72,1,0,0,0,none,1421,1,0,0,0,0,0,0,0,0,0,-1,0
1,1403715964.834058,1403715964834057984,1403715964.834058,1403715964.834058,1566,1422,ready,1,1,1,1,0.63386338205836257,-0.19925940189928604,0.079267420186747414,-9.225670395071667,0.7327817086427888,3.1776244173474293,9.7850528975956923,30,29,27,2,57260133.90318837,none,14210,71.049999952316284,0.00084792248283573296,0.0048149371323308069,disabled,disabled,0,0,0,0,-1,-1,0,0,0,0,0,0,72,72,1,0,0,0,none,1422,1,0,0,0,0,0,0,0,0,0,-1,0
1,1403715964.8840582,1403715964884058112,1403715964.8840582,1403715964.8840582,1567,1423,ready,1,1,1,1,0.61210667834741761,-0.17682250437416744,0.080110789478502767,-9.2732969775945673,0.85001617461062118,2.9999873694474135,9.7834803903625325,30,27,28,2,59453201.098186485,none,14220,71.100000143051147,0.00061971640295001925,0.0050135456690752912,disabled,disabled,0,0,0,0,-1,-1,0,0,0,0,0,0,72,72,1,0,0,0,none,1423,1,0,0,0,0,0,0,0,0,0,-1,0
1,1403715964.9340582,1403715964934058240,1403715964.9340582,1403715964.9340582,1568,1424,ready,1,1,1,1,0.56645682721786383,-0.1388608946310102,0.091327910161938447,-9.3255445018471175,0.87276693409705552,2.8291554246118804,9.7842538189580406,30,28,29,2,60496096.088043451,none,14230,71.150000095367432,0.0003387358557452526,0.0016071594347738616,disabled,disabled,0,0,0,0,-1,-1,0,0,0,0,0,0,72,72,1,0,0,0,none,1424,1,0,0,0,0,0,0,0,0,0,-1,0
1,1403715964.9840581,1403715964984058112,1403715964.9840581,1403715964.9840581,1569,1425,ready,1,1,1,1,0.51471072237216342,-0.10236707679320556,0.091483219472501418,-9.3794432436371178,0.89306244719682326,2.6454722659189054,9.7862168177978397,30,29,30,2,58922645.62414097,none,14240,71.200000047683716,0.00050516905191792013,0.0013830559588252033,disabled,disabled,0,0,0,0,-1,-1,0,0,0,0,0,0,72,72,1,0,0,0,none,1425,1,0,0,0,0,0,0,0,0,0,-1,0
1,1403715965.0340581,1403715965034057984,1403715965.0340581,1403715965.0340581,1570,1426,ready,1,1,1,1,0.42484897120236292,-0.061035150043305397,0.081035071678776369,-9.4506878385385562,0.84031647518168318,2.4276533156431359,9.7936271636669652,30,27,31,2,61114788.308626831,none,14250,71.25,0.00046264691965322536,0.0048514127473358818,disabled,disabled,0,0,0,0,-1,-1,0,0,0,0,0,0,72,72,1,0,0,0,none,1426,1,0,0,0,0,0,0,0,0,0,-1,0
1,1403715965.0840583,1403715965084058368,1403715965.0840583,1403715965.0840583,1571,1427,ready,1,1,1,1,0.35317458203679236,-0.032594567784190141,0.054012731270872222,-9.5192806132120396,0.7771954571835078,2.1898506442441121,9.7987847213742594,30,25,32,2,61527450.154098459,none,14260,71.300000190734863,0.0014490529628557606,0.0015254656284435812,disabled,disabled,0,0,0,0,-1,-1,0,0,0,0,0,0,72,72,1,0,0,0,none,1427,1,0,0,0,0,0,0,0,0,0,-1,0
1,1403715965.134058,1403715965134057984,1403715965.134058,1403715965.134058,1572,1428,ready,1,1,1,1,0.22996202765455809,-0.0012634996086561948,0.030239102673945726,-9.5772651186169249,0.72547048505678591,1.9671621444357228,9.8040828984390949,30,24,33,2,59711788.778708987,none,14270,71.349999904632568,0.00022977159712392068,0.0024167036239770112,disabled,disabled,0,0,0,0,-1,-1,0,0,0,0,0,0,72,72,1,0,0,0,none,1428,1,0,0,0,0,0,0,0,0,0,-1,0
1,1403715965.1840582,1403715965184058112,1403715965.1840582,1403715965.1840582,1573,1429,ready,1,1,1,1,0.13705923503276787,0.026144514928359539,-0.018967224170159308,-9.5672464870918859,0.60204437202603533,2.0634826243291648,9.8057444037446047,30,25,34,2,57491770.476830937,none,14280,71.400000095367432,0.0022382000552521714,0.0044272595043901375,disabled,disabled,0,0,0,0,-1,-1,0,0,0,0,0,0,72,72,1,0,0,0,none,1429,1,0,0,0,0,0,0,0,0,0,-1,0
1,1403715965.2340581,1403715965234058240,1403715965.2340581,1403715965.2340581,1574,1430,ready,1,1,1,1,0.064145018714389962,0.058309513157515314,-0.078705450061800006,-9.4899668169769367,0.45665979756211861,2.4263943482214434,9.8058858799760564,30,28,35,2,54848529.276338898,none,14290,71.450000047683716,6.1110138415986371e-05,0.00091869325959741642,disabled,disabled,0,0,0,0,-1,-1,0,0,0,0,0,0,16,36,1,0,0,0,none,1430,1,0,0,0,0,0,0,0,0,0,-1,0
1,1403715965.2840581,1403715965284058112,1403715965.2840581,1403715965.2840581,1575,1431,ready,1,1,1,1,0.032140376738278971,0.071019388410305181,-0.12169564308509992,-9.3518736039036821,0.281866795290942,2.9386571406572917,9.8067677949472269,30,30,36,2,52201649.910769746,none,14300,71.5,5.5686722003094154e-05,0.00026455692015297003,disabled,disabled,0,0,0,0,-1,-1,0,0,0,0,0,0,62,72,1,0,0,0,none,1431,1,0,0,0,0,0,0,0,0,0,-1,0
1,1403715965.334058,1403715965334057984,1403715965.334058,1403715965.334058,1576,1432,ready,1,1,1,1,0.022455739915571798,0.077102978885980625,-0.13547454315383076,-9.1300557153686128,0.17365675253680599,3.5711686356169232,9.8051679974108925,30,27,37,2,54325942.120199643,none,14310,71.549999952316284,0.00017301604823695676,0.0023368336523574779,disabled,disabled,0,0,0,0,-1,-1,0,0,0,0,0,0,72,72,1,0,0,0,none,1432,1,0,0,0,0,0,0,0,0,0,-1,0
1,1403715965.3840582,1403715965384058112,1403715965.3840582,1403715965.3840582,1577,1433,ready,1,1,1,1,0.034265934464771233,0.075691757876151469,-0.11466410092948939,-8.8628793066753655,0.11867264932778036,4.1944211641911702,9.8060125282913884,30,27,38,2,56262562.527119495,none,14320,71.600000143051147,0.0017624006145606768,0.0057999694802259583,disabled,disabled,0,0,0,0,-1,-1,0,0,0,0,0,0,72,72,1,0,0,0,none,1433,1,0,0,0,0,0,0,0,0,0,-1,0
1,1403715965.4340582,1403715965434058240,1403715965.4340582,1403715965.4340582,1578,1434,ready,1,1,1,1,0.09641102264840741,0.081510599019391866,-0.087975942985393046,-8.5959042288225476,0.084725952283273259,4.7313848594608796,9.8123774227459943,30,30,39,2,52412666.021862268,none,14330,71.650000095367432,0.00055557789121982236,0.0018442132017603733,disabled,disabled,0,0,0,0,-1,-1,0,0,0,0,0,0,72,72,1,0,0,0,none,1434,1,0,0,0,0,0,0,0,0,0,-1,0
1,1403715965.4840581,1403715965484058112,1403715965.4840581,1403715965.4840581,1579,1435,ready,1,1,1,1,0.17588091423777147,0.072229705776889364,-0.025384457518879747,-8.3449195138638039,0.039705780848595128,5.1683393983861423,9.8158540320650722,30,28,40,2,54500089.356858104,none,14340,71.700000047683716,0.0007981100721317166,0.0019361380311746722,disabled,disabled,0,0,0,0,-1,-1,0,0,0,0,0,0,72,72,1,0,0,0,none,1435,1,0,0,0,0,0,0,0,0,0,-1,0
1,1403715965.5340581,1403715965534057984,1403715965.5340581,1403715965.5340581,1580,1436,ready,1,1,1,1,0.25681603741303433,0.064975903109340483,0.048531399419753402,-8.1473083480066268,-0.012654458958716645,5.4827733142743496,9.8203664223158675,30,28,41,2,56443858.678539142,none,14350,71.75,0.00068117200307305664,0.0049139193416290186,disabled,disabled,0,0,0,0,-1,-1,0,0,0,0,0,0,72,72,1,0,0,0,none,1436,1,0,0,0,0,0,0,0,0,0,-1,0
1,1403715965.5840583,1403715965584058368,1403715965.5840583,1403715965.5840583,1581,1437,ready,1,1,1,1,0.39395852669771858,0.056734770864177733,0.13265853023925794,-8.0265114398423236,-0.048283693103902549,5.6642966558483208,9.8240253366119692,30,30,42,2,56146449.410037823,none,14360,71.800000190734863,5.1251274747072867e-06,5.342364028513722e-05,disabled,disabled,0,0,0,0,-1,-1,0,0,0,0,0,0,3,12,1,0,0,0,none,1437,1,0,0,0,0,0,0,0,0,0,-1,0
1,1403715965.634058,1403715965634057984,1403715965.634058,1403715965.634058,1582,1438,ready,1,1,1,1,0.54593467718874433,0.045728786754640649,0.21336912699479199,-8.054664969723186,-0.081054012772157541,5.6310140466747907,9.8281492012138827,30,29,43,2,57989874.350105144,none,14370,71.849999904632568,0.00059049090960987879,0.0039936571151371761,disabled,disabled,0,0,0,0,-1,-1,0,0,0,0,0,0,72,72,1,0,0,0,none,1438,1,0,0,0,0,0,0,0,0,0,-1,0
1,1403715965.6840582,1403715965684058112,1403715965.6840582,1403715965.6840582,1583,1439,ready,1,1,1,1,0.65857416361400289,0.037170634848679697,0.33282963716705122,-8.2596216779345966,-0.1204957547217354,5.3301778596938911,9.830903595574723,30,28,44,2,59789245.50944072,none,14380,71.900000095367432,0.0010494619085521352,0.0041936770254832048,disabled,disabled,0,0,0,0,-1,-1,0,0,0,0,0,0,72,72,1,0,0,0,none,1439,1,0,0,0,0,0,0,0,0,0,-1,0
1,1403715965.7340581,1403715965734058240,1403715965.7340581,1403715965.7340581,1584,1440,ready,1,1,1,1,0.73416703375571424,0.013539884212988513,0.44432523446238775,-8.57172102246858,-0.14668144875803971,4.8213279468245984,9.8357063755111884,30,28,45,2,60440961.758430541,none,14390,71.950000047683716,0.00098228296756168823,0.0072012023811023358,disabled,disabled,0,0,0,0,-1,-1,0,0,0,0,0,0,72,72,1,0,0,0,none,1440,1,0,0,0,0,0,0,0,0,0,0.99999500000969999,1
1,1403715965.7840581,1403715965784058112,1403715965.7840581,1403715965.7840581,1585,1441,ready,1,1,1,1,0.7184002978491405,0.0019744409882812854,0.54160327928415708,-8.8929836930720203,-0.14044594775043168,4.210316591369323,9.840307405210682,30,29,46,2,61083058.879299723,none,14400,72,0.0016122944052758847,0.0056989089837426272,disabled,disabled,0,0,0,0,-1,-1,0,0,0,0,0,0,72,72,1,0,0,0,none,1441,1,0,0,0,0,0,0,0,0,0,-1,0
1,1403715965.834058,1403715965834057984,1403715965.834058,1403715965.834058,1586,1442,ready,1,1,1,1,0.67710791395124847,-0.0048812789855513803,0.6009041232864667,-9.1868875659828273,-0.10820662023817249,3.5273180027544981,9.8413710485495489,30,29,47,2,61471067.228762969,none,14410,72.049999952316284,6.135297340868576e-05,0.0051567970161542718,disabled,disabled,0,0,0,0,-1,-1,0,0,0,0,0,0,72,72,1,0,0,0,none,1442,1,0,0,0,0,0,0,0,0,0,-1,0
1,1403715965.8840582,1403715965884058112,1403715965.8840582,1403715965.8840582,1587,1443,ready,1,1,1,1,0.59332925207910003,-0.017608071621184874,0.63012365237669721,-9.4158528284393075,-0.07704867004250622,2.871369342988972,9.8442360235947586,30,25,48,2,63467493.787016675,none,14420,72.100000143051147,0.00072654136992021787,0.0023248079836574067,disabled,disabled,0,0,0,0,-1,-1,0,0,0,0,0,0,72,72,1,0,0,0,none,1443,1,0,0,0,0,0,0,0,0,0,-1,0
1,1403715965.9340582,1403715965934058240,1403715965.9340582,1403715965.9340582,1588,1444,ready,1,1,1,1,0.50183705208969898,-0.022512070669892737,0.61763822702317039,-9.5782519826528052,-0.054503259965511239,2.2887518040013255,9.8480590203785123,30,24,49,2,64519993.108143829,none,14430,72.150000095367432,0.00098989717161401293,0.0028611433186569767,disabled,disabled,0,0,0,0,-1,-1,0,0,0,0,0,0,72,72,1,0,0,0,none,1444,1,0,0,0,0,0,0,0,0,0,-1,0
1,1403715965.9840581,1403715965984058112,1403715965.9840581,1403715965.9840581,1589,1445,ready,1,1,1,1,0.42345192503688212,-0.034285710842818222,0.58043285591192662,-9.6865919343902824,-0.081327705291400917,1.798700290706345,9.8525123818663598,30,27,50,2,62257273.912962615,none,14440,72.200000047683716,0.00059622244014671658,0.0028287029622920349,disabled,disabled,0,0,0,0,-1,-1,0,0,0,0,0,0,72,72,1,0,0,0,none,1445,1,0,0,0,0,0,0,0,0,0,-1,0
1,1403715966.0340581,1403715966034057984,1403715966.0340581,1403715966.0340581,1590,1446,ready,1,1,1,1,0.37820002755768933,-0.040506940691953007,0.49664514026644846,-9.7475002405533733,-0.079870080860641013,1.4421774975939312,9.8539340419941439,30,28,51,2,61519783.330989711,none,14450,72.25,0.00013402534733070632,0.000487362653559397,disabled,disabled,0,0,0,0,-1,-1,0,0,0,0,0,0,55,72,1,0,0,0,none,1446,1,0,0,0,0,0,0,0,0,0,-1,0
1,1403715966.0840583,1403715966084058368,1403715966.0840583,1403715966.0840583,1591,1447,ready,1,1,1,1,0.36131852613460996,-0.064866868353069387,0.37794175651193657,-9.8042908242296161,-0.096103981101410704,1.0056534968507662,9.8562007638331295,30,25,52,2,62565884.843766317,none,14460,72.300000190734863,0.00034146656087995859,0.00071355416267216711,disabled,disabled,0,0,0,0,-1,-1,0,0,0,0,0,0,72,72,1,0,0,0,none,1447,1,0,0,0,0,0,0,0,0,0,-1,0
1,1403715966.134058,1403715966134057984,1403715966.134058,1403715966.134058,1592,1448,ready,1,1,1,1,0.33339373874519873,-0.088007281407994811,0.24340041201693838,-9.8462360787957728,-0.075226997079160987,0.54408530999710536,9.8615441410067088,30,22,53,2,64044297.326452918,none,14470,72.349999904632568,0.0002968497891884704,0.0023341881649007966,disabled,disabled,0,0,0,0,-1,-1,0,0,0,0,0,0,66,66,1,0,0,0,none,1448,1,0,0,0,0,0,0,0,0,0,-1,0
1,1403715966.1840582,1403715966184058112,1403715966.1840582,1403715966.1840582,1593,1449,ready,1,1,1,1,0.30498887211219794,-0.094616739984481626,0.074155735401351355,-9.8625518414010394,-0.071044720919208451,0.26750470393186937,9.8664347635465148,30,26,54,2,57568246.106011048,none,14480,72.400000095367432,7.605576785485216e-05,0.00077021208661325893,disabled,disabled,0,0,0,0,-1,-1,0,0,0,0,0,0,42,72,1,0,0,0,none,1449,1,0,0,0,0,0,0,0,0,0,-1,0
1,1403715966.2340581,1403715966234058240,1403715966.2340581,1403715966.2340581,1594,1450,ready,1,1,1,1,0.28558622554863067,-0.10076804220299601,-0.092473662935467119,-9.8634260602206805,-0.08355979558310507,0.25235386614580896,9.8670075685912533,30,30,55,2,52043667.610143661,none,14490,72.450000047683716,0.00066321637332048097,0.0016809172850923801,disabled,disabled,0,0,0,0,-1,-1,0,0,0,0,0,0,45,72,1,0,0,0,none,1450,1,0,0,0,0,0,0,0,0,0,-1,0
1,1403715966.2840581,1403715966284058112,1403715966.2840581,1403715966.2840581,1595,1451,ready,1,1,1,1,0.25944214420208467,-0.11092517339963381,-0.25450741328816318,-9.8492188808064114,-0.10496177890474247,0.53338959001024144,9.8642097499898913,30,30,56,2,54092233.30570811,none,14500,72.5,9.0111983039576721e-05,0.0015136135731769545,disabled,disabled,0,0,0,0,-1,-1,0,0,0,0,0,0,64,72,1,0,0,0,none,1451,1,0,0,0,0,0,0,0,0,0,-1,0
1,1403715966.334058,1403715966334057984,1403715966.334058,1403715966.334058,1596,1452,ready,1,1,1,1,0.23883995309292735,-0.12416052301442,-0.39754213430933022,-9.7978815693743222,-0.092625577819307012,1.0967722607839392,9.859511759573925,30,28,57,2,56097931.083119676,none,14510,72.549999952316284,0.00028049688759302309,0.0023433886813584645,disabled,disabled,0,0,0,0,-1,-1,0,0,0,0,0,0,72,72,1,0,0,0,none,1452,1,0,0,0,0,0,0,0,0,0,-1,0
1,1403715966.3840582,1403715966384058112,1403715966.3840582,1403715966.3840582,1597,1453,ready,1,1,1,1,0.20288798530932661,-0.12659393207902359,-0.52383311543920175,-9.7145003372384604,-0.092857351366264704,1.6929618146843528,9.8613517833960405,30,27,58,2,58171816.022962324,none,14520,72.600000143051147,0.0012352233681499655,0.012031915876654045,disabled,disabled,0,0,0,0,-1,-1,0,0,0,0,0,0,72,72,1,0,0,0,none,1453,1,0,0,0,0,0,0,0,0,0,-1,0
1,1403715966.4340582,1403715966434058240,1403715966.4340582,1403715966.4340582,1598,1454,ready,1,1,1,1,0.13674238649320267,-0.13936828213940383,-0.59550617841304898,-9.5863268491927478,-0.11285609814250533,2.3255156734901141,9.8650099901667545,30,29,59,2,55539805.549498603,none,14530,72.650000095367432,0.00072059632339096429,0.0059217885592766301,disabled,disabled,0,0,0,0,-1,-1,0,0,0,0,0,0,72,72,1,0,0,0,none,1454,1,0,0,0,0,0,0,0,0,0,-1,0
1,1403715966.4840581,1403715966484058112,1403715966.4840581,1403715966.4840581,1599,1455,ready,1,1,1,1,0.054988027228565911,-0.14051576873670177,-0.64142040118602095,-9.3899136610321658,-0.11597539048655545,3.0450747122368584,9.8720012589110517,30,30,60,2,55665420.707189143,none,14540,72.700000047683716,0.00042351028075243474,0.013652707535656368,disabled,disabled,0,0,0,0,-1,-1,0,0,0,0,0,0,72,72,1,0,0,0,none,1455,1,0,0,0,0,0,0,0,0,0,-1,0
1,1403715966.5340581,1403715966534057984,1403715966.5340581,1403715966.5340581,1600,1456,ready,1,1,1,1,-0.0011113657291519762,-0.15035840670597236,-0.63905522162209816,-9.1174005518963313,-0.11167257082719916,3.802096023582263,9.8790383013395964,30,26,61,2,58156880.493985817,none,14550,72.75,0.00029943748013167785,0.0020263106766388083,disabled,disabled,0,0,0,0,-1,-1,0,0,0,0,0,0,72,72,1,0,0,0,none,1456,1,0,0,0,0,0,0,0,0,0,-1,0
1,1403715966.5840583,1403715966584058368,1403715966.5840583,1403715966.5840583,1601,1457,ready,1,1,1,1,-0.034494062282574865,-0.15959557736593061,-0.60700026794799611,-8.8425120236558854,-0.1072492365846867,4.417719546371921,9.885229753407021,30,26,62,2,60572712.322702423,none,14560,72.800000190734863,0.00020001009030214359,0.0015857119690482141,disabled,disabled,0,0,0,0,-1,-1,0,0,0,0,0,0,72,72,1,0,0,0,none,1457,1,0,0,0,0,0,0,0,0,0,-1,0
1,1403715966.634058,1403715966634057984,1403715966.634058,1403715966.634058,1602,1458,ready,1,1,1,1,-0.017815720776272359,-0.16547783727439694,-0.53784298442473477,-8.5711571442466923,-0.10296851376553265,4.9285654992800438,9.8876739017269255,30,29,63,2,59464862.410576344,none,14570,72.849999904632568,0,0,disabled,disabled,0,0,0,0,-1,-1,0,0,0,0,0,0,0,0,0,0,0,0,none,1458,1,0,0,0,0,0,0,0,0,0,-1,0
1,1403715966.6840582,1403715966684058112,1403715966.6840582,1403715966.6840582,1603,1459,ready,1,1,1,1,0.013053298694057382,-0.17619948075156661,-0.45764711505410516,-8.3526805682004142,-0.097566596863958271,5.3002986944950186,9.8929246517944325,30,29,64,2,61775667.353055499,none,14580,72.900000095367432,0.00032705473849840697,0.0030291401313838982,disabled,disabled,0,0,0,0,-1,-1,0,0,0,0,0,0,49,72,1,0,0,0,none,1459,1,0,0,0,0,0,0,0,0,0,-1,0
1,1403715966.7340581,1403715966734058240,1403715966.7340581,1403715966.7340581,1604,1460,ready,1,1,1,1,0.043830987033030316,-0.18172406735208604,-0.35204590952735304,-8.1776895626938533,-0.089870798303018043,5.5690604422407821,9.8942972238310443,30,28,65,2,63357451.96052213,none,14590,72.950000047683716,0.00066890205029328969,0.0012089818143580307,disabled,disabled,0,0,0,0,-1,-1,0,0,0,0,0,0,72,72,1,0,0,0,none,1460,1,0,0,0,0,0,0,0,0,0,0.9999950000323603,1
1,1403715966.7840581,1403715966784058112,1403715966.7840581,1403715966.7840581,1605,1461,ready,1,1,1,1,0.11311263139665176,-0.19084967482490436,-0.2390305635452146,-8.0071746507151094,-0.085531081185052246,5.8071810256739882,9.8916890831571997,30,29,66,2,61218489.48045782,none,14600,73,0.00046182269916966842,0.013377235738191773,disabled,disabled,0,0,0,0,-1,-1,0,0,0,0,0,0,72,72,1,0,0,0,none,1461,1,0,0,0,0,0,0,0,0,0,-1,0
1,1403715966.834058,1403715966834057984,1403715966.834058,1403715966.834058,1606,1462,ready,1,1,1,1,0.25529252763725352,-0.19411564991008798,-0.13652171914987554,-7.9041115360043621,-0.1085163777101974,5.9334357514532137,9.8839473285955819,30,30,67,2,62584742.946665019,none,14610,73.049999952316284,0.00097703656653827108,0.0040496192643930543,disabled,disabled,0,0,0,0,-1,-1,0,0,0,0,0,0,72,72,1,0,0,0,none,1462,1,0,0,0,0,0,0,0,0,0,-1,0
1,1403715966.8840582,1403715966884058112,1403715966.8840582,1403715966.8840582,1607,1463,ready,1,1,1,1,0.39401542820699192,-0.20427783423805976,-0.026194207536011385,-7.9392396035337933,-0.15798345859911594,5.8745354653546036,9.877583266630527,30,29,68,2,64545159.799054578,none,14620,73.100000143051147,0.00037214236614797213,0.0032228299934338074,disabled,disabled,0,0,0,0,-1,-1,0,0,0,0,0,0,72,72,1,0,0,0,none,1463,1,0,0,0,0,0,0,0,0,0,-1,0
1,1403715966.9340582,1403715966934058240,1403715966.9340582,1403715966.9340582,1608,1464,ready,1,1,1,1,0.52249351688876167,-0.21378218768889795,0.091353713722619134,-8.1558906476113471,-0.17627851321939109,5.5577719235207743,9.8710918911685184,30,29,69,2,66311300.88821695,none,14630,73.150000095367432,0.00048246897163049546,0.00044214563099328477,disabled,disabled,0,0,0,0,-1,-1,0,0,0,0,0,0,72,72,1,0,0,0,none,1464,1,0,0,0,0,0,0,0,0,0,-1,0
1,1403715966.9840581,1403715966984058112,1403715966.9840581,1403715966.9840581,1609,1465,ready,1,1,1,1,0.60079145537459133,-0.23217072480125617,0.21270985869643713,-8.4377174864181548,-0.18895117246779969,5.1124973660211124,9.8675431716185802,30,30,70,2,66578093.462912932,none,14640,73.200000047683716,0.00063974084261703807,0.0094675146577495057,disabled,disabled,0,0,0,0,-1,-1,0,0,0,0,0,0,72,72,1,0,0,0,none,1465,1,0,0,0,0,0,0,0,0,0,-1,0
1,1403715967.0340581,1403715967034057984,1403715967.0340581,1403715967.0340581,1610,1466,ready,1,1,1,1,0.64453249666936596,-0.2463247805139388,0.31294477919104879,-8.7463129982357817,-0.25528139892095275,4.561341436453362,9.8675729212228092,30,30,71,2,68066788.314523309,none,14650,73.25,0.00026992683093838882,0.0068357450349476852,disabled,disabled,0,0,0,0,-1,-1,0,0,0,0,0,0,72,72,1,0,0,0,none,1466,1,0,0,0,0,0,0,0,0,0,-1,0
1,1403715967.0840583,1403715967084058368,1403715967.0840583,1403715967.0840583,1611,1467,ready,1,1,1,1,0.63310554534046337,-0.26687315309258236,0.38796195999136257,-9.0576149894229179,-0.24196826591824516,3.9210462597607139,9.8728689705431467,30,27,72,2,69781021.674694061,none,14660,73.300000190734863,0.00021786656254505095,0.0016171093555619326,disabled,disabled,0,0,0,0,-1,-1,0,0,0,0,0,0,72,72,1,0,0,0,none,1467,1,0,0,0,0,0,0,0,0,0,-1,0
1,1403715967.134058,1403715967134057984,1403715967.134058,1403715967.134058,1612,1468,ready,1,1,1,1,0.58113576441913384,-0.28342699409317862,0.43586048394202803,-9.3191298853113018,-0.25487912436931176,3.266990110816149,9.8784801245693661,30,25,73,2,71689986.707026765,none,14670,73.349999904632568,0.00022997544683644186,0.0053187087104740165,disabled,disabled,0,0,0,0,-1,-1,0,0,0,0,0,0,72,72,1,0,0,0,none,1468,1,0,0,0,0,0,0,0,0,0,-1,0
1,1403715967.1840582,1403715967184058112,1403715967.1840582,1403715967.1840582,1613,1469,ready,1,1,1,1,0.52266508659411981,-0.29836182690527324,0.44202564953859269,-9.5210585387362094,-0.26202289008333873,2.638790697510041,9.8834421148825893,30,27,74,2,65006063.937286429,none,14680,73.400000095367432,0.00056820195120290448,0.0017775981002264318,disabled,disabled,0,0,0,0,-1,-1,0,0,0,0,0,0,72,72,1,0,0,0,none,1469,1,0,0,0,0,0,0,0,0,0,-1,0
1,1403715967.2340581,1403715967234058240,1403715967.2340581,1403715967.2340581,1614,1470,ready,1,1,1,1,0.47437099897234586,-0.31298510993199868,0.39712526648067464,-9.6857852035304592,-0.27348284584302357,1.9799167784403624,9.8898583571985323,30,28,75,2,65414970.775741294,none,14690,73.450000047683716,0.00020110012239767396,0.0021815424218401269,disabled,disabled,0,0,0,0,-1,-1,0,0,0,0,0,0,48,48,1,0,0,0,none,1470,1,0,0,0,0,0,0,0,0,0,-1,0
1,1403715967.2840581,1403715967284058112,1403715967.2840581,1403715967.2840581,1615,1471,ready,1,1,1,1,0.42026218232799306,-0.34071710716192211,0.3302982867613905,-9.8004114359599335,-0.25882322273011532,1.3284640722299534,9.8934256234089322,30,25,76,2,63229593.881430089,none,14700,73.5,0.00042467945869130436,0.001967517571924789,disabled,disabled,0,0,0,0,-1,-1,0,0,0,0,0,0,72,72,1,0,0,0,none,1471,1,0,0,0,0,0,0,0,0,0,-1,0
1,1403715967.334058,1403715967334057984,1403715967.334058,1403715967.334058,1616,1472,ready,1,1,1,1,0.36639995628667427,-0.34893442328250751,0.21186331966039065,-9.8675598292494016,-0.24863549646796132,0.7249467983694049,9.8972776284383563,30,21,77,2,65766614.890993483,none,14710,73.549999952316284,3.2657460627117073e-05,0.0012012079761543929,disabled,disabled,0,0,0,0,-1,-1,0,0,0,0,0,0,48,48,1,0,0,0,none,1472,1,0,0,0,0,0,0,0,0,0,-1,0
1,1403715967.3840582,1403715967384058112,1403715967.3840582,1403715967.3840582,1617,1473,ready,1,1,1,1,0.31089261773103133,-0.36438020043614378,0.074101331003844403,-9.8963634268816865,-0.18244841055078584,0.33439618971143292,9.9036921050246427,30,22,78,2,56476626.324310958,none,14720,73.600000143051147,0.00024865655052806068,0.0056496553777404127,disabled,disabled,0,0,0,0,-1,-1,0,0,0,0,0,0,72,72,1,0,0,0,none,1473,1,0,0,0,0,0,0,0,0,0,-1,0
1,1403715967.4340582,1403715967434058240,1403715967.4340582,1403715967.4340582,1618,1474,ready,1,1,1,1,0.2698504946801959,-0.37712886232531362,-0.079177779794099887,-9.9035308731897924,-0.16208638750406468,0.15898858911615962,9.9061331065510441,30,26,79,2,45030599.862665914,none,14730,73.650000095367432,0.00015119840976510966,0.0006371099672367298,disabled,disabled,0,0,0,0,-1,-1,0,0,0,0,0,0,47,66,1,0,0,0,none,1474,1,0,0,0,0,0,0,0,0,0,-1,0
1,1403715967.4840581,1403715967484058112,1403715967.4840581,1403715967.4840581,1619,1475,ready,1,1,1,1,0.24555227546009911,-0.39266109954447731,-0.25288008294706521,-9.8983903805416453,-0.083935692919735169,0.1936063236230032,9.9006394103962858,30,27,80,2,39070594.904550105,none,14740,73.700000047683716,0,0,disabled,disabled,0,0,0,0,-1,-1,0,0,0,0,0,0,0,0,0,0,0,0,none,1475,1,0,0,0,0,0,0,0,0,0,-1,0
1,1403715967.5340581,1403715967534057984,1403715967.5340581,1403715967.5340581,1620,1476,ready,1,1,1,1,0.22534211462686457,-0.41055811621883131,-0.42801946787460415,-9.8862318541209788,0.044419969972891521,0.360961304519754,9.8929190065687536,30,27,81,2,36179520.624650784,none,14750,73.75,0.00010008267422564539,0.0062577243807886325,disabled,disabled,0,0,0,0,-1,-1,0,0,0,0,0,0,72,72,1,0,0,0,none,1476,1,0,0,0,0,0,0,0,0,0,-1,0
1,1403715967.5840583,1403715967584058368,1403715967.5840583,1403715967.5840583,1621,1477,ready,1,1,1,1,0.17321892048251983,-0.41487370226957615,-0.56522053392493588,-9.8573981979299532,0.20482688877354191,0.66372080206056183,9.8818408502669808,30,29,82,2,35360342.495812848,none,14760,73.800000190734863,0.0018990833660697316,0.010587497655754782,disabled,disabled,0,0,0,0,-1,-1,0,0,0,0,0,0,72,72,1,0,0,0,none,1477,1,0,0,0,0,0,0,0,0,0,-1,0
1,1403715967.634058,1403715967634057984,1403715967.634058,1403715967.634058,1622,1478,ready,1,1,1,1,0.13535220821066946,-0.41669910278240224,-0.6883851626680163,-9.8028977261656092,0.36736650661185405,1.1014792224070944,9.8714243378165847,30,29,83,2,37009884.395180926,none,14770,73.849999904632568,0.00051422674201102251,0.0016277724374388696,disabled,disabled,0,0,0,0,-1,-1,0,0,0,0,0,0,42,72,1,0,0,0,none,1478,1,0,0,0,0,0,0,0,0,0,-1,0
1,1403715967.6840582,1403715967684058112,1403715967.6840582,1403715967.6840582,1623,1479,ready,1,1,1,1,0.07476984857246205,-0.42558814290216934,-0.78653569704564152,-9.7179470341253715,0.54212190868583066,1.6014618786982131,9.8639277608297036,30,27,84,2,39239129.068813957,none,14780,73.900000095367432,1.6120460285008616e-05,0.00022497775074293964,disabled,disabled,0,0,0,0,-1,-1,0,0,0,0,0,0,29,36,1,0,0,0,none,1479,1,0,0,0,0,0,0,0,0,0,-1,0
1,1403715967.7340581,1403715967734058240,1403715967.7340581,1403715967.7340581,1624,1480,ready,1,1,1,1,0.016380461612993627,-0.40558440868935053,-0.84291427529798657,-9.6029243903039205,0.7801133918948997,2.0915863946691977,9.8589790240406217,30,26,85,2,39837439.512262926,none,14790,73.950000047683716,0.00023999396149806989,0.0051512538382626682,disabled,disabled,0,0,0,0,-1,-1,0,0,0,0,0,0,72,72,1,0,0,0,none,1480,1,0,0,0,0,0,0,0,0,0,0.99999499996452124,1
1,1403715967.7840581,1403715967784058112,1403715967.7840581,1403715967.7840581,1625,1481,ready,1,1,1,1,-0.065798492162956843,-0.3836157392803704,-0.89613277607175823,-9.4415735517591521,0.99329405191454645,2.6204127288426236,9.8486804738669029,30,26,86,2,41797743.087329283,none,14800,74,9.0831258059539624e-05,0.0026685061530925852,disabled,disabled,0,0,0,0,-1,-1,0,0,0,0,0,0,72,72,1,0,0,0,none,1481,1,0,0,0,0,0,0,0,0,0,-1,0
1,1403715967.834058,1403715967834057984,1403715967.834058,1403715967.834058,1626,1482,ready,1,1,1,1,-0.13408475778858328,-0.34954528360992265,-0.91867182511796719,-9.2373492038883906,1.2168157866366989,3.1528475839718713,9.8361429870118826,30,29,87,2,39697990.156121679,none,14810,74.049999952316284,0.00045312907872123318,0.0023072724356862566,disabled,disabled,0,0,0,0,-1,-1,0,0,0,0,0,0,72,72,1,0,0,0,none,1482,1,0,0,0,0,0,0,0,0,0,-1,0
1,1403715967.8840582,1403715967884058112,1403715967.8840582,1403715967.8840582,1627,1483,ready,1,1,1,1,-0.19667268793694179,-0.30702731621313939,-0.89818166464493698,-9.0518113308363048,1.3935820108390415,3.5635996272344346,9.8273394921115909,30,29,88,2,41094229.893291607,none,14820,74.100000143051147,0.00019997332027987352,0.0037711770844339153,disabled,disabled,0,0,0,0,-1,-1,0,0,0,0,0,0,72,72,1,0,0,0,none,1483,1,0,0,0,0,0,0,0,0,0,-1,0
1,1403715967.9340582,1403715967934058240,1403715967.9340582,1403715967.9340582,1628,1484,ready,1,1,1,1,-0.25436686508622169,-0.23885636231139346,-0.84487829177683005,-8.8738505514665302,1.4952744497550068,3.9333687261650945,9.8210212720381875,30,29,89,2,43350681.501212187,none,14830,74.150000095367432,0.00043338498732356414,0.0061411698590090203,disabled,disabled,0,0,0,0,-1,-1,0,0,0,0,0,0,72,72,1,0,0,0,none,1484,1,0,0,0,0,0,0,0,0,0,-1,0
1,1403715967.9840581,1403715967984058112,1403715967.9840581,1403715967.9840581,1629,1485,ready,1,1,1,1,-0.31705211862557492,-0.1804278178077158,-0.78581365827598015,-8.7080557893390811,1.4483139996151406,4.2962968302964111,9.8176379809879961,30,30,90,2,45069660.299113557,none,14840,74.200000047683716,0.00033798287804527713,0.006340976216264534,disabled,disabled,0,0,0,0,-1,-1,0,0,0,0,0,0,66,72,1,0,0,0,none,1485,1,0,0,0,0,0,0,0,0,0,-1,0
1,1403715968.0340581,1403715968034057984,1403715968.0340581,1403715968.0340581,1630,1486,ready,1,1,1,1,-0.36009184190586391,-0.11482620249914503,-0.69587871833109494,-8.5389436655399535,1.2793149753618485,4.6829297222927178,9.822425184921622,30,25,91,2,47989244.529280677,none,14850,74.25,9.2850920787524861e-05,0.00033552722782854728,disabled,disabled,0,0,0,0,-1,-1,0,0,0,0,0,0,72,72,1,0,0,0,none,1486,1,0,0,0,0,0,0,0,0,0,-1,0
1,1403715968.0840583,1403715968084058368,1403715968.0840583,1403715968.0840583,1631,1487,ready,1,1,1,1,-0.35861212860858227,-0.060608481789445855,-0.57930979425328266,-8.3744155450192057,1.0476365700220227,5.0352541980175598,9.8276224460527732,30,24,92,2,51013243.477789387,none,14860,74.300000190734863,0.00035033897082198043,0.0020500287146778427,disabled,disabled,0,0,0,0,-1,-1,0,0,0,0,0,0,71,72,1,0,0,0,none,1487,1,0,0,0,0,0,0,0,0,0,-1,0
1,1403715968.134058,1403715968134057984,1403715968.134058,1403715968.134058,1632,1488,ready,1,1,1,1,-0.34912004288787524,-0.027430149253918013,-0.46340397805317335,-8.2217262946381044,0.82538571645678982,5.3288546439365883,9.8323311915882421,30,27,93,2,48440718.610450901,none,14870,74.349999904632568,0.00079765745091067047,0.010149588200621276,disabled,disabled,0,0,0,0,-1,-1,0,0,0,0,0,0,72,72,1,0,0,0,none,1488,1,0,0,0,0,0,0,0,0,0,-1,0
1,1403715968.1840582,1403715968184058112,1403715968.1840582,1403715968.1840582,1633,1489,ready,1,1,1,1,-0.3010125715720145,-0.007192103031783385,-0.35718893105249994,-8.134856173961877,0.64435027733855577,5.4900559791791848,9.8352319192519833,30,26,94,2,50733802.187621772,none,14880,74.400000095367432,0.00037180610901610888,0.0057218186389942699,disabled,disabled,0,0,0,0,-1,-1,0,0,0,0,0,0,72,72,1,0,0,0,none,1489,1,0,0,0,0,0,0,0,0,0,-1,0
1,1403715968.2340581,1403715968234058240,1403715968.2340581,1403715968.2340581,1634,1490,ready,1,1,1,1,-0.22286705658362291,0.0060440557062417391,-0.24737839955124996,-8.175043299738439,0.51512412000535046,5.4440435318887328,9.8353594641329298,30,28,95,2,50243230.85238529,none,14890,74.450000047683716,0.00034968199892521995,0.0063452373089276735,disabled,disabled,0,0,0,0,-1,-1,0,0,0,0,0,0,72,72,1,0,0,0,none,1490,1,0,0,0,0,0,0,0,0,0,-1,0
1,1403715968.2840581,1403715968284058112,1403715968.2840581,1403715968.2840581,1635,1491,ready,1,1,1,1,-0.19770286689570965,0.017404211786371016,-0.16511433360212532,-8.3595273045175613,0.41081039857411078,5.1670651546359947,9.8361081862088504,30,30,96,2,49223049.175542995,none,14900,74.5,0.00090197392236929545,0.0043319953675272612,disabled,disabled,0,0,0,0,-1,-1,0,0,0,0,0,0,72,72,1,0,0,0,none,1491,1,0,0,0,0,0,0,0,0,0,-1,0
1,1403715968.334058,1403715968334057984,1403715968.334058,1403715968.334058,1636,1492,ready,1,1,1,1,-0.19085156708826703,0.026013067054792293,-0.07736730702801671,-8.5826789473359746,0.35690207237536858,4.7970218116452639,9.8387588273984221,30,30,97,2,51186782.025415279,none,14910,74.549999952316284,0.00069483595956473907,0.0021791391173977487,disabled,disabled,0,0,0,0,-1,-1,0,0,0,0,0,0,72,72,1,0,0,0,none,1492,1,0,0,0,0,0,0,0,0,0,-1,0
1,1403715968.3840582,1403715968384058112,1403715968.3840582,1403715968.3840582,1637,1493,ready,1,1,1,1,-0.20928359603335805,0.039707575411236026,0.0079222260197145764,-8.8058740305497114,0.29908510734419136,4.3938912672656247,9.8457681169067772,30,30,98,2,52911943.251427554,none,14920,74.600000143051147,0.0002435555545750447,0.0034251709664399892,disabled,disabled,0,0,0,0,-1,-1,0,0,0,0,0,0,72,72,1,0,0,0,none,1493,1,0,0,0,0,0,0,0,0,0,-1,0
1,1403715968.4340582,1403715968434058240,1403715968.4340582,1403715968.4340582,1638,1494,ready,1,1,1,1,-0.2843439988766932,0.052240890229006451,0.064137169769457311,-9.019449181095661,0.30170979130277253,3.942695678613497,9.8481643742726348,30,30,99,2,54574512.216829382,none,14930,74.650000095367432,0.0012938541914690902,0.0041765607826863265,disabled,disabled,0,0,0,0,-1,-1,0,0,0,0,0,0,72,72,1,0,0,0,none,1494,1,0,0,0,0,0,0,0,0,0,-1,0
1,1403715968.4840581,1403715968484058112,1403715968.4840581,1403715968.4840581,1639,1495,ready,1,1,1,1,-0.31152545769998058,0.064095016922771073,0.089521353062005982,-9.1995185512682873,0.27432129309183662,3.4916125367328767,9.8436655699816988,30,29,100,2,56378698.546981454,none,14940,74.700000047683716,0.00010733559579229697,0.0020394674964076889,disabled,disabled,0,0,0,0,-1,-1,0,0,0,0,0,0,72,72,1,0,0,0,none,1495,1,0,0,0,0,0,0,0,0,0,-1,0
1,1403715968.5340581,1403715968534057984,1403715968.5340581,1403715968.5340581,1640,1496,ready,1,1,1,1,-0.37704919003974685,0.078093616939523866,0.10027302614313784,-9.3535929290733399,0.27981443832214825,3.0472290021716795,9.841422732226297,30,29,101,2,58181499.995370887,none,14950,74.75,0.00053970538115336497,0.0015044633206435082,disabled,disabled,0,0,0,0,-1,-1,0,0,0,0,0,0,72,72,1,0,0,0,none,1496,1,0,0,0,0,0,0,0,0,0,-1,0
1,1403715968.5840583,1403715968584058368,1403715968.5840583,1403715968.5840583,1641,1497,ready,1,1,1,1,-0.42606843272628597,0.080451594222740883,0.097517731149417697,-9.4846355715444126,0.24773968524565937,2.6105488396238741,9.8404599547334559,30,29,102,2,58688816.347665727,none,14960,74.800000190734863,0.00023505193380803977,0.0024265105884919533,disabled,disabled,0,0,0,0,-1,-1,0,0,0,0,0,0,72,72,1,0,0,0,none,1497,1,0,0,0,0,0,0,0,0,0,-1,0
1,1403715968.634058,1403715968634057984,1403715968.634058,1403715968.634058,1642,1498,ready,1,1,1,1,-0.47444548319727048,0.089080690268983187,0.047527079332347601,-9.5904530080288932,0.21994729271680055,2.1908390629028682,9.8399665401019032,30,29,103,2,60572197.713548481,none,14970,74.849999904632568,0.0021934297564628752,0.0030873630274694547,disabled,disabled,0,0,0,0,-1,-1,0,0,0,0,0,0,72,72,1,0,0,0,none,1498,1,0,0,0,0,0,0,0,0,0,-1,0
1,1403715968.6840582,1403715968684058112,1403715968.6840582,1403715968.6840582,1643,1499,ready,1,1,1,1,-0.49283574341004194,0.093880537761495117,-0.040626601749369384,-9.6706305704345805,0.18256809419297104,1.8008059454941003,9.838563350010407,30,30,104,2,61271634.373808213,none,14980,74.900000095367432,0.00029491964713572444,0.0010723787286982275,disabled,disabled,0,0,0,0,-1,-1,0,0,0,0,0,0,56,72,1,0,0,0,none,1499,1,0,0,0,0,0,0,0,0,0,-1,0
1,1403715968.7340581,1403715968734058240,1403715968.7340581,1403715968.7340581,1644,1500,ready,1,1,1,1,-0.52722335079713256,0.10224280823312103,-0.15066431788914214,-9.7297657321049371,0.1349517423477947,1.4521293930979382,9.8384568377721315,30,30,105,2,62971759.836061224,none,14990,74.950000047683716,0.000245405234110706,0.0016963402094656859,disabled,disabled,0,0,0,0,-1,-1,0,0,0,0,0,0,72,72,1,0,0,0,none,1500,1,0,0,0,0,0,0,0,0,0,38800.250582308043,1
1,1403715968.7840581,1403715968784058112,1403715968.7840581,1403715968.7840581,1645,1501,ready,1,1,1,1,-0.51965442294720843,0.098343454300461722,-0.28138593998959349,-9.7677520416217387,0.11485016626741372,1.1500097443924344,9.8358880086901586,30,29,106,2,64740662.95657932,none,15000,75,0.00049465364411948069,0.0054737049106204673,disabled,disabled,0,0,0,0,-1,-1,0,0,0,0,0,0,72,72,1,0,0,0,none,1501,1,0,0,0,0,0,0,0,0,0,-1,0
1,1403715968.834058,1403715968834057984,1403715968.834058,1403715968.834058,1646,1502,ready,1,1,1,1,-0.50986222769780043,0.096650180009485748,-0.43111290321025875,-9.7937608032365038,0.080915945281451615,0.88594339999355065,9.8340832704022123,30,29,107,2,66485938.525432348,none,15010,75.049999952316284,0.0005742174106751134,0.004747149965169375,disabled,disabled,0,0,0,0,-1,-1,0,0,0,0,0,0,72,72,1,0,0,0,none,1502,1,0,0,0,0,0,0,0,0,0,-1,0
1,1403715968.8840582,1403715968884058112,1403715968.8840582,1403715968.8840582,1647,1503,ready,1,1,1,1,-0.51674956141945139,0.092816909241139472,-0.56693671703895465,-9.8057938315009192,0.072781586988468192,0.7155163844733714,9.8321337217185913,30,27,108,2,66077976.620765641,none,15020,75.100000143051147,0.00072720572657502993,0.003586514191037633,disabled,disabled,0,0,0,0,-1,-1,0,0,0,0,0,0,72,72,1,0,0,0,none,1503,1,0,0,0,0,0,0,0,0,0,-1,0
1,1403715968.9340582,1403715968934058240,1403715968.9340582,1403715968.9340582,1648,1504,ready,1,1,1,1,-0.52801831504999197,0.095849614368574226,-0.71287396534750602,-9.8087155711953269,0.075649779884252644,0.65120959293322234,9.8306000823822774,30,27,109,2,68181494.088155612,none,15030,75.150000095367432,0.00016543178146354379,0.0024653366863668456,disabled,disabled,0,0,0,0,-1,-1,0,0,0,0,0,0,72,72,1,0,0,0,none,1504,1,0,0,0,0,0,0,0,0,0,-1,0
1,1403715968.9840581,1403715968984058112,1403715968.9840581,1403715968.9840581,1649,1505,ready,1,1,1,1,-0.57901297077147407,0.094026272677251957,-0.83584587264130183,-9.790920389936538,0.088561256191470969,0.7904705518187457,9.8231771271552404,30,30,110,2,66134012.843551911,none,15040,75.200000047683716,0.00086524387545561156,0.00057375682342225543,disabled,disabled,0,0,0,0,-1,-1,0,0,0,0,0,0,72,72,1,0,0,0,none,1505,1,0,0,0,0,0,0,0,0,0,-1,0
1,1403715969.0340581,1403715969034057984,1403715969.0340581,1403715969.0340581,1650,1506,ready,1,1,1,1,-0.63109647699694682,0.089836890963815211,-0.92923751196208138,-9.7394260754397539,0.098552291404990819,1.1832339881660268,9.811532780552092,30,30,111,2,68052317.254116952,none,15050,75.25,0.0011304819296626765,0.0056021929358431631,disabled,disabled,0,0,0,0,-1,-1,0,0,0,0,0,0,72,72,1,0,0,0,none,1506,1,0,0,0,0,0,0,0,0,0,-1,0
1,1403715969.0840583,1403715969084058368,1403715969.0840583,1403715969.0840583,1651,1507,ready,1,1,1,1,-0.71629327025539591,0.095343738020248661,-0.98567546724664279,-9.6360538337574297,0.10889603493151254,1.7844086194807574,9.800484985691897,30,29,112,2,69985347.507480562,none,15060,75.300000190734863,0.00022029700960797565,0.0011584881217717306,disabled,disabled,0,0,0,0,-1,-1,0,0,0,0,0,0,72,72,1,0,0,0,none,1507,1,0,0,0,0,0,0,0,0,0,-1,0
1,1403715969.134058,1403715969134057984,1403715969.134058,1403715969.134058,1652,1508,ready,1,1,1,1,-0.81248276348317339,0.087908824987165624,-0.97601870515607747,-9.445111627676404,0.093118528066673908,2.5759772736631743,9.7905292826264745,30,27,113,2,72074590.576501653,none,15070,75.349999904632568,0.00041179503330662673,0.0059445587112121794,disabled,disabled,0,0,0,0,-1,-1,0,0,0,0,0,0,72,72,1,0,0,0,none,1508,1,0,0,0,0,0,0,0,0,0,-1,0
1,1403715969.1840582,1403715969184058112,1403715969.1840582,1403715969.1840582,1653,1509,ready,1,1,1,1,-0.89639453344164044,0.097456252671286298,-0.92510675403650766,-9.1556451813679942,0.093278413930114379,3.4591165856286432,9.7877488271095032,30,26,114,2,73342347.565160602,none,15080,75.400000095367432,0.00013227663990890475,0.0011972525123104608,disabled,disabled,0,0,0,0,-1,-1,0,0,0,0,0,0,68,72,1,0,0,0,none,1509,1,0,0,0,0,0,0,0,0,0,-1,0
1,1403715969.2340581,1403715969234058240,1403715969.2340581,1403715969.2340581,1654,1510,ready,1,1,1,1,-0.92186548626801379,0.11332000268268305,-0.83454569885951002,-8.8311699142205367,0.0835729013508969,4.2343257129607297,9.7941850466036513,30,28,115,2,72961315.727711126,none,15090,75.450000047683716,0.00067216461549909174,0.0019323139124249682,disabled,disabled,0,0,0,0,-1,-1,0,0,0,0,0,0,72,72,1,0,0,0,none,1510,1,0,0,0,0,0,0,0,0,0,-1,0
1,1403715969.2840581,1403715969284058112,1403715969.2840581,1403715969.2840581,1655,1511,ready,1,1,1,1,-0.91634183067680786,0.11631254954684073,-0.71275469840745731,-8.4968461495806213,0.073427792953946983,4.8929486465449132,9.8052400576501348,30,26,116,2,73045797.110822976,none,15100,75.5,6.380611802296734e-05,0.0017399996285271755,disabled,disabled,0,0,0,0,-1,-1,0,0,0,0,0,0,72,72,1,0,0,0,none,1511,1,0,0,0,0,0,0,0,0,0,-1,0
1,1403715969.334058,1403715969334057984,1403715969.334058,1403715969.334058,1656,1512,ready,1,1,1,1,-0.867084838100039,0.12423107615993689,-0.57558926207640515,-8.1999851824840579,0.061819017547486185,5.3884442442526037,9.8121817124076767,30,23,117,2,75848582.154467493,none,15110,75.549999952316284,0.00060944581917374264,0.0045806943498823268,disabled,disabled,0,0,0,0,-1,-1,0,0,0,0,0,0,72,72,1,0,0,0,none,1512,1,0,0,0,0,0,0,0,0,0,-1,0
1,1403715969.3840582,1403715969384058112,1403715969.3840582,1403715969.3840582,1657,1513,ready,1,1,1,1,-0.81164767943397098,0.1212682008852103,-0.4241607757598273,-7.9212185893657114,0.01440429236975491,5.8056236182861953,9.8209560136146674,30,27,118,2,70451774.216344714,none,15120,75.600000143051147,0.00059305698460112276,0.00489371330297421,disabled,disabled,0,0,0,0,-1,-1,0,0,0,0,0,0,72,72,1,0,0,0,none,1513,1,0,0,0,0,0,0,0,0,0,-1,0
1,1403715969.4340582,1403715969434058240,1403715969.4340582,1403715969.4340582,1658,1514,ready,1,1,1,1,-0.70773245708364152,0.12014269838173117,-0.26630340327455826,-7.6667113547858516,-0.02292885796764781,6.1490586640336238,9.8280166454812736,30,22,119,2,66537076.499194637,none,15130,75.650000095367432,0.0005385083636419199,0.0023846926916399835,disabled,disabled,0,0,0,0,-1,-1,0,0,0,0,0,0,66,66,1,0,0,0,none,1514,1,0,0,0,0,0,0,0,0,0,-1,0
1,1403715969.4840581,1403715969484058112,1403715969.4840581,1403715969.4840581,1659,1515,pool_not_mature,1,1,1,1,-0.55498300563239389,0.11585844282438663,-0.12232688287089488,-7.468832600806822,-0.13886922873408628,6.3945957121554367,9.8332903650548573,30,17,120,2,69988119.259507224,none,15140,75.700000047683716,0.00053098395502857657,0.0034594906111985969,disabled,disabled,0,0,0,0,-1,-1,0,0,0,0,0,0,72,72,1,0,0,0,none,1515,1,0,0,0,0,0,0,0,0,0,-1,0
1,1403715969.5340581,1403715969534057984,1403715969.5340581,1403715969.5340581,1660,1516,pool_not_mature,1,1,1,1,-0.40428874199104942,0.095125508938619374,0.034307705320231301,-7.3458718944615153,-0.34700122376864606,6.5348593139648852,9.8380196174052301,30,24,121,2,50995447.800783522,none,15150,75.75,0.00028664198323765869,0.0029568496829272066,disabled,disabled,0,0,0,0,-1,-1,0,0,0,0,0,0,72,72,1,0,0,0,none,1516,1,0,0,0,0,0,0,0,0,0,-1,0
1,1403715969.5840583,1403715969584058368,1403715969.5840583,1403715969.5840583,1661,1517,confirming_observer_health,1,1,1,1,-0.19303042783364299,0.053655396241789319,0.17169520147407108,-7.3325684467587324,-0.66583119394973433,6.5257550991759432,9.8384638445063732,30,29,122,2,36385882.150657877,none,15160,75.800000190734863,0.00036504043911708619,0.0027173942459139851,disabled,disabled,0,0,0,0,-1,-1,0,0,0,0,0,0,72,72,1,0,0,0,none,1517,1,0,0,0,0,0,0,0,0,0,-1,0
1,1403715969.634058,1403715969634057984,1403715969.634058,1403715969.634058,1662,1518,confirming_observer_health,1,1,1,1,-0.03115841561395679,-0.013949986239939625,0.2893426025953118,-7.4131072431000309,-1.0004657724862669,6.3923233607178931,9.8395573430718102,30,29,123,2,37829158.02965226,none,15170,75.849999904632568,0.0012761282419609531,0.0059692500381550127,disabled,disabled,0,0,0,0,-1,-1,0,0,0,0,0,0,72,72,1,0,0,0,none,1518,1,0,0,0,0,0,0,0,0,0,-1,0
1,1403715969.6840582,1403715969684058112,1403715969.6840582,1403715969.6840582,1663,1519,confirming_observer_health,1,1,1,1,0.14624044434792466,-0.061361591564691995,0.41145014540487623,-7.5345784593099481,-1.3070654211241708,6.1884517609750853,9.8374401026136677,30,30,124,2,39248483.820081376,none,15180,75.900000095367432,0.00037657503346965351,0.0033052284521045243,disabled,disabled,0,0,0,0,-1,-1,0,0,0,0,0,0,72,72,1,0,0,0,none,1519,1,0,0,0,0,0,0,0,0,0,-1,0
1,1403715969.7340581,1403715969734058240,1403715969.7340581,1403715969.7340581,1664,1520,confirming_observer_health,1,1,1,1,0.26088718629881635,-0.13775478118239051,0.51383057658534315,-7.7080418396200487,-1.6068274924955255,5.8995003305860259,9.8386944124999278,30,30,125,2,40938261.612691969,none,15190,75.950000047683716,0.001222504833746146,0.0078109919313684908,disabled,disabled,0,0,0,0,-1,-1,0,0,0,0,0,0,72,72,1,0,0,0,none,1520,1,0,0,0,0,0,0,0,0,0,38827.248760274786,1
1,1403715969.7840581,1403715969784058112,1403715969.7840581,1403715969.7840581,1665,1521,confirming_observer_health,1,1,1,1,0.39539695693618132,-0.22502534215614811,0.6195132376860748,-7.9334469537533643,-1.794236728112828,5.5340972289432591,9.8379417635969482,30,30,126,2,42545015.526199266,none,15200,76,0.00066194763249237041,0.013527639645007554,disabled,disabled,0,0,0,0,-1,-1,0,0,0,0,0,0,72,72,1,0,0,0,none,1521,1,0,0,0,0,0,0,0,0,0,-1,0
1,1403715969.834058,1403715969834057984,1403715969.834058,1403715969.834058,1666,1522,confirming_observer_health,1,1,1,1,0.46027766261856889,-0.31321842307721576,0.71638388783571116,-8.2205405988148712,-1.8650047107355412,5.0775412522488947,9.840576988983857,30,30,127,2,44095996.217509285,none,15210,76.049999952316284,0.00021191555971771577,0.0068202694707648554,disabled,disabled,0,0,0,0,-1,-1,0,0,0,0,0,0,72,72,1,0,0,0,none,1522,1,0,0,0,0,0,0,0,0,0,-1,0
1,1403715969.8840582,1403715969884058112,1403715969.8840582,1403715969.8840582,1667,1523,confirming_observer_health,1,1,1,1,0.46050999209133175,-0.40180567657323185,0.79553470364723067,-8.5286502744847397,-1.7285874790691615,4.6072504732475617,9.8464535290886932,30,30,128,2,45588565.207047075,none,15220,76.100000143051147,0.00043742712396296186,0.0079015107560216156,disabled,disabled,0,0,0,0,-1,-1,0,0,0,0,0,0,72,72,1,0,0,0,none,1523,1,0,0,0,0,0,0,0,0,0,-1,0
1,1403715969.9340582,1403715969934058240,1403715969.9340582,1403715969.9340582,1668,1524,confirming_observer_health,1,1,1,1,0.44442346479432282,-0.4895757006351687,0.85219368319995503,-8.8458778742716149,-1.4232714682459013,4.0946875342338984,9.8509757405985638,30,29,129,2,47150261.892967962,none,15230,76.150000095367432,0.00084787269901434798,0.00086872602091289447,disabled,disabled,0,0,0,0,-1,-1,0,0,0,0,0,0,60,60,1,0,0,0,none,1524,1,0,0,0,0,0,0,0,0,0,-1,0
1,1403715969.9840581,1403715969984058112,1403715969.9840581,1403715969.9840581,1669,1525,confirming_observer_health,1,1,1,1,0.38040486915292693,-0.55138327821670607,0.88938355169653083,-9.1426959906132161,-1.0869123690817268,3.5191738212327057,9.8567161295680741,30,23,130,2,49412921.51239565,none,15240,76.200000047683716,0.00097140108878893193,0.0035813419757187758,disabled,disabled,0,0,0,0,-1,-1,0,0,0,0,0,0,72,72,1,0,0,0,none,1525,1,0,0,0,0,0,0,0,0,0,-1,0
1,1403715970.0340581,1403715970034057984,1403715970.0340581,1403715970.0340581,1670,1526,confirming_observer_health,1,1,1,1,0.31650450669316943,-0.60068190118636644,0.90149879924707887,-9.3516388261624108,-0.81744641116473959,3.0121615404359412,9.8587263130586908,30,21,131,2,51014506.426357672,none,15250,76.25,0.00044260931460539133,0.0024318043539689679,disabled,disabled,0,0,0,0,-1,-1,0,0,0,0,0,0,72,72,1,0,0,0,none,1526,1,0,0,0,0,0,0,0,0,0,-1,0
1,1403715970.0840583,1403715970084058368,1403715970.0840583,1403715970.0840583,1671,1527,confirming_observer_health,1,1,1,1,0.2487758591060121,-0.63235182052709249,0.87463820767996736,-9.5074521460008885,-0.5978179435143951,2.5344811158004616,9.8576177207494631,30,24,132,2,47002035.583342656,none,15260,76.300000190734863,0.00016558836567142485,0.00064389202533769469,disabled,disabled,0,0,0,0,-1,-1,0,0,0,0,0,0,59,72,1,0,0,0,none,1527,1,0,0,0,0,0,0,0,0,0,-1,0
1,1403715970.134058,1403715970134057984,1403715970.134058,1403715970.134058,1672,1528,confirming_observer_health,1,1,1,1,0.17901382085697584,-0.65018049154263236,0.82521248200064368,-9.6195647727930549,-0.44917513964309752,2.0972638826364824,9.8557749830972678,30,26,133,2,46438360.882485248,none,15270,76.349999904632568,1.2526352867396847e-05,0.00023191957163900255,disabled,disabled,0,0,0,0,-1,-1,0,0,0,0,0,0,72,72,1,0,0,0,none,1528,1,0,0,0,0,0,0,0,0,0,-1,0
1,1403715970.1840582,1403715970184058112,1403715970.1840582,1403715970.1840582,1673,1529,confirming_observer_health,1,1,1,1,0.14070334530812534,-0.65722512796500454,0.73861063191440401,-9.7090559214647865,-0.32403678420428911,1.6534387146939853,9.8541679662413308,30,25,134,2,45103554.146636404,none,15280,76.400000095367432,0.0011589909695018546,0.0011733677116458248,disabled,disabled,0,0,0,0,-1,-1,0,0,0,0,0,0,72,72,1,0,0,0,none,1529,1,0,0,0,0,0,0,0,0,0,-1,0
1,1403715970.2340581,1403715970234058240,1403715970.2340581,1403715970.2340581,1674,1530,confirming_observer_health,1,1,1,1,0.093268787609387394,-0.67040262117094962,0.63828982757805064,-9.7838794205635597,-0.19099380621783074,1.1722503746923558,9.8557062705372402,30,22,135,2,46631626.79426083,none,15290,76.450000047683716,0.00035767840054983576,0.0034860488655824376,disabled,disabled,0,0,0,0,-1,-1,0,0,0,0,0,0,72,72,1,0,0,0,none,1530,1,0,0,0,0,0,0,0,0,0,-1,0
1,1403715970.2840581,1403715970284058112,1403715970.2840581,1403715970.2840581,1675,1531,confirming_observer_health,1,1,1,1,0.035455029957002809,-0.68085169798925527,0.50096089960710466,-9.8308302955381759,-0.071727321461600949,0.73083707580915258,9.858219511640657,30,23,136,2,46568563.883195929,none,15300,76.5,0.00027505668678346802,0.0025503058581912721,disabled,disabled,0,0,0,0,-1,-1,0,0,0,0,0,0,72,72,1,0,0,0,none,1531,1,0,0,0,0,0,0,0,0,0,-1,0
1,1403715970.334058,1403715970334057984,1403715970.334058,1403715970.334058,1676,1532,confirming_observer_health,1,1,1,1,0.030176372700193552,-0.67766646819262621,0.35586319885921991,-9.8514292700930888,0.041683767631866202,0.36988760516001412,9.8584589587106279,30,26,137,2,45111702.918532439,none,15310,76.549999952316284,7.6651622006437522e-05,0.00082302898790965898,disabled,disabled,0,0,0,0,-1,-1,0,0,0,0,0,0,30,60,1,0,0,0,none,1532,1,0,0,0,0,0,0,0,0,0,-1,0
1,1403715970.3840582,1403715970384058112,1403715970.3840582,1403715970.3840582,1677,1533,confirming_observer_health,1,1,1,1,0.022600078384534612,-0.67801342885064408,0.18897475718255755,-9.8580365436738795,0.093992951081777604,0.10636730767418967,9.8590584324977275,30,29,138,2,43556569.359072708,none,15320,76.600000143051147,0.00020041264055167959,0.0019843319589801086,disabled,disabled,0,0,0,0,-1,-1,0,0,0,0,0,0,26,48,1,0,0,0,none,1533,1,0,0,0,0,0,0,0,0,0,-1,0
1,1403715970.4340582,1403715970434058240,1403715970.4340582,1403715970.4340582,1678,1534,confirming_observer_health,1,1,1,1,0.0014350130716911788,-0.66912533026741317,0.016516509299939853,-9.8610213025775284,0.21679430927581164,-0.040212031684810891,9.8634860931576522,30,29,139,2,43750276.268405877,none,15330,76.650000095367432,0.00068758107780198018,0.0086779114763885189,disabled,disabled,0,0,0,0,-1,-1,0,0,0,0,0,0,72,72,1,0,0,0,none,1534,1,0,0,0,0,0,0,0,0,0,-1,0
1,1403715970.4840581,1403715970484058112,1403715970.4840581,1403715970.4840581,1679,1535,confirming_observer_health,1,1,1,1,0.0059055531673710658,-0.65359539088894814,-0.17646125417031933,-9.8564106003598759,0.35175078416886246,0.0039631279948392989,9.862685954821508,30,29,140,2,45530879.680922322,none,15340,76.700000047683716,0.00042142107002915766,0.0025709147439715229,disabled,disabled,0,0,0,0,-1,-1,0,0,0,0,0,0,71,72,1,0,0,0,none,1535,1,0,0,0,0,0,0,0,0,0,-1,0
1,1403715970.5340581,1403715970534057984,1403715970.5340581,1403715970.5340581,1680,1536,ready,1,1,1,1,-0.050567153972001046,-0.63759793225388928,-0.33359250054654138,-9.8398920102490361,0.55014360803025009,0.25690150748248031,9.8586069577484494,30,29,141,2,45865783.354353033,none,15350,76.75,0.00052718533499895718,0.0063419155010753167,disabled,disabled,0,0,0,0,-1,-1,0,0,0,0,0,0,72,72,1,0,0,0,none,1536,1,0,0,0,0,0,0,0,0,0,-1,0
1,1403715970.5840583,1403715970584058368,1403715970.5840583,1403715970.5840583,1681,1537,ready,1,1,1,1,-0.096368602911273471,-0.60153998151198207,-0.48517157217709206,-9.8027454075952338,0.79752318582694381,0.70381268644714035,9.8602846336028733,30,26,142,2,48047027.422740594,none,15360,76.800000190734863,0.00027990279806246583,0.005642032877755815,disabled,disabled,0,0,0,0,-1,-1,0,0,0,0,0,0,72,72,1,0,0,0,none,1537,1,0,0,0,0,0,0,0,0,0,-1,0
1,1403715970.634058,1403715970634057984,1403715970.634058,1403715970.634058,1682,1538,ready,1,1,1,1,-0.15717236757442765,-0.53930706062603284,-0.61995530487635409,-9.7314584068300896,0.96411485177202449,1.2879148034005725,9.863545240535462,30,27,143,2,43800877.774691232,none,15370,76.849999904632568,0.0014584026581369279,0.0072996157980528198,disabled,disabled,0,0,0,0,-1,-1,0,0,0,0,0,0,72,72,1,0,0,0,none,1538,1,0,0,0,0,0,0,0,0,0,-1,0
1,1403715970.6840582,1403715970684058112,1403715970.6840582,1403715970.6840582,1683,1539,ready,1,1,1,1,-0.1991843614608933,-0.48187708775467308,-0.713269245493515,-9.6153650192612528,1.1011180479337357,1.9331239813867309,9.8693806156481187,30,29,144,2,43135122.971393973,none,15380,76.900000095367432,0.00038826710554712456,0.0046274094194161692,disabled,disabled,0,0,0,0,-1,-1,0,0,0,0,0,0,72,72,1,0,0,0,none,1539,1,0,0,0,0,0,0,0,0,0,-1,0
1,1403715970.7340581,1403715970734058240,1403715970.7340581,1403715970.7340581,1684,1540,ready,1,1,1,1,-0.2787265332186713,-0.40804012525102673,-0.7609577460350252,-9.4270479222016164,1.2360385708263195,2.6535985596193443,9.8710996951540331,30,28,145,2,45383165.141671531,none,15390,76.950000047683716,0.00049244525907138272,0.0020891873541942978,disabled,disabled,0,0,0,0,-1,-1,0,0,0,0,0,0,72,72,1,0,0,0,none,1540,1,0,0,0,0,0,0,0,0,0,38559.590528170076,1
1,1403715970.7840581,1403715970784058112,1403715970.7840581,1403715970.7840581,1685,1541,ready,1,1,1,1,-0.35353218843329437,-0.33102404163398097,-0.77373241282387917,-9.1509113672797113,1.3839425204328126,3.4294661915787259,9.8699399243790964,30,29,146,2,46227313.633885466,none,15400,77,0.00068063396324323803,0.0019685759006936639,disabled,disabled,0,0,0,0,-1,-1,0,0,0,0,0,0,72,72,1,0,0,0,none,1541,1,0,0,0,0,0,0,0,0,0,-1,0
1,1403715970.834058,1403715970834057984,1403715970.834058,1403715970.834058,1686,1542,ready,1,1,1,1,-0.36772245513479024,-0.24685769778489983,-0.72705834744290321,-8.819788542098097,1.510282724081041,4.1756688756947522,9.8745042606415634,30,27,147,2,47394359.123251013,none,15410,77.049999952316284,0.00021621079524277923,0.00078393700631806506,disabled,disabled,0,0,0,0,-1,-1,0,0,0,0,0,0,72,72,1,0,0,0,none,1542,1,0,0,0,0,0,0,0,0,0,-1,0
1,1403715970.8840582,1403715970884058112,1403715970.8840582,1403715970.8840582,1687,1543,ready,1,1,1,1,-0.35381103897422922,-0.15956418928857052,-0.66059835433639902,-8.4627479525534266,1.616632862861396,4.8405771752506928,9.8824486900407749,30,26,148,2,49606011.510348462,none,15420,77.100000143051147,0.0011809550662078444,0.0048183159540602372,disabled,disabled,0,0,0,0,-1,-1,0,0,0,0,0,0,72,72,1,0,0,0,none,1543,1,0,0,0,0,0,0,0,0,0,-1,0
1,1403715970.9340582,1403715970934058240,1403715970.9340582,1403715970.9340582,1688,1544,ready,1,1,1,1,-0.29387608617623995,-0.070527414368536143,-0.56701848751914885,-8.1106109070923935,1.6864068545452855,5.3939868877583228,9.8853969020273595,27,25,149,2,49242276.776068665,none,15430,77.150000095367432,0.00016990471646614639,0.00057469146088413316,disabled,disabled,0,0,0,0,-1,-1,0,0,0,0,0,0,54,54,1,0,0,0,none,1544,1,0,0,0,0,0,0,0,0,0,-1,0
1,1403715970.9840581,1403715970984058112,1403715970.9840581,1403715970.9840581,1689,1545,ready,1,1,1,1,-0.21370220483011107,0.024186331021973539,-0.4551381471504819,-7.7949158899100865,1.6917368685633254,5.8467227267096842,9.8897347793685917,26,17,150,2,51625429.265115947,none,15440,77.200000047683716,0.00043310474636284221,0.0014122185431080132,disabled,disabled,0,0,0,0,-1,-1,0,0,0,0,0,0,44,60,1,0,0,0,none,1545,1,0,0,0,0,0,0,0,0,0,-1,0
1,1403715971.0340581,1403715971034057984,1403715971.0340581,1403715971.0340581,1690,1546,ready,1,1,1,1,-0.075637465366337184,0.11462366696735386,-0.33421178050348394,-7.5434245791989776,1.576281167592287,6.2026466034169676,9.8924588241877167,26,16,151,2,53179850.239496738,none,15450,77.25,0.00044354955409573447,0.0046208670395776552,disabled,disabled,0,0,0,0,-1,-1,0,0,0,0,0,0,72,72,1,0,0,0,none,1546,1,0,0,0,0,0,0,0,0,0,-1,0
1,1403715971.0840583,1403715971084058368,1403715971.0840583,1403715971.0840583,1691,1547,thin_observations_state_preserved_not_ready,1,0,0,0,0.11259389378241332,0.1873566704964596,-0.22705803520558659,-7.339151159908802,1.3630587394175893,6.4848744040251809,9.8881072461353448,18,14,0,2,46286352.267827891,none,15460,77.300000190734863,7.8553535073208104e-05,0.00033277808843402566,disabled,disabled,0,0,0,0,-1,-1,0,0,0,0,0,0,16,42,1,0,0,0,none,1547,1,0,0,0,0,0,0,0,0,0,-1,0
1,1403715971.134058,1403715971134057984,1403715971.134058,1403715971.134058,1692,1548,thin_observations_state_preserved_not_ready,1,0,0,0,0.31297816437130643,0.2473460860458418,-0.10407581033099965,-7.2570349893237163,1.0640591844405844,6.6226620834555465,9.8821268892835405,16,13,0,2,40895427.545327693,none,15470,77.349999904632568,2.9741333986678607e-05,0.00018977582759713711,disabled,disabled,0,0,0,0,-1,-1,0,0,0,0,0,0,17,60,1,0,0,0,none,1548,1,0,0,0,0,0,0,0,0,0,-1,0
1,1403715971.1840582,1403715971184058112,1403715971.1840582,1403715971.1840582,1693,1549,thin_observations_state_preserved_not_ready,1,0,0,0,0.53074663731623983,0.30025036051485399,0.038878188751581777,-7.2821751511693593,0.74796347444540345,6.6234934811516348,9.8721927749751277,14,13,0,2,36939275.627659634,none,15480,77.400000095367432,0.001185151192750595,0.0037027598389552598,disabled,disabled,0,0,0,0,-1,-1,0,0,0,0,0,0,72,72,1,0,0,0,none,1549,1,0,0,0,0,0,0,0,0,0,-1,0
1,1403715971.2340581,1403715971234058240,1403715971.2340581,1403715971.2340581,1694,1550,pool_not_mature,1,0,0,0,0.7079733344146425,0.33520628634192551,0.1913068460362069,-7.440159771735865,0.35123464241358604,6.4696973629834176,9.865917452096518,18,17,1,2,32142667.088530496,none,15490,77.450000047683716,0.0011177770965593227,0.0061588858466383135,disabled,disabled,0,0,0,0,-1,-1,0,0,0,0,0,0,72,72,1,0,0,0,none,1550,1,0,0,0,0,0,0,0,0,0,-1,0
1,1403715971.2840581,1403715971284058112,1403715971.2840581,1403715971.2840581,1695,1551,pool_not_mature,1,0,0,0,0.87484460999440505,0.37180002450528904,0.34639654511411577,-7.6936677542717611,-0.014072983966303815,6.1637449661104977,9.8582185799084048,29,27,2,2,33854518.859789439,none,15500,77.5,0.00035316278271800805,0.0064789755061333493,disabled,disabled,0,0,0,0,-1,-1,0,0,0,0,0,0,72,72,1,0,0,0,none,1551,1,0,0,0,0,0,0,0,0,0,-1,0
1,1403715971.334058,1403715971334057984,1403715971.334058,1403715971.334058,1696,1552,pool_not_mature,1,0,0,0,0.9557956010614076,0.37387241805411503,0.5071189856144428,-7.9897407917953558,-0.38732419774170179,5.7500229776189995,9.8513320011753436,29,28,3,2,35215351.414434858,none,15510,77.549999952316284,0.00056285330918976145,0.0093450472434673301,disabled,disabled,0,0,0,0,-1,-1,0,0,0,0,0,0,72,72,1,0,0,0,none,1552,1,0,0,0,0,0,0,0,0,0,-1,0
1,1403715971.3840582,1403715971384058112,1403715971.3840582,1403715971.3840582,1697,1553,confirming_observer_health,1,0,0,0,0.99296786413946414,0.38559159894551287,0.63190924712617647,-8.2884947079174562,-0.72505774289284586,5.2676377019948299,9.84747989148401,30,30,4,2,35180777.584729567,none,15520,77.600000143051147,0.0016248370173613811,0.0068310268803758291,disabled,disabled,0,0,0,0,-1,-1,0,0,0,0,0,0,72,72,1,0,0,0,none,1553,1,0,0,0,0,0,0,0,0,0,-1,0
1,1403715971.4340582,1403715971434058240,1403715971.4340582,1403715971.4340582,1698,1554,confirming_observer_health,1,0,0,0,0.97090447282399983,0.37819650923769721,0.76019815386923606,-8.5662856162915038,-0.99918493752493431,4.7480449116004433,9.8449758903632816,30,30,5,2,36726203.91325216,none,15530,77.650000095367432,0.00099160500769004435,0.0015690114560998468,disabled,disabled,0,0,0,0,-1,-1,0,0,0,0,0,0,72,72,1,0,0,0,none,1554,1,0,0,0,0,0,0,0,0,0,-1,0
1,1403715971.4840581,1403715971484058112,1403715971.4840581,1403715971.4840581,1699,1555,confirming_observer_health,1,0,0,0,0.91484079126829088,0.35777977366272606,0.8521039401692746,-8.8020164953265763,-1.2481684915501723,4.2174447277766411,9.8397286039377505,30,29,6,2,38217238.366838276,none,15540,77.700000047683716,5.2683265664743659e-05,0.0030138470084770863,disabled,disabled,0,0,0,0,-1,-1,0,0,0,0,0,0,72,72,1,0,0,0,none,1555,1,0,0,0,0,0,0,0,0,0,-1,0
1,1403715971.5340581,1403715971534057984,1403715971.5340581,1403715971.5340581,1700,1556,confirming_observer_health,1,0,0,0,0.86921172247118839,0.31651356639937372,0.91124533019825849,-8.9903089369805027,-1.4487839419275792,3.711116805563158,9.8334641727761429,30,26,7,2,40110127.306971826,none,15550,77.75,4.5553152706870148e-05,0.0003234783672457956,disabled,disabled,0,0,0,0,-1,-1,0,0,0,0,0,0,60,60,1,0,0,0,none,1556,1,0,0,0,0,0,0,0,0,0,-1,0
1,1403715971.5840583,1403715971584058368,1403715971.5840583,1403715971.5840583,1701,1557,confirming_observer_health,1,0,0,0,0.81641366147665151,0.26571216973946404,0.94090077732574928,-9.1355724424177875,-1.5822683155583301,3.2612724942525073,9.8284360482658215,30,24,8,2,41795613.052314818,none,15560,77.800000190734863,0.00014071232038988501,0.0012878066176972226,disabled,disabled,0,0,0,0,-1,-1,0,0,0,0,0,0,66,66,1,0,0,0,none,1557,1,0,0,0,0,0,0,0,0,0,-1,0
1,1403715971.634058,1403715971634057984,1403715971.634058,1403715971.634058,1702,1558,confirming_observer_health,1,0,0,0,0.76852216358969316,0.21709906608941032,0.93958223551548359,-9.2494891260916745,-1.6562286087080773,2.8697382974841421,9.8250465746498321,30,24,9,2,38369521.501863293,none,15570,77.849999904632568,0.0014529949336344193,0.0032363635074238771,disabled,disabled,0,0,0,0,-1,-1,0,0,0,0,0,0,72,72,1,0,0,0,none,1558,1,0,0,0,0,0,0,0,0,0,-1,0
1,1403715971.6840582,1403715971684058112,1403715971.6840582,1403715971.6840582,1703,1559,confirming_observer_health,1,0,0,0,0.71397422509950748,0.15709141270489418,0.91418961523782627,-9.3361402903225361,-1.6598404409195489,2.5476825369679506,9.8188223387057594,30,23,10,2,37552642.321906976,none,15580,77.900000095367432,0.00014672708083014437,0.00082562050612464057,disabled,disabled,0,0,0,0,-1,-1,0,0,0,0,0,0,54,54,1,0,0,0,none,1559,1,0,0,0,0,0,0,0,0,0,-1,0
1,1403715971.7340581,1403715971734058240,1403715971.7340581,1403715971.7340581,1704,1560,confirming_observer_health,1,0,0,0,0.64767335193922171,0.089037103594071826,0.88806471010280486,-9.4308965781410006,-1.5527538987004978,2.2591383725586636,9.8212301227436996,30,22,11,2,32860753.210877098,none,15590,77.950000047683716,0.00059745850084413953,0.0020727565096304999,disabled,disabled,0,0,0,0,-1,-1,0,0,0,0,0,0,60,60,1,0,0,0,none,1560,1,0,0,0,0,0,0,0,0,0,0.99999499998116259,1
1,1403715971.7840581,1403715971784058112,1403715971.7840581,1403715971.7840581,1705,1561,confirming_observer_health,1,0,0,0,0.57984910569527504,0.032217266825531395,0.83826617225338951,-9.5092214905107699,-1.4037962390393148,2.0219360252295968,9.8226352129382288,30,24,12,2,31632825.03830339,none,15600,78,0.0007108889527870267,0.0091742469311364202,disabled,disabled,0,0,0,0,-1,-1,0,0,0,0,0,0,72,72,1,0,0,0,none,1561,1,0,0,0,0,0,0,0,0,0,-1,0
1,1403715971.834058,1403715971834057984,1403715971.834058,1403715971.834058,1706,1562,pool_not_mature,1,0,0,0,0.53058352107922169,-0.02142186075131218,0.77820825091299761,-9.5756861675186862,-1.1601995358100339,1.8525198228211635,9.8219986884364783,30,22,13,2,25163204.801312238,none,15610,78.049999952316284,0.00043306735572031104,0.0021106256601297339,disabled,disabled,0,0,0,0,-1,-1,0,0,0,0,0,0,72,72,1,0,0,0,none,1562,1,0,0,0,0,0,0,0,0,0,-1,0
1,1403715971.8840582,1403715971884058112,1403715971.8840582,1403715971.8840582,1707,1563,confirming_observer_health,1,0,0,0,0.48846960820696828,-0.069506061714053907,0.70379037575050352,-9.6187123010923319,-0.90987538858452555,1.7554762136247299,9.8198368769821744,30,24,14,2,26645349.593960501,none,15620,78.100000143051147,0.00029741002442597379,0.0023917667651899713,disabled,disabled,0,0,0,0,-1,-1,0,0,0,0,0,0,72,72,1,0,0,0,none,1563,1,0,0,0,0,0,0,0,0,0,-1,0
1,1403715971.9340582,1403715971934058240,1403715971.9340582,1403715971.9340582,1708,1564,confirming_observer_health,1,0,0,0,0.44354961667338355,-0.10188420208212098,0.62073819685412579,-9.6425169827609931,-0.71158542017028603,1.7041828236050252,9.8177760551615503,29,29,15,2,22571212.613033708,none,15630,78.150000095367432,7.6462238076426819e-05,0.00096846957773609368,disabled,disabled,0,0,0,0,-1,-1,0,0,0,0,0,0,46,66,1,0,0,0,none,1564,1,0,0,0,0,0,0,0,0,0,-1,0
1,1403715971.9840581,1403715971984058112,1403715971.9840581,1403715971.9840581,1709,1565,confirming_observer_health,1,0,0,0,0.42394100458051931,-0.12338985941515133,0.53434814367978956,-9.6505514487192343,-0.54768640324731843,1.7034868754927528,9.8150380129500743,29,26,16,2,25229542.314161927,none,15640,78.200000047683716,0.00019644050154143163,0.0017253211158021,disabled,disabled,0,0,0,0,-1,-1,0,0,0,0,0,0,72,72,1,0,0,0,none,1565,1,0,0,0,0,0,0,0,0,0,-1,0
1,1403715972.0340581,1403715972034057984,1403715972.0340581,1403715972.0340581,1710,1566,confirming_observer_health,1,0,0,0,0.39584645170781541,-0.14403450121498809,0.45797509732204195,-9.6538195233861028,-0.44631548912308761,1.7128717632468846,9.8147520897509359,30,27,17,2,27652917.750333671,none,15650,78.25,0.0014474140119526838,0.0098984552528595393,disabled,disabled,0,0,0,0,-1,-1,0,0,0,0,0,0,72,72,1,0,0,0,none,1566,1,0,0,0,0,0,0,0,0,0,-1,0
1,1403715972.0840583,1403715972084058368,1403715972.0840583,1403715972.0840583,1711,1567,confirming_observer_health,1,0,0,0,0.3786052180971492,-0.1520091781372695,0.36218563163758527,-9.6716268285215357,-0.35652306099152681,1.6470335850686764,9.8173414850223324,30,30,18,2,27284225.95855888,none,15660,78.300000190734863,0.00028254070099968854,0.0013675763623245013,disabled,disabled,0,0,0,0,-1,-1,0,0,0,0,0,0,72,72,1,0,0,0,none,1567,1,0,0,0,0,0,0,0,0,0,-1,0
1,1403715972.134058,1403715972134057984,1403715972.134058,1403715972.134058,1712,1568,confirming_observer_health,1,0,0,0,0.37219555904425428,-0.15233068376502135,0.2678168653858618,-9.7023655436918457,-0.31507877370622012,1.4928826637347115,9.821602233074735,30,30,19,2,29587657.946063928,none,15670,78.349999904632568,0.00011883098498834651,0.0022610202839451164,disabled,disabled,0,0,0,0,-1,-1,0,0,0,0,0,0,60,60,1,0,0,0,none,1568,1,0,0,0,0,0,0,0,0,0,-1,0
1,1403715972.1840582,1403715972184058112,1403715972.1840582,1403715972.1840582,1713,1569,confirming_observer_health,1,1,1,1,0.36548256678116953,-0.15695894536211888,0.16383121903965708,-9.7421969275467291,-0.29256257465278757,1.2476768986255844,9.8261229118382367,30,29,20,2,31847032.327642318,none,15680,78.400000095367432,0.00027810783195000377,0.0043432509640887748,disabled,disabled,0,0,0,0,-1,-1,0,0,0,0,0,0,72,72,1,0,0,0,none,1569,1,0,0,0,0,0,0,0,0,0,-1,0
1,1403715972.2340581,1403715972234058240,1403715972.2340581,1403715972.2340581,1714,1570,confirming_observer_health,1,1,1,1,0.34479583727728758,-0.16424158113629,0.047853359407351047,-9.7793786248421952,-0.27366984592849614,0.95199324486772363,9.8294166973867139,30,29,21,2,34039626.783437543,none,15690,78.450000047683716,7.7011192997798066e-05,0.00095910685904415031,disabled,disabled,0,0,0,0,-1,-1,0,0,0,0,0,0,32,72,1,0,0,0,none,1570,1,0,0,0,0,0,0,0,0,0,-1,0
1,1403715972.2840581,1403715972284058112,1403715972.2840581,1403715972.2840581,1715,1571,confirming_observer_health,1,1,1,1,0.33875410288058955,-0.17998265380864814,-0.080700681472641408,-9.8011980320006007,-0.27692018543991198,0.69004088544609055,9.8293603085441816,30,30,22,2,34949276.729213543,none,15700,78.5,0.0010153990893063416,0.0061916158118454755,disabled,disabled,0,0,0,0,-1,-1,0,0,0,0,0,0,72,72,1,0,0,0,none,1571,1,0,0,0,0,0,0,0,0,0,-1,0
1,1403715972.334058,1403715972334057984,1403715972.334058,1403715972.334058,1716,1572,confirming_observer_health,1,1,1,1,0.32906165938924731,-0.18959062694613582,-0.2178821847064297,-9.8120680572167895,-0.28691228364827798,0.47085557090208469,9.8275481777812654,30,28,23,2,37405886.729546607,none,15710,78.549999952316284,0.0005806790395182762,0.0036981238700007882,disabled,disabled,0,0,0,0,-1,-1,0,0,0,0,0,0,60,60,1,0,0,0,none,1572,1,0,0,0,0,0,0,0,0,0,-1,0
1,1403715972.3840582,1403715972384058112,1403715972.3840582,1403715972.3840582,1717,1573,confirming_observer_health,1,1,1,1,0.28349515290256416,-0.20319544283023616,-0.36203647870463507,-9.8168482536432169,-0.25545275181563132,0.34267210767900885,9.8261482747233782,30,28,24,2,39846985.179971233,none,15720,78.600000143051147,0.00018505851768255713,0.0027667904120377519,disabled,disabled,0,0,0,0,-1,-1,0,0,0,0,0,0,72,72,1,0,0,0,none,1573,1,0,0,0,0,0,0,0,0,0,-1,0
1,1403715972.4340582,1403715972434058240,1403715972.4340582,1403715972.4340582,1718,1574,confirming_observer_health,1,1,1,1,0.28633222506533845,-0.21511093985394858,-0.52148330315822411,-9.8145601074328326,-0.24765371150572879,0.32974665153613325,9.8232202111850189,30,28,25,2,36747518.822383367,none,15730,78.650000095367432,0.00044133780937025087,0.0050560166600226112,disabled,disabled,0,0,0,0,-1,-1,0,0,0,0,0,0,72,72,1,0,0,0,none,1574,1,0,0,0,0,0,0,0,0,0,-1,0
1,1403715972.4840581,1403715972484058112,1403715972.4840581,1403715972.4840581,1719,1575,confirming_observer_health,1,1,1,1,0.24115496122112076,-0.23163499138642946,-0.66762513242736299,-9.8095662585090277,-0.2399820900776069,0.4214802630869553,9.821549124033778,30,28,26,2,39379560.093307592,none,15740,78.700000047683716,0.0010177457982514188,0.0099178847983675562,disabled,disabled,0,0,0,0,-1,-1,0,0,0,0,0,0,72,72,1,0,0,0,none,1575,1,0,0,0,0,0,0,0,0,0,-1,0
1,1403715972.5340581,1403715972534057984,1403715972.5340581,1403715972.5340581,1720,1576,confirming_observer_health,1,1,1,1,0.17919049941775619,-0.24207169137226808,-0.81303056417054431,-9.7948923407150179,-0.22751754534390009,0.68249649289723491,9.8212769873603527,30,30,27,2,34642796.858643427,none,15750,78.75,0,0,disabled,disabled,0,0,0,0,-1,-1,0,0,0,0,0,0,0,0,0,0,0,0,none,1576,1,0,0,0,0,0,0,0,0,0,-1,0
1,1403715972.5840583,1403715972584058368,1403715972.5840583,1403715972.5840583,1721,1577,confirming_observer_health,1,1,1,1,0.094818131017371007,-0.25071238657183437,-0.93092225191531475,-9.7560365247970164,-0.14991514910154102,1.1336917381301088,9.8228295405248716,30,30,28,2,36989601.978160799,none,15760,78.800000190734863,0.00058136727811446945,0.0028576886380599262,disabled,disabled,0,0,0,0,-1,-1,0,0,0,0,0,0,72,72,1,0,0,0,none,1577,1,0,0,0,0,0,0,0,0,0,-1,0
1,1403715972.634058,1403715972634057984,1403715972.634058,1403715972.634058,1722,1578,confirming_observer_health,1,1,1,1,0.0072570799023902333,-0.25828037012907989,-1.0142083708691112,-9.6908719140510566,-0.070521799816158304,1.6219364299790797,9.825917237677416,30,30,29,2,39189285.840136573,none,15770,78.849999904632568,9.3545185199616981e-05,0.0013945474624845471,disabled,disabled,0,0,0,0,-1,-1,0,0,0,0,0,0,72,72,1,0,0,0,none,1578,1,0,0,0,0,0,0,0,0,0,-1,0
1,1403715972.6840582,1403715972684058112,1403715972.6840582,1403715972.6840582,1723,1579,confirming_observer_health,1,1,1,1,-0.11420481832233235,-0.26167055427488634,-1.0553734423844461,-9.5853850575258175,0.043177228172222741,2.1582927914876011,9.8254617574880019,30,30,30,2,41349560.90616326,none,15780,78.900000095367432,0.00026340885409037755,0.0021758117385566084,disabled,disabled,0,0,0,0,-1,-1,0,0,0,0,0,0,72,72,1,0,0,0,none,1579,1,0,0,0,0,0,0,0,0,0,-1,0
1,1403715972.7340581,1403715972734058240,1403715972.7340581,1403715972.7340581,1724,1580,confirming_observer_health,1,1,1,1,-0.23339001992884434,-0.24709576165878971,-1.053921203785382,-9.4455875220033683,0.16646791576677925,2.7003039104559403,9.8253995548083992,30,30,31,2,43540026.526849985,none,15790,78.950000047683716,0,0,disabled,disabled,0,0,0,0,-1,-1,0,0,0,0,0,0,0,0,0,0,0,0,none,1580,1,0,0,0,0,0,0,0,0,0,55599.933573000271,1
1,1403715972.7840581,1403715972784058112,1403715972.7840581,1403715972.7840581,1725,1581,confirming_observer_health,1,1,1,1,-0.3333858424352027,-0.23176603191691442,-1.0243882946750289,-9.2854618931392832,0.26713290589787031,3.2084252651605101,9.8277746840510893,30,29,32,2,45924386.050897643,none,15800,79,0.00049560804038439041,0.0063315991729982488,disabled,disabled,0,0,0,0,-1,-1,0,0,0,0,0,0,72,72,1,0,0,0,none,1581,1,0,0,0,0,0,0,0,0,0,-1,0
1,1403715972.834058,1403715972834057984,1403715972.834058,1403715972.834058,1726,1582,ready,1,1,1,1,-0.40107335350785428,-0.21397648566677149,-0.98479044121436021,-9.143739089721203,0.35601715219924379,3.5943758821469673,9.8312893730026776,30,28,33,2,47017691.531804293,none,15810,79.049999952316284,0,0,disabled,disabled,0,0,0,0,-1,-1,0,0,0,0,0,0,0,0,0,0,0,0,none,1582,1,0,0,0,0,0,0,0,0,0,-1,0
1,1403715972.8840582,1403715972884058112,1403715972.8840582,1403715972.8840582,1727,1583,ready,1,1,1,1,-0.43050316433620689,-0.18255467681247328,-0.94967672677669235,-9.0685531902653533,0.40938949947440906,3.7950319937027865,9.8391323072809413,30,28,34,2,47878665.233992636,none,15820,79.100000143051147,0.00044963458660231769,0.0021188304322761675,disabled,disabled,0,0,0,0,-1,-1,0,0,0,0,0,0,72,72,1,0,0,0,none,1583,1,0,0,0,0,0,0,0,0,0,-1,0
1,1403715972.9340582,1403715972934058240,1403715972.9340582,1403715972.9340582,1728,1584,ready,1,1,1,1,-0.45394242137426094,-0.15779973045439535,-0.90523270241754861,-9.0822309270830619,0.46169130246740397,3.7718840968060605,9.8451605934782283,30,30,35,2,48449195.717505738,none,15830,79.150000095367432,0,0,disabled,disabled,0,0,0,0,-1,-1,0,0,0,0,0,0,0,0,0,0,0,0,none,1584,1,0,0,0,0,0,0,0,0,0,-1,0
1,1403715972.9840581,1403715972984058112,1403715972.9840581,1403715972.9840581,1729,1585,ready,1,1,1,1,-0.45250043155482245,-0.13830306237738194,-0.87444960483771983,-9.1190886711956942,0.52308218417443464,3.6720834208306092,9.8445715911902116,30,30,36,2,50719391.899803385,none,15840,79.200000047683716,0.00020180904373785563,0.0026792719798527822,disabled,disabled,0,0,0,0,-1,-1,0,0,0,0,0,0,72,72,1,0,0,0,none,1585,1,0,0,0,0,0,0,0,0,0,-1,0
1,1403715973.0340581,1403715973034057984,1403715973.0340581,1403715973.0340581,1730,1586,ready,1,1,1,1,-0.45336368416914213,-0.097342605450029734,-0.85428568586190889,-9.1734813894879164,0.6689062610863612,3.508782381355438,9.8443765769657574,30,30,37,2,52915946.106535666,none,15850,79.25,0.00019459033154841,0.0026370897045383881,disabled,disabled,0,0,0,0,-1,-1,0,0,0,0,0,0,45,72,1,0,0,0,none,1586,1,0,0,0,0,0,0,0,0,0,-1,0
1,1403715973.0840583,1403715973084058368,1403715973.0840583,1403715973.0840583,1731,1587,ready,1,1,1,1,-0.4281196929181792,-0.055962233138596974,-0.85787270724674503,-9.2128187550511758,0.78770732739626803,3.3697813487983654,9.8413382517707326,30,30,38,2,55110791.598501101,none,15860,79.300000190734863,0.00060814338848193608,0.0058760873634536703,disabled,disabled,0,0,0,0,-1,-1,0,0,0,0,0,0,72,72,1,0,0,0,none,1587,1,0,0,0,0,0,0,0,0,0,-1,0
1,1403715973.134058,1403715973134057984,1403715973.134058,1403715973.134058,1732,1588,ready,1,1,1,1,-0.41066972150281245,-0.01232019948633512,-0.86677978467445926,-9.2434690822642338,0.80597722607541888,3.2672183347186325,9.8369728885693597,30,30,39,2,57341437.685077123,none,15870,79.349999904632568,0,0,disabled,disabled,0,0,0,0,-1,-1,0,0,0,0,0,0,0,0,0,0,0,0,none,1588,1,0,0,0,0,0,0,0,0,0,-1,0
1,1403715973.1840582,1403715973184058112,1403715973.1840582,1403715973.1840582,1733,1589,ready,1,1,1,1,-0.40066481263338216,0.030102076489802645,-0.87602064665263213,-9.26087248980825,0.76452102877733774,3.2144074780735421,9.8326327660004225,30,30,40,2,59615645.681430914,none,15880,79.400000095367432,0.00047439113671237125,0.005585687258619406,disabled,disabled,0,0,0,0,-1,-1,0,0,0,0,0,0,72,72,1,0,0,0,none,1589,1,0,0,0,0,0,0,0,0,0,-1,0
1,1403715973.2340581,1403715973234058240,1403715973.2340581,1403715973.2340581,1734,1590,ready,1,1,1,1,-0.38670274108881136,0.068543256803715424,-0.88277693287544767,-9.2648402020589469,0.76283339888447421,3.1937730554253712,9.8295149978878626,30,30,41,2,61934398.354196824,none,15890,79.450000047683716,0.00017564674678090359,0.0028494131348450178,disabled,disabled,0,0,0,0,-1,-1,0,0,0,0,0,0,72,72,1,0,0,0,none,1590,1,0,0,0,0,0,0,0,0,0,-1,0
1,1403715973.2840581,1403715973284058112,1403715973.2840581,1403715973.2840581,1735,1591,ready,1,1,1,1,-0.3786044411813409,0.10147671854841596,-0.89136488066296227,-9.2595689064028086,0.77005251155481125,3.1978579979071005,9.8264384686290072,30,30,42,2,64299494.55027011,none,15900,79.5,0.00036131900256225594,0.0019602469399394085,disabled,disabled,0,0,0,0,-1,-1,0,0,0,0,0,0,72,72,1,0,0,0,none,1591,1,0,0,0,0,0,0,0,0,0,-1,0
1,1403715973.334058,1403715973334057984,1403715973.334058,1403715973.334058,1736,1592,ready,1,1,1,1,-0.39230469305618382,0.14170202060137854,-0.89120498976159745,-9.227101599950025,0.79324774396241571,3.2772926518158711,9.823914344330781,30,30,43,2,66708437.417265512,none,15910,79.549999952316284,0,0,disabled,disabled,0,0,0,0,-1,-1,0,0,0,0,0,0,0,0,0,0,0,0,none,1592,1,0,0,0,0,0,0,0,0,0,-1,0
1,1403715973.3840582,1403715973384058112,1403715973.3840582,1403715973.3840582,1737,1593,ready,1,1,1,1,-0.41181085823161162,0.18410220754904777,-0.88728463645198319,-9.17740345618658,0.7927117550948577,3.410685826954412,9.82272385514724,30,30,44,2,69161314.924664095,none,15920,79.600000143051147,0.00049500517920374751,0.0018648752687581401,disabled,disabled,0,0,0,0,-1,-1,0,0,0,0,0,0,72,72,1,0,0,0,none,1593,1,0,0,0,0,0,0,0,0,0,-1,0
1,1403715973.4340582,1403715973434058240,1403715973.4340582,1403715973.4340582,1738,1594,ready,1,1,1,1,-0.42539526159309271,0.22270195782027177,-0.86770956227143747,-9.1143746971103958,0.75102324314702817,3.5873939707659126,9.8237089499109711,30,30,45,2,71652830.734446064,none,15930,79.650000095367432,5.1050189396848054e-06,2.7146191267867197e-05,disabled,disabled,0,0,0,0,-1,-1,0,0,0,0,0,0,11,24,1,0,0,0,none,1594,1,0,0,0,0,0,0,0,0,0,-1,0
1,1403715973.4840581,1403715973484058112,1403715973.4840581,1403715973.4840581,1739,1595,ready,1,1,1,1,-0.4195199994170894,0.24754104461767459,-0.84049156970816996,-9.0450450642423696,0.71719000640131358,3.7647220313994834,9.8234583367143067,30,30,46,2,74180313.972273842,none,15940,79.700000047683716,0.00049579149210656501,0.0039188047791214996,disabled,disabled,0,0,0,0,-1,-1,0,0,0,0,0,0,72,72,1,0,0,0,none,1595,1,0,0,0,0,0,0,0,0,0,-1,0
1,1403715973.5340581,1403715973534057984,1403715973.5340581,1403715973.5340581,1740,1596,ready,1,1,1,1,-0.40500605209537122,0.27597702672989471,-0.80576371793573021,-8.9669186251484536,0.71417640268586813,3.948231740937453,9.8236557067282,30,30,47,2,76737951.322829455,none,15950,79.75,0,0,disabled,disabled,0,0,0,0,-1,-1,0,0,0,0,0,0,0,0,0,0,0,0,none,1596,1,0,0,0,0,0,0,0,0,0,-1,0
1,1403715973.5840583,1403715973584058368,1403715973.5840583,1403715973.5840583,1741,1597,ready,1,1,1,1,-0.38630662301190843,0.30172321361685461,-0.7623895536453793,-8.8925823671060886,0.75371571172188956,4.109953581049635,9.8253665055429487,30,28,48,2,79575761.12680316,none,15960,79.800000190734863,0.00031936056269347973,0.0018996929731921891,disabled,disabled,0,0,0,0,-1,-1,0,0,0,0,0,0,72,72,1,0,0,0,none,1597,1,0,0,0,0,0,0,0,0,0,-1,0
1,1403715973.634058,1403715973634057984,1403715973.634058,1403715973.634058,1742,1598,ready,1,1,1,1,-0.36892933891160323,0.33233456238354103,-0.71288078769532059,-8.818227330481232,0.8216027383459148,4.2549746369281172,9.8255266257135148,30,28,49,2,82433628.816026673,none,15970,79.849999904632568,0.00088835283146010847,0.0059486248444441921,disabled,disabled,0,0,0,0,-1,-1,0,0,0,0,0,0,72,72,1,0,0,0,none,1598,1,0,0,0,0,0,0,0,0,0,-1,0
1,1403715973.6840582,1403715973684058112,1403715973.6840582,1403715973.6840582,1743,1599,ready,1,1,1,1,-0.35787937409752901,0.36789749629487856,-0.66057689864000402,-8.735021050358359,0.9250563478275643,4.3987192490930598,9.8236985412420665,30,29,50,2,82986002.821888641,none,15980,79.900000095367432,0.00016540177931357336,0.0039686603801690418,disabled,disabled,0,0,0,0,-1,-1,0,0,0,0,0,0,72,72,1,0,0,0,none,1599,1,0,0,0,0,0,0,0,0,0,-1,0
1,1403715973.7340581,1403715973734058240,1403715973.7340581,1403715973.7340581,1744,1600,ready,1,1,1,1,-0.32587843792811211,0.40312212903587552,-0.60021477748559093,-8.6616344932349598,1.0183773366982489,4.519373156097096,9.8227154197986053,30,30,51,2,82966798.573417678,none,15990,79.950000047683716,0,0,disabled,disabled,0,0,0,0,-1,-1,0,0,0,0,0,0,0,0,0,0,0,0,none,1600,1,0,0,0,0,0,0,0,0,0,0.99999500000914554,1
1,1403715973.7840581,1403715973784058112,1403715973.7840581,1403715973.7840581,1745,1601,ready,1,1,1,1,-0.28122832895925448,0.45342088892540594,-0.53130476105835578,-8.601568205918392,1.1009645320345725,4.6111513497697549,9.8214976084275296,30,29,52,2,85552306.227120757,none,16000,80,0.0012090481162659263,0.0067202379583857687,disabled,disabled,0,0,0,0,-1,-1,0,0,0,0,0,0,72,72,1,0,0,0,none,1601,1,0,0,0,0,0,0,0,0,0,-1,0
1,1403715973.834058,1403715973834057984,1403715973.834058,1403715973.834058,1746,1602,ready,1,1,1,1,-0.23127929009548684,0.5037971620179944,-0.47142852796400769,-8.5592650063351456,1.1398214982973269,4.6716279828972027,9.817551553582101,30,29,53,2,87836434.806966588,none,16010,80.049999952316284,0.00027125537952499631,0.0019353918438663113,disabled,disabled,0,0,0,0,-1,-1,0,0,0,0,0,0,72,72,1,0,0,0,none,1602,1,0,0,0,0,0,0,0,0,0,-1,0
1,1403715973.8840582,1403715973884058112,1403715973.8840582,1403715973.8840582,1747,1603,ready,1,1,1,1,-0.18236217180297451,0.54563307094964741,-0.41031897229217468,-8.5229535662214495,1.1399923924568265,4.7325726086915312,9.8151700771491335,30,30,54,2,87411995.165317431,none,16020,80.100000143051147,0.00011840088466279982,0.0018713451735790638,disabled,disabled,0,0,0,0,-1,-1,0,0,0,0,0,0,72,72,1,0,0,0,none,1603,1,0,0,0,0,0,0,0,0,0,-1,0
1,1403715973.9340582,1403715973934058240,1403715973.9340582,1403715973.9340582,1748,1604,ready,1,1,1,1,-0.13478294526934481,0.59214302212513548,-0.33984598350528145,-8.4949213244358255,1.1378970968147517,4.7749684780439452,9.8111580395795919,30,30,55,2,89397909.142204836,none,16030,80.150000095367432,0,0,disabled,disabled,0,0,0,0,-1,-1,0,0,0,0,0,0,0,0,0,0,0,0,none,1604,1,0,0,0,0,0,0,0,0,0,-1,0
1,1403715973.9840581,1403715973984058112,1403715973.9840581,1403715973.9840581,1749,1605,ready,1,1,1,1,-0.063766742377451432,0.6329896989931324,-0.27387475492864427,-8.5218896708180925,1.0308736037254937,4.7451376775329148,9.8082432436801117,30,30,56,2,91176592.130800128,none,16040,80.200000047683716,0.00046890700776587216,0.00335205477457167,disabled,disabled,0,0,0,0,-1,-1,0,0,0,0,0,0,72,72,1,0,0,0,none,1605,1,0,0,0,0,0,0,0,0,0,-1,0
1,1403715974.0340581,1403715974034057984,1403715974.0340581,1403715974.0340581,1750,1606,ready,1,1,1,1,-0.0056771612302243084,0.66257636845858892,-0.21889495578494611,-8.5916781066294998,0.88345392870291062,4.6447205666359457,9.8066738843610075,30,30,57,2,92876363.451800272,none,16050,80.25,0,0,disabled,disabled,0,0,0,0,-1,-1,0,0,0,0,0,0,0,0,0,0,0,0,none,1606,1,0,0,0,0,0,0,0,0,0,-1,0
1,1403715974.0840583,1403715974084058368,1403715974.0840583,1403715974.0840583,1751,1607,ready,1,1,1,1,0.034416396334381538,0.69283770537083011,-0.16424125004362025,-8.6672031239982115,0.74276288656655365,4.5181440099629873,9.8023329872571381,30,30,58,2,94558668.420862556,none,16060,80.300000190734863,0.00021789154847135569,0.0038508442431472115,disabled,disabled,0,0,0,0,-1,-1,0,0,0,0,0,0,72,72,1,0,0,0,none,1607,1,0,0,0,0,0,0,0,0,0,-1,0
1,1403715974.134058,1403715974134057984,1403715974.134058,1403715974.134058,1752,1608,ready,1,1,1,1,0.058208114832828312,0.71544107305962135,-0.1075183339423801,-8.7559733636597237,0.61943988016651275,4.3546260153119514,9.7986500623040378,30,30,59,2,96244651.203320831,none,16070,80.349999904632568,0,0,disabled,disabled,0,0,0,0,-1,-1,0,0,0,0,0,0,0,0,0,0,0,0,none,1608,1,0,0,0,0,0,0,0,0,0,-1,0
1,1403715974.1840582,1403715974184058112,1403715974.1840582,1403715974.1840582,1753,1609,ready,1,1,1,1,0.072232593317926599,0.73454377777024027,-0.060459877648974737,-8.8357432766823365,0.5420876524886743,4.1972886218826453,9.7970123022176168,30,29,60,2,98074812.375305206,none,16080,80.400000095367432,0.0025079219521798482,0.016654743811476098,disabled,disabled,0,0,0,0,-1,-1,0,0,0,0,0,0,72,72,1,0,0,0,none,1609,1,0,0,0,0,0,0,0,0,0,-1,0
1,1403715974.2340581,1403715974234058240,1403715974.2340581,1403715974.2340581,1754,1610,ready,1,1,1,1,0.060600072933646443,0.7484972904497792,-0.011216677195979116,-8.9016440273719919,0.4808125140677203,4.0681583753351385,9.7989978890976914,30,29,61,2,99907732.536557749,none,16090,80.450000047683716,0.00052401810744086025,0.0015386402898689381,disabled,disabled,0,0,0,0,-1,-1,0,0,0,0,0,0,72,72,1,0,0,0,none,1610,1,0,0,0,0,0,0,0,0,0,-1,0
1,1403715974.2840581,1403715974284058112,1403715974.2840581,1403715974.2840581,1755,1611,ready,1,1,1,1,0.047338549175172114,0.75660204886455551,0.028506788770834651,-8.9398034012485699,0.41135896978046371,3.9978445298511143,9.8016356767559376,30,30,62,2,97898857.183129221,none,16100,80.5,0.00020908523299029404,0.0023339787808975459,disabled,disabled,0,0,0,0,-1,-1,0,0,0,0,0,0,72,72,1,0,0,0,none,1611,1,0,0,0,0,0,0,0,0,0,-1,0
1,1403715974.334058,1403715974334057984,1403715974.334058,1403715974.334058,1756,1612,ready,1,1,1,1,0.014721996777889358,0.75985591118245099,0.064051441794929553,-8.9496460739310475,0.35752210752864022,3.9851757411594098,9.8033470097679682,30,30,63,2,99631644.74084875,none,16110,80.549999952316284,0,0,disabled,disabled,0,0,0,0,-1,-1,0,0,0,0,0,0,0,0,0,0,0,0,none,1612,1,0,0,0,0,0,0,0,0,0,-1,0
1,1403715974.3840582,1403715974384058112,1403715974.3840582,1403715974.3840582,1757,1613,ready,1,1,1,1,-0.019799503642196112,0.77504376985900048,0.10540575432435102,-8.9511289770344238,0.33373598167201057,3.9944740819651323,9.8076456328957509,30,30,64,2,101231830.26430516,none,16120,80.600000143051147,0.00034350091019698695,0.0024439819816828635,disabled,disabled,0,0,0,0,-1,-1,0,0,0,0,0,0,72,72,1,0,0,0,none,1613,1,0,0,0,0,0,0,0,0,0,-1,0
1,1403715974.4340582,1403715974434058240,1403715974.4340582,1403715974.4340582,1758,1614,ready,1,1,1,1,-0.023918273611409642,0.7815686166057203,0.14305635191025523,-8.9413011096013832,0.3084502077599191,4.0193611451461466,9.8080207523402301,30,30,65,2,102770269.7321133,none,16130,80.650000095367432,9.5211223003619118e-05,0.0014207809036744304,disabled,disabled,0,0,0,0,-1,-1,0,0,0,0,0,0,72,72,1,0,0,0,none,1614,1,0,0,0,0,0,0,0,0,0,-1,0
1,1403715974.4840581,1403715974484058112,1403715974.4840581,1403715974.4840581,1759,1615,ready,1,1,1,1,-0.017138970906436603,0.78704991315254924,0.17268632512102675,-8.9485775659930038,0.29523007622808384,4.0129635601552449,9.8116297212867121,30,30,66,2,104282491.8842103,none,16140,80.700000047683716,9.9982988227435084e-05,0.0010127376503762345,disabled,disabled,0,0,0,0,-1,-1,0,0,0,0,0,0,72,72,1,0,0,0,none,1615,1,0,0,0,0,0,0,0,0,0,-1,0
1,1403715974.5340581,1403715974534057984,1403715974.5340581,1403715974.5340581,1760,1616,ready,1,1,1,1,-0.014841893784667872,0.78996411712025538,0.20723660663214147,-8.9810508293649995,0.27493647373082014,3.9578947293738755,9.8183397146885678,30,30,67,2,105778267.84432739,none,16150,80.75,0,0,disabled,disabled,0,0,0,0,-1,-1,0,0,0,0,0,0,0,0,0,0,0,0,none,1616,1,0,0,0,0,0,0,0,0,0,-1,0
1,1403715974.5840583,1403715974584058368,1403715974.5840583,1403715974.5840583,1761,1617,ready,1,1,1,1,-0.010644347055115308,0.79131667856124932,0.23612836552548616,-9.0159588333210881,0.26666675077445895,3.8841328782235349,9.8206472829343685,30,30,68,2,107282825.25507604,none,16160,80.800000190734863,0.00030663199111234522,0.0031155655551641458,disabled,disabled,0,0,0,0,-1,-1,0,0,0,0,0,0,72,72,1,0,0,0,none,1617,1,0,0,0,0,0,0,0,0,0,-1,0
1,1403715974.634058,1403715974634057984,1403715974.634058,1403715974.634058,1762,1618,ready,1,1,1,1,-0.010490662344133608,0.78525355093720728,0.2579510096866196,-9.0517934905204278,0.24211265101591742,3.8031751935589284,9.8212894002626729,30,30,69,2,108786055.54305145,none,16170,80.849999904632568,0,0,disabled,disabled,0,0,0,0,-1,-1,0,0,0,0,0,0,0,0,0,0,0,0,none,1618,1,0,0,0,0,0,0,0,0,0,-1,0
1,1403715974.6840582,1403715974684058112,1403715974.6840582,1403715974.6840582,1763,1619,ready,1,1,1,1,-0.01610681251145242,0.78473514908496,0.27971461651555685,-9.0845657716382675,0.25282120150252052,3.7304161871632395,9.8239125987867126,30,30,70,2,110278806.25882642,none,16180,80.900000095367432,0.00047540819368510596,0.0031597719239356663,disabled,disabled,0,0,0,0,-1,-1,0,0,0,0,0,0,72,72,1,0,0,0,none,1619,1,0,0,0,0,0,0,0,0,0,-1,0
1,1403715974.7340581,1403715974734058240,1403715974.7340581,1403715974.7340581,1764,1620,ready,1,1,1,1,-0.027870295480050329,0.79087837878572065,0.29330972900591779,-9.109934333776474,0.23371135231703383,3.6736902745514048,9.8255546813019592,30,29,71,2,112041163.14476869,none,16190,80.950000047683716,0.0001886024791083377,0.001428475493582312,disabled,disabled,0,0,0,0,-1,-1,0,0,0,0,0,0,15,54,1,0,0,0,none,1620,1,0,0,0,0,0,0,0,0,0,56513.626976803651,1
1,1403715974.7840581,1403715974784058112,1403715974.7840581,1403715974.7840581,1765,1621,ready,1,1,1,1,-0.035154541815403006,0.77783733003061739,0.31059802885442306,-9.1293673586307467,0.22120019269745525,3.6308571085684118,9.8273801817637896,30,29,72,2,113788632.81808718,none,16200,81,0.0024121188320889659,0.017308381261784887,disabled,disabled,0,0,0,0,-1,-1,0,0,0,0,0,0,72,72,1,0,0,0,none,1621,1,0,0,0,0,0,0,0,0,0,-1,0
1,1403715974.834058,1403715974834057984,1403715974.834058,1403715974.834058,1766,1622,ready,1,1,1,1,-0.036128698199725209,0.78176250690291993,0.31901903772381274,-9.1318940297004616,0.23262629275508903,3.6266425998499492,9.8284352828314603,30,30,73,2,113914883.22283302,none,16210,81.049999952316284,0.00011025655705276268,0.00050176234019820294,disabled,disabled,0,0,0,0,-1,-1,0,0,0,0,0,0,72,72,1,0,0,0,none,1622,1,0,0,0,0,0,0,0,0,0,-1,0
1,1403715974.8840582,1403715974884058112,1403715974.8840582,1403715974.8840582,1767,1623,ready,1,1,1,1,-0.033685801402481043,0.77501389208171856,0.33102693552184259,-9.1399559960464014,0.22126157993497791,3.6041246674594651,9.8273835233499298,30,30,74,2,115544348.09637111,none,16220,81.100000143051147,7.2523116605208179e-05,0.0033966978359872232,disabled,disabled,0,0,0,0,-1,-1,0,0,0,0,0,0,72,72,1,0,0,0,none,1623,1,0,0,0,0,0,0,0,0,0,-1,0
1,1403715974.9340582,1403715974934058240,1403715974.9340582,1403715974.9340582,1768,1624,ready,1,1,1,1,-0.042357490451234429,0.77099779477845165,0.33643217928233748,-9.1457231367291154,0.21621510345710068,3.5852097353463059,9.8257177606059471,30,30,75,2,117030436.10345671,none,16230,81.150000095367432,0,0,disabled,disabled,0,0,0,0,-1,-1,0,0,0,0,0,0,0,0,0,0,0,0,none,1624,1,0,0,0,0,0,0,0,0,0,-1,0
1,1403715974.9840581,1403715974984058112,1403715974.9840581,1403715974.9840581,1769,1625,ready,1,1,1,1,-0.040393925220472006,0.77386062202246542,0.33602306665558246,-9.1532995458713913,0.21194778204300385,3.5635798131892749,9.8248112207681864,30,30,76,2,118441077.27928883,none,16240,81.200000047683716,0.00023192626411076814,0.0040551576025554224,disabled,disabled,0,0,0,0,-1,-1,0,0,0,0,0,0,72,72,1,0,0,0,none,1625,1,0,0,0,0,0,0,0,0,0,-1,0
1,1403715975.0340581,1403715975034057984,1403715975.0340581,1403715975.0340581,1770,1626,ready,1,1,1,1,-0.03774596560884029,0.76236660325649119,0.3404553906049233,-9.161622696894371,0.16873477012869964,3.544467601672308,9.824818188760803,30,29,77,2,120084928.8911624,none,16250,81.25,3.2848198744732377e-05,0.00073668997118675819,disabled,disabled,0,0,0,0,-1,-1,0,0,0,0,0,0,72,72,1,0,0,0,none,1626,1,0,0,0,0,0,0,0,0,0,-1,0
1,1403715975.0840583,1403715975084058368,1403715975.0840583,1403715975.0840583,1771,1627,ready,1,1,1,1,-0.028910499653478243,0.75539053677782764,0.34909444935312012,-9.1700511454393343,0.14187786679428874,3.527257708269675,9.8260630101586059,30,29,78,2,121706574.66609459,none,16260,81.300000190734863,6.8601346209853011e-05,0.0014207778471865269,disabled,disabled,0,0,0,0,-1,-1,0,0,0,0,0,0,72,72,1,0,0,0,none,1627,1,0,0,0,0,0,0,0,0,0,-1,0
1,1403715975.134058,1403715975134057984,1403715975.134058,1403715975.134058,1772,1628,ready,1,1,1,1,-0.025292349338615017,0.7523781354525062,0.34863497189679321,-9.1730889753517033,0.083462098315484262,3.520117316593566,9.8256680787698123,30,30,79,2,121853427.54748194,none,16270,81.349999904632568,0,0,disabled,disabled,0,0,0,0,-1,-1,0,0,0,0,0,0,0,0,0,0,0,0,none,1628,1,0,0,0,0,0,0,0,0,0,-1,0
1,1403715975.1840582,1403715975184058112,1403715975.1840582,1403715975.1840582,1773,1629,ready,1,1,1,1,-0.015264326035462171,0.73751881762729254,0.35173358915152425,-9.1761303352783745,0.040149199538008218,3.511310988773265,9.8250844651900806,30,30,80,2,123410743.07451215,none,16280,81.400000095367432,8.2224840656459826e-05,0.0016679333656719651,disabled,disabled,0,0,0,0,-1,-1,0,0,0,0,0,0,72,72,1,0,0,0,none,1629,1,0,0,0,0,0,0,0,0,0,-1,0
1,1403715975.2340581,1403715975234058240,1403715975.2340581,1403715975.2340581,1774,1630,ready,1,1,1,1,-0.005110926745401834,0.72248742202607918,0.35811984313638068,-9.1760423294113664,-0.019191189500612982,3.5172408712914414,9.8270598084873075,30,30,81,2,124871862.31058931,none,16290,81.450000047683716,7.2127347045313584e-05,0.00020767992085345035,disabled,disabled,0,0,0,0,-1,-1,0,0,0,0,0,0,25,48,1,0,0,0,none,1630,1,0,0,0,0,0,0,0,0,0,-1,0
1,1403715975.2840581,1403715975284058112,1403715975.2840581,1403715975.2840581,1775,1631,ready,1,1,1,1,0.011741564785069726,0.70466899417201467,0.35396065921680481,-9.1789580835292366,-0.057487207483827955,3.5056078209184016,9.8257754132839441,30,30,82,2,126298455.39183325,none,16300,81.5,3.4426680589627785e-05,0.00093698370195247288,disabled,disabled,0,0,0,0,-1,-1,0,0,0,0,0,0,72,72,1,0,0,0,none,1631,1,0,0,0,0,0,0,0,0,0,-1,0
1,1403715975.334058,1403715975334057984,1403715975.334058,1403715975.334058,1776,1632,ready,1,1,1,1,0.03593065977926542,0.68291132392179787,0.35196053495039636,-9.2037688077517821,-0.094208277123843165,3.4478055534478909,9.828814709842149,30,30,83,2,127733722.16112053,none,16310,81.549999952316284,0,0,disabled,disabled,0,0,0,0,-1,-1,0,0,0,0,0,0,0,0,0,0,0,0,none,1632,1,0,0,0,0,0,0,0,0,0,-1,0
1,1403715975.3840582,1403715975384058112,1403715975.3840582,1403715975.3840582,1777,1633,ready,1,1,1,1,0.065859231744048632,0.66631012100507925,0.3341373125223655,-9.2262395324762529,-0.13283775758019761,3.3832335234648423,9.8278894405036361,30,30,84,2,129191452.42924841,none,16320,81.600000143051147,0.00048455596877885023,0.007759267276585889,disabled,disabled,0,0,0,0,-1,-1,0,0,0,0,0,0,72,72,1,0,0,0,none,1633,1,0,0,0,0,0,0,0,0,0,-1,0
1,1403715975.4340582,1403715975434058240,1403715975.4340582,1403715975.4340582,1778,1634,ready,1,1,1,1,0.075360150913214977,0.63933917248623673,0.31631168227510376,-9.2506167342460905,-0.183396400268,3.3017174477084832,9.8238934393674935,30,30,85,2,130669907.4875467,none,16330,81.650000095367432,3.2951977335192014e-05,0.00018168880133217593,disabled,disabled,0,0,0,0,-1,-1,0,0,0,0,0,0,63,72,1,0,0,0,none,1634,1,0,0,0,0,0,0,0,0,0,-1,0
1,1403715975.4840581,1403715975484058112,1403715975.4840581,1403715975.4840581,1779,1635,ready,1,1,1,1,0.090955299259394148,0.61343491360961933,0.29460455638498007,-9.2776000010849646,-0.26132287586157321,3.2169816309425472,9.8229894756841745,30,30,86,2,132176011.57206386,none,16340,81.700000047683716,6.3423864518285063e-05,0.00068617423895257128,disabled,disabled,0,0,0,0,-1,-1,0,0,0,0,0,0,72,72,1,0,0,0,none,1635,1,0,0,0,0,0,0,0,0,0,-1,0
1,1403715975.5340581,1403715975534057984,1403715975.5340581,1403715975.5340581,1780,1636,ready,1,1,1,1,0.094566407133984468,0.58025411936789228,0.26714843859079124,-9.287219257282862,-0.2788252006147563,3.1858000395074026,9.8223982263533198,30,30,87,2,133710921.06140621,none,16350,81.75,2.7556671326298096e-06,2.2836646229871887e-05,disabled,disabled,0,0,0,0,-1,-1,0,0,0,0,0,0,27,60,1,0,0,0,none,1636,1,0,0,0,0,0,0,0,0,0,-1,0
1,1403715975.5840583,1403715975584058368,1403715975.5840583,1403715975.5840583,1781,1637,ready,1,1,1,1,0.1159136647815916,0.55820512568109326,0.24954642855050774,-9.2733478849760207,-0.2721434729667388,3.2186462877310693,9.819812981477428,30,30,88,2,135276421.50253341,none,16360,81.800000190734863,6.2665220067079086e-05,0.00073163902000521034,disabled,disabled,0,0,0,0,-1,-1,0,0,0,0,0,0,72,72,1,0,0,0,none,1637,1,0,0,0,0,0,0,0,0,0,-1,0
1,1403715975.634058,1403715975634057984,1403715975.634058,1403715975.634058,1782,1638,ready,1,1,1,1,0.13696669705247042,0.53339701592708388,0.23653101580572844,-9.2586927503801864,-0.23536890157393736,3.2661732541760986,9.8207269431578244,30,30,89,2,136871747.17776534,none,16370,81.849999904632568,5.2780254196921751e-05,0.00070942030479620021,disabled,disabled,0,0,0,0,-1,-1,0,0,0,0,0,0,72,72,1,0,0,0,none,1638,1,0,0,0,0,0,0,0,0,0,-1,0
1,1403715975.6840582,1403715975684058112,1403715975.6840582,1403715975.6840582,1783,1639,ready,1,1,1,1,0.15558575915902118,0.50866846302685909,0.22324367099662612,-9.244316588853021,-0.20100502613963853,3.3052780835216393,9.819503827835959,30,30,90,2,138487622.66342321,none,16380,81.900000095367432,5.408505170593687e-05,0.00069252458051704147,disabled,disabled,0,0,0,0,-1,-1,0,0,0,0,0,0,72,72,1,0,0,0,none,1639,1,0,0,0,0,0,0,0,0,0,-1,0
1,1403715975.7340581,1403715975734058240,1403715975.7340581,1403715975.7340581,1784,1640,ready,1,1,1,1,0.16314024014460893,0.48358377312907247,0.21535100139239577,-9.2328455821282454,-0.1970700299515179,3.3373072974583367,9.8194650637292256,30,30,91,2,140128042.68843389,none,16390,81.950000047683716,0,0,disabled,disabled,0,0,0,0,-1,-1,0,0,0,0,0,0,0,0,0,0,0,0,none,1640,1,0,0,0,0,0,0,0,0,0,56342.249332770589,1
1,1403715975.7840581,1403715975784058112,1403715975.7840581,1403715975.7840581,1785,1641,ready,1,1,1,1,0.18716446197753378,0.45988757106567724,0.21685695930619286,-9.2178819824191649,-0.1693146252136507,3.3664301224337967,9.814828956907439,30,29,92,2,141950743.33137843,none,16400,82,7.0555354764956511e-05,0.00070422173774625525,disabled,disabled,0,0,0,0,-1,-1,0,0,0,0,0,0,72,72,1,0,0,0,none,1641,1,0,0,0,0,0,0,0,0,0,-1,0
1,1403715975.834058,1403715975834057984,1403715975.834058,1403715975.834058,1786,1642,ready,1,1,1,1,0.18960247720942228,0.44210448209081382,0.21772822088090676,-9.2083646432472808,-0.16710146669849674,3.3775640051428457,9.8096809791152726,30,29,93,2,143788339.3576282,none,16410,82.049999952316284,0.0013877927861211806,0.0039456522086811045,disabled,disabled,0,0,0,0,-1,-1,0,0,0,0,0,0,72,72,1,0,0,0,none,1642,1,0,0,0,0,0,0,0,0,0,-1,0
1,1403715975.8840582,1403715975884058112,1403715975.8840582,1403715975.8840582,1787,1643,ready,1,1,1,1,0.199682192613478,0.42102225789639658,0.21547442657479676,-9.1919661836092743,-0.16920297559409378,3.4151481567866617,9.8073497388626691,30,30,94,2,141353281.52861461,none,16420,82.100000143051147,6.9013391946214103e-05,0.001329314412279823,disabled,disabled,0,0,0,0,-1,-1,0,0,0,0,0,0,72,72,1,0,0,0,none,1643,1,0,0,0,0,0,0,0,0,0,-1,0
1,1403715975.9340582,1403715975934058240,1403715975.9340582,1403715975.9340582,1788,1644,ready,1,1,1,1,0.19785399056201575,0.39506507040949035,0.22191862842225879,-9.1796046018379265,-0.16739229697240773,3.4405316074514833,9.8046121070158829,30,30,95,2,143108089.78599137,none,16430,82.150000095367432,0,0,disabled,disabled,0,0,0,0,-1,-1,0,0,0,0,0,0,0,0,0,0,0,0,none,1644,1,0,0,0,0,0,0,0,0,0,-1,0
1,1403715975.9840581,1403715975984058112,1403715975.9840581,1403715975.9840581,1789,1645,ready,1,1,1,1,0.20857470554364235,0.37561335820503178,0.22987978215630706,-9.1665711508004808,-0.16789848015782044,3.4667060893176189,9.8016461715386782,30,29,96,2,144971080.72668317,none,16440,82.200000047683716,0.0018854697244830695,0.0044960536217939955,disabled,disabled,0,0,0,0,-1,-1,0,0,0,0,0,0,72,72,1,0,0,0,none,1645,1,0,0,0,0,0,0,0,0,0,-1,0
1,1403715976.0340581,1403715976034057984,1403715976.0340581,1403715976.0340581,1790,1646,ready,1,1,1,1,0.19974591917173395,0.35633410287103218,0.22649984041543605,-9.150188105756035,-0.19346113522748751,3.5024244815278291,9.7995074789689411,30,29,97,2,146846432.40841591,none,16450,82.25,5.3404711078921852e-05,0.0004975861207559848,disabled,disabled,0,0,0,0,-1,-1,0,0,0,0,0,0,63,72,1,0,0,0,none,1646,1,0,0,0,0,0,0,0,0,0,-1,0
1,1403715976.0840583,1403715976084058368,1403715976.0840583,1403715976.0840583,1791,1647,ready,1,1,1,1,0.2046667279291032,0.32753127504928525,0.22642824538096015,-9.1436061643377737,-0.18726841722851564,3.5146588906444682,9.7976237050722261,30,30,98,2,148101688.71656421,none,16460,82.300000190734863,0.00065117474276909376,0.0042630201461872708,disabled,disabled,0,0,0,0,-1,-1,0,0,0,0,0,0,72,72,1,0,0,0,none,1647,1,0,0,0,0,0,0,0,0,0,-1,0
1,1403715976.134058,1403715976134057984,1403715976.134058,1403715976.134058,1792,1648,ready,1,1,1,1,0.21014310680623391,0.3066066113738885,0.22853546931366572,-9.147235574139307,-0.19089162833026008,3.5028877420741491,9.7968658659869163,30,29,99,2,150123455.73140678,none,16470,82.349999904632568,0,0,disabled,disabled,0,0,0,0,-1,-1,0,0,0,0,0,0,0,0,0,0,0,0,none,1648,1,0,0,0,0,0,0,0,0,0,-1,0
1,1403715976.1840582,1403715976184058112,1403715976.1840582,1403715976.1840582,1793,1649,ready,1,1,1,1,0.21482980639124866,0.28516869021163016,0.22818126042425727,-9.1562671640687547,-0.21718292591764765,3.4746509096220177,9.7957947991396264,30,28,100,2,152217939.30168822,none,16480,82.400000095367432,0.0010905866416452401,0.0064961720133332266,disabled,disabled,0,0,0,0,-1,-1,0,0,0,0,0,0,72,72,1,0,0,0,none,1649,1,0,0,0,0,0,0,0,0,0,-1,0
1,1403715976.2340581,1403715976234058240,1403715976.2340581,1403715976.2340581,1794,1650,ready,1,1,1,1,0.21060955593534306,0.26376669090228499,0.23193478429955108,-9.1680487407535178,-0.24624513157168237,3.4413556658401001,9.7957482203486972,30,29,101,2,152078484.27931628,none,16490,82.450000047683716,0.00020865112633026238,0.0024995493635323576,disabled,disabled,0,0,0,0,-1,-1,0,0,0,0,0,0,72,72,1,0,0,0,none,1650,1,0,0,0,0,0,0,0,0,0,-1,0
1,1403715976.2840581,1403715976284058112,1403715976.2840581,1403715976.2840581,1795,1651,ready,1,1,1,1,0.21280018890272054,0.2412917291468222,0.24219221158465423,-9.1751853301134929,-0.24709626212689259,3.4238236800219499,9.7963080288732236,30,29,102,2,152314038.47343457,none,16500,82.5,0.00013739525014069536,0.0023181314336868267,disabled,disabled,0,0,0,0,-1,-1,0,0,0,0,0,0,72,72,1,0,0,0,none,1651,1,0,0,0,0,0,0,0,0,0,-1,0
1,1403715976.334058,1403715976334057984,1403715976.334058,1403715976.334058,1796,1652,ready,1,1,1,1,0.21025902087054199,0.22014489132891238,0.2517508652646705,-9.1807003951563253,-0.30469807950701344,3.4060663926151289,9.7969071107253551,30,28,103,2,154404211.9415434,none,16510,82.549999952316284,2.1471696350800791e-05,0.00018919928552258905,disabled,disabled,0,0,0,0,-1,-1,0,0,0,0,0,0,44,54,1,0,0,0,none,1652,1,0,0,0,0,0,0,0,0,0,-1,0
1,1403715976.3840582,1403715976384058112,1403715976.3840582,1403715976.3840582,1797,1653,ready,1,1,1,1,0.20616648490385664,0.18047584748609324,0.26311967175331358,-9.1904489986522861,-0.3645528176461148,3.3699164352384097,9.7955902494016396,30,28,104,2,151264986.6914435,none,16520,82.600000143051147,0.00013374149289490755,0.001671255312198453,disabled,disabled,0,0,0,0,-1,-1,0,0,0,0,0,0,72,72,1,0,0,0,none,1653,1,0,0,0,0,0,0,0,0,0,-1,0
1,1403715976.4340582,1403715976434058240,1403715976.4340582,1403715976.4340582,1798,1654,ready,1,1,1,1,0.19373518389327488,0.14286319633989347,0.27641408808577267,-9.1876450226072297,-0.43778353297270917,3.3686969273009058,9.7955395191478871,30,29,105,2,149663166.13276029,none,16530,82.650000095367432,0.001484174270785225,0.0090570349574563436,disabled,disabled,0,0,0,0,-1,-1,0,0,0,0,0,0,72,72,1,0,0,0,none,1654,1,0,0,0,0,0,0,0,0,0,-1,0
1,1403715976.4840581,1403715976484058112,1403715976.4840581,1403715976.4840581,1799,1655,ready,1,1,1,1,0.18289098196243389,0.10075508762570681,0.28977171851442424,-9.181447783222664,-0.50873738646919542,3.3698534046945396,9.793554466768807,30,30,106,2,150800615.86127681,none,16540,82.700000047683716,6.4433186838056824e-05,0.0006794482307734491,disabled,disabled,0,0,0,0,-1,-1,0,0,0,0,0,0,72,72,1,0,0,0,none,1655,1,0,0,0,0,0,0,0,0,0,-1,0
1,1403715976.5340581,1403715976534057984,1403715976.5340581,1403715976.5340581,1800,1656,ready,1,1,1,1,0.18381356846212679,0.059994719770341903,0.29593283610704701,-9.1770030886108938,-0.5600054597925116,3.3628284047580164,9.7897705122857008,30,30,107,2,152346686.55364901,none,16550,82.75,0,0,disabled,disabled,0,0,0,0,-1,-1,0,0,0,0,0,0,0,0,0,0,0,0,none,1656,1,0,0,0,0,0,0,0,0,0,-1,0
1,1403715976.5840583,1403715976584058368,1403715976.5840583,1403715976.5840583,1801,1657,ready,1,1,1,1,0.17802955710945384,0.0091032790693370055,0.30176294000999859,-9.1729181861666884,-0.61476895099284845,3.3565125376952278,9.7870600963168553,30,29,108,2,154050624.0918704,none,16560,82.800000190734863,0.0024801556077757277,0.0072272547008496446,disabled,disabled,0,0,0,0,-1,-1,0,0,0,0,0,0,72,72,1,0,0,0,none,1657,1,0,0,0,0,0,0,0,0,0,-1,0
1,1403715976.634058,1403715976634057984,1403715976.634058,1403715976.634058,1802,1658,ready,1,1,1,1,0.17461893865301636,-0.023784424161477184,0.30091857242329223,-9.1634689661096527,-0.61138675193977554,3.3724633617631712,9.7834792573877891,30,28,109,2,155882247.82263184,none,16570,82.849999904632568,4.5553608090455427e-05,0.00031792884355776979,disabled,disabled,0,0,0,0,-1,-1,0,0,0,0,0,0,42,72,1,0,0,0,none,1658,1,0,0,0,0,0,0,0,0,0,-1,0
1,1403715976.6840582,1403715976684058112,1403715976.6840582,1403715976.6840582,1803,1659,ready,1,1,1,1,0.1593321564081272,-0.060448957550931284,0.30706236834158251,-9.1710816385620841,-0.55458967294302675,3.3650117052680284,9.7846620740369215,30,29,110,2,156547466.73170877,none,16580,82.900000095367432,0.00039657089892418336,0.0032542850714828227,disabled,disabled,0,0,0,0,-1,-1,0,0,0,0,0,0,72,72,1,0,0,0,none,1659,1,0,0,0,0,0,0,0,0,0,-1,0
1,1403715976.7340581,1403715976734058240,1403715976.7340581,1403715976.7340581,1804,1660,ready,1,1,1,1,0.158369359689918,-0.088390582078614582,0.3069998282170362,-9.165634019971451,-0.48290368692962216,3.3889063022739006,9.784003724677337,30,30,111,2,157618908.19406685,none,16590,82.950000047683716,0,0,disabled,disabled,0,0,0,0,-1,-1,0,0,0,0,0,0,0,0,0,0,0,0,none,1660,1,0,0,0,0,0,0,0,0,0,0.99999500010794096,1
1,1403715976.7840581,1403715976784058112,1403715976.7840581,1403715976.7840581,1805,1661,ready,1,1,1,1,0.15530656038824725,-0.10679019762561312,0.31836306483642401,-9.1696794355840172,-0.42790457057387971,3.3944247619537831,9.7871468129100538,30,29,112,2,159588125.03062859,none,16600,83,0.00037018095710286491,0.0051118948731905317,disabled,disabled,0,0,0,0,-1,-1,0,0,0,0,0,0,72,72,1,0,0,0,none,1661,1,0,0,0,0,0,0,0,0,0,-1,0
1,1403715976.834058,1403715976834057984,1403715976.834058,1403715976.834058,1806,1662,ready,1,1,1,1,0.15649531100069958,-0.12900089920414315,0.32669856134382191,-9.1698820601339985,-0.39649015815914013,3.405313683625212,9.7897958470118009,30,29,113,2,161436735.17919195,none,16610,83.049999952316284,4.6108245730625667e-05,0.0016341731540511391,disabled,disabled,0,0,0,0,-1,-1,0,0,0,0,0,0,72,72,1,0,0,0,none,1662,1,0,0,0,0,0,0,0,0,0,-1,0
1,1403715976.8840582,1403715976884058112,1403715976.8840582,1403715976.8840582,1807,1663,ready,1,1,1,1,0.15176892885912682,-0.14621287464491767,0.3310324958645921,-9.1775564009985668,-0.37130919623374453,3.3972178591507642,9.793186467909738,30,29,114,2,162419837.41907245,none,16620,83.100000143051147,7.0091079418830701e-05,0.00073603612940171159,disabled,disabled,0,0,0,0,-1,-1,0,0,0,0,0,0,72,72,1,0,0,0,none,1663,1,0,0,0,0,0,0,0,0,0,-1,0
1,1403715976.9340582,1403715976934058240,1403715976.9340582,1403715976.9340582,1808,1664,ready,1,1,1,1,0.146336668825023,-0.17178688127173505,0.33812617538734607,-9.1747425514042646,-0.36240367228878573,3.4108625896322828,9.7949589540533282,30,29,115,2,164308377.01542652,none,16630,83.150000095367432,7.2685123971091896e-05,0.0001053767698270882,disabled,disabled,0,0,0,0,-1,-1,0,0,0,0,0,0,32,54,1,0,0,0,none,1664,1,0,0,0,0,0,0,0,0,0,-1,0
1,1403715976.9840581,1403715976984058112,1403715976.9840581,1403715976.9840581,1809,1665,ready,1,1,1,1,0.15889068271728971,-0.19510860017143031,0.34242298118112557,-9.1788701670164681,-0.34616825895567527,3.4102405999530165,9.7980217878927593,30,29,116,2,165438423.74529207,none,16640,83.200000047683716,0.00019636234610644125,0.0020246480792196122,disabled,disabled,0,0,0,0,-1,-1,0,0,0,0,0,0,72,72,1,0,0,0,none,1665,1,0,0,0,0,0,0,0,0,0,-1,0
1,1403715977.0340581,1403715977034057984,1403715977.0340581,1403715977.0340581,1810,1666,ready,1,1,1,1,0.15046204632135438,-0.21382219700019209,0.3539132767376566,-9.1810573147422456,-0.35463645261656701,3.4086805854388569,9.7998308028074828,30,29,117,2,167260374.15157548,none,16650,83.25,0.0012369786968267728,0.0020523164867019402,disabled,disabled,0,0,0,0,-1,-1,0,0,0,0,0,0,72,72,1,0,0,0,none,1666,1,0,0,0,0,0,0,0,0,0,-1,0
1,1403715977.0840583,1403715977084058368,1403715977.0840583,1403715977.0840583,1811,1667,ready,1,1,1,1,0.1440080185387444,-0.24089203489295014,0.36091346352669962,-9.1845447937929467,-0.34805891080835605,3.4077418848167289,9.8025360406435897,30,30,118,2,168332125.19674182,none,16660,83.300000190734863,0.00042963604486915901,0.0024023502396621644,disabled,disabled,0,0,0,0,-1,-1,0,0,0,0,0,0,72,72,1,0,0,0,none,1667,1,0,0,0,0,0,0,0,0,0,-1,0
1,1403715977.134058,1403715977134057984,1403715977.134058,1403715977.134058,1812,1668,ready,1,1,1,1,0.14609931885737548,-0.2641312236062614,0.36886104144996973,-9.1856331377998757,-0.35532947095402889,3.4173052901110235,9.8071448761092768,30,30,119,2,169891623.73489708,none,16670,83.349999904632568,0,0,disabled,disabled,0,0,0,0,-1,-1,0,0,0,0,0,0,0,0,0,0,0,0,none,1668,1,0,0,0,0,0,0,0,0,0,-1,0
1,1403715977.1840582,1403715977184058112,1403715977.1840582,1403715977.1840582,1813,1669,ready,1,1,1,1,0.14907202094588848,-0.28621680311336284,0.379592886430549,-9.1922690073505962,-0.37280251850846219,3.4150699184412949,9.8132305470292085,30,29,120,2,171501517.4997023,none,16680,83.400000095367432,0.0012467779274407348,0.0091957838923888337,disabled,disabled,0,0,0,0,-1,-1,0,0,0,0,0,0,72,72,1,0,0,0,none,1669,1,0,0,0,0,0,0,0,0,0,-1,0
1,1403715977.2340581,1403715977234058240,1403715977.2340581,1403715977.2340581,1814,1670,ready,1,1,1,1,0.12696530297540443,-0.31190900576436253,0.39681464969984948,-9.1927759602804517,-0.36621202860349766,3.4192249337322882,9.8149039859420242,30,29,121,2,173025068.07417661,none,16690,83.450000047683716,0.00019052893291268802,0.00037620194503640921,disabled,disabled,0,0,0,0,-1,-1,0,0,0,0,0,0,36,48,1,0,0,0,none,1670,1,0,0,0,0,0,0,0,0,0,-1,0
1,1403715977.2840581,1403715977284058112,1403715977.2840581,1403715977.2840581,1815,1671,ready,1,1,1,1,0.13289428832584688,-0.32959656094239215,0.40492447985269914,-9.1856537440710859,-0.37407521471714117,3.4344235014412541,9.8138387881340723,30,29,122,2,173589543.96059757,none,16700,83.5,0.00034331387476145813,0.003849759057988413,disabled,disabled,0,0,0,0,-1,-1,0,0,0,0,0,0,72,72,1,0,0,0,none,1671,1,0,0,0,0,0,0,0,0,0,-1,0
1,1403715977.334058,1403715977334057984,1403715977.334058,1403715977.334058,1816,1672,ready,1,1,1,1,0.14644301731073389,-0.34756476181687113,0.41783386611150908,-9.1900994082375984,-0.3964824752054536,3.4250573250428955,9.8156071216335921,30,29,123,2,175133262.80558974,none,16710,83.549999952316284,3.7467688377813741e-06,3.7698040032233778e-05,disabled,disabled,0,0,0,0,-1,-1,0,0,0,0,0,0,30,30,1,0,0,0,none,1672,1,0,0,0,0,0,0,0,0,0,-1,0
1,1403715977.3840582,1403715977384058112,1403715977.3840582,1403715977.3840582,1817,1673,ready,1,1,1,1,0.14586886922860923,-0.36392695842849992,0.42402550730129723,-9.1948899962477491,-0.39994447161249735,3.4224975186387985,9.8193404507919499,30,30,124,2,175641255.53841287,none,16720,83.600000143051147,0.00047336946122710595,0.002785859355824186,disabled,disabled,0,0,0,0,-1,-1,0,0,0,0,0,0,72,72,1,0,0,0,none,1673,1,0,0,0,0,0,0,0,0,0,-1,0
1,1403715977.4340582,1403715977434058240,1403715977.4340582,1403715977.4340582,1818,1674,ready,1,1,1,1,0.1270377791449171,-0.37405724843810229,0.44196440035143808,-9.1935277332292209,-0.37121053478551641,3.4270381933432175,9.818520266385546,30,30,125,2,176896609.14976406,none,16730,83.650000095367432,0.00071461715859430432,0.0054272242706933224,disabled,disabled,0,0,0,0,-1,-1,0,0,0,0,0,0,72,72,1,0,0,0,none,1674,1,0,0,0,0,0,0,0,0,0,-1,0
1,1403715977.4840581,1403715977484058112,1403715977.4840581,1403715977.4840581,1819,1675,ready,1,1,1,1,0.13857191544732317,-0.3921311630706687,0.45169686013092764,-9.1941142387631896,-0.40193530252512066,3.4208596487593881,9.8181245337057206,30,29,126,2,178190395.87623879,none,16740,83.700000047683716,0.00026321037976034442,0.0011791184544579247,disabled,disabled,0,0,0,0,-1,-1,0,0,0,0,0,0,72,72,1,0,0,0,none,1675,1,0,0,0,0,0,0,0,0,0,-1,0
1,1403715977.5340581,1403715977534057984,1403715977.5340581,1403715977.5340581,1820,1676,ready,1,1,1,1,0.15966707864187424,-0.39732463603948698,0.46407561880159648,-9.1856424215453369,-0.39597350966056688,3.4364964830849387,9.8154128693143274,30,28,127,2,179532259.41440073,none,16750,83.75,3.2143939745144834e-05,0.00031945627891771079,disabled,disabled,0,0,0,0,-1,-1,0,0,0,0,0,0,36,36,1,0,0,0,none,1676,1,0,0,0,0,0,0,0,0,0,-1,0
1,1403715977.5840583,1403715977584058368,1403715977.5840583,1403715977.5840583,1821,1677,ready,1,1,1,1,0.16131437657038522,-0.40788938433889976,0.48576451722446157,-9.1883652745822104,-0.39516248705478701,3.4198268063394708,9.8121060530184643,30,29,128,2,178756922.84530967,none,16760,83.800000190734863,0.00030889307879556417,0.0013714409606230811,disabled,disabled,0,0,0,0,-1,-1,0,0,0,0,0,0,72,72,1,0,0,0,none,1677,1,0,0,0,0,0,0,0,0,0,-1,0
1,1403715977.634058,1403715977634057984,1403715977.634058,1403715977.634058,1822,1678,ready,1,1,1,1,0.1680988020010761,-0.41227500554097835,0.50175114339193416,-9.1940430568782112,-0.37348425030835047,3.4042251337232683,9.8111501353323529,30,29,129,2,178068670.68962148,none,16770,83.849999904632568,0.00054300837687048728,0.0010188354262798687,disabled,disabled,0,0,0,0,-1,-1,0,0,0,0,0,0,72,72,1,0,0,0,none,1678,1,0,0,0,0,0,0,0,0,0,-1,0
1,1403715977.6840582,1403715977684058112,1403715977.6840582,1403715977.6840582,1823,1679,ready,1,1,1,1,0.15857733687352316,-0.41187482762117356,0.5015086969057384,-9.1925953378337031,-0.35166349178090289,3.3998868646993943,9.8074821921515074,30,28,130,2,179161175.18966907,none,16780,83.900000095367432,0.00036309066237693715,0.0017670788218818068,disabled,disabled,0,0,0,0,-1,-1,0,0,0,0,0,0,72,72,1,0,0,0,none,1679,1,0,0,0,0,0,0,0,0,0,-1,0
1,1403715977.7340581,1403715977734058240,1403715977.7340581,1403715977.7340581,1824,1680,ready,1,1,1,1,0.15655810996025221,-0.4123854550331163,0.5090808522416943,-9.1855175165663194,-0.32354289868040509,3.4137474442083651,9.8046970206769952,30,27,131,2,180202543.84391236,none,16790,83.950000047683716,0.0001176073090223515,0.0006107868925492938,disabled,disabled,0,0,0,0,-1,-1,0,0,0,0,0,0,60,60,1,0,0,0,none,1680,1,0,0,0,0,0,0,0,0,0,0.99999500002923269,1
1,1403715977.7840581,1403715977784058112,1403715977.7840581,1403715977.7840581,1825,1681,ready,1,1,1,1,0.17163703530525554,-0.40629087583930362,0.52560433936722561,-9.1878086042371354,-0.33317378414217574,3.4049348908622195,9.8041018624626943,30,23,132,2,182124392.0455144,none,16800,84,0.00027293883793471073,0.0037432964044897422,disabled,disabled,0,0,0,0,-1,-1,0,0,0,0,0,0,72,72,1,0,0,0,none,1681,1,0,0,0,0,0,0,0,0,0,-1,0
1,1403715977.834058,1403715977834057984,1403715977.834058,1403715977.834058,1826,1682,ready,1,1,1,1,0.16876249318116657,-0.40879382334952313,0.53582785608593331,-9.1925890766534515,-0.34075499614017002,3.3859156437228353,9.8022565078664332,30,25,133,2,177981874.33836913,none,16810,84.049999952316284,9.2595073688134361e-05,0.00041956658082060376,disabled,disabled,0,0,0,0,-1,-1,0,0,0,0,0,0,72,72,1,0,0,0,none,1682,1,0,0,0,0,0,0,0,0,0,-1,0
1,1403715977.8840582,1403715977884058112,1403715977.8840582,1403715977.8840582,1827,1683,ready,1,1,1,1,0.18889635202245944,-0.39913950779287372,0.54299694159968293,-9.2053292878346884,-0.40058712815905695,3.345827335279822,9.8027097224297872,30,29,134,2,162454354.60161856,none,16820,84.100000143051147,0.00058588957490913107,0.0026741871206452869,disabled,disabled,0,0,0,0,-1,-1,0,0,0,0,0,0,72,72,1,0,0,0,none,1683,1,0,0,0,0,0,0,0,0,0,-1,0
1,1403715977.9340582,1403715977934058240,1403715977.9340582,1403715977.9340582,1828,1684,ready,1,1,1,1,0.20093011226794985,-0.41033780336186693,0.54292357929731938,-9.2197711412175369,-0.48040654226894081,3.2964274750861047,9.8031323790299325,30,30,135,2,155614476.65409023,none,16830,84.150000095367432,0.0013969970262261171,0.010485193773633307,disabled,disabled,0,0,0,0,-1,-1,0,0,0,0,0,0,72,72,1,0,0,0,none,1684,1,0,0,0,0,0,0,0,0,0,-1,0
1,1403715977.9840581,1403715977984058112,1403715977.9840581,1403715977.9840581,1829,1685,ready,1,1,1,1,0.1934946791297702,-0.416398427205666,0.55073893970942545,-9.233911287898156,-0.59837752924645637,3.2429285210086332,9.8050884102414564,30,27,136,2,156409127.37296116,none,16840,84.200000047683716,0.0005783702216674532,0.0053698445222217974,disabled,disabled,0,0,0,0,-1,-1,0,0,0,0,0,0,72,72,1,0,0,0,none,1685,1,0,0,0,0,0,0,0,0,0,-1,0
1,1403715978.0340581,1403715978034057984,1403715978.0340581,1403715978.0340581,1830,1686,ready,1,1,1,1,0.19578796883587452,-0.42244867113971973,0.54704236380214366,-9.241250569152653,-0.70101536345370463,3.1974432691017394,9.8038654662733098,30,25,137,2,157350400.99794233,none,16850,84.25,0.00042730496577557522,0.0023401194547591278,disabled,disabled,0,0,0,0,-1,-1,0,0,0,0,0,0,72,72,1,0,0,0,none,1686,1,0,0,0,0,0,0,0,0,0,-1,0
1,1403715978.0840583,1403715978084058368,1403715978.0840583,1403715978.0840583,1831,1687,ready,1,1,1,1,0.18893846765481437,-0.4430896712670821,0.54884935291272685,-9.2560848181012272,-0.8180377500240702,3.1308561153692893,9.8054348162380709,30,24,138,2,143288697.4035688,none,16860,84.300000190734863,0.00027196180930105128,0.0031902392499420394,disabled,disabled,0,0,0,0,-1,-1,0,0,0,0,0,0,72,72,1,0,0,0,none,1687,1,0,0,0,0,0,0,0,0,0,-1,0
1,1403715978.134058,1403715978134057984,1403715978.134058,1403715978.134058,1832,1688,ready,1,1,1,1,0.19928644117281716,-0.45065915342778745,0.56673706641929744,-9.2533833764712075,-0.95768125548389071,3.0947597573790828,9.8040703411874759,30,26,139,2,136470927.2268976,none,16870,84.349999904632568,0.00013134138718258476,0.0007307784785366765,disabled,disabled,0,0,0,0,-1,-1,0,0,0,0,0,0,44,54,1,0,0,0,none,1688,1,0,0,0,0,0,0,0,0,0,-1,0
1,1403715978.1840582,1403715978184058112,1403715978.1840582,1403715978.1840582,1833,1689,ready,1,1,1,1,0.18893782696833536,-0.47009286412122026,0.57541074062767339,-9.2479864911976328,-1.0988275411459052,3.0650146456102143,9.8044373058508452,30,29,140,2,114323345.82618943,none,16880,84.400000095367432,8.7110052718653158e-05,0.0015575262031955835,disabled,disabled,0,0,0,0,-1,-1,0,0,0,0,0,0,72,72,1,0,0,0,none,1689,1,0,0,0,0,0,0,0,0,0,-1,0
1,1403715978.2340581,1403715978234058240,1403715978.2340581,1403715978.2340581,1834,1690,ready,1,1,1,1,0.21098850532429089,-0.50072831590928957,0.58859873050130296,-9.231289097762664,-1.2168535766508926,3.0620797450501249,9.8017224710010087,30,24,141,2,115962940.90365644,none,16890,84.450000047683716,0.00033624785184032351,0.0030612885708216509,disabled,disabled,0,0,0,0,-1,-1,0,0,0,0,0,0,72,72,1,0,0,0,none,1690,1,0,0,0,0,0,0,0,0,0,-1,0
1,1403715978.2840581,1403715978284058112,1403715978.2840581,1403715978.2840581,1835,1691,ready,1,1,1,1,0.22535634250283118,-0.52614095970202046,0.57563175798152,-9.2287666923094775,-1.3102138607203906,3.0329850670320408,9.8023361214938962,30,23,142,2,110264512.00095285,none,16900,84.5,0.00067559654595890275,0.003088221597756723,disabled,disabled,0,0,0,0,-1,-1,0,0,0,0,0,0,72,72,1,0,0,0,none,1691,1,0,0,0,0,0,0,0,0,0,-1,0
1,1403715978.334058,1403715978334057984,1403715978.334058,1403715978.334058,1836,1692,ready,1,1,1,1,0.23217311464194218,-0.57045612546528013,0.56938481510407113,-9.237654880202264,-1.3077169472823145,3.0155908004020202,9.8050078620775913,30,27,143,2,82207221.225551009,none,16910,84.549999952316284,0.00011556622889621612,0.0014540787718997465,disabled,disabled,0,0,0,0,-1,-1,0,0,0,0,0,0,72,72,1,0,0,0,none,1692,1,0,0,0,0,0,0,0,0,0,-1,0
1,1403715978.3840582,1403715978384058112,1403715978.3840582,1403715978.3840582,1837,1693,ready,1,1,1,1,0.21098082967156659,-0.61783039940201134,0.57187729057362202,-9.2632507259210008,-1.2549587652995831,2.9700673855079369,9.8083656022976715,30,27,144,2,75612673.338383064,none,16920,84.600000143051147,0.00058038700350540985,0.0028182864496587583,disabled,disabled,0,0,0,0,-1,-1,0,0,0,0,0,0,72,72,1,0,0,0,none,1693,1,0,0,0,0,0,0,0,0,0,-1,0
1,1403715978.4340582,1403715978434058240,1403715978.4340582,1403715978.4340582,1838,1694,ready,1,1,1,1,0.20088242835936215,-0.65469908482389705,0.58789203697512549,-9.2765201208060937,-1.1552870159258082,2.9743136781428952,9.8099467632028965,30,26,145,2,70950297.792054281,none,16930,84.650000095367432,0.00030905042436741762,0.0020464467324491564,disabled,disabled,0,0,0,0,-1,-1,0,0,0,0,0,0,72,72,1,0,0,0,none,1694,1,0,0,0,0,0,0,0,0,0,-1,0
1,1403715978.4840581,1403715978484058112,1403715978.4840581,1403715978.4840581,1839,1695,ready,1,1,1,1,0.17345764440532541,-0.69134193528746068,0.58878090787015291,-9.2956433744906928,-0.99206347812575013,2.9822313550195636,9.8125878108277576,30,26,146,2,64488849.295709766,none,16940,84.700000047683716,0.0001973746922232176,0.0014241618978509513,disabled,disabled,0,0,0,0,-1,-1,0,0,0,0,0,0,66,66,1,0,0,0,none,1695,1,0,0,0,0,0,0,0,0,0,-1,0
1,1403715978.5340581,1403715978534057984,1403715978.5340581,1403715978.5340581,1840,1696,ready,1,1,1,1,0.1578895525455091,-0.72221308375210425,0.598163395231604,-9.320387117813496,-0.79028698760982541,2.974068055250076,9.8152560000209963,30,22,147,2,53038795.66490905,none,16950,84.75,0.00053478649801177395,0.0029930749469443377,disabled,disabled,0,0,0,0,-1,-1,0,0,0,0,0,0,72,72,1,0,0,0,none,1696,1,0,0,0,0,0,0,0,0,0,-1,0
1,1403715978.5840583,1403715978584058368,1403715978.5840583,1403715978.5840583,1841,1697,ready,1,1,1,1,0.142485636472927,-0.73934450817881558,0.61145198101961884,-9.3507060412744831,-0.5942412223446607,2.9334930219647695,9.8180551745535016,30,20,148,2,48278256.373275504,none,16960,84.800000190734863,0.0006613273535645925,0.0039594238356578399,disabled,disabled,0,0,0,0,-1,-1,0,0,0,0,0,0,72,72,1,0,0,0,none,1697,1,0,0,0,0,0,0,0,0,0,-1,0
1,1403715978.634058,1403715978634057984,1403715978.634058,1403715978.634058,1842,1698,pool_not_mature,1,1,1,1,0.098343199081410898,-0.75033353440310857,0.61325431914701167,-9.3741963848164023,-0.44919227092763603,2.8916230818803679,9.8203266547009189,30,22,149,2,27732532.239545539,none,16970,84.849999904632568,5.6878840540641592e-05,0.00015832589992792649,disabled,disabled,0,0,0,0,-1,-1,0,0,0,0,0,0,54,54,1,0,0,0,none,1698,1,0,0,0,0,0,0,0,0,0,-1,0
1,1403715978.6840582,1403715978684058112,1403715978.6840582,1403715978.6840582,1843,1699,confirming_observer_health,1,1,1,1,0.092859491612847442,-0.74614958749062799,0.60836857153445201,-9.3809516720209594,-0.32502207026409169,2.8854045551983201,9.8200536182910341,28,23,150,2,22283957.377713203,none,16980,84.900000095367432,8.9735312174207404e-05,0.0022930871226878777,disabled,disabled,0,0,0,0,-1,-1,0,0,0,0,0,0,72,72,1,0,0,0,none,1699,1,0,0,0,0,0,0,0,0,0,-1,0
1,1403715978.7340581,1403715978734058240,1403715978.7340581,1403715978.7340581,1844,1700,confirming_observer_health,1,1,1,1,0.085686547199611107,-0.74623873096665427,0.59931912392054409,-9.3841797503978839,-0.27725071130900242,2.8903915982430584,9.823139067319218,27,21,151,2,21737099.01930885,none,16990,84.950000047683716,0.00021171623609974989,0.0018544248329035679,disabled,disabled,0,0,0,0,-1,-1,0,0,0,0,0,0,72,72,1,0,0,0,none,1700,1,0,0,0,0,0,0,0,0,0,0.99999499999106967,1
1,1403715978.7840581,1403715978784058112,1403715978.7840581,1403715978.7840581,1845,1701,confirming_observer_health,1,1,1,1,0.086515970664938824,-0.7453736664085534,0.59034224272170133,-9.3758927857932868,-0.28651115477061628,2.9110112836416495,9.8215803649915525,26,20,152,2,23394540.309116788,none,17000,85,0.000736856164210005,0.0057638767533586717,disabled,disabled,0,0,0,0,-1,-1,0,0,0,0,0,0,72,72,1,0,0,0,none,1701,1,0,0,0,0,0,0,0,0,0,-1,0
1,1403715978.834058,1403715978834057984,1403715978.834058,1403715978.834058,1846,1702,thin_observations_state_preserved_not_ready,1,0,0,0,0.098740032836873728,-0.73742374781316089,0.59880399962863962,-9.3520507368531725,-0.29743829622545376,2.976474738122064,9.8187944469479689,21,14,0,2,19317059.830927104,none,17010,85.049999952316284,0.000438976781278236,0.0038554289356028853,disabled,disabled,0,0,0,0,-1,-1,0,0,0,0,0,0,72,72,1,0,0,0,none,1702,1,0,0,0,0,0,0,0,0,0,-1,0
1,1403715978.8840582,1403715978884058112,1403715978.8840582,1403715978.8840582,1847,1703,thin_observations_state_preserved_not_ready,1,0,0,0,0.13023210209012151,-0.72852977369403182,0.60372026596817763,-9.3258678288471888,-0.34051956708408793,3.0452051533420073,9.8163658633241067,22,9,0,2,20811779.691993058,none,17020,85.100000143051147,0.00025680974252643849,0.0028128196043820833,disabled,disabled,0,0,0,0,-1,-1,0,0,0,0,0,0,60,60,1,0,0,0,none,1703,1,0,0,0,0,0,0,0,0,0,-1,0
1,1403715978.9340582,1403715978934058240,1403715978.9340582,1403715978.9340582,1848,1704,thin_observations_state_preserved_not_ready,1,0,0,0,0.15560816138799677,-0.71087317963325702,0.61316851672020967,-9.3015494394586113,-0.36926048923610411,3.1097277805384813,9.8145597024347708,17,9,0,2,19051133.318588246,none,17030,85.150000095367432,0.00097088574853387984,0.0057336964219198011,disabled,disabled,0,0,0,0,-1,-1,0,0,0,0,0,0,72,72,1,0,0,0,none,1704,1,0,0,0,0,0,0,0,0,0,-1,0
1,1403715978.9840581,1403715978984058112,1403715978.9840581,1403715978.9840581,1849,1705,thin_observations_state_preserved_not_ready,1,0,0,0,0.18633153181087178,-0.70330523035018411,0.61474924737340597,-9.2752958646826684,-0.42477497799568087,3.178582391345834,9.8140171783986823,11,8,0,2,12023154.244934803,none,17040,85.200000047683716,0.00026010787252724895,0.0013643412872021766,disabled,disabled,0,0,0,0,-1,-1,0,0,0,0,0,0,62,72,1,0,0,0,none,1705,1,0,0,0,0,0,0,0,0,0,-1,0
1,1403715979.0340581,1403715979034057984,1403715979.0340581,1403715979.0340581,1850,1706,thin_observations_state_preserved_not_ready,1,0,0,0,0.21189238869970062,-0.69677308835730767,0.63194510104863699,-9.2639264123130349,-0.47300158269162745,3.2011105683138243,9.8128065272148461,13,11,0,2,12414077.7099091,none,17050,85.25,0.0004832457253690819,0.0053773686990252678,disabled,disabled,0,0,0,0,-1,-1,0,0,0,0,0,0,72,72,1,0,0,0,none,1706,1,0,0,0,0,0,0,0,0,0,-1,0
1,1403715979.0840583,1403715979084058368,1403715979.0840583,1403715979.0840583,1851,1707,pool_not_mature,1,0,0,0,0.24738585828166759,-0.69392196011340157,0.64636114086491014,-9.2735460862293415,-0.48157341380061613,3.1694696075362661,9.8120389093906066,20,20,1,2,12273897.877436316,none,17060,85.300000190734863,0.00010810078951883945,0.00056351870218448595,disabled,disabled,0,0,0,0,-1,-1,0,0,0,0,0,0,72,72,1,0,0,0,none,1707,1,0,0,0,0,0,0,0,0,0,-1,0
1,1403715979.134058,1403715979134057984,1403715979.134058,1403715979.134058,1852,1708,pool_not_mature,1,0,0,0,0.27587219396912716,-0.6799485440841575,0.64307652130860671,-9.293770787407329,-0.42624344382690627,3.1070582986185715,9.8086528225483534,21,21,2,2,14099302.746078674,none,17070,85.349999904632568,0.0011456172228962243,0.012504779526675924,disabled,disabled,0,0,0,0,-1,-1,0,0,0,0,0,0,72,72,1,0,0,0,none,1708,1,0,0,0,0,0,0,0,0,0,-1,0
1,1403715979.1840582,1403715979184058112,1403715979.1840582,1403715979.1840582,1853,1709,pool_not_mature,1,0,0,0,0.32304967223171538,-0.66193792686941744,0.65718205231774329,-9.3304642219368663,-0.40377349792732858,2.9869762403152098,9.8052344538353591,23,23,3,2,15489256.05835834,none,17080,85.400000095367432,0.00016889105288061542,0.0024078237492404508,disabled,disabled,0,0,0,0,-1,-1,0,0,0,0,0,0,72,72,1,0,0,0,none,1709,1,0,0,0,0,0,0,0,0,0,-1,0
1,1403715979.2340581,1403715979234058240,1403715979.2340581,1403715979.2340581,1854,1710,confirming_observer_health,1,0,0,0,0.33787713769102912,-0.63706194451643672,0.65131394044972857,-9.3937201940801316,-0.35196471459334833,2.7926674352389602,9.8063678112149049,24,22,4,2,17281828.025315158,none,17090,85.450000047683716,0.00025986707471609117,0.00068762360207615418,disabled,disabled,0,0,0,0,-1,-1,0,0,0,0,0,0,54,54,1,0,0,0,none,1710,1,0,0,0,0,0,0,0,0,0,-1,0
1,1403715979.2840581,1403715979284058112,1403715979.2840581,1403715979.2840581,1855,1711,confirming_observer_health,1,0,0,0,0.34157304256933052,-0.61849972835494593,0.65781909659356741,-9.4582740054895709,-0.34907775519816142,2.5810022748992583,9.8103198309295223,24,19,5,2,19582190.593980879,none,17100,85.5,0.00068706289565309488,0.0076494308726553139,disabled,disabled,0,0,0,0,-1,-1,0,0,0,0,0,0,72,72,1,0,0,0,none,1711,1,0,0,0,0,0,0,0,0,0,-1,0
1,1403715979.334058,1403715979334057984,1403715979.334058,1403715979.334058,1856,1712,thin_observations_state_preserved_not_ready,1,0,0,0,0.30636799763564015,-0.59832015851474296,0.63914244023006572,-9.4963296502753032,-0.46825439037533884,2.4305102737183852,9.8136088770367369,22,13,0,2,19665675.272576366,none,17110,85.549999952316284,0.00054012872552082741,0.0058033916789718048,disabled,disabled,0,0,0,0,-1,-1,0,0,0,0,0,0,72,72,1,0,0,0,none,1712,1,0,0,0,0,0,0,0,0,0,-1,0
1,1403715979.3840582,1403715979384058112,1403715979.3840582,1403715979.3840582,1857,1713,pool_not_mature,1,0,0,0,0.30758221439866595,-0.58197485911327795,0.61194925855595583,-9.5129319277084203,-0.60070617244275637,2.3430026005008608,9.8156193361793971,26,18,1,2,18606458.682828709,none,17120,85.600000143051147,0.00019914266961926352,0.0026251736127434204,disabled,disabled,0,0,0,0,-1,-1,0,0,0,0,0,0,72,72,1,0,0,0,none,1713,1,0,0,0,0,0,0,0,0,0,-1,0
1,1403715979.4340582,1403715979434058240,1403715979.4340582,1403715979.4340582,1858,1714,pool_not_mature,1,0,0,0,0.28542088261624809,-0.57515002718894714,0.56579727465897878,-9.5053954032514447,-0.76332711337766912,2.3443565755256754,9.8199398067086783,23,22,2,2,15907429.004844317,none,17130,85.650000095367432,0.00053980580720399361,0.0056954440091462558,disabled,disabled,0,0,0,0,-1,-1,0,0,0,0,0,0,72,72,1,0,0,0,none,1714,1,0,0,0,0,0,0,0,0,0,-1,0
1,1403715979.4840581,1403715979484058112,1403715979.4840581,1403715979.4840581,1859,1715,pool_not_mature,1,0,0,0,0.29831900415839213,-0.58618071460575971,0.52796696181551139,-9.4928306263816662,-0.88789121690407724,2.3659106157813627,9.8234269558078395,22,22,3,2,17029573.889957841,none,17140,85.700000047683716,4.3214312395310402e-05,0.00024179901297324813,disabled,disabled,0,0,0,0,-1,-1,0,0,0,0,0,0,11,42,1,0,0,0,none,1715,1,0,0,0,0,0,0,0,0,0,-1,0
1,1403715979.5340581,1403715979534057984,1403715979.5340581,1403715979.5340581,1860,1716,confirming_observer_health,1,0,0,0,0.29847111758461897,-0.6096265159349431,0.50134339793132887,-9.4778591593828683,-0.98472945527252531,2.4022722939949368,9.8270249068410696,22,20,4,2,19033070.690982562,none,17150,85.75,0.00033353303442227531,0.0020395754683423858,disabled,disabled,0,0,0,0,-1,-1,0,0,0,0,0,0,72,72,1,0,0,0,none,1716,1,0,0,0,0,0,0,0,0,0,-1,0
1,1403715979.5840583,1403715979584058368,1403715979.5840583,1403715979.5840583,1861,1717,confirming_observer_health,1,0,0,0,0.30315133050379633,-0.63286386457899202,0.47498751384094501,-9.4601453749064568,-1.0215725065220025,2.4642994671449383,9.8290758855660751,27,24,5,2,21102786.935348365,none,17160,85.800000190734863,0.00083895567031654246,0.0095452578033238811,disabled,disabled,0,0,0,0,-1,-1,0,0,0,0,0,0,72,72,1,0,0,0,none,1717,1,0,0,0,0,0,0,0,0,0,-1,0
1,1403715979.634058,1403715979634057984,1403715979.634058,1403715979.634058,1862,1718,confirming_observer_health,1,0,0,0,0.31725836621066233,-0.67073901959651505,0.46480691288136761,-9.4418834248317776,-1.0555958918110524,2.5263263292173188,9.8308580508833554,26,24,6,2,21495738.508077357,none,17170,85.849999904632568,0.00059785884346498063,0.0083411159570757273,disabled,disabled,0,0,0,0,-1,-1,0,0,0,0,0,0,72,72,1,0,0,0,none,1718,1,0,0,0,0,0,0,0,0,0,-1,0
1,1403715979.6840582,1403715979684058112,1403715979.6840582,1403715979.6840582,1863,1719,confirming_observer_health,1,0,0,0,0.33006076830987674,-0.70144598237980627,0.44443527386551507,-9.4280573961666239,-1.0562233893864936,2.579351808493263,9.8314256273277447,28,24,7,2,22622281.122052141,none,17180,85.900000095367432,0.00037994113499704079,0.0015143422576252511,disabled,disabled,0,0,0,0,-1,-1,0,0,0,0,0,0,72,72,1,0,0,0,none,1719,1,0,0,0,0,0,0,0,0,0,-1,0
1,1403715979.7340581,1403715979734058240,1403715979.7340581,1403715979.7340581,1864,1720,confirming_observer_health,1,0,0,0,0.33784552893487213,-0.74133240157859204,0.4251556823791719,-9.4237924271938951,-1.0808625563836172,2.5766499342117268,9.8293057974661888,30,24,8,2,23895544.311805852,none,17190,85.950000047683716,0.0031236767790314727,0.019355925239540332,disabled,disabled,0,0,0,0,-1,-1,0,0,0,0,0,0,72,72,1,0,0,0,none,1720,1,0,0,0,0,0,0,0,0,0,0.99999499997656016,1
1,1403715979.7840581,1403715979784058112,1403715979.7840581,1403715979.7840581,1865,1721,pool_not_mature,1,0,0,0,0.34480249032986426,-0.78304455248829341,0.39251994714692789,-9.4277092969359391,-1.0860076576952953,2.5450444879938288,9.8253939700132609,30,22,9,2,23280097.204450052,none,17200,86,0.00011944094593144958,0.0013101795886736047,disabled,disabled,0,0,0,0,-1,-1,0,0,0,0,0,0,54,54,1,0,0,0,none,1721,1,0,0,0,0,0,0,0,0,0,-1,0
1,1403715979.834058,1403715979834057984,1403715979.834058,1403715979.834058,1866,1722,pool_not_mature,1,0,0,0,0.34116180178162037,-0.84602877800582188,0.36160885605225196,-9.437925593457928,-1.0968858500055956,2.4933619429786553,9.8231589549535929,28,16,10,2,23481997.049007066,none,17210,86.049999952316284,0.0006932721422428117,0.010843680355532887,disabled,disabled,0,0,0,0,-1,-1,0,0,0,0,0,0,72,72,1,0,0,0,none,1722,1,0,0,0,0,0,0,0,0,0,-1,0
1,1403715979.8840582,1403715979884058112,1403715979.8840582,1403715979.8840582,1867,1723,pool_not_mature,1,0,0,0,0.35531187140568216,-0.89642328726963716,0.33692732887296323,-9.4566285501376939,-1.0804268029983015,2.4240892126793376,9.8219832072216864,30,22,11,2,19814810.23806145,none,17220,86.100000143051147,0.0004252056445546963,0.005419189849167361,disabled,disabled,0,0,0,0,-1,-1,0,0,0,0,0,0,72,72,1,0,0,0,none,1723,1,0,0,0,0,0,0,0,0,0,-1,0
1,1403715979.9340582,1403715979934058240,1403715979.9340582,1403715979.9340582,1868,1724,pool_not_mature,1,0,0,0,0.35883823970369155,-0.96003840576624155,0.31441059609197752,-9.4640254063889149,-1.1013350493000402,2.3544063789413459,9.8144763070064656,30,25,12,2,15871142.316540785,none,17230,86.150000095367432,0.00078465001017359657,0.0025563953902271812,disabled,disabled,0,0,0,0,-1,-1,0,0,0,0,0,0,72,72,1,0,0,0,none,1724,1,0,0,0,0,0,0,0,0,0,-1,0
1,1403715979.9840581,1403715979984058112,1403715979.9840581,1403715979.9840581,1869,1725,pool_not_mature,1,0,0,0,0.3685747976780544,-1.0241662480702833,0.29991381042629128,-9.480163605247462,-1.1120229290819605,2.2723879951042769,9.8119235717241811,30,25,13,2,17730747.337940566,none,17240,86.200000047683716,0.00072031019840170679,0.0060927754858505117,disabled,disabled,0,0,0,0,-1,-1,0,0,0,0,0,0,72,72,1,0,0,0,none,1725,1,0,0,0,0,0,0,0,0,0,-1,0
1,1403715980.0340581,1403715980034057984,1403715980.0340581,1403715980.0340581,1870,1726,pool_not_mature,1,0,0,0,0.36534678882641747,-1.0601521501828284,0.30135482370359024,-9.5058995841507983,-1.1060544142893498,2.1976170868635663,9.8191142233809448,30,26,14,2,16311639.02225101,none,17250,86.25,0.0010197887951242123,0.0035127142586597287,disabled,disabled,0,0,0,0,-1,-1,0,0,0,0,0,0,72,72,1,0,0,0,none,1726,1,0,0,0,0,0,0,0,0,0,-1,0
1,1403715980.0840583,1403715980084058368,1403715980.0840583,1403715980.0840583,1871,1727,confirming_observer_health,1,0,0,0,0.36658126180435407,-1.1154938013792999,0.29484660894100762,-9.5133818752738346,-1.1266672334510786,2.1489429745857715,9.8179310278562539,30,23,15,2,18429230.217858993,none,17260,86.300000190734863,0.00042976109358847049,0.0040181591538547955,disabled,disabled,0,0,0,0,-1,-1,0,0,0,0,0,0,54,54,1,0,0,0,none,1727,1,0,0,0,0,0,0,0,0,0,-1,0
1,1403715980.134058,1403715980134057984,1403715980.134058,1403715980.134058,1872,1728,confirming_observer_health,1,0,0,0,0.35970882245723795,-1.1602110646737755,0.2880310352021227,-9.5164684439855716,-1.1456367187093213,2.1192001592110317,9.8166524055519204,30,24,16,2,18748122.800039165,none,17270,86.349999904632568,0.00054294632272982115,0.0047563305791537697,disabled,disabled,0,0,0,0,-1,-1,0,0,0,0,0,0,72,72,1,0,0,0,none,1728,1,0,0,0,0,0,0,0,0,0,-1,0
1,1403715980.1840582,1403715980184058112,1403715980.1840582,1403715980.1840582,1873,1729,confirming_observer_health,1,0,0,0,0.33650763381838933,-1.2195214835572488,0.29863121752765759,-9.5191428083885956,-1.1437438001119444,2.1161893023176206,9.8183749597392325,28,24,17,2,18985948.268661875,none,17280,86.400000095367432,0.00036224723307606176,0.0061170950763804934,disabled,disabled,0,0,0,0,-1,-1,0,0,0,0,0,0,48,48,1,0,0,0,none,1729,1,0,0,0,0,0,0,0,0,0,-1,0
1,1403715980.2340581,1403715980234058240,1403715980.2340581,1403715980.2340581,1874,1730,confirming_observer_health,1,0,0,0,0.32609780888786005,-1.2529116166619048,0.29428776825264152,-9.5213907350475147,-1.0749869302879715,2.1318099684935983,9.8161648402778603,30,27,18,2,19849106.017286107,none,17290,86.450000047683716,0.00034941439515880546,0.0046650064573835644,disabled,disabled,0,0,0,0,-1,-1,0,0,0,0,0,0,66,66,1,0,0,0,none,1730,1,0,0,0,0,0,0,0,0,0,-1,0
1,1403715980.2840581,1403715980284058112,1403715980.2840581,1403715980.2840581,1875,1731,confirming_observer_health,1,0,0,0,0.30536316821926818,-1.2801047093687787,0.30563896037245653,-9.5140718726905806,-0.98392458541935723,2.1997617667131655,9.8145108395073741,30,26,19,2,22030941.176289845,none,17300,86.5,3.9951905201308378e-05,0.0017310488513060018,disabled,disabled,0,0,0,0,-1,-1,0,0,0,0,0,0,51,66,1,0,0,0,none,1731,1,0,0,0,0,0,0,0,0,0,-1,0
1,1403715980.334058,1403715980334057984,1403715980.334058,1403715980.334058,1876,1732,confirming_observer_health,1,1,1,1,0.29169741390852866,-1.3066131464121671,0.32603373929397655,-9.5117575601364859,-0.91962892183370359,2.2646603835362629,9.8207910012098925,30,25,20,2,24098718.511066098,none,17310,86.549999952316284,0.00053168454376218224,0.0052508031815361508,disabled,disabled,0,0,0,0,-1,-1,0,0,0,0,0,0,72,72,1,0,0,0,none,1732,1,0,0,0,0,0,0,0,0,0,-1,0
1,1403715980.3840582,1403715980384058112,1403715980.3840582,1403715980.3840582,1877,1733,confirming_observer_health,1,1,1,1,0.28662639131635387,-1.3054679604458084,0.33824684460211424,-9.5179285362279877,-0.82379017939718979,2.3035199302740623,9.8272986089557754,30,25,21,2,23240069.626442645,none,17320,86.600000143051147,7.5958046734278659e-07,4.8254660123473139e-05,disabled,disabled,0,0,0,0,-1,-1,0,0,0,0,0,0,15,36,1,0,0,0,none,1733,1,0,0,0,0,0,0,0,0,0,-1,0
1,1403715980.4340582,1403715980434058240,1403715980.4340582,1403715980.4340582,1878,1734,confirming_observer_health,1,1,1,1,0.24717238200196215,-1.2858832201280699,0.35568345292449433,-9.5387164447426844,-0.71785521777318906,2.298901277195176,9.8380574611646949,30,22,22,2,23693010.737311903,none,17330,86.650000095367432,0.00017872455445736891,0.00069026100847131085,disabled,disabled,0,0,0,0,-1,-1,0,0,0,0,0,0,66,66,1,0,0,0,none,1734,1,0,0,0,0,0,0,0,0,0,-1,0
1,1403715980.4840581,1403715980484058112,1403715980.4840581,1403715980.4840581,1879,1735,pool_not_mature,1,1,1,1,0.23481827853126744,-1.2750534421063326,0.36003830966127526,-9.5624273045817194,-0.62264017710947117,2.2574067767863339,9.8449775063959279,30,22,23,2,23224976.401221257,none,17340,86.700000047683716,1.1341780755428108e-05,0.00071239412111997764,disabled,disabled,0,0,0,0,-1,-1,0,0,0,0,0,0,44,60,1,0,0,0,none,1735,1,0,0,0,0,0,0,0,0,0,-1,0
1,1403715980.5340581,1403715980534057984,1403715980.5340581,1403715980.5340581,1880,1736,pool_not_mature,1,1,1,1,0.18597768580405197,-1.2640914140747976,0.3677882225491515,-9.5896107954656529,-0.47642079390836428,2.2005788017255323,9.8503887762861133,30,24,24,2,21214285.320056424,none,17350,86.75,0.0002889858641040359,0.0065890239592963562,disabled,disabled,0,0,0,0,-1,-1,0,0,0,0,0,0,72,72,1,0,0,0,none,1736,1,0,0,0,0,0,0,0,0,0,-1,0
1,1403715980.5840583,1403715980584058368,1403715980.5840583,1403715980.5840583,1881,1737,confirming_observer_health,1,1,1,1,0.16331669329713255,-1.2559640730461141,0.37406050034563892,-9.6056721410168429,-0.35900543114100403,2.1760007988414394,9.8555974784309459,30,24,25,2,21478745.401555587,none,17360,86.800000190734863,0.0010833555013860774,0.012398572268989959,disabled,disabled,0,0,0,0,-1,-1,0,0,0,0,0,0,72,72,1,0,0,0,none,1737,1,0,0,0,0,0,0,0,0,0,-1,0
1,1403715980.634058,1403715980634057984,1403715980.634058,1403715980.634058,1882,1738,confirming_observer_health,1,1,1,1,0.13614576120758165,-1.2429098014982052,0.38242736935490146,-9.6103813586367899,-0.27282499987302411,2.1750341524533598,9.8572124306686089,30,26,26,2,20605791.092030365,none,17370,86.849999904632568,0.00088861562170145891,0.011264947652452994,disabled,disabled,0,0,0,0,-1,-1,0,0,0,0,0,0,72,72,1,0,0,0,none,1738,1,0,0,0,0,0,0,0,0,0,-1,0
1,1403715980.6840582,1403715980684058112,1403715980.6840582,1403715980.6840582,1883,1739,pool_not_mature,1,1,1,1,0.12179579893495082,-1.2184116577862141,0.39135229217455908,-9.6106526402581753,-0.20688964838771637,2.1745036851626622,9.8557553629895587,30,22,27,2,20986058.408765133,none,17380,86.900000095367432,7.8564206870934217e-05,0.0018691688848771,disabled,disabled,0,0,0,0,-1,-1,0,0,0,0,0,0,58,72,1,0,0,0,none,1739,1,0,0,0,0,0,0,0,0,0,-1,0
1,1403715980.7340581,1403715980734058240,1403715980.7340581,1403715980.7340581,1884,1740,confirming_observer_health,1,1,1,1,0.090855113685805941,-1.2005484374051854,0.38189608520125595,-9.6063264968219233,-0.14716358385517725,2.1803574759589517,9.8517574374791703,30,21,28,2,22752862.0594607,none,17390,86.950000047683716,0.00024672324823655345,0.0048921422517971816,disabled,disabled,0,0,0,0,-1,-1,0,0,0,0,0,0,72,72,1,0,0,0,none,1740,1,0,0,0,0,0,0,0,0,0,0.99999500000681907,1
1,1403715980.7840581,1403715980784058112,1403715980.7840581,1403715980.7840581,1885,1741,confirming_observer_health,1,1,1,1,0.07674940149661047,-1.1799622699220791,0.38935628608396272,-9.5964988840697352,-0.061285034066638003,2.2149690786375169,9.8489915578536547,30,27,29,2,17172763.363253351,none,17400,87,0.00016275111586373827,0.0033279455037235565,disabled,disabled,0,0,0,0,-1,-1,0,0,0,0,0,0,72,72,1,0,0,0,none,1741,1,0,0,0,0,0,0,0,0,0,-1,0
1,1403715980.834058,1403715980834057984,1403715980.834058,1403715980.834058,1886,1742,confirming_observer_health,1,1,1,1,0.066589537360707163,-1.1613496180627036,0.37694676291928836,-9.583164867855352,-0.0090761011941406181,2.2585882043761019,9.84572759815428,30,26,30,2,17383452.573106639,none,17410,87.049999952316284,0.00035938519117796635,0.0042709751617616802,disabled,disabled,0,0,0,0,-1,-1,0,0,0,0,0,0,72,72,1,0,0,0,none,1742,1,0,0,0,0,0,0,0,0,0,-1,0
1,1403715980.8840582,1403715980884058112,1403715980.8840582,1403715980.8840582,1887,1743,confirming_observer_health,1,1,1,1,0.061195852757513686,-1.143672269973155,0.37002373525381127,-9.5771947884449737,0.060934631719023108,2.2724690968678067,9.8432966449954904,30,27,31,2,19158210.698144276,none,17420,87.100000143051147,0.00046700486081180679,0.0030548618483313295,disabled,disabled,0,0,0,0,-1,-1,0,0,0,0,0,0,72,72,1,0,0,0,none,1743,1,0,0,0,0,0,0,0,0,0,-1,0
1,1403715980.9340582,1403715980934058240,1403715980.9340582,1403715980.9340582,1888,1744,confirming_observer_health,1,1,1,1,0.059189208481857422,-1.1270991462727364,0.35807925761137821,-9.57365260655342,0.10088804371466333,2.277785672153211,9.8414079377189783,30,28,32,2,18846052.467526652,none,17430,87.150000095367432,0.00011873113870833068,0.00088273153191633963,disabled,disabled,0,0,0,0,-1,-1,0,0,0,0,0,0,72,72,1,0,0,0,none,1744,1,0,0,0,0,0,0,0,0,0,-1,0
1,1403715980.9840581,1403715980984058112,1403715980.9840581,1403715980.9840581,1889,1745,confirming_observer_health,1,1,1,1,0.059961316584451189,-1.108523743244511,0.33862101432506547,-9.575744991215327,0.14475223286207659,2.247684723386449,9.8370692770483625,30,26,33,2,21297455.597675961,none,17440,87.200000047683716,0.00014647550004047127,0.0040004021140057919,disabled,disabled,0,0,0,0,-1,-1,0,0,0,0,0,0,72,72,1,0,0,0,none,1745,1,0,0,0,0,0,0,0,0,0,-1,0
1,1403715981.0340581,1403715981034057984,1403715981.0340581,1403715981.0340581,1890,1746,confirming_observer_health,1,1,1,1,0.056535632327629905,-1.0721223472247441,0.33232442624989811,-9.5837742614256225,0.19895612316029321,2.2041311025126213,9.8359802028049401,30,20,34,2,23187396.85973626,none,17450,87.25,0.00027586403426838209,0.0086679372213022514,disabled,disabled,0,0,0,0,-1,-1,0,0,0,0,0,0,72,72,1,0,0,0,none,1746,1,0,0,0,0,0,0,0,0,0,-1,0
1,1403715981.0840583,1403715981084058368,1403715981.0840583,1403715981.0840583,1891,1747,confirming_observer_health,1,1,1,1,0.047130269498645419,-1.0434121123509847,0.3256471880209435,-9.5946954092796588,0.24240455268423197,2.1431832200769145,9.8341331228956559,30,23,35,2,23490329.918564126,none,17460,87.300000190734863,0.00022008630672784579,0.0041926811643978861,disabled,disabled,0,0,0,0,-1,-1,0,0,0,0,0,0,72,72,1,0,0,0,none,1747,1,0,0,0,0,0,0,0,0,0,-1,0
1,1403715981.134058,1403715981134057984,1403715981.134058,1403715981.134058,1892,1748,confirming_observer_health,1,1,1,1,0.035437984809239181,-1.001643114870624,0.31519801729658764,-9.5999969291835896,0.27655337910125688,2.0975260613532272,9.8303630853535946,28,26,36,2,18339627.644342411,none,17470,87.349999904632568,0.00023957612481179461,0.0016229636517748763,disabled,disabled,0,0,0,0,-1,-1,0,0,0,0,0,0,60,60,1,0,0,0,none,1748,1,0,0,0,0,0,0,0,0,0,-1,0
1,1403715981.1840582,1403715981184058112,1403715981.1840582,1403715981.1840582,1893,1749,confirming_observer_health,1,1,1,1,0.042280561076044519,-0.96764548855585564,0.28325498038834707,-9.6056906698933986,0.2363579826183887,2.0438750944872055,9.8235728603950214,28,23,37,2,21105075.625958171,none,17480,87.400000095367432,0.000447182903785024,0.0089466059973241016,disabled,disabled,0,0,0,0,-1,-1,0,0,0,0,0,0,72,72,1,0,0,0,none,1749,1,0,0,0,0,0,0,0,0,0,-1,0
1,1403715981.2340581,1403715981234058240,1403715981.2340581,1403715981.2340581,1894,1750,confirming_observer_health,1,1,1,1,0.052268697345194806,-0.95321493738112917,0.2617158629758814,-9.6088000066143469,0.2400895740050133,2.0138136545827972,9.820495201670937,28,18,38,2,21672915.199858695,none,17490,87.450000047683716,0.00090429252223680502,0.004615782426406821,disabled,disabled,0,0,0,0,-1,-1,0,0,0,0,0,0,72,72,1,0,0,0,none,1750,1,0,0,0,0,0,0,0,0,0,-1,0
1,1403715981.2840581,1403715981284058112,1403715981.2840581,1403715981.2840581,1895,1751,confirming_observer_health,1,1,1,1,0.054198312418084107,-0.92426727572402223,0.23755758188908629,-9.6118337303828447,0.25276950626660655,1.9887078273698551,9.8186658414708159,25,17,39,2,20565888.142022446,none,17500,87.5,0.00010223923934805053,0.00066176408867327176,disabled,disabled,0,0,0,0,-1,-1,0,0,0,0,0,0,12,24,1,0,0,0,none,1751,1,0,0,0,0,0,0,0,0,0,-1,0
1,1403715981.334058,1403715981334057984,1403715981.334058,1403715981.334058,1896,1752,pool_not_mature,1,1,1,1,0.068799799519357524,-0.89329474835188161,0.22006658398864137,-9.6133234489757644,0.25051313601753739,1.9572534736008795,9.813744735108374,21,17,40,2,18038639.842299212,none,17510,87.549999952316284,0.00011283031948925539,0.002278515044034896,disabled,disabled,0,0,0,0,-1,-1,0,0,0,0,0,0,72,72,1,0,0,0,none,1752,1,0,0,0,0,0,0,0,0,0,-1,0
1,1403715981.3840582,1403715981384058112,1403715981.3840582,1403715981.3840582,1897,1753,pool_not_mature,1,1,1,1,0.060689868582835128,-0.86960873349861145,0.19373323157243333,-9.6166359126799748,0.27417028142405819,1.9259552328025622,9.8114300272193731,23,19,41,2,18429042.873454943,none,17520,87.600000143051147,0.00029751194191643751,0.0023275995695805308,disabled,disabled,0,0,0,0,-1,-1,0,0,0,0,0,0,54,54,1,0,0,0,none,1753,1,0,0,0,0,0,0,0,0,0,-1,0
1,1403715981.4340582,1403715981434058240,1403715981.4340582,1403715981.4340582,1898,1754,pool_not_mature,1,1,1,1,0.056571437426937904,-0.84726382974430159,0.15508095927271634,-9.6282076812183384,0.28606307786516927,1.8788794669406406,9.8139901818007065,24,17,42,2,19303452.977885414,none,17530,87.650000095367432,0.0002491433442450055,0.0055452632299695416,disabled,disabled,0,0,0,0,-1,-1,0,0,0,0,0,0,72,72,1,0,0,0,none,1754,1,0,0,0,0,0,0,0,0,0,-1,0
1,1403715981.4840581,1403715981484058112,1403715981.4840581,1403715981.4840581,1899,1755,pool_not_mature,1,1,1,1,0.074588025523059806,-0.83590953188987815,0.12013383812421778,-9.6407117968070359,0.32168448755941415,1.8112841740584007,9.8146602191734136,24,16,43,2,19718912.969351113,none,17540,87.700000047683716,0.00057716649882394737,0.0057521425941286846,disabled,disabled,0,0,0,0,-1,-1,0,0,0,0,0,0,72,72,1,0,0,0,none,1755,1,0,0,0,0,0,0,0,0,0,-1,0
1,1403715981.5340581,1403715981534057984,1403715981.5340581,1403715981.5340581,1900,1756,pool_not_mature,1,1,1,1,0.073169599929448936,-0.80577965619719849,0.080660027292768555,-9.6614249830562251,0.32850297463338962,1.7004637240951841,9.8154278452102961,21,17,44,2,17334824.922026169,none,17550,87.75,6.6107406095172134e-05,0.0017915407328512661,disabled,disabled,0,0,0,0,-1,-1,0,0,0,0,0,0,72,72,1,0,0,0,none,1756,1,0,0,0,0,0,0,0,0,0,-1,0
1,1403715981.5840583,1403715981584058368,1403715981.5840583,1403715981.5840583,1901,1757,confirming_observer_health,1,1,1,1,0.065733272541888016,-0.78529645858360642,0.035270555449038413,-9.6843420070825719,0.31512766561783501,1.5804891900260174,9.8175216646346612,22,20,45,2,15194520.905706231,none,17560,87.800000190734863,0.0008521152246377952,0.019486222524211561,disabled,disabled,0,0,0,0,-1,-1,0,0,0,0,0,0,72,72,1,0,0,0,none,1757,1,0,0,0,0,0,0,0,0,0,-1,0
1,1403715981.634058,1403715981634057984,1403715981.634058,1403715981.634058,1902,1758,confirming_observer_health,1,1,1,1,0.059407262813593556,-0.76452413604574132,-0.016670256971150137,-9.7008691892730159,0.27031457141019571,1.4964060217864781,9.8193260449453454,21,20,46,2,16645217.5391092,none,17570,87.849999904632568,0,0,disabled,disabled,0,0,0,0,-1,-1,0,0,0,0,0,0,0,0,0,0,0,0,none,1758,1,0,0,0,0,0,0,0,0,0,-1,0
1,1403715981.6840582,1403715981684058112,1403715981.6840582,1403715981.6840582,1903,1759,pool_not_mature,1,1,1,1,0.046006409000286727,-0.75832713292246556,-0.070490602131785957,-9.7093891591142345,0.19925279218038991,1.4500834142259862,9.8190977908629673,22,20,47,2,18313682.674424931,none,17580,87.900000095367432,0.00051823854863989043,0.0021765741798839256,disabled,disabled,0,0,0,0,-1,-1,0,0,0,0,0,0,48,54,1,0,0,0,none,1759,1,0,0,0,0,0,0,0,0,0,-1,0
1,1403715981.7340581,1403715981734058240,1403715981.7340581,1403715981.7340581,1904,1760,pool_not_mature,1,1,1,1,0.01102689271092659,-0.76349083233945425,-0.12771368243783474,-9.704577900293069,0.096851179215222002,1.4825527087445021,9.817646098122383,26,20,48,2,21075197.238884658,none,17590,87.950000047683716,0.00041729162412607631,0.0082140456503693969,disabled,disabled,0,0,0,0,-1,-1,0,0,0,0,0,0,72,72,1,0,0,0,none,1760,1,0,0,0,0,0,0,0,0,0,0.99999499998457619,1
1,1403715981.7840581,1403715981784058112,1403715981.7840581,1403715981.7840581,1905,1761,pool_not_mature,1,1,1,1,-0.019732913862232394,-0.7663347324515517,-0.18971782649131055,-9.6797735908346763,0.026858080886594717,1.6199399223839945,9.8144252749951075,24,20,49,2,21454571.456131276,none,17600,88,2.6331275214682304e-05,0.0004685889133554473,disabled,disabled,0,0,0,0,-1,-1,0,0,0,0,0,0,25,42,1,0,0,0,none,1761,1,0,0,0,0,0,0,0,0,0,-1,0
1,1403715981.834058,1403715981834057984,1403715981.834058,1403715981.834058,1906,1762,confirming_observer_health,1,1,1,1,-0.027219316029375922,-0.78832342749941575,-0.23470723179005487,-9.6285064048795448,-0.042236817540845614,1.883025960943131,9.8109992512051587,24,24,50,2,17904423.825368263,none,17610,88.049999952316284,0.00032320146901811928,0.0085705052351026899,disabled,disabled,0,0,0,0,-1,-1,0,0,0,0,0,0,72,72,1,0,0,0,none,1762,1,0,0,0,0,0,0,0,0,0,-1,0
1,1403715981.8840582,1403715981884058112,1403715981.8840582,1403715981.8840582,1907,1763,confirming_observer_health,1,1,1,1,-0.038328278402744116,-0.80667211696480667,-0.25905055639878299,-9.5732737659539584,-0.096038584673432306,2.125929519529679,9.8069552017767503,30,29,51,2,20310688.432849377,none,17620,88.100000143051147,0.0002460304529984899,0.0047174088843016651,disabled,disabled,0,0,0,0,-1,-1,0,0,0,0,0,0,72,72,1,0,0,0,none,1763,1,0,0,0,0,0,0,0,0,0,-1,0
1,1403715981.9340582,1403715981934058240,1403715981.9340582,1403715981.9340582,1908,1764,confirming_observer_health,1,1,1,1,-0.030719036683975003,-0.83545910807620716,-0.27749084414623509,-9.5233542430439986,-0.12514001489320548,2.3240345729272751,9.8036254905005862,30,24,52,2,23769875.54622481,none,17630,88.150000095367432,0.0013291026445166156,0.010978788856015312,disabled,disabled,0,0,0,0,-1,-1,0,0,0,0,0,0,72,72,1,0,0,0,none,1764,1,0,0,0,0,0,0,0,0,0,-1,0
1,1403715981.9840581,1403715981984058112,1403715981.9840581,1403715981.9840581,1909,1765,pool_not_mature,1,1,1,1,-0.020843415811419647,-0.85740497405474636,-0.2886829931003777,-9.48976357803671,-0.17585775283614899,2.4465061018735139,9.8016289882227756,30,20,53,2,26017051.257152185,none,17640,88.200000047683716,0.00036988998141564123,0.0078538198876112898,disabled,disabled,0,0,0,0,-1,-1,0,0,0,0,0,0,72,72,1,0,0,0,none,1765,1,0,0,0,0,0,0,0,0,0,-1,0
1,1403715982.0340581,1403715982034057984,1403715982.0340581,1403715982.0340581,1910,1766,confirming_observer_health,1,1,1,1,-0.014463148672912022,-0.88398541931647956,-0.29007723623786369,-9.4607868002395161,-0.19837052040004297,2.5427598428095934,9.7985440429257196,30,24,54,2,23195754.899874266,none,17650,88.25,5.1039945610524098e-05,0.0012016438452501217,disabled,disabled,0,0,0,0,-1,-1,0,0,0,0,0,0,72,72,1,0,0,0,none,1766,1,0,0,0,0,0,0,0,0,0,-1,0
1,1403715982.0840583,1403715982084058368,1403715982.0840583,1403715982.0840583,1911,1767,confirming_observer_health,1,1,1,1,-0.00035680496112056471,-0.90557552064721991,-0.29246341430900152,-9.4439855779738533,-0.21824449288121231,2.5901174571392027,9.7951622088369916,30,29,55,2,18814524.389731284,none,17660,88.300000190734863,7.4931782636048042e-05,0.0018746122547354731,disabled,disabled,0,0,0,0,-1,-1,0,0,0,0,0,0,48,72,1,0,0,0,none,1767,1,0,0,0,0,0,0,0,0,0,-1,0
1,1403715982.134058,1403715982134057984,1403715982.134058,1403715982.134058,1912,1768,confirming_observer_health,1,1,1,1,-0.003332457565857776,-0.9268823185642332,-0.29017463366710256,-9.4326233040148288,-0.23637601350358281,2.6230261359660769,9.7933917579745895,30,29,56,2,20203023.213421643,none,17670,88.349999904632568,0.00082237288544431025,0.0085447931325443958,disabled,disabled,0,0,0,0,-1,-1,0,0,0,0,0,0,72,72,1,0,0,0,none,1768,1,0,0,0,0,0,0,0,0,0,-1,0
1,1403715982.1840582,1403715982184058112,1403715982.1840582,1403715982.1840582,1913,1769,confirming_observer_health,1,1,1,1,0.0091767037768178995,-0.94884159775006383,-0.30534218786600048,-9.4280893944618711,-0.25714743072696461,2.630301155415161,9.7915003242236693,30,28,57,2,22163552.475258391,none,17680,88.400000095367432,0.00065125246956834781,0.0028083024283774168,disabled,disabled,0,0,0,0,-1,-1,0,0,0,0,0,0,72,72,1,0,0,0,none,1769,1,0,0,0,0,0,0,0,0,0,-1,0
1,1403715982.2340581,1403715982234058240,1403715982.2340581,1403715982.2340581,1914,1770,confirming_observer_health,1,1,1,1,0.020569831583320663,-0.97781564752554384,-0.29563947053161532,-9.424210221773631,-0.26844599112707446,2.6406194797849558,9.7908463776812766,30,20,58,2,23770960.031665951,none,17690,88.450000047683716,0.00045850449372338627,0.0092098238985656479,disabled,disabled,0,0,0,0,-1,-1,0,0,0,0,0,0,54,54,1,0,0,0,none,1770,1,0,0,0,0,0,0,0,0,0,-1,0
1,1403715982.2840581,1403715982284058112,1403715982.2840581,1403715982.2840581,1915,1771,confirming_observer_health,1,1,1,1,0.020855353834708493,-1.0069578487484554,-0.28713767371985399,-9.4170571539798402,-0.25093081425774355,2.6713819992940318,9.7918442339029834,30,20,59,2,25755896.917499039,none,17700,88.5,0.00057661496475302891,0.0075716520974181186,disabled,disabled,0,0,0,0,-1,-1,0,0,0,0,0,0,72,72,1,0,0,0,none,1771,1,0,0,0,0,0,0,0,0,0,-1,0
1,1403715982.334058,1403715982334057984,1403715982.334058,1403715982.334058,1916,1772,confirming_observer_health,1,1,1,1,0.018431259909048998,-1.0320789886423243,-0.27362208157668733,-9.4178355940055241,-0.26155086846915276,2.6827050543124238,9.7959656257536842,30,29,60,2,17402216.737947434,none,17710,88.549999952316284,0.00035556691596739929,0.0040441102229961936,disabled,disabled,0,0,0,0,-1,-1,0,0,0,0,0,0,72,72,1,0,0,0,none,1772,1,0,0,0,0,0,0,0,0,0,-1,0
1,1403715982.3840582,1403715982384058112,1403715982.3840582,1403715982.3840582,1917,1773,confirming_observer_health,1,1,1,1,0.015589757420131981,-1.0495703628100217,-0.26424544505719633,-9.4175464826946289,-0.24004478068046364,2.6975481024035379,9.7992126732318052,30,29,61,2,19330267.799120594,none,17720,88.600000143051147,0.00049392148761671678,0.0040650553888894516,disabled,disabled,0,0,0,0,-1,-1,0,0,0,0,0,0,72,72,1,0,0,0,none,1773,1,0,0,0,0,0,0,0,0,0,-1,0
1,1403715982.4340582,1403715982434058240,1403715982.4340582,1403715982.4340582,1918,1774,confirming_observer_health,1,1,1,1,0.008001086435064142,-1.074276685488021,-0.25989897321327454,-9.4205254919426746,-0.24619909965635026,2.6993191012612652,9.8027158558966345,30,28,62,2,21658327.520615444,none,17730,88.650000095367432,0.00047257758554899147,0.0013768617965207001,disabled,disabled,0,0,0,0,-1,-1,0,0,0,0,0,0,72,72,1,0,0,0,none,1774,1,0,0,0,0,0,0,0,0,0,-1,0
1,1403715982.4840581,1403715982484058112,1403715982.4840581,1403715982.4840581,1919,1775,confirming_observer_health,1,1,1,1,0.0037238099898955082,-1.0910833565950142,-0.25672407220747329,-9.4173636409444672,-0.24563384883724865,2.7147052294950513,9.8039124035522285,30,24,63,2,23220062.076564122,none,17740,88.700000047683716,0.00048601403696901606,0.0099083430606663695,disabled,disabled,0,0,0,0,-1,-1,0,0,0,0,0,0,72,72,1,0,0,0,none,1775,1,0,0,0,0,0,0,0,0,0,-1,0
1,1403715982.5340581,1403715982534057984,1403715982.5340581,1403715982.5340581,1920,1776,confirming_observer_health,1,1,1,1,0.0062302543285672725,-1.1189721580886645,-0.24900615785911576,-9.4176409145826838,-0.28212712001259987,2.7034408109087598,9.8020481699466977,30,22,64,2,25065559.237891451,none,17750,88.75,0.00050127169066095764,0.002526242322061572,disabled,disabled,0,0,0,0,-1,-1,0,0,0,0,0,0,72,72,1,0,0,0,none,1776,1,0,0,0,0,0,0,0,0,0,-1,0
1,1403715982.5840583,1403715982584058368,1403715982.5840583,1403715982.5840583,1921,1777,confirming_observer_health,1,1,1,1,0.018793530121639115,-1.1492838196688957,-0.23844666453682514,-9.4135246738550347,-0.28992973390785204,2.7034260555035687,9.7983171245605742,30,25,65,2,22042382.495323546,none,17760,88.800000190734863,0.00027552224064611149,0.0058290668193826372,disabled,disabled,0,0,0,0,-1,-1,0,0,0,0,0,0,72,72,1,0,0,0,none,1777,1,0,0,0,0,0,0,0,0,0,-1,0
1,1403715982.634058,1403715982634057984,1403715982.634058,1403715982.634058,1922,1778,confirming_observer_health,1,1,1,1,0.027720093049127585,-1.1816515995322199,-0.21660295515156608,-9.4107529943288597,-0.29896159224812313,2.6911162739509695,9.7925357672991353,30,27,66,2,21238177.026836343,none,17770,88.849999904632568,2.2317516084706095e-05,0.00012331026081730605,disabled,disabled,0,0,0,0,-1,-1,0,0,0,0,0,0,13,48,1,0,0,0,none,1778,1,0,0,0,0,0,0,0,0,0,-1,0
1,1403715982.6840582,1403715982684058112,1403715982.6840582,1403715982.6840582,1923,1779,confirming_observer_health,1,1,1,1,0.031718254360247465,-1.1985766452600097,-0.17850107164181073,-9.4058437947883444,-0.28502105372034398,2.7004501830841248,9.7899727111132098,30,26,67,2,21773437.329376593,none,17780,88.900000095367432,0.00045121423144751975,0.0060957424164331296,disabled,disabled,0,0,0,0,-1,-1,0,0,0,0,0,0,72,72,1,0,0,0,none,1779,1,0,0,0,0,0,0,0,0,0,-1,0
1,1403715982.7340581,1403715982734058240,1403715982.7340581,1403715982.7340581,1924,1780,confirming_observer_health,1,1,1,1,0.029176430008199083,-1.2273006658618857,-0.16224596781068801,-9.4026885947632852,-0.2760456207322336,2.7079773595873178,9.7887637306686752,30,25,68,2,24115736.277094055,none,17790,88.950000047683716,0.00031517413897277354,0.0054821259799676366,disabled,disabled,0,0,0,0,-1,-1,0,0,0,0,0,0,72,72,1,0,0,0,none,1780,1,0,0,0,0,0,0,0,0,0,0.99999499993808305,1
1,1403715982.7840581,1403715982784058112,1403715982.7840581,1403715982.7840581,1925,1781,confirming_observer_health,1,1,1,1,0.036264467234088688,-1.2402844850703205,-0.14072038225375119,-9.4015556911549805,-0.27491255351702581,2.7102641326296171,9.788276558955026,30,27,69,2,23718034.764490403,none,17800,89,0.00021731717385196306,0.0019519670852805654,disabled,disabled,0,0,0,0,-1,-1,0,0,0,0,0,0,72,72,1,0,0,0,none,1781,1,0,0,0,0,0,0,0,0,0,-1,0
1,1403715982.834058,1403715982834057984,1403715982.834058,1403715982.834058,1926,1782,confirming_observer_health,1,1,1,1,0.046592627693684496,-1.2563904407389508,-0.14281537786285661,-9.4005018542320364,-0.2558921461426325,2.7114573924185903,9.7870790889201906,30,27,70,2,23895438.294046097,none,17810,89.049999952316284,0.00012252977395082052,0.0037970207197313938,disabled,disabled,0,0,0,0,-1,-1,0,0,0,0,0,0,72,72,1,0,0,0,none,1782,1,0,0,0,0,0,0,0,0,0,-1,0
1,1403715982.8840582,1403715982884058112,1403715982.8840582,1403715982.8840582,1927,1783,confirming_observer_health,1,1,1,1,0.056378247955063264,-1.2798465001764283,-0.12667102543673903,-9.3992279510862531,-0.27413440388461446,2.727455882458246,9.7907942138843023,30,25,71,2,25587269.436191354,none,17820,89.100000143051147,0.00017922676044761324,0.010519337571430629,disabled,disabled,0,0,0,0,-1,-1,0,0,0,0,0,0,72,72,1,0,0,0,none,1783,1,0,0,0,0,0,0,0,0,0,-1,0
1,1403715982.9340582,1403715982934058240,1403715982.9340582,1403715982.9340582,1928,1784,confirming_observer_health,1,1,1,1,0.056785854962306641,-1.2957696714258786,-0.10386310081596672,-9.3967327345283884,-0.30911152603407244,2.7548295465927963,9.7971027273610414,30,24,72,2,25321267.466571447,none,17830,89.150000095367432,0.00029257380237491729,0.0034804604719070277,disabled,disabled,0,0,0,0,-1,-1,0,0,0,0,0,0,72,72,1,0,0,0,none,1784,1,0,0,0,0,0,0,0,0,0,-1,0
1,1403715982.9840581,1403715982984058112,1403715982.9840581,1403715982.9840581,1929,1785,ready,1,1,1,1,0.043913718336245654,-1.3108018834802839,-0.061868783904874131,-9.4046084368613521,-0.28789021309730256,2.7540658588954181,9.8037961719231141,30,26,73,2,23851163.37118933,none,17840,89.200000047683716,6.0730725511050959e-05,0.0016249228945423037,disabled,disabled,0,0,0,0,-1,-1,0,0,0,0,0,0,72,72,1,0,0,0,none,1785,1,0,0,0,0,0,0,0,0,0,-1,0
1,1403715983.0340581,1403715983034057984,1403715983.0340581,1403715983.0340581,1930,1786,ready,1,1,1,1,0.024467697107525836,-1.3125545351179995,-0.035385968759674702,-9.4122380345452914,-0.26424837503088433,2.7539281311761297,9.810411417179747,30,24,74,2,24034463.052657146,none,17850,89.25,0.00081188909965339219,0.0044010959457214983,disabled,disabled,0,0,0,0,-1,-1,0,0,0,0,0,0,66,66,1,0,0,0,none,1786,1,0,0,0,0,0,0,0,0,0,-1,0
1,1403715983.0840583,1403715983084058368,1403715983.0840583,1403715983.0840583,1931,1787,ready,1,1,1,1,0.02977421224111847,-1.3210054894380838,-0.01253948656219904,-9.4120832988308969,-0.25611290830165451,2.7552052236055364,9.8104057851912252,30,20,75,2,26078429.500384614,none,17860,89.300000190734863,0.00022508129175437703,0.0012418250151392046,disabled,disabled,0,0,0,0,-1,-1,0,0,0,0,0,0,72,72,1,0,0,0,none,1787,1,0,0,0,0,0,0,0,0,0,-1,0
1,1403715983.134058,1403715983134057984,1403715983.134058,1403715983.134058,1932,1788,pool_not_mature,1,1,1,1,0.038440484102618723,-1.3256026054871246,0.018647366978699186,-9.4132536295077855,-0.22307379577818345,2.7604606104941256,9.8121989683196897,30,22,76,2,21254424.833949663,none,17870,89.349999904632568,0.00030614009893528476,0.0038031452444971438,disabled,disabled,0,0,0,0,-1,-1,0,0,0,0,0,0,72,72,1,0,0,0,none,1788,1,0,0,0,0,0,0,0,0,0,-1,0
1,1403715983.1840582,1403715983184058112,1403715983.1840582,1403715983.1840582,1933,1789,pool_not_mature,1,1,1,1,0.038290089046175799,-1.3210091044133034,0.050248358908527677,-9.4161572258940449,-0.20013500992580954,2.7524681393115635,9.8122449919923973,30,24,77,2,19515571.587066162,none,17880,89.400000095367432,0.00017917498239496105,0.001654221931463597,disabled,disabled,0,0,0,0,-1,-1,0,0,0,0,0,0,72,72,1,0,0,0,none,1789,1,0,0,0,0,0,0,0,0,0,-1,0
1,1403715983.2340581,1403715983234058240,1403715983.2340581,1403715983.2340581,1934,1790,confirming_observer_health,1,1,1,1,0.044360210520157123,-1.3155405057753147,0.089431219650448229,-9.4196599404450101,-0.15374026417122022,2.7381624823724575,9.8107677193135121,30,25,78,2,18383124.162681747,none,17890,89.450000047683716,0.00013330047387103146,0.0036533958368014149,disabled,disabled,0,0,0,0,-1,-1,0,0,0,0,0,0,72,72,1,0,0,0,none,1790,1,0,0,0,0,0,0,0,0,0,-1,0
1,1403715983.2840581,1403715983284058112,1403715983.2840581,1403715983.2840581,1935,1791,confirming_observer_health,1,1,1,1,0.036560086111337778,-1.3090971254444723,0.12440714503771157,-9.4187818394992497,-0.13030555996499213,2.7364275974491816,9.809101226673123,30,26,79,2,18976445.459190778,none,17900,89.5,0.00017171416831105344,0.00048024746686518122,disabled,disabled,0,0,0,0,-1,-1,0,0,0,0,0,0,72,72,1,0,0,0,none,1791,1,0,0,0,0,0,0,0,0,0,-1,0
1,1403715983.334058,1403715983334057984,1403715983.334058,1403715983.334058,1936,1792,confirming_observer_health,1,1,1,1,-0.11989463372114871,-1.1850361972272914,-0.010712639439089656,-9.5631303927239095,-0.06049533773015716,2.5826427587984893,9.9059157180798341,30,24,80,2,20167359.694554958,none,17910,89.549999952316284,0.00051611667604517205,0.0051797915740745453,disabled,disabled,0,0,0,0,-1,-1,0,0,0,0,0,0,72,72,1,0,0,0,none,1792,1,0,0,0,0,0,0,0,0,0,-1,0
1,1403715983.3840582,1403715983384058112,1403715983.3840582,1403715983.3840582,1937,1793,confirming_observer_health,1,1,1,1,-0.078838806087589045,-1.2254605819801407,0.0079738865801003214,-9.5185785152098283,-0.090057746786091783,2.5973048486660932,9.8669873733006632,30,22,81,2,22288762.703823891,none,17920,89.600000143051147,0.00042515977749660203,0.004713841433149837,disabled,disabled,0,0,0,0,-1,-1,0,0,0,0,0,0,72,72,1,0,0,0,none,1793,1,0,0,0,0,0,0,0,0,0,-1,0
1,1403715983.4340582,1403715983434058240,1403715983.4340582,1403715983.4340582,1938,1794,confirming_observer_health,1,1,1,1,-0.026367461694470084,-1.2483574861405093,0.042903321664457296,-9.4951685049187624,-0.095138854725252991,2.5713234689652005,9.837630848966171,30,26,82,2,18899941.307767913,none,17930,89.650000095367432,0.00081063935237992942,0.0057233248693130808,disabled,disabled,0,0,0,0,-1,-1,0,0,0,0,0,0,72,72,1,0,0,0,none,1794,1,0,0,0,0,0,0,0,0,0,-1,0
1,1403715983.4840581,1403715983484058112,1403715983.4840581,1403715983.4840581,1939,1795,confirming_observer_health,1,1,1,1,0.0081372104763020019,-1.2568357419579881,0.08162859447950338,-9.499379360086067,-0.062415945696248878,2.4751729952118096,9.8167502429944768,30,28,83,2,18700008.210862495,none,17940,89.700000047683716,0.00027608346927882461,0.0069248471149566055,disabled,disabled,0,0,0,0,-1,-1,0,0,0,0,0,0,72,72,1,0,0,0,none,1795,1,0,0,0,0,0,0,0,0,0,-1,0
1,1403715983.5340581,1403715983534057984,1403715983.5340581,1403715983.5340581,1940,1796,confirming_observer_health,1,1,1,1,0.03351807448506329,-1.2550189325315118,0.11372781641498922,-9.5154047487311306,-0.0073277108565671899,2.3518702457453049,9.8017485623914791,30,28,84,2,20546286.420517832,none,17950,89.75,0.00011596012854231062,0.0030452665709579372,disabled,disabled,0,0,0,0,-1,-1,0,0,0,0,0,0,72,72,1,0,0,0,none,1796,1,0,0,0,0,0,0,0,0,0,-1,0
1,1403715983.5840583,1403715983584058368,1403715983.5840583,1403715983.5840583,1941,1797,confirming_observer_health,1,1,1,1,0.05850968175149264,-1.2460175871389927,0.12528175469488392,-9.5438490351293339,0.051143400786580667,2.1912889089076333,9.792314186906216,30,19,85,2,22681333.700557113,none,17960,89.800000190734863,0.00081910347386936688,0.009431630282740017,disabled,disabled,0,0,0,0,-1,-1,0,0,0,0,0,0,72,72,1,0,0,0,none,1797,1,0,0,0,0,0,0,0,0,0,-1,0
1,1403715983.634058,1403715983634057984,1403715983.634058,1403715983.634058,1942,1798,confirming_observer_health,1,1,1,1,0.045742721460097481,-1.2254021363420489,0.12449643698760066,-9.5673607922558386,0.11934439067598732,2.0314377409431734,9.7813789880623894,30,19,86,2,25708374.253633432,none,17970,89.849999904632568,0.00029196610242117403,0.0056272075500078678,disabled,disabled,0,0,0,0,-1,-1,0,0,0,0,0,0,72,72,1,0,0,0,none,1798,1,0,0,0,0,0,0,0,0,0,-1,0
1,1403715983.6840582,1403715983684058112,1403715983.6840582,1403715983.6840582,1943,1799,confirming_observer_health,1,1,1,1,0.047280787519581383,-1.2073123201739886,0.11214697352060285,-9.5807539498057199,0.17733265791235869,1.9119113485607482,9.7712690129294639,29,26,87,2,18234294.989227448,none,17980,89.900000095367432,0.00010826626088007068,0.0010216663463313706,disabled,disabled,0,0,0,0,-1,-1,0,0,0,0,0,0,72,72,1,0,0,0,none,1799,1,0,0,0,0,0,0,0,0,0,-1,0
1,1403715983.7340581,1403715983734058240,1403715983.7340581,1403715983.7340581,1944,1800,confirming_observer_health,1,1,1,1,0.046575596584445995,-1.1798496519263613,0.082221039383270689,-9.5985067563039816,0.23341218274992387,1.767929271445331,9.7627550981627351,30,27,88,2,20887068.958241809,none,17990,89.950000047683716,0.0002479971185928485,0.0032913881308491771,disabled,disabled,0,0,0,0,-1,-1,0,0,0,0,0,0,72,72,1,0,0,0,none,1800,1,0,0,0,0,0,0,0,0,0,0.99999499999032415,1
1,1403715983.7840581,1403715983784058112,1403715983.7840581,1403715983.7840581,1945,1801,pool_not_mature,1,1,1,1,0.06161197252483059,-1.1645048566479721,0.040475193556950055,-9.5989018157768946,0.27423888807558766,1.6920904710065536,9.7507585960646725,29,25,89,2,22670731.956242878,none,18000,90,0.00022332733795918491,0.0039461524878715197,disabled,disabled,0,0,0,0,-1,-1,0,0,0,0,0,0,72,72,1,0,0,0,none,1801,1,0,0,0,0,0,0,0,0,0,-1,0
1,1403715983.834058,1403715983834057984,1403715983.834058,1403715983.834058,1946,1802,confirming_observer_health,1,1,1,1,0.063882915515399763,-1.1494572362072162,0.008810819789129197,-9.6011215824260656,0.28632181626334369,1.6369089179447678,9.743869181626108,30,25,90,2,24267795.882975183,none,18010,90.049999952316284,7.1777790260137616e-05,0.0022905224354444823,disabled,disabled,0,0,0,0,-1,-1,0,0,0,0,0,0,72,72,1,0,0,0,none,1802,1,0,0,0,0,0,0,0,0,0,-1,0
1,1403715983.8840582,1403715983884058112,1403715983.8840582,1403715983.8840582,1947,1803,confirming_observer_health,1,1,1,1,0.058289901467547138,-1.1316449343996613,-0.021085654338553719,-9.6082137550426658,0.30697883351054578,1.5946022607369827,9.7444735074175295,30,22,91,2,24147972.26188077,none,18020,90.100000143051147,0.00013773159328425648,0.0037888470477463374,disabled,disabled,0,0,0,0,-1,-1,0,0,0,0,0,0,72,72,1,0,0,0,none,1803,1,0,0,0,0,0,0,0,0,0,-1,0
1,1403715983.9340582,1403715983934058240,1403715983.9340582,1403715983.9340582,1948,1804,confirming_observer_health,1,1,1,1,0.055892264257741554,-1.109954703130158,-0.053630988103324846,-9.6121812424278499,0.30773393492637241,1.586883432229047,9.74714970847735,30,22,92,2,26185889.788693834,none,18030,90.150000095367432,8.3465657596576965e-05,0.0021320687886603649,disabled,disabled,0,0,0,0,-1,-1,0,0,0,0,0,0,72,72,1,0,0,0,none,1804,1,0,0,0,0,0,0,0,0,0,-1,0
1,1403715983.9840581,1403715983984058112,1403715983.9840581,1403715983.9840581,1949,1805,confirming_observer_health,1,1,1,1,0.03196067132154487,-1.0926711236613185,-0.084048905727085177,-9.6151704334978039,0.33810798583785412,1.5878537123552252,9.7512613997953075,29,26,93,2,20692674.174626689,none,18040,90.200000047683716,0.00038429719709820996,0.0021592314403885053,disabled,disabled,0,0,0,0,-1,-1,0,0,0,0,0,0,66,66,1,0,0,0,none,1805,1,0,0,0,0,0,0,0,0,0,-1,0
1,1403715984.0340581,1403715984034057984,1403715984.0340581,1403715984.0340581,1950,1806,confirming_observer_health,1,1,1,1,0.024368667934314962,-1.0657055978320056,-0.11943937400162336,-9.6129279972761523,0.35825359463826684,1.6340153946374427,9.7573939465822068,28,22,94,2,23131984.147007756,none,18050,90.25,0.00058551855538989655,0.0089917590273581212,disabled,disabled,0,0,0,0,-1,-1,0,0,0,0,0,0,54,54,1,0,0,0,none,1806,1,0,0,0,0,0,0,0,0,0,-1,0
1,1403715984.0840583,1403715984084058368,1403715984.0840583,1403715984.0840583,1951,1807,confirming_observer_health,1,1,1,1,0.010422844512179766,-1.0320394480732851,-0.1661777675099558,-9.6060693612958694,0.40709755075814741,1.7004029082492313,9.7638960994186625,30,25,95,2,23990420.216554869,none,18060,90.300000190734863,5.4808851989093521e-05,0.0015774883973361789,disabled,disabled,0,0,0,0,-1,-1,0,0,0,0,0,0,72,72,1,0,0,0,none,1807,1,0,0,0,0,0,0,0,0,0,-1,0
1,1403715984.134058,1403715984134057984,1403715984.134058,1403715984.134058,1952,1808,pool_not_mature,1,1,1,1,0.0062213820489777655,-1.0029522258699639,-0.20102841924553611,-9.5920277884629837,0.42370170051870742,1.793566958630824,9.7674665425974592,28,19,96,2,22700938.147583392,none,18070,90.349999904632568,7.7251939705331801e-05,0.0032516096237684569,disabled,disabled,0,0,0,0,-1,-1,0,0,0,0,0,0,60,60,1,0,0,0,none,1808,1,0,0,0,0,0,0,0,0,0,-1,0
1,1403715984.1840582,1403715984184058112,1403715984.1840582,1403715984.1840582,1953,1809,pool_not_mature,1,1,1,1,0.0011889761249744013,-0.97836107421696439,-0.23116886794615371,-9.578334517260771,0.4896273700919988,1.8773864031791185,9.7728607271839376,27,17,97,2,24490771.865869954,none,18080,90.400000095367432,6.9085542828064054e-05,0.0020850927809736631,disabled,disabled,0,0,0,0,-1,-1,0,0,0,0,0,0,28,42,1,0,0,0,none,1809,1,0,0,0,0,0,0,0,0,0,-1,0
1,1403715984.2340581,1403715984234058240,1403715984.2340581,1403715984.2340581,1954,1810,confirming_observer_health,1,1,1,1,-0.0086536382307657693,-0.9413412758140246,-0.27391032599602283,-9.5651383472902047,0.53541560397067645,1.9488239527780045,9.7763212033309426,19,17,98,2,17557720.180983938,none,18090,90.450000047683716,5.9344750695645105e-05,0.0016108520586990568,disabled,disabled,0,0,0,0,-1,-1,0,0,0,0,0,0,48,48,1,0,0,0,none,1810,1,0,0,0,0,0,0,0,0,0,-1,0
1,1403715984.2840581,1403715984284058112,1403715984.2840581,1403715984.2840581,1955,1811,thin_observations_state_preserved_not_ready,1,0,0,0,-0.0084474581054345983,-0.91600537463527698,-0.31148003234222343,-9.5568140360191922,0.54923539886291572,1.9949614049468318,9.7782526583048046,17,7,0,2,17587180.536788225,none,18100,90.5,0.00036930082969059084,0.0037080630661107095,disabled,disabled,0,0,0,0,-1,-1,0,0,0,0,0,0,66,66,1,0,0,0,none,1811,1,0,0,0,0,0,0,0,0,0,-1,0
1,1403715984.334058,1403715984334057984,1403715984.334058,1403715984.334058,1956,1812,thin_observations_state_preserved_not_ready,1,0,0,0,-0.0014274640151399089,-0.8959567048389494,-0.35222827970569154,-9.5569748031416744,0.58388328797048317,1.993868256086414,9.7801941547438176,17,7,0,2,20438104.35518999,none,18110,90.549999952316284,0.00013807912003763759,0.0035870069644082314,disabled,disabled,0,0,0,0,-1,-1,0,0,0,0,0,0,50,72,1,0,0,0,none,1812,1,0,0,0,0,0,0,0,0,0,-1,0
1,1403715984.3840582,1403715984384058112,1403715984.3840582,1403715984.3840582,1957,1813,thin_observations_state_preserved_not_ready,1,0,0,0,-0.0071443468059148446,-0.87562762217853041,-0.39789346000010756,-9.5597418508965575,0.58935854706325408,1.9931268845635883,9.783075310491574,11,11,0,2,13231829.231837165,none,18120,90.600000143051147,0.00076406797498131509,0.014826342681076047,disabled,disabled,0,0,0,0,-1,-1,0,0,0,0,0,0,72,72,1,0,0,0,none,1813,1,0,0,0,0,0,0,0,0,0,-1,0
1,1403715984.4340582,1403715984434058240,1403715984.4340582,1403715984.4340582,1958,1814,thin_observations_state_preserved_not_ready,1,0,0,0,-0.0096652047472506816,-0.85706213729368319,-0.43720342085394281,-9.5667418466048826,0.5397083131137983,1.9839086004694133,9.785178994675654,12,11,0,2,14744906.292891063,none,18130,90.650000095367432,0.00014598473686885276,0.0030790490401406217,disabled,disabled,0,0,0,0,-1,-1,0,0,0,0,0,0,62,72,1,0,0,0,none,1814,1,0,0,0,0,0,0,0,0,0,-1,0
1,1403715984.4840581,1403715984484058112,1403715984.4840581,1403715984.4840581,1959,1815,thin_observations_state_preserved_not_ready,1,0,0,0,-0.017070002812105259,-0.82870715655770533,-0.46997239005470332,-9.5667093991898415,0.49546585479476385,2.0142372800669586,9.7890023476463774,12,11,0,2,16016942.961674374,none,18140,90.700000047683716,0.00019631576121759879,0.0031291839415176102,disabled,disabled,0,0,0,0,-1,-1,0,0,0,0,0,0,72,72,1,0,0,0,none,1815,1,0,0,0,0,0,0,0,0,0,-1,0
1,1403715984.5340581,1403715984534057984,1403715984.5340581,1403715984.5340581,1960,1816,thin_observations_state_preserved_not_ready,1,0,0,0,-0.038870825344926876,-0.8251920551085189,-0.50199453954005602,-9.55571445759238,0.44894190590286809,2.0964728798347529,9.7932847485304109,11,11,0,2,15061001.481313692,none,18150,90.75,0.00019476246399810008,0.0033236967748436971,disabled,disabled,0,0,0,0,-1,-1,0,0,0,0,0,0,67,72,1,0,0,0,none,1816,1,0,0,0,0,0,0,0,0,0,-1,0
1,1403715984.5840583,1403715984584058368,1403715984.5840583,1403715984.5840583,1961,1817,thin_observations_state_preserved_not_ready,1,0,0,0,-0.063970351866805136,-0.81597365020167678,-0.52620464187992877,-9.5252400039357301,0.37454532104692717,2.257754885223537,9.7963227004752369,15,13,0,2,16344965.319835298,none,18160,90.800000190734863,0.0015034667384686649,0.011737902314910023,disabled,disabled,0,0,0,0,-1,-1,0,0,0,0,0,0,72,72,1,0,0,0,none,1817,1,0,0,0,0,0,0,0,0,0,-1,0
1,1403715984.634058,1403715984634057984,1403715984.634058,1403715984.634058,1962,1818,thin_observations_state_preserved_not_ready,1,0,0,0,-0.081513215758966182,-0.81671793898176626,-0.54169188769945742,-9.4873470074243116,0.27346869802299156,2.4343965757251165,9.7985113693858423,15,9,0,2,18674399.553858798,none,18170,90.849999904632568,0.00020916525677469442,0.0015021625042460848,disabled,disabled,0,0,0,0,-1,-1,0,0,0,0,0,0,72,72,1,0,0,0,none,1818,1,0,0,0,0,0,0,0,0,0,-1,0
1,1403715984.6840582,1403715984684058112,1403715984.6840582,1403715984.6840582,1963,1819,thin_observations_state_preserved_not_ready,1,0,0,0,-0.082093959799553071,-0.83541128585813784,-0.54521039399873794,-9.4460862239781864,0.22138470779069661,2.5979779548382895,9.7993390386035628,15,8,0,2,17754926.437456913,none,18180,90.900000095367432,0.0017118991439091019,0.01904209057134262,disabled,disabled,0,0,0,0,-1,-1,0,0,0,0,0,0,72,72,1,0,0,0,none,1819,1,0,0,0,0,0,0,0,0,0,-1,0
1,1403715984.7340581,1403715984734058240,1403715984.7340581,1403715984.7340581,1964,1820,thin_observations_state_preserved_not_ready,1,0,0,0,-0.1081593553035728,-0.85650243901199208,-0.53888827735994305,-9.4113811880079865,0.21606633845769732,2.7272594609911183,9.8009552950807137,13,11,0,2,15218011.41784811,none,18190,90.950000047683716,0.00042063035979331782,0.0011260653319692003,disabled,disabled,0,0,0,0,-1,-1,0,0,0,0,0,0,72,72,1,0,0,0,none,1820,1,0,0,0,0,0,0,0,0,0,0.99999500000829489,1
1,1403715984.7840581,1403715984784058112,1403715984.7840581,1403715984.7840581,1965,1821,thin_observations_state_preserved_not_ready,1,0,0,0,-0.10638160227057479,-0.86796187416476644,-0.51838344113360291,-9.3926845617840904,0.29377696373418977,2.789325507943647,9.8025080959345878,11,7,0,2,14635391.520791229,none,18200,91,0.00018003859746066174,0.0027038094634099729,disabled,disabled,0,0,0,0,-1,-1,0,0,0,0,0,0,42,42,1,0,0,0,none,1821,1,0,0,0,0,0,0,0,0,0,-1,0
1,1403715984.834058,1403715984834057984,1403715984.834058,1403715984.834058,1966,1822,thin_observations_state_preserved_not_ready,1,0,0,0,-0.099352995602771638,-0.87114254454470652,-0.49897846545901492,-9.3841066650345688,0.39934296976127115,2.7964277977361895,9.8000480170352038,14,9,0,2,16558334.284781225,none,18210,91.049999952316284,3.2089356032221219e-05,0.00022676690125872075,disabled,disabled,0,0,0,0,-1,-1,0,0,0,0,0,0,23,30,1,0,0,0,none,1822,1,0,0,0,0,0,0,0,0,0,-1,0
1,1403715984.8840582,1403715984884058112,1403715984.8840582,1403715984.8840582,1967,1823,pool_not_mature,1,0,0,0,-0.099848488395182164,-0.86509171492339321,-0.48439032083773031,-9.3797684444178788,0.48045152519453499,2.7878441870971811,9.7970896163345724,19,17,1,2,15180304.066968447,none,18220,91.100000143051147,4.545076860324651e-06,4.9099269521404549e-05,disabled,disabled,0,0,0,0,-1,-1,0,0,0,0,0,0,8,24,1,0,0,0,none,1823,1,0,0,0,0,0,0,0,0,0,-1,0
1,1403715984.9340582,1403715984934058240,1403715984.9340582,1403715984.9340582,1968,1824,pool_not_mature,1,0,0,0,-0.11384296284365343,-0.83487663870001749,-0.46208377941198797,-9.3867326413047998,0.53141304300593295,2.7660554646030597,9.8002149126881015,24,22,2,2,15047001.932230668,none,18230,91.150000095367432,0.0008340419275103914,0.010398982396337129,disabled,disabled,0,0,0,0,-1,-1,0,0,0,0,0,0,72,72,1,0,0,0,none,1824,1,0,0,0,0,0,0,0,0,0,-1,0
1,1403715984.9840581,1403715984984058112,1403715984.9840581,1403715984.9840581,1969,1825,pool_not_mature,1,0,0,0,-0.1025223112344034,-0.81468461507176271,-0.4566120499481397,-9.4014166577051661,0.52781121370825934,2.727062341016727,9.8031672872028448,24,21,3,3,16930819.32034212,none,18240,91.200000047683716,0.00037488248215304269,0.002648556253635026,disabled,disabled,0,0,0,0,-1,-1,0,0,0,0,0,0,72,72,1,0,0,0,none,1825,1,0,0,0,0,0,0,0,0,0,-1,0
1,1403715985.0340581,1403715985034057984,1403715985.0340581,1403715985.0340581,1970,1826,pool_not_mature,1,0,0,0,-0.092475326225973653,-0.80145185537782504,-0.46830616550830673,-9.4165332388548677,0.45171280386049767,2.6862543378175237,9.8026070544051453,30,27,4,3,17743542.139496867,none,18250,91.25,0.00018473016917466113,0.003305076405455003,disabled,disabled,0,0,0,0,-1,-1,0,0,0,0,0,0,70,72,1,0,0,0,none,1826,1,0,0,0,0,0,0,0,0,0,-1,0
1,1403715985.0840583,1403715985084058368,1403715985.0840583,1403715985.0840583,1971,1827,confirming_observer_health,1,0,0,0,-0.091310213639882162,-0.79173131963708576,-0.48416134873758687,-9.4269806880196221,0.36136025328555976,2.663333683427592,9.8026472156366768,30,24,5,3,19560352.599899899,none,18260,91.300000190734863,0.00047656332760052808,0.0085109512934488912,disabled,disabled,0,0,0,0,-1,-1,0,0,0,0,0,0,60,60,1,0,0,0,none,1827,1,0,0,0,0,0,0,0,0,0,-1,0
1,1403715985.134058,1403715985134057984,1403715985.134058,1403715985.134058,1972,1828,confirming_observer_health,1,0,0,0,-0.091104997002902241,-0.78779855607087546,-0.49788377912608661,-9.4249282845366249,0.27533045994878569,2.6887956634217534,9.8048305518489052,30,24,6,3,22526339.056763422,none,18270,91.349999904632568,0.00021768972883015844,0.0059682033594642657,disabled,disabled,0,0,0,0,-1,-1,0,0,0,0,0,0,60,60,1,0,0,0,none,1828,1,0,0,0,0,0,0,0,0,0,-1,0
1,1403715985.1840582,1403715985184058112,1403715985.1840582,1403715985.1840582,1973,1829,confirming_observer_health,1,0,0,0,-0.085627310276402954,-0.78151619208112888,-0.4974950533773414,-9.4273208534943933,0.19388481372324612,2.688115743776093,9.8049954639285613,30,30,7,3,17415175.528525714,none,18280,91.400000095367432,0.00018116282935953256,0.002993938032252088,disabled,disabled,0,0,0,0,-1,-1,0,0,0,0,0,0,47,72,1,0,0,0,none,1829,1,0,0,0,0,0,0,0,0,0,-1,0
1,1403715985.2340581,1403715985234058240,1403715985.2340581,1403715985.2340581,1974,1830,confirming_observer_health,1,0,0,0,-0.066674240723936559,-0.76387631683417412,-0.51606341307912795,-9.4284426040746396,0.082231153415765562,2.691510601623794,9.8054332499678534,30,30,8,3,19949379.418095555,none,18290,91.450000047683716,6.3940060313108648e-05,0.0010906309606317144,disabled,disabled,0,0,0,0,-1,-1,0,0,0,0,0,0,14,24,1,0,0,0,none,1830,1,0,0,0,0,0,0,0,0,0,-1,0
1,1403715985.2840581,1403715985284058112,1403715985.2840581,1403715985.2840581,1975,1831,confirming_observer_health,1,0,0,0,-0.049338688812581945,-0.76114907538986276,-0.53903036724860143,-9.4246609455364379,-0.13502484817545807,2.710120049133995,9.807508161029622,30,30,9,3,22238473.80409085,none,18300,91.5,0.00010180560473193985,0.0026768011384457296,disabled,disabled,0,0,0,0,-1,-1,0,0,0,0,0,0,71,72,1,0,0,0,none,1831,1,0,0,0,0,0,0,0,0,0,-1,0
1,1403715985.334058,1403715985334057984,1403715985.334058,1403715985.334058,1976,1832,confirming_observer_health,1,0,0,0,-0.050671911636323709,-0.75321741624330052,-0.55542536283739397,-9.4200249587722507,-0.30925079208884593,2.7208116056796623,9.8099603500677244,30,28,10,2,24403662.793667119,none,18310,91.549999952316284,0.00016479036337571109,0.0028363850292126088,disabled,disabled,0,0,0,0,-1,-1,0,0,0,0,0,0,48,72,1,0,0,0,none,1832,1,0,0,0,0,0,0,0,0,0,-1,0
1,1403715985.3840582,1403715985384058112,1403715985.3840582,1403715985.3840582,1977,1833,confirming_observer_health,1,0,0,0,-0.052420618599805457,-0.76559850154690567,-0.58987446320706816,-9.4154069170577337,-0.43295533918462514,2.7278209629611205,9.8121529210197913,30,27,11,2,26954150.861070901,none,18320,91.600000143051147,0.0004043274675632944,0.0059800811501433231,disabled,disabled,0,0,0,0,-1,-1,0,0,0,0,0,0,72,72,1,0,0,0,none,1833,1,0,0,0,0,0,0,0,0,0,-1,0
1,1403715985.4340582,1403715985434058240,1403715985.4340582,1403715985.4340582,1978,1834,confirming_observer_health,1,0,0,0,-0.088856102295222533,-0.76541232790008185,-0.61926522985208521,-9.4132083060544822,-0.39277921872110316,2.7378781193724997,9.8111539955486862,30,29,12,2,27352100.240194533,none,18330,91.650000095367432,5.6452306894172633e-05,0.00040828043797564947,disabled,disabled,0,0,0,0,-1,-1,0,0,0,0,0,0,15,18,1,0,0,0,none,1834,1,0,0,0,0,0,0,0,0,0,-1,0
1,1403715985.4840581,1403715985484058112,1403715985.4840581,1403715985.4840581,1979,1835,confirming_observer_health,1,0,0,0,-0.12358150252827607,-0.7693876089291114,-0.63726950855699438,-9.3973250650659939,-0.31002965647336245,2.8090668153613336,9.8130878493762008,30,29,13,2,28891954.844934519,none,18340,91.700000047683716,0.0010416047680878926,0.016590379309010347,disabled,disabled,0,0,0,0,-1,-1,0,0,0,0,0,0,72,72,1,0,0,0,none,1835,1,0,0,0,0,0,0,0,0,0,-1,0
1,1403715985.5340581,1403715985534057984,1403715985.5340581,1403715985.5340581,1980,1836,confirming_observer_health,1,0,0,0,-0.15738391713123165,-0.77400291736562365,-0.65199715228136979,-9.3586888182059518,-0.20602981711209539,2.9493511055234007,9.8145899876257925,30,29,14,2,31140708.629618824,none,18350,91.75,0.0017516639925742603,0.0080025025373228909,disabled,disabled,0,0,0,0,-1,-1,0,0,0,0,0,0,72,72,1,0,0,0,none,1836,1,0,0,0,0,0,0,0,0,0,-1,0
1,1403715985.5840583,1403715985584058368,1403715985.5840583,1403715985.5840583,1981,1837,confirming_observer_health,1,0,0,0,-0.19180994780349858,-0.7655539312711408,-0.6523266788220905,-9.2904765812342109,-0.1067320923070935,3.1543391415703339,9.8119418193358765,30,24,15,2,32734982.560076386,none,18360,91.800000190734863,0.00010395686586215261,0.0015558667088847694,disabled,disabled,0,0,0,0,-1,-1,0,0,0,0,0,0,72,72,1,0,0,0,none,1837,1,0,0,0,0,0,0,0,0,0,-1,0
1,1403715985.634058,1403715985634057984,1403715985.634058,1403715985.634058,1982,1838,confirming_observer_health,1,0,0,0,-0.23752074678959792,-0.76248290819179698,-0.63299188373015147,-9.2061043122974073,-0.021561157938562728,3.4142664925223256,9.8188612972377438,30,22,16,2,34506583.496263996,none,18370,91.849999904632568,0.00041366374062167742,0.004303683226984616,disabled,disabled,0,0,0,0,-1,-1,0,0,0,0,0,0,72,72,1,0,0,0,none,1838,1,0,0,0,0,0,0,0,0,0,-1,0
1,1403715985.6840582,1403715985684058112,1403715985.6840582,1403715985.6840582,1983,1839,confirming_observer_health,1,0,0,0,-0.28673272851599241,-0.7502169534816826,-0.60345637208139713,-9.1072361736770393,0.060393685007975442,3.6813603238101065,9.8233299829560696,30,24,17,2,31364081.2381185,none,18380,91.900000095367432,3.2866766282955959e-05,0.00037239755845145978,disabled,disabled,0,0,0,0,-1,-1,0,0,0,0,0,0,29,30,1,0,0,0,none,1839,1,0,0,0,0,0,0,0,0,0,-1,0
1,1403715985.7340581,1403715985734058240,1403715985.7340581,1403715985.7340581,1984,1840,confirming_observer_health,1,0,0,0,-0.34249608456114167,-0.74172876614996042,-0.56300506251415117,-8.9923038452861945,0.15519909010611344,3.9551343653199922,9.8249021904166458,30,27,18,2,29352922.307497311,none,18390,91.950000047683716,0.00026375436831993553,0.0096296118863092705,disabled,disabled,0,0,0,0,-1,-1,0,0,0,0,0,0,72,72,1,0,0,0,none,1840,1,0,0,0,0,0,0,0,0,0,0.99999499999465902,1
1,1403715985.7840581,1403715985784058112,1403715985.7840581,1403715985.7840581,1985,1841,confirming_observer_health,1,0,0,0,-0.37707923518125364,-0.72874707522552462,-0.51779324305805041,-8.8898696367747281,0.32678350967823572,4.1716238343207523,9.8254269645710473,30,28,19,2,29307231.398210108,none,18400,92,3.851173101550791e-05,0.0003642760822622347,disabled,disabled,0,0,0,0,-1,-1,0,0,0,0,0,0,12,30,1,0,0,0,none,1841,1,0,0,0,0,0,0,0,0,0,-1,0
1,1403715985.834058,1403715985834057984,1403715985.834058,1403715985.834058,1986,1842,confirming_observer_health,1,1,1,1,-0.43376561114754697,-0.69204321319657525,-0.46913672899095754,-8.8148004569809668,0.4873855297423868,4.3158777194992917,9.8267518662406719,30,29,20,2,29924425.259523455,none,18410,92.049999952316284,2.5313669407271079e-05,0.00079932785648210948,disabled,disabled,0,0,0,0,-1,-1,0,0,0,0,0,0,9,36,1,0,0,0,none,1842,1,0,0,0,0,0,0,0,0,0,-1,0
1,1403715985.8840582,1403715985884058112,1403715985.8840582,1403715985.8840582,1987,1843,confirming_observer_health,1,1,1,1,-0.47926245496993608,-0.66633059389032478,-0.40309953207534543,-8.7840594321981342,0.60939744984292787,4.3690149706844048,9.8295145950514016,30,27,21,2,31705901.574811965,none,18420,92.100000143051147,0.0011842960407746437,0.021987953609037145,disabled,disabled,0,0,0,0,-1,-1,0,0,0,0,0,0,72,72,1,0,0,0,none,1843,1,0,0,0,0,0,0,0,0,0,-1,0
1,1403715985.9340582,1403715985934058240,1403715985.9340582,1403715985.9340582,1988,1844,confirming_observer_health,1,1,1,1,-0.51722065525676109,-0.628298825305732,-0.34002772989962188,-8.7941299280126852,0.71249782312394705,4.3355474578550446,9.8306330466576828,30,26,22,2,33865208.701462619,none,18430,92.150000095367432,4.3685963488921092e-05,0.00011992940476158308,disabled,disabled,0,0,0,0,-1,-1,0,0,0,0,0,0,12,30,1,0,0,0,none,1844,1,0,0,0,0,0,0,0,0,0,-1,0
1,1403715985.9840581,1403715985984058112,1403715985.9840581,1403715985.9840581,1989,1845,confirming_observer_health,1,1,1,1,-0.55741543964127804,-0.59179302700098735,-0.29229611653386056,-8.8244174707535077,0.77988827414591921,4.2555941738715592,9.8279525431790518,30,30,23,2,32491317.681388382,none,18440,92.200000047683716,0.00061446800274904119,0.0034363505817270028,disabled,disabled,0,0,0,0,-1,-1,0,0,0,0,0,0,72,72,1,0,0,0,none,1845,1,0,0,0,0,0,0,0,0,0,-1,0
1,1403715986.0340581,1403715986034057984,1403715986.0340581,1403715986.0340581,1990,1846,ready,1,1,1,1,-0.59976726415544257,-0.55711428873917557,-0.24954298920035289,-8.8594200869251303,0.83889089500610681,4.1615744936907291,9.8240401300520883,30,30,24,2,34489634.620781697,none,18450,92.25,0.00010069433198906053,0.0011189143642026263,disabled,disabled,0,0,0,0,-1,-1,0,0,0,0,0,0,11,30,1,0,0,0,none,1846,1,0,0,0,0,0,0,0,0,0,-1,0
1,1403715986.0840583,1403715986084058368,1403715986.0840583,1403715986.0840583,1991,1847,ready,1,1,1,1,-0.62261195579292639,-0.50834540467416578,-0.20112175760168644,-8.905313303747139,0.87708343306914616,4.0420925659820632,9.8189812454463734,30,30,25,2,36287719.472699717,none,18460,92.300000190734863,0.00022208030061807442,0.0080049755729965713,disabled,disabled,0,0,0,0,-1,-1,0,0,0,0,0,0,72,72,1,0,0,0,none,1847,1,0,0,0,0,0,0,0,0,0,-1,0
1,1403715986.134058,1403715986134057984,1403715986.134058,1403715986.134058,1992,1848,ready,1,1,1,1,-0.63265871863320922,-0.46695773197982965,-0.1601865691065098,-8.9376377361784254,0.94414910526096396,3.9491538434553028,9.8167510875749251,30,29,26,2,38123195.543069497,none,18470,92.349999904632568,0.00084323806935803587,0.0060004831322497077,disabled,disabled,0,0,0,0,-1,-1,0,0,0,0,0,0,72,72,1,0,0,0,none,1848,1,0,0,0,0,0,0,0,0,0,-1,0
1,1403715986.1840582,1403715986184058112,1403715986.1840582,1403715986.1840582,1993,1849,ready,1,1,1,1,-0.6499614673290014,-0.42056354784568434,-0.14124806539274293,-8.9711161635999002,0.99289128785530611,3.8557968495726507,9.8149848535530975,30,29,27,2,39954818.044053264,none,18480,92.400000095367432,5.8510463754243172e-05,0.0023568701524722614,disabled,disabled,0,0,0,0,-1,-1,0,0,0,0,0,0,72,72,1,0,0,0,none,1849,1,0,0,0,0,0,0,0,0,0,-1,0
1,1403715986.2340581,1403715986234058240,1403715986.2340581,1403715986.2340581,1994,1850,ready,1,1,1,1,-0.60703696681295616,-0.36250382585720564,-0.12083901350111773,-8.9964284287505123,1.0049155073295437,3.7852799734702907,9.8119276458837117,30,30,28,2,40825530.961202689,none,18490,92.450000047683716,0.00021976577110624355,0.0040468075749037612,disabled,disabled,0,0,0,0,-1,-1,0,0,0,0,0,0,72,72,1,0,0,0,none,1850,1,0,0,0,0,0,0,0,0,0,-1,0
1,1403715986.2840581,1403715986284058112,1403715986.2840581,1403715986.2840581,1995,1851,ready,1,1,1,1,-0.59078977923938292,-0.32322591151971525,-0.10619579150199725,-9.0210614524192803,0.95107507098573851,3.7322737128785657,9.8088715246362526,30,30,29,2,42643035.558482587,none,18500,92.5,0.00054704036905489726,0.0058971716573339725,disabled,disabled,0,0,0,0,-1,-1,0,0,0,0,0,0,72,72,1,0,0,0,none,1851,1,0,0,0,0,0,0,0,0,0,-1,0
1,1403715986.334058,1403715986334057984,1403715986.334058,1403715986.334058,1996,1852,ready,1,1,1,1,-0.54823878178424923,-0.29670086369824161,-0.11990898723218828,-9.075345450660409,0.7989869469833244,3.6273330024672017,9.8060093769616614,30,30,30,2,44402380.661744006,none,18510,92.549999952316284,0.00015741499366945131,0.0042650945443770917,disabled,disabled,0,0,0,0,-1,-1,0,0,0,0,0,0,72,72,1,0,0,0,none,1852,1,0,0,0,0,0,0,0,0,0,-1,0
1,1403715986.3840582,1403715986384058112,1403715986.3840582,1403715986.3840582,1997,1853,ready,1,1,1,1,-0.5408445032137208,-0.27133289812175826,-0.13611321525910566,-9.1495574388714545,0.64490645560830573,3.465642315238926,9.805150805615785,30,30,31,2,46142915.207251698,none,18520,92.600000143051147,0.00078303197192957914,0.0032239442356929303,disabled,disabled,0,0,0,0,-1,-1,0,0,0,0,0,0,72,72,1,0,0,0,none,1853,1,0,0,0,0,0,0,0,0,0,-1,0
1,1403715986.4340582,1403715986434058240,1403715986.4340582,1403715986.4340582,1998,1854,ready,1,1,1,1,-0.55312795119626312,-0.27006869424447932,-0.14104893670609725,-9.2018566216022268,0.51186832863801068,3.3457853891405813,9.804613931235334,30,30,32,2,47892745.45167508,none,18530,92.650000095367432,0,0,disabled,disabled,0,0,0,0,-1,-1,0,0,0,0,0,0,0,0,0,0,0,0,none,1854,1,0,0,0,0,0,0,0,0,0,-1,0
1,1403715986.4840581,1403715986484058112,1403715986.4840581,1403715986.4840581,1999,1855,ready,1,1,1,1,-0.57578104167740551,-0.26215124775948856,-0.13181451548385176,-9.2091198097422762,0.41834515939621969,3.3363614912059152,9.8037854088397722,30,29,33,2,49786649.605728514,none,18540,92.700000047683716,0.00065768230877976937,0.0055695615097857898,disabled,disabled,0,0,0,0,-1,-1,0,0,0,0,0,0,72,72,1,0,0,0,none,1855,1,0,0,0,0,0,0,0,0,0,-1,0
1,1403715986.5340581,1403715986534057984,1403715986.5340581,1403715986.5340581,2000,1856,ready,1,1,1,1,-0.61104991206340786,-0.25226334521574911,-0.12221243055989722,-9.1668611551149244,0.33596316199923615,3.453533414689117,9.8015870005703523,30,29,34,2,51684138.893507257,none,18550,92.75,8.7581431300850747e-05,0.0023837800731900281,disabled,disabled,0,0,0,0,-1,-1,0,0,0,0,0,0,72,72,1,0,0,0,none,1856,1,0,0,0,0,0,0,0,0,0,-1,0
1,1403715986.5840583,1403715986584058368,1403715986.5840583,1403715986.5840583,2001,1857,ready,1,1,1,1,-0.62074560631336084,-0.24635193199166058,-0.10637975131414686,-9.082694518148509,0.27756833519235585,3.6545762673072204,9.794299953762474,30,29,35,2,51212698.41621194,none,18560,92.800000190734863,6.3813147879124765e-05,0.00053696577349301913,disabled,disabled,0,0,0,0,-1,-1,0,0,0,0,0,0,72,72,1,0,0,0,none,1857,1,0,0,0,0,0,0,0,0,0,-1,0
1,1403715986.634058,1403715986634057984,1403715986.634058,1403715986.634058,2002,1858,ready,1,1,1,1,-0.61306168857898824,-0.24725143860282037,-0.065396181799744477,-8.9754358105951084,0.2367311514916921,3.9034088143235519,9.790356990423712,30,28,36,2,53429196.87796995,none,18570,92.849999904632568,8.9787471600414834e-05,0.0026282432517846302,disabled,disabled,0,0,0,0,-1,-1,0,0,0,0,0,0,32,54,1,0,0,0,none,1858,1,0,0,0,0,0,0,0,0,0,-1,0
1,1403715986.6840582,1403715986684058112,1403715986.6840582,1403715986.6840582,2003,1859,ready,1,1,1,1,-0.59605687703855459,-0.2422034232906104,-0.021302017976056239,-8.8641812925346404,0.21989712798798861,4.135229910111426,9.7837718260034361,30,27,37,2,54259732.700891227,none,18580,92.900000095367432,0.00062073527955436086,0.0063032246095268904,disabled,disabled,0,0,0,0,-1,-1,0,0,0,0,0,0,72,72,1,0,0,0,none,1859,1,0,0,0,0,0,0,0,0,0,-1,0
1,1403715986.7340581,1403715986734058240,1403715986.7340581,1403715986.7340581,2004,1860,ready,1,1,1,1,-0.53313995327884689,-0.24236437328022961,0.026160579909930943,-8.7814961194737418,0.21272147623583457,4.2981412492811071,9.77926084740335,30,28,38,2,55595349.847915448,none,18590,92.950000047683716,0.00032801845493500451,0.0044394776987643561,disabled,disabled,0,0,0,0,-1,-1,0,0,0,0,0,0,72,72,1,0,0,0,none,1860,1,0,0,0,0,0,0,0,0,0,0.99999500000560793,1
1,1403715986.7840581,1403715986784058112,1403715986.7840581,1403715986.7840581,2005,1861,ready,1,1,1,1,-0.46207814963314697,-0.24604071193318997,0.076605571460435243,-8.7470035975539613,0.19321453357461912,4.3682869576850392,9.7790252446901693,30,30,39,2,54265601.140894905,none,18600,93,0.00047531193860827375,0.0021153328651253096,disabled,disabled,0,0,0,0,-1,-1,0,0,0,0,0,0,72,72,1,0,0,0,none,1861,1,0,0,0,0,0,0,0,0,0,-1,0
1,1403715986.834058,1403715986834057984,1403715986.834058,1403715986.834058,2006,1862,ready,1,1,1,1,-0.40544052240182549,-0.2392482675749123,0.11804874950785105,-8.7537015102319327,0.18390641800250815,4.3563903334560727,9.7795321175529075,30,29,40,2,56330243.414564587,none,18610,93.049999952316284,0.00052835571929059886,0.003398155476019894,disabled,disabled,0,0,0,0,-1,-1,0,0,0,0,0,0,72,72,1,0,0,0,none,1862,1,0,0,0,0,0,0,0,0,0,-1,0
1,1403715986.8840582,1403715986884058112,1403715986.8840582,1403715986.8840582,2007,1863,ready,1,1,1,1,-0.36791241595172269,-0.24413803350264543,0.15596106607431215,-8.7983058394581555,0.16810201262728816,4.2769032210679878,9.7841885250476732,30,27,41,2,58484941.453466915,none,18620,93.100000143051147,0.00081486200527765035,0.0066618865188522785,disabled,disabled,0,0,0,0,-1,-1,0,0,0,0,0,0,72,72,1,0,0,0,none,1863,1,0,0,0,0,0,0,0,0,0,-1,0
1,1403715986.9340582,1403715986934058240,1403715986.9340582,1403715986.9340582,2008,1864,ready,1,1,1,1,-0.35004467436579512,-0.2314267737478809,0.18701333181290553,-8.8607754443611562,0.19044539992497114,4.1531638739848908,9.7876647413935984,30,28,42,2,57711134.159081116,none,18630,93.150000095367432,4.5847522485400434e-05,0.00072344336961329097,disabled,disabled,0,0,0,0,-1,-1,0,0,0,0,0,0,72,72,1,0,0,0,none,1864,1,0,0,0,0,0,0,0,0,0,-1,0
1,1403715986.9840581,1403715986984058112,1403715986.9840581,1403715986.9840581,2009,1865,ready,1,1,1,1,-0.31741763774903048,-0.22435642674548081,0.19327367841097634,-8.950278483872486,0.20450681552730032,3.9598529349841143,9.7892667367464341,30,30,43,2,53679299.195227258,none,18640,93.200000047683716,0.00067234456054646803,0.0031928763467591794,disabled,disabled,0,0,0,0,-1,-1,0,0,0,0,0,0,72,72,1,0,0,0,none,1865,1,0,0,0,0,0,0,0,0,0,-1,0
1,1403715987.0340581,1403715987034057984,1403715987.0340581,1403715987.0340581,2010,1866,ready,1,1,1,1,-0.31026621313456909,-0.20735654052941155,0.20638468073189661,-9.0526826731724483,0.32366280563427591,3.7186306480900617,9.7920393733799109,30,30,44,2,55494788.374775045,none,18650,93.25,1.1133171515865267e-05,0.00014803236109487891,disabled,disabled,0,0,0,0,-1,-1,0,0,0,0,0,0,29,42,1,0,0,0,none,1866,1,0,0,0,0,0,0,0,0,0,-1,0
1,1403715987.0840583,1403715987084058368,1403715987.0840583,1403715987.0840583,2011,1867,ready,1,1,1,1,-0.31412005412087823,-0.19742527266219514,0.20046228048296205,-9.1428738738999193,0.40298633197075445,3.4890182050198546,9.7942732600615621,30,30,45,2,57159994.053899296,none,18660,93.300000190734863,0.00062261141368895659,0.0066457598801040463,disabled,disabled,0,0,0,0,-1,-1,0,0,0,0,0,0,72,72,1,0,0,0,none,1867,1,0,0,0,0,0,0,0,0,0,-1,0
1,1403715987.134058,1403715987134057984,1403715987.134058,1403715987.134058,2012,1868,ready,1,1,1,1,-0.33619937552646589,-0.16497616218190514,0.19280962830810403,-9.2026360525747819,0.60622826746902947,3.3106021148612896,9.7987810155830974,30,30,46,2,58766802.877677038,none,18670,93.349999904632568,0.00030933852954838191,0.0016922761653053611,disabled,disabled,0,0,0,0,-1,-1,0,0,0,0,0,0,72,72,1,0,0,0,none,1868,1,0,0,0,0,0,0,0,0,0,-1,0
1,1403715987.1840582,1403715987184058112,1403715987.1840582,1403715987.1840582,2013,1869,ready,1,1,1,1,-0.3467062708614615,-0.131348629602447,0.17253941842800127,-9.2551404969938709,0.76650966074242,3.1417700090226228,9.8038707390857311,30,30,47,2,60376942.642087519,none,18680,93.400000095367432,0.0010125363357718509,0.0034081480158098818,disabled,disabled,0,0,0,0,-1,-1,0,0,0,0,0,0,72,72,1,0,0,0,none,1869,1,0,0,0,0,0,0,0,0,0,-1,0
1,1403715987.2340581,1403715987234058240,1403715987.2340581,1403715987.2340581,2014,1870,ready,1,1,1,1,-0.34510016375297298,-0.09456225684036304,0.14383155238812714,-9.2951422376237449,0.88980220944899746,3.0047285669729149,9.809169738096104,30,30,48,2,61997650.718083411,none,18690,93.450000047683716,0.0011185496995500452,0.0044454534824268904,disabled,disabled,0,0,0,0,-1,-1,0,0,0,0,0,0,72,72,1,0,0,0,none,1870,1,0,0,0,0,0,0,0,0,0,-1,0
1,1403715987.2840581,1403715987284058112,1403715987.2840581,1403715987.2840581,2015,1871,ready,1,1,1,1,-0.34916347528665731,-0.039007787779985745,0.11325607775617735,-9.3181877412743734,0.99493350747291542,2.891662146760368,9.8071517494599387,30,30,49,2,63656494.202766947,none,18700,93.5,0.0017410397207809326,0.012241591702759952,disabled,disabled,0,0,0,0,-1,-1,0,0,0,0,0,0,72,72,1,0,0,0,none,1871,1,0,0,0,0,0,0,0,0,0,-1,0
1,1403715987.334058,1403715987334057984,1403715987.334058,1403715987.334058,2016,1872,ready,1,1,1,1,-0.33951186986629689,0.0053804389813968548,0.081434369522482203,-9.3288060052387927,1.0163789781505392,2.851968846615438,9.8078220830452825,30,30,50,2,65324857.468027815,none,18710,93.549999952316284,0.0022041179292785038,0.0049054010818179459,disabled,disabled,0,0,0,0,-1,-1,0,0,0,0,0,0,72,72,1,0,0,0,none,1872,1,0,0,0,0,0,0,0,0,0,-1,0
1,1403715987.3840582,1403715987384058112,1403715987.3840582,1403715987.3840582,2017,1873,ready,1,1,1,1,-0.33463625533831598,0.040063909624706712,0.048980489983691117,-9.3404930083092008,0.91134506249010439,2.8534355549658761,9.8090495934897586,30,30,51,2,67002473.894240513,none,18720,93.600000143051147,0.00020243913150495106,0.0020785519135834616,disabled,disabled,0,0,0,0,-1,-1,0,0,0,0,0,0,72,72,1,0,0,0,none,1873,1,0,0,0,0,0,0,0,0,0,-1,0
1,1403715987.4340582,1403715987434058240,1403715987.4340582,1403715987.4340582,2018,1874,ready,1,1,1,1,-0.33277166588762352,0.062713230717241164,0.018515634111006336,-9.3454629449143791,0.76657260619391476,2.8801428574893446,9.8092065986440282,30,30,52,2,68693727.85762997,none,18730,93.650000095367432,0.00035154290965613703,0.0012429423553603288,disabled,disabled,0,0,0,0,-1,-1,0,0,0,0,0,0,72,72,1,0,0,0,none,1874,1,0,0,0,0,0,0,0,0,0,-1,0
1,1403715987.4840581,1403715987484058112,1403715987.4840581,1403715987.4840581,2019,1875,ready,1,1,1,1,-0.33260161297837654,0.072169637299395337,-0.0024141223388795432,-9.3431707913371635,0.59734164057830597,2.9351998167186601,9.8115776221630107,30,30,53,2,70384515.792854816,none,18740,93.700000047683716,0.0012446686131299452,0.0037518502487831856,disabled,disabled,0,0,0,0,-1,-1,0,0,0,0,0,0,72,72,1,0,0,0,none,1875,1,0,0,0,0,0,0,0,0,0,-1,0
1,1403715987.5340581,1403715987534057984,1403715987.5340581,1403715987.5340581,2020,1876,ready,1,1,1,1,-0.32622179112010014,0.077008794161675734,-0.018659796971795505,-9.3221384813547328,0.47205367039732204,3.0282994261653782,9.8130371418742666,30,30,54,2,72087530.109859571,none,18750,93.75,0.00014361720047473224,0.0018854165273228141,disabled,disabled,0,0,0,0,-1,-1,0,0,0,0,0,0,66,72,1,0,0,0,none,1876,1,0,0,0,0,0,0,0,0,0,-1,0
1,1403715987.5840583,1403715987584058368,1403715987.5840583,1403715987.5840583,2021,1877,ready,1,1,1,1,-0.32385201193054725,0.084940684316245435,-0.032024620148687781,-9.2953440203043858,0.37664413933111573,3.1212029223940618,9.8126035763329504,30,30,55,2,73807155.494435087,none,18760,93.800000190734863,0.00016790340562982181,0.0021214461967413566,disabled,disabled,0,0,0,0,-1,-1,0,0,0,0,0,0,72,72,1,0,0,0,none,1877,1,0,0,0,0,0,0,0,0,0,-1,0
1,1403715987.634058,1403715987634057984,1403715987.634058,1403715987.634058,2022,1878,ready,1,1,1,1,-0.31224677075449431,0.083727563001446792,-0.047848998617154845,-9.2769587282990624,0.30619881074092992,3.1868315723120264,9.8138481967344529,30,30,56,2,75537800.88342002,none,18770,93.849999904632568,0,0,disabled,disabled,0,0,0,0,-1,-1,0,0,0,0,0,0,0,0,0,0,0,0,none,1878,1,0,0,0,0,0,0,0,0,0,-1,0
1,1403715987.6840582,1403715987684058112,1403715987.6840582,1403715987.6840582,2023,1879,ready,1,1,1,1,-0.3060762998671982,0.075497838310396539,-0.053182802850476565,-9.2711437319715877,0.24721274473586785,3.2167812620673661,9.8164607638406842,30,30,57,2,77277498.037245691,none,18780,93.900000095367432,0.0007877110013329951,0.0063627588890341411,disabled,disabled,0,0,0,0,-1,-1,0,0,0,0,0,0,72,72,1,0,0,0,none,1879,1,0,0,0,0,0,0,0,0,0,-1,0
1,1403715987.7340581,1403715987734058240,1403715987.7340581,1403715987.7340581,2024,1880,ready,1,1,1,1,-0.29842291464959558,0.072618259945788466,-0.056151098579237606,-9.2545416828919222,0.19400514896455667,3.265338292260183,9.81563110151912,30,28,58,2,79358027.305114746,none,18790,93.950000047683716,9.515372316764533e-05,0.0010683234542413879,disabled,disabled,0,0,0,0,-1,-1,0,0,0,0,0,0,63,72,1,0,0,0,none,1880,1,0,0,0,0,0,0,0,0,0,56791.67624001611,1
1,1403715987.7840581,1403715987784058112,1403715987.7840581,1403715987.7840581,2025,1881,ready,1,1,1,1,-0.31840274741791919,0.067065610549094212,-0.054331418163107853,-9.22597137409665,0.1353974583363256,3.3463108709447007,9.8150230113014736,30,28,59,2,81445191.59002392,none,18800,94,0.0014215010551686415,0.0091463207772685337,disabled,disabled,0,0,0,0,-1,-1,0,0,0,0,0,0,72,72,1,0,0,0,none,1881,1,0,0,0,0,0,0,0,0,0,-1,0
1,1403715987.834058,1403715987834057984,1403715987.834058,1403715987.834058,2026,1882,ready,1,1,1,1,-0.32260387743695851,0.057568340155009397,-0.048505164958304717,-9.1727891126120156,0.10605465057387731,3.4951042873915519,9.8166726375643538,30,24,60,2,81389987.61231716,none,18810,94.049999952316284,0.0002756709914688314,0.0026584451176384859,disabled,disabled,0,0,0,0,-1,-1,0,0,0,0,0,0,72,72,1,0,0,0,none,1882,1,0,0,0,0,0,0,0,0,0,-1,0
1,1403715987.8840582,1403715987884058112,1403715987.8840582,1403715987.8840582,2027,1883,ready,1,1,1,1,-0.30503359718558481,0.05702716601197904,-0.040121219405839605,-9.1142670187386781,0.073816976520706623,3.6498873900988569,9.8181968912470357,30,22,61,2,84460178.039686322,none,18820,94.100000143051147,0.0012855241658639533,0.012918195245861859,disabled,disabled,0,0,0,0,-1,-1,0,0,0,0,0,0,72,72,1,0,0,0,none,1883,1,0,0,0,0,0,0,0,0,0,-1,0
1,1403715987.9340582,1403715987934058240,1403715987.9340582,1403715987.9340582,2028,1884,ready,1,1,1,1,-0.29057737328111133,0.053795317151758212,-0.015600505378979628,-9.059570535366074,0.074784223112593667,3.7870983777377303,9.8195481101710289,30,27,62,2,67806334.488048494,none,18830,94.150000095367432,0.00045167195700891483,0.0034442096696138151,disabled,disabled,0,0,0,0,-1,-1,0,0,0,0,0,0,72,72,1,0,0,0,none,1884,1,0,0,0,0,0,0,0,0,0,-1,0
1,1403715987.9840581,1403715987984058112,1403715987.9840581,1403715987.9840581,2029,1885,ready,1,1,1,1,-0.26361137562685577,0.053686160454065421,0.011030845762296272,-9.0156061394883817,0.053248926955044053,3.898674977961115,9.8226094340751722,30,29,63,2,62233989.760983482,none,18840,94.200000047683716,0.00034071317424335052,0.0018932740719142622,disabled,disabled,0,0,0,0,-1,-1,0,0,0,0,0,0,72,72,1,0,0,0,none,1885,1,0,0,0,0,0,0,0,0,0,-1,0
1,1403715988.0340581,1403715988034057984,1403715988.0340581,1403715988.0340581,2030,1886,ready,1,1,1,1,-0.2278710928377212,0.042177831885661994,0.042780387041927263,-9.0020237360513917,0.049553915273318871,3.935397489787805,9.8247768594294165,30,30,64,2,60016552.764716975,none,18850,94.25,4.3745864175492601e-05,0.0010805100721597485,disabled,disabled,0,0,0,0,-1,-1,0,0,0,0,0,0,72,72,1,0,0,0,none,1886,1,0,0,0,0,0,0,0,0,0,-1,0
1,1403715988.0840583,1403715988084058368,1403715988.0840583,1403715988.0840583,2031,1887,ready,1,1,1,1,-0.19765065310098057,0.045691280199690293,0.063062732784761433,-9.0245058984253017,0.059734470556770849,3.8885499664115493,9.8268049618869018,30,30,65,2,61878833.099610277,none,18860,94.300000190734863,0.00029813021248148116,0.001265957956844184,disabled,disabled,0,0,0,0,-1,-1,0,0,0,0,0,0,72,72,1,0,0,0,none,1887,1,0,0,0,0,0,0,0,0,0,-1,0
1,1403715988.134058,1403715988134057984,1403715988.134058,1403715988.134058,2032,1888,ready,1,1,1,1,-0.1722499593365597,0.039506328791924457,0.083159910221140554,-9.0738310745814434,0.055167598589816416,3.7781398846064662,9.8291299117281046,30,26,66,2,64155852.585076451,none,18870,94.349999904632568,0.00014654628114964667,0.0010533836925163259,disabled,disabled,0,0,0,0,-1,-1,0,0,0,0,0,0,72,72,1,0,0,0,none,1888,1,0,0,0,0,0,0,0,0,0,-1,0
1,1403715988.1840582,1403715988184058112,1403715988.1840582,1403715988.1840582,2033,1889,ready,1,1,1,1,-0.14950102515209882,0.032684843988931234,0.095651045129826903,-9.1241037445384006,0.038404544817429179,3.6580239841044451,9.830151754598992,30,26,67,2,66410982.360970199,none,18880,94.400000095367432,0.0012775900415420392,0.011265784554729021,disabled,disabled,0,0,0,0,-1,-1,0,0,0,0,0,0,72,72,1,0,0,0,none,1889,1,0,0,0,0,0,0,0,0,0,-1,0
1,1403715988.2340581,1403715988234058240,1403715988.2340581,1403715988.2340581,2034,1890,ready,1,1,1,1,-0.14565926488000838,0.033087210138751447,0.099119119613756232,-9.170237711710076,0.017708608728474688,3.5403811820456084,9.8299477210347046,30,29,68,2,56638077.859454215,none,18890,94.450000047683716,1.0269397082429926e-05,0.00013266466195187309,disabled,disabled,0,0,0,0,-1,-1,0,0,0,0,0,0,7,24,1,0,0,0,none,1890,1,0,0,0,0,0,0,0,0,0,-1,0
1,1403715988.2840581,1403715988284058112,1403715988.2840581,1403715988.2840581,2035,1891,ready,1,1,1,1,-0.1364814497340992,0.021402906267653954,0.088384823838257909,-9.218875363582713,-0.006640795851367438,3.4103301474219956,9.829448549326516,30,28,69,2,59018498.889042154,none,18900,94.5,0.00086793478622069055,0.0050140878221077443,disabled,disabled,0,0,0,0,-1,-1,0,0,0,0,0,0,72,72,1,0,0,0,none,1891,1,0,0,0,0,0,0,0,0,0,-1,0
1,1403715988.334058,1403715988334057984,1403715988.334058,1403715988.334058,2036,1892,ready,1,1,1,1,-0.12858673361368125,0.0053658277917680392,0.088848901934291125,-9.2551944369964936,-0.03282916824362013,3.3090275414380401,9.8290063124862161,30,29,70,2,60070858.514718182,none,18910,94.549999952316284,0.00013253803207183265,0.00073625593529390082,disabled,disabled,0,0,0,0,-1,-1,0,0,0,0,0,0,63,72,1,0,0,0,none,1892,1,0,0,0,0,0,0,0,0,0,-1,0
1,1403715988.3840582,1403715988384058112,1403715988.3840582,1403715988.3840582,2037,1893,ready,1,1,1,1,-0.11591753078288687,-0.0058894011036983475,0.090671002742799212,-9.2918557229978394,-0.0025993833674894697,3.2077789524172902,9.8299763652499674,30,30,71,2,61025888.011567988,none,18920,94.600000143051147,0.00091818579361344825,0.0072261283474471067,disabled,disabled,0,0,0,0,-1,-1,0,0,0,0,0,0,72,72,1,0,0,0,none,1893,1,0,0,0,0,0,0,0,0,0,-1,0
1,1403715988.4340582,1403715988434058240,1403715988.4340582,1403715988.4340582,2038,1894,ready,1,1,1,1,-0.11121653653625869,-0.013303123603653152,0.078828067909386235,-9.3099040778058093,0.050974243545740067,3.1553825679753351,9.8302264196575315,30,30,72,2,62814081.430644855,none,18930,94.650000095367432,0.0084847809153335719,0.014451055523441603,disabled,disabled,0,0,0,0,-1,-1,0,0,0,0,0,0,72,72,1,0,0,0,none,1894,1,0,0,0,0,0,0,0,0,0,-1,0
1,1403715988.4840581,1403715988484058112,1403715988.4840581,1403715988.4840581,2039,1895,ready,1,1,1,1,-0.13050027315001286,-0.017766287210425783,0.065763907646856259,-9.3269071851753171,0.13101464647633154,3.1054366812321628,9.8311799627312535,30,30,73,2,64518021.765799396,none,18940,94.700000047683716,0.0011167565457814411,0.0037510979410517336,disabled,disabled,0,0,0,0,-1,-1,0,0,0,0,0,0,72,72,1,0,0,0,none,1895,1,0,0,0,0,0,0,0,0,0,-1,0
1,1403715988.5340581,1403715988534057984,1403715988.5340581,1403715988.5340581,2040,1896,ready,1,1,1,1,-0.11668197578735014,-0.017853714505861481,0.050960944159772849,-9.3287957819174672,0.2646208308625852,3.0922922400404138,9.8315169848127564,30,30,74,2,66202815.861436188,none,18950,94.75,0.00045051111137241575,0.0015847714385258359,disabled,disabled,0,0,0,0,-1,-1,0,0,0,0,0,0,72,72,1,0,0,0,none,1896,1,0,0,0,0,0,0,0,0,0,-1,0
1,1403715988.5840583,1403715988584058368,1403715988.5840583,1403715988.5840583,2041,1897,ready,1,1,1,1,-0.12040527052523842,-0.01207705238906891,0.031910557622145827,-9.3249496404622647,0.36539317637329788,3.0892710014355833,9.8301471652670749,30,30,75,2,67900542.443859935,none,18960,94.800000190734863,0.00066137178787416067,0.0024141912692895199,disabled,disabled,0,0,0,0,-1,-1,0,0,0,0,0,0,72,72,1,0,0,0,none,1897,1,0,0,0,0,0,0,0,0,0,-1,0
1,1403715988.634058,1403715988634057984,1403715988.634058,1403715988.634058,2042,1898,ready,1,1,1,1,-0.11373280551797402,0.00099763834647899753,0.014981746357332647,-9.3140218178222209,0.49761225634280498,3.1021370393287477,9.8296426481996928,30,29,76,2,69764571.694288045,none,18970,94.849999904632568,0.00044576184939067745,0.00083828585172828819,disabled,disabled,0,0,0,0,-1,-1,0,0,0,0,0,0,72,72,1,0,0,0,none,1898,1,0,0,0,0,0,0,0,0,0,-1,0
1,1403715988.6840582,1403715988684058112,1403715988.6840582,1403715988.6840582,2043,1899,ready,1,1,1,1,-0.11917544905356707,0.0220790842376603,-0.0080601531424442929,-9.2906172412403762,0.64322707109360977,3.1426587924836364,9.8288154970065094,30,29,77,2,71636509.462713152,none,18980,94.900000095367432,0.00028240884805852938,0.0007730723644413641,disabled,disabled,0,0,0,0,-1,-1,0,0,0,0,0,0,72,72,1,0,0,0,none,1899,1,0,0,0,0,0,0,0,0,0,-1,0
1,1403715988.7340581,1403715988734058240,1403715988.7340581,1403715988.7340581,2044,1900,ready,1,1,1,1,-0.11003362161357561,0.046979108400825344,-0.018214070900469337,-9.264188518789318,0.71791898752402072,3.1981207707393078,9.8269310086389403,30,30,78,2,72619651.270159513,none,18990,94.950000047683716,0,0,disabled,disabled,0,0,0,0,-1,-1,0,0,0,0,0,0,0,0,0,0,0,0,none,1900,1,0,0,0,0,0,0,0,0,0,0.99999499999600239,1
1,1403715988.7840581,1403715988784058112,1403715988.7840581,1403715988.7840581,2045,1901,ready,1,1,1,1,-0.097100452577407903,0.076188911932495579,-0.025945052891498292,-9.2246986439703083,0.75186942522416422,3.2944191250346395,9.8241320265990186,30,29,79,2,74653373.036550581,none,19000,95,3.7281115307309231e-05,0.0010375817843022038,disabled,disabled,0,0,0,0,-1,-1,0,0,0,0,0,0,72,72,1,0,0,0,none,1901,1,0,0,0,0,0,0,0,0,0,-1,0
1,1403715988.834058,1403715988834057984,1403715988.834058,1403715988.834058,2046,1902,ready,1,1,1,1,-0.082558162351518999,0.10545943352951248,-0.039317891184565766,-9.1888417459201719,0.70409120216235643,3.3931006442926286,9.8205747812858064,30,28,80,2,76764753.905578434,none,19010,95.049999952316284,0.0002563890394544931,0.0017740525599117519,disabled,disabled,0,0,0,0,-1,-1,0,0,0,0,0,0,72,72,1,0,0,0,none,1902,1,0,0,0,0,0,0,0,0,0,-1,0
1,1403715988.8840582,1403715988884058112,1403715988.8840582,1403715988.8840582,2047,1903,ready,1,1,1,1,-0.061346127412937504,0.12332360286560978,-0.039931097134891992,-9.1609465618291086,0.618117389659956,3.4782083714328058,9.8185001141311741,30,28,81,2,77795530.490778148,none,19020,95.100000143051147,0.00045010996665873084,0.0025744526816792006,disabled,disabled,0,0,0,0,-1,-1,0,0,0,0,0,0,72,72,1,0,0,0,none,1903,1,0,0,0,0,0,0,0,0,0,-1,0
1,1403715988.9340582,1403715988934058240,1403715988.9340582,1403715988.9340582,2048,1904,ready,1,1,1,1,-0.040920448940161551,0.14779086507057246,-0.043058403537579469,-9.1411671335004971,0.53304771452694721,3.5392687743770956,9.8168986898018282,30,28,82,2,78425195.392656431,none,19030,95.150000095367432,1.6452846436951957e-07,3.1577651958796633e-06,disabled,disabled,0,0,0,0,-1,-1,0,0,0,0,0,0,3,12,1,0,0,0,none,1904,1,0,0,0,0,0,0,0,0,0,-1,0
1,1403715988.9840581,1403715988984058112,1403715988.9840581,1403715988.9840581,2049,1905,ready,1,1,1,1,-0.026281644377787024,0.16148934254293568,-0.045451490004139762,-9.1333895965343839,0.45822281246281327,3.5643804118755065,9.8149672128084902,30,29,83,2,77212388.373432949,none,19040,95.200000047683716,0.00020362658851119184,0.00070694088921513976,disabled,disabled,0,0,0,0,-1,-1,0,0,0,0,0,0,37,72,1,0,0,0,none,1905,1,0,0,0,0,0,0,0,0,0,-1,0
1,1403715989.0340581,1403715989034057984,1403715989.0340581,1403715989.0340581,2050,1906,ready,1,1,1,1,-0.01881759849792063,0.16706351405377584,-0.044129392395797704,-9.1323376695712746,0.37373961877688333,3.5780413858757942,9.8153783815375117,30,30,84,2,77486235.712976366,none,19050,95.25,0.00012186385012802037,0.002862665344545942,disabled,disabled,0,0,0,0,-1,-1,0,0,0,0,0,0,72,72,1,0,0,0,none,1906,1,0,0,0,0,0,0,0,0,0,-1,0
1,1403715989.0840583,1403715989084058368,1403715989.0840583,1403715989.0840583,2051,1907,ready,1,1,1,1,-0.016456038089128121,0.18045417762694771,-0.045928266287288494,-9.1267333623487978,0.33681976888068726,3.5981750822631091,9.8161893495764723,30,29,85,2,79439756.553629756,none,19060,95.300000190734863,0.0010603771813136626,0.0049333005501056111,disabled,disabled,0,0,0,0,-1,-1,0,0,0,0,0,0,72,72,1,0,0,0,none,1907,1,0,0,0,0,0,0,0,0,0,-1,0
1,1403715989.134058,1403715989134057984,1403715989.134058,1403715989.134058,2052,1908,ready,1,1,1,1,-0.010810153002230821,0.18069946655656521,-0.035399352716629535,-9.1372178077405568,0.2879240605310861,3.5833954524067644,9.8189802168582325,30,28,86,2,81490160.509968042,none,19070,95.349999904632568,4.4401681438555442e-05,0.00017950999550382196,disabled,disabled,0,0,0,0,-1,-1,0,0,0,0,0,0,72,72,1,0,0,0,none,1908,1,0,0,0,0,0,0,0,0,0,-1,0
1,1403715989.1840582,1403715989184058112,1403715989.1840582,1403715989.1840582,2053,1909,ready,1,1,1,1,-0.0005078551055747437,0.1829571432147612,-0.02190738683656554,-9.1379073982878278,0.27445490952007479,3.5899208346743601,9.8216194548695555,30,29,87,2,83062715.910765484,none,19080,95.400000095367432,6.5282948914013666e-05,0.001200208219006305,disabled,disabled,0,0,0,0,-1,-1,0,0,0,0,0,0,72,72,1,0,0,0,none,1909,1,0,0,0,0,0,0,0,0,0,-1,0
1,1403715989.2340581,1403715989234058240,1403715989.2340581,1403715989.2340581,2054,1910,ready,1,1,1,1,-0.0015538663238807225,0.18458763025226577,-0.0089442612494842824,-9.1355742322794597,0.24919397175548516,3.5993675368707581,9.8222329871840639,30,29,88,2,83074049.378278881,none,19090,95.450000047683716,4.5888718109891157e-05,0.00040336776070651353,disabled,disabled,0,0,0,0,-1,-1,0,0,0,0,0,0,72,72,1,0,0,0,none,1910,1,0,0,0,0,0,0,0,0,0,-1,0
1,1403715989.2840581,1403715989284058112,1403715989.2840581,1403715989.2840581,2055,1911,ready,1,1,1,1,-0.0021804872057577755,0.18206146360969019,-0.0036018656396231133,-9.1407415203030702,0.25009306275538939,3.5883316717380662,9.8230253113503352,30,29,89,2,85070685.912495434,none,19100,95.5,2.2357069543170267e-05,0.00058369214802551635,disabled,disabled,0,0,0,0,-1,-1,0,0,0,0,0,0,72,72,1,0,0,0,none,1911,1,0,0,0,0,0,0,0,0,0,-1,0
1,1403715989.334058,1403715989334057984,1403715989.334058,1403715989.334058,2056,1912,ready,1,1,1,1,0.0061287791933295789,0.1874221284342911,0.0030659839589216283,-9.1440254591652721,0.23725052126589524,3.5768535329863389,9.8215767880794207,30,30,90,2,86544728.624861419,none,19110,95.549999952316284,0,0,disabled,disabled,0,0,0,0,-1,-1,0,0,0,0,0,0,0,0,0,0,0,0,none,1912,1,0,0,0,0,0,0,0,0,0,-1,0
1,1403715989.3840582,1403715989384058112,1403715989.3840582,1403715989.3840582,2057,1913,ready,1,1,1,1,0.010497567317103256,0.18534187551793299,0.018208924013421682,-9.152087454286125,0.23106688653014948,3.5545989855047968,9.8208589555447716,30,30,91,2,88414077.328292489,none,19120,95.600000143051147,0.00032287518316959443,0.0081465953059474319,disabled,disabled,0,0,0,0,-1,-1,0,0,0,0,0,0,72,72,1,0,0,0,none,1913,1,0,0,0,0,0,0,0,0,0,-1,0
1,1403715989.4340582,1403715989434058240,1403715989.4340582,1403715989.4340582,2058,1914,ready,1,1,1,1,0.013290610974293387,0.18178049149340458,0.01907685643534043,-9.1442540043378617,0.21592715305251822,3.5712074741178252,9.8192427739856498,30,30,92,2,90218316.828307629,none,19130,95.650000095367432,9.1167844324052476e-06,0.00014788045731335537,disabled,disabled,0,0,0,0,-1,-1,0,0,0,0,0,0,66,72,1,0,0,0,none,1914,1,0,0,0,0,0,0,0,0,0,-1,0
1,1403715989.4840581,1403715989484058112,1403715989.4840581,1403715989.4840581,2059,1915,ready,1,1,1,1,0.01323868404277101,0.18313614118055493,0.031602409333354849,-9.1442641547615953,0.22905074177808099,3.5703807184671841,9.8192489350850618,30,30,93,2,91996126.657097727,none,19140,95.700000047683716,2.2148655875932269e-05,0.00033232324664762603,disabled,disabled,0,0,0,0,-1,-1,0,0,0,0,0,0,66,72,1,0,0,0,none,1915,1,0,0,0,0,0,0,0,0,0,-1,0
1,1403715989.5340581,1403715989534057984,1403715989.5340581,1403715989.5340581,2060,1916,ready,1,1,1,1,0.017516870427346082,0.18443147797530704,0.039987192010115719,-9.1384581398490106,0.23281149284730493,3.5847484130985565,9.8191669478722616,30,30,94,2,93772282.46176745,none,19150,95.75,2.4992742354368844e-05,6.3771409883599646e-05,disabled,disabled,0,0,0,0,-1,-1,0,0,0,0,0,0,21,72,1,0,0,0,none,1916,1,0,0,0,0,0,0,0,0,0,-1,0
1,1403715989.5840583,1403715989584058368,1403715989.5840583,1403715989.5840583,2061,1917,ready,1,1,1,1,0.037649774470244354,0.19185280472679236,0.05405275520685511,-9.1515350132162023,0.21601224777649941,3.548268508195016,9.8177117392781508,30,30,95,2,95546961.580439344,none,19160,95.800000190734863,9.000733064020225e-05,0.00051506005988391805,disabled,disabled,0,0,0,0,-1,-1,0,0,0,0,0,0,63,72,1,0,0,0,none,1917,1,0,0,0,0,0,0,0,0,0,-1,0
1,1403715989.634058,1403715989634057984,1403715989.634058,1403715989.634058,2062,1918,ready,1,1,1,1,0.042014586065371021,0.19530552321253511,0.058374812168884592,-9.1824495166274787,0.19245402728243419,3.465373410736166,9.8164775023358892,30,30,96,2,97318817.889101207,none,19170,95.849999904632568,0.00058054348479564578,0.0041619260942110667,disabled,disabled,0,0,0,0,-1,-1,0,0,0,0,0,0,72,72,1,0,0,0,none,1918,1,0,0,0,0,0,0,0,0,0,-1,0
1,1403715989.6840582,1403715989684058112,1403715989.6840582,1403715989.6840582,2063,1919,ready,1,1,1,1,0.021624052574658291,0.18543420707564684,0.067966025990977882,-9.2175498993550065,0.16536470849477836,3.3725150848906296,9.8165385768981679,30,30,97,2,99091254.587547779,none,19180,95.900000095367432,0.00035031656709103004,0.0037695191934281969,disabled,disabled,0,0,0,0,-1,-1,0,0,0,0,0,0,72,72,1,0,0,0,none,1919,1,0,0,0,0,0,0,0,0,0,-1,0
1,1403715989.7340581,1403715989734058240,1403715989.7340581,1403715989.7340581,2064,1920,ready,1,1,1,1,0.0020961803158193377,0.18545896269728482,0.076873092462682618,-9.249089214631379,0.15156699850538941,3.2861874149033921,9.8167026837485434,30,30,98,2,100857761.09242713,none,19190,95.950000047683716,0.00042705290456191759,0.0020630834127694513,disabled,disabled,0,0,0,0,-1,-1,0,0,0,0,0,0,72,72,1,0,0,0,none,1920,1,0,0,0,0,0,0,0,0,0,56347.876495930963,1
1,1403715989.7840581,1403715989784058112,1403715989.7840581,1403715989.7840581,2065,1921,ready,1,1,1,1,-0.017887821068096523,0.18630041722131715,0.087026224224613341,-9.2731601135577755,0.12125614497419061,3.2198366392979065,9.8170030828220742,30,30,99,2,102629986.27374485,none,19200,96,0.00048030959720604644,0.0013171036438627847,disabled,disabled,0,0,0,0,-1,-1,0,0,0,0,0,0,72,72,1,0,0,0,none,1921,1,0,0,0,0,0,0,0,0,0,-1,0
1,1403715989.834058,1403715989834057984,1403715989.834058,1403715989.834058,2066,1922,ready,1,1,1,1,-0.044891192265635829,0.17436310252928741,0.079117194020765086,-9.2867919893381927,0.090973990439706498,3.1787998857425084,9.8161881824753721,30,29,100,2,104553128.33648191,none,19210,96.049999952316284,0.0013738238485939865,0.0068527773099160347,disabled,disabled,0,0,0,0,-1,-1,0,0,0,0,0,0,72,72,1,0,0,0,none,1922,1,0,0,0,0,0,0,0,0,0,-1,0
1,1403715989.8840582,1403715989884058112,1403715989.8840582,1403715989.8840582,2067,1923,ready,1,1,1,1,-0.06173343772847234,0.1774067021557672,0.07171057214299105,-9.2973594542851412,0.061299178667542017,3.1459792466804135,9.8153877066590951,30,28,101,2,106596985.27901806,none,19220,96.100000143051147,0.00011532974015769985,0.0010839123413278033,disabled,disabled,0,0,0,0,-1,-1,0,0,0,0,0,0,72,72,1,0,0,0,none,1923,1,0,0,0,0,0,0,0,0,0,-1,0
1,1403715989.9340582,1403715989934058240,1403715989.9340582,1403715989.9340582,2068,1924,ready,1,1,1,1,-0.074256738852668966,0.1694941240235065,0.057708440244431225,-9.3013006039803976,-0.003544978487854805,3.1266240626375663,9.8127459725370869,30,29,102,2,107481778.98992199,none,19230,96.150000095367432,0,0,disabled,disabled,0,0,0,0,-1,-1,0,0,0,0,0,0,0,0,0,0,0,0,none,1924,1,0,0,0,0,0,0,0,0,0,-1,0
1,1403715989.9840581,1403715989984058112,1403715989.9840581,1403715989.9840581,2069,1925,ready,1,1,1,1,-0.072082915941186265,0.15695956925563395,0.040257121663695883,-9.2978484872054832,-0.020864174489459208,3.1308268947760522,9.8108357875289851,30,30,103,2,107490131.63604483,none,19240,96.200000047683716,0.0006078055352767139,0.0028697006361496536,disabled,disabled,0,0,0,0,-1,-1,0,0,0,0,0,0,72,72,1,0,0,0,none,1925,1,0,0,0,0,0,0,0,0,0,-1,0
1,1403715990.0340581,1403715990034057984,1403715990.0340581,1403715990.0340581,2070,1926,ready,1,1,1,1,-0.074670356018502401,0.15500416936371347,0.028658816688083118,-9.2951782101433853,-0.046667148219090654,3.13881811735927,9.8109477093148385,30,28,104,2,109643705.69933993,none,19250,96.25,0.00066029477300583715,0.0021457788783310516,disabled,disabled,0,0,0,0,-1,-1,0,0,0,0,0,0,72,72,1,0,0,0,none,1926,1,0,0,0,0,0,0,0,0,0,-1,0
1,1403715990.0840583,1403715990084058368,1403715990.0840583,1403715990.0840583,2071,1927,ready,1,1,1,1,-0.086842389151649407,0.14611835783292737,0.020511968563292071,-9.2936490126292455,-0.05249364422565593,3.1468566442161863,9.8121034590895029,30,26,105,2,112003931.44541714,none,19260,96.300000190734863,3.9247496024243325e-05,0.00076755287780938943,disabled,disabled,0,0,0,0,-1,-1,0,0,0,0,0,0,66,72,1,0,0,0,none,1927,1,0,0,0,0,0,0,0,0,0,-1,0
1,1403715990.134058,1403715990134057984,1403715990.134058,1403715990.134058,2072,1928,ready,1,1,1,1,-0.11456682673928888,0.13719194842173968,0.010248444773247748,-9.2886300005657745,-0.0614135736044168,3.1660545408560004,9.8135783621525281,30,27,106,2,108662288.65830354,none,19270,96.349999904632568,0.0011537435081143469,0.0018945053523268052,disabled,disabled,0,0,0,0,-1,-1,0,0,0,0,0,0,72,72,1,0,0,0,none,1928,1,0,0,0,0,0,0,0,0,0,-1,0
1,1403715990.1840582,1403715990184058112,1403715990.1840582,1403715990.1840582,2073,1929,ready,1,1,1,1,-0.13897232868691994,0.12476116305197821,0.014231200472068351,-9.2794069251986588,-0.062753017734812649,3.1903730239485402,9.8127371745399454,30,28,107,2,104255695.86860932,none,19280,96.400000095367432,4.3810491872302522e-06,5.8409241141533209e-06,disabled,disabled,0,0,0,0,-1,-1,0,0,0,0,0,0,7,18,1,0,0,0,none,1929,1,0,0,0,0,0,0,0,0,0,-1,0
1,1403715990.2340581,1403715990234058240,1403715990.2340581,1403715990.2340581,2074,1930,ready,1,1,1,1,-0.14204583869735382,0.097682887984383834,0.0054177943862864595,-9.2669862731996844,-0.094970334397319195,3.2194142961215886,9.8107432115084414,30,26,108,2,106204673.00493094,none,19290,96.450000047683716,0.0034305482143554672,0.0074407290805612921,disabled,disabled,0,0,0,0,-1,-1,0,0,0,0,0,0,72,72,1,0,0,0,none,1930,1,0,0,0,0,0,0,0,0,0,-1,0
1,1403715990.2840581,1403715990284058112,1403715990.2840581,1403715990.2840581,2075,1931,ready,1,1,1,1,-0.14547433947753877,0.074779820636378239,0.0066509918021023968,-9.2623868755439815,-0.10945190962090483,3.231786131150947,9.8106183266024907,30,25,109,2,104291702.53952807,none,19300,96.5,0.0013906677123844606,0.0012959531084894796,disabled,disabled,0,0,0,0,-1,-1,0,0,0,0,0,0,72,72,1,0,0,0,none,1931,1,0,0,0,0,0,0,0,0,0,-1,0
1,1403715990.334058,1403715990334057984,1403715990.334058,1403715990.334058,2076,1932,ready,1,1,1,1,-0.14255873994968993,0.053334324082500092,0.0025135116875760807,-9.257923008716336,-0.13418347484189211,3.2440430762000263,9.8107573163584725,30,27,110,2,96487192.990513906,none,19310,96.549999952316284,0.0001337808621740646,0.00098868248359628287,disabled,disabled,0,0,0,0,-1,-1,0,0,0,0,0,0,72,72,1,0,0,0,none,1932,1,0,0,0,0,0,0,0,0,0,-1,0
1,1403715990.3840582,1403715990384058112,1403715990.3840582,1403715990.3840582,2077,1933,ready,1,1,1,1,-0.17517942391929484,0.035752973750233591,0.017088179205727808,-9.2556586460625816,-0.15687199720033854,3.257598515647913,9.8134486234498688,30,27,111,2,91524280.477148592,none,19320,96.600000143051147,0.00050336279079756625,0.0014457966498514598,disabled,disabled,0,0,0,0,-1,-1,0,0,0,0,0,0,72,72,1,0,0,0,none,1933,1,0,0,0,0,0,0,0,0,0,-1,0
1,1403715990.4340582,1403715990434058240,1403715990.4340582,1403715990.4340582,2078,1934,ready,1,1,1,1,-0.20774819272480088,0.011944776072951364,0.031944006993349656,-9.2492021607691726,-0.17312674585512436,3.2858579171816227,9.8170553493811301,30,27,112,2,90335615.477722988,none,19330,96.650000095367432,0.00072216281222500073,0.00065977883180089658,disabled,disabled,0,0,0,0,-1,-1,0,0,0,0,0,0,72,72,1,0,0,0,none,1934,1,0,0,0,0,0,0,0,0,0,-1,0
1,1403715990.4840581,1403715990484058112,1403715990.4840581,1403715990.4840581,2079,1935,ready,1,1,1,1,-0.24703510523711328,-0.0091800275723002787,0.043551347221134767,-9.242913809384806,-0.20605921626535037,3.3138224375763712,9.8211677124519596,30,28,113,2,91353173.741014868,none,19340,96.700000047683716,0.00034000741697765425,0.0016789323523197675,disabled,disabled,0,0,0,0,-1,-1,0,0,0,0,0,0,72,72,1,0,0,0,none,1935,1,0,0,0,0,0,0,0,0,0,-1,0
1,1403715990.5340581,1403715990534057984,1403715990.5340581,1403715990.5340581,2080,1936,ready,1,1,1,1,-0.28270962994783722,-0.035740618568292276,0.067080462553343517,-9.238535596675943,-0.20371147764576517,3.3351971542608276,9.8242342396220721,30,29,114,2,92668171.706340924,none,19350,96.75,0.00050994197458035194,0.0023784002716532543,disabled,disabled,0,0,0,0,-1,-1,0,0,0,0,0,0,69,72,1,0,0,0,none,1936,1,0,0,0,0,0,0,0,0,0,-1,0
1,1403715990.5840583,1403715990584058368,1403715990.5840583,1403715990.5840583,2081,1937,ready,1,1,1,1,-0.30396978015494552,-0.05606521517612631,0.081479884416547924,-9.2288986153746571,-0.21468059462934339,3.3722789766217929,9.8280681167124602,30,29,115,2,93440674.117408186,none,19360,96.800000190734863,0.0010387412253895164,0.0060369114440128654,disabled,disabled,0,0,0,0,-1,-1,0,0,0,0,0,0,72,72,1,0,0,0,none,1937,1,0,0,0,0,0,0,0,0,0,-1,0
1,1403715990.634058,1403715990634057984,1403715990.634058,1403715990.634058,2082,1938,ready,1,1,1,1,-0.31996526791045277,-0.077914122983664749,0.097797728566782108,-9.2124569179387326,-0.22385713422208156,3.4224613605776009,9.8301941102943644,30,23,116,2,95802442.129086047,none,19370,96.849999904632568,7.6281395569317533e-05,0.0014467684242154381,disabled,disabled,0,0,0,0,-1,-1,0,0,0,0,0,0,72,72,1,0,0,0,none,1938,1,0,0,0,0,0,0,0,0,0,-1,0
1,1403715990.6840582,1403715990684058112,1403715990.6840582,1403715990.6840582,2083,1939,ready,1,1,1,1,-0.32014937714040875,-0.103332285622407,0.10305021846893379,-9.1917361802739688,-0.23750255585229391,3.4814104057055988,9.8318177304478684,30,21,117,2,98155647.736517221,none,19380,96.900000095367432,0.00027059536886810131,0.0022294635443751935,disabled,disabled,0,0,0,0,-1,-1,0,0,0,0,0,0,72,72,1,0,0,0,none,1939,1,0,0,0,0,0,0,0,0,0,-1,0
1,1403715990.7340581,1403715990734058240,1403715990.7340581,1403715990.7340581,2084,1940,ready,1,1,1,1,-0.32333820936849855,-0.11853629925538238,0.13047814310635336,-9.1725594238404273,-0.23016533056068769,3.5367212395032079,9.8334744413777297,30,26,118,2,84798903.639858693,none,19390,96.950000047683716,0.00025592920278688853,0.00076157732474467802,disabled,disabled,0,0,0,0,-1,-1,0,0,0,0,0,0,54,54,1,0,0,0,none,1940,1,0,0,0,0,0,0,0,0,0,0.9999949999097788,1
1,1403715990.7840581,1403715990784058112,1403715990.7840581,1403715990.7840581,2085,1941,ready,1,1,1,1,-0.30701839963765759,-0.13414916784645406,0.13856673415218337,-9.1629728845214338,-0.23778820180022098,3.5647712390286461,9.8348466840107012,30,28,119,2,77412392.456526369,none,19400,97,0.0010254830812757739,0.00092932159064772701,disabled,disabled,0,0,0,0,-1,-1,0,0,0,0,0,0,72,72,1,0,0,0,none,1941,1,0,0,0,0,0,0,0,0,0,-1,0
1,1403715990.834058,1403715990834057984,1403715990.834058,1403715990.834058,2086,1942,ready_soft_grace_GV,1,1,1,1,-0.28035379037001795,-0.15529346773492494,0.14397795574398534,-9.1423412262166259,-0.23307110682296836,3.6224106050031444,9.8365941173078326,30,28,120,2,76892987.89344646,none,19410,97.049999952316284,0.0044625314099912723,0.0112689117143669,disabled,disabled,0,0,0,0,-1,-1,0,0,0,0,0,0,72,72,1,0,0,0,none,1942,1,0,0,0,0,0,0,0,0,0,-1,0
1,1403715990.8840582,1403715990884058112,1403715990.8840582,1403715990.8840582,2087,1943,ready_soft_grace_GV,1,1,1,1,-0.25060660273507057,-0.17945353057275021,0.15378687449971343,-9.1283089712401662,-0.25061971280137957,3.6610397403926789,9.8382949181046033,30,29,121,2,77826817.575019956,none,19420,97.100000143051147,0.0010793022809794603,0.0044272452142791307,disabled,disabled,0,0,0,0,-1,-1,0,0,0,0,0,0,72,72,1,0,0,0,none,1943,1,0,0,0,0,0,0,0,0,0,-1,0
1,1403715990.9340582,1403715990934058240,1403715990.9340582,1403715990.9340582,2088,1944,ready,1,1,1,1,-0.22246099994351134,-0.20297561032702929,0.16433799218706777,-9.1159897418689209,-0.25229571672684054,3.6891670542868988,9.8374222058918459,30,23,122,2,73842605.311807513,none,19430,97.150000095367432,0.0015675369835280726,0.0036426774834480611,disabled,disabled,0,0,0,0,-1,-1,0,0,0,0,0,0,57,72,1,0,0,0,none,1944,1,0,0,0,0,0,0,0,0,0,-1,0
1,1403715990.9840581,1403715990984058112,1403715990.9840581,1403715990.9840581,2089,1945,ready,1,1,1,1,-0.18550435526444684,-0.22982408118458142,0.16528014514951636,-9.1188479429222458,-0.2773247594014987,3.6814971599267392,9.8378716278910154,30,21,123,2,76610999.348660707,none,19440,97.200000047683716,0.00053459443637800339,0.0080388654855290797,disabled,disabled,0,0,0,0,-1,-1,0,0,0,0,0,0,72,72,1,0,0,0,none,1945,1,0,0,0,0,0,0,0,0,0,-1,0
1,1403715991.0340581,1403715991034057984,1403715991.0340581,1403715991.0340581,2090,1946,ready_soft_grace_GV,1,1,1,1,-0.13635056063796103,-0.25858950904376327,0.16070124937151367,-9.1357768154755874,-0.28483624885001702,3.6322539960848581,9.8354877257263968,29,25,124,2,53576617.648119584,none,19450,97.25,0.0011499917194517258,0.0042026379452793439,disabled,disabled,0,0,0,0,-1,-1,0,0,0,0,0,0,66,72,1,0,0,0,none,1946,1,0,0,0,0,0,0,0,0,0,-1,0
1,1403715991.0840583,1403715991084058368,1403715991.0840583,1403715991.0840583,2091,1947,ready,1,1,1,1,-0.10360392534962311,-0.27869358044391063,0.15781378766349893,-9.1666111925452842,-0.28857386136471985,3.5555631317769421,9.8362627462268861,28,21,125,2,47834774.502381347,none,19460,97.300000190734863,0.00036973769798927941,0.0046712392417113608,disabled,disabled,0,0,0,0,-1,-1,0,0,0,0,0,0,54,54,1,0,0,0,none,1947,1,0,0,0,0,0,0,0,0,0,-1,0
1,1403715991.134058,1403715991134057984,1403715991.134058,1403715991.134058,2092,1948,ready_soft_grace_GV,1,1,1,1,0.0066270117076341313,-0.18918386418146818,0.059317724183062019,-9.2291819738568854,-0.1395742368021356,3.399056820298481,9.8362019164798244,26,18,126,2,48874342.70295164,none,19470,97.349999904632568,0.00072206459196960573,0.0028245470016653802,disabled,disabled,0,0,0,0,-1,-1,0,0,0,0,0,0,62,72,1,0,0,0,none,1948,1,0,0,0,0,0,0,0,0,0,-1,0
1,1403715991.1840582,1403715991184058112,1403715991.1840582,1403715991.1840582,2093,1949,ready,1,1,1,1,0.055502680583209445,-0.081875854906434328,-0.017898763622681217,-9.2274043279904152,-0.22505565712566855,3.3960124658477073,9.8350669214405215,21,17,127,2,47006974.362390108,none,19480,97.400000095367432,0.00035644271620857189,0.0024364653891149005,disabled,disabled,0,0,0,0,-1,-1,0,0,0,0,0,0,55,72,1,0,0,0,none,1949,1,0,0,0,0,0,0,0,0,0,-1,0
1,1403715991.2340581,1403715991234058240,1403715991.2340581,1403715991.2340581,2094,1950,ready,1,1,1,1,0.01707514374868789,-0.034035899928331476,-0.022626053834419829,-9.2170181161803892,-0.36712481342270187,3.4125511374872235,9.8353296258230962,19,18,128,2,46686855.135311268,none,19490,97.450000047683716,0.00018785760104941064,0.0027152775433427708,disabled,disabled,0,0,0,0,-1,-1,0,0,0,0,0,0,72,72,1,0,0,0,none,1950,1,0,0,0,0,0,0,0,0,0,-1,0
1,1403715991.2840581,1403715991284058112,1403715991.2840581,1403715991.2840581,2095,1951,ready,1,1,1,1,-0.04590538215833935,0.0029426867690345634,-0.015219281820371225,-9.2248279060146245,-0.43469356506108869,3.3751889509915523,9.832512844943917,18,18,129,2,46614090.136969,none,19500,97.5,0.001638018922731686,0.0028383879563795168,disabled,disabled,0,0,0,0,-1,-1,0,0,0,0,0,0,72,72,1,0,0,0,none,1951,1,0,0,0,0,0,0,0,0,0,-1,0
1,1403715991.334058,1403715991334057984,1403715991.334058,1403715991.334058,2096,1952,ready,1,1,1,1,-0.10992694912963062,0.055168473895428081,0.0019349235734782235,-9.2448987254943358,-0.32494309563765655,3.3242768647304679,9.8297790989132405,18,18,130,2,47960578.208991483,none,19510,97.549999952316284,0,0,disabled,disabled,0,0,0,0,-1,-1,0,0,0,0,0,0,0,0,0,0,0,0,none,1952,1,0,0,0,0,0,0,0,0,0,-1,0
1,1403715991.3840582,1403715991384058112,1403715991.3840582,1403715991.3840582,2097,1953,thin_observations_state_preserved_not_ready,1,0,0,0,-0.071754895012894671,0.045163870001374423,-0.00064302970537552105,-9.239729623712611,-0.070496747712766358,3.3430723031402958,9.8261745218968208,18,14,0,2,49898709.471240349,none,19520,97.600000143051147,0.00025680921568579468,0.00068222571592923339,disabled,disabled,0,0,0,0,-1,-1,0,0,0,0,0,0,59,72,1,0,0,0,none,1953,1,0,0,0,0,0,0,0,0,0,-1,0
1,1403715991.4340582,1403715991434058240,1403715991.4340582,1403715991.4340582,2098,1954,thin_observations_state_preserved_not_ready,1,0,0,0,0.013853236255895832,-0.04514289942244501,-0.030580742745902379,-9.2359539265757054,-0.15764966687596166,3.3402697579429144,9.8226829536091262,17,12,0,2,51599986.82476002,none,19530,97.650000095367432,0.00049671155249453682,0.0037675609526657537,disabled,disabled,0,0,0,0,-1,-1,0,0,0,0,0,0,66,72,1,0,0,0,none,1954,1,0,0,0,0,0,0,0,0,0,-1,0
1,1403715991.4840581,1403715991484058112,1403715991.4840581,1403715991.4840581,2099,1955,thin_observations_state_preserved_not_ready,1,0,0,0,-0.049864907782996092,0.029796667219689103,-0.01124681062751926,-9.2344459252065594,-0.12077405918268846,3.3353547738767624,9.8190717171511679,12,12,0,2,46826907.716299415,none,19540,97.700000047683716,0.00012743275984106566,0.0037914707034717621,disabled,disabled,0,0,0,0,-1,-1,0,0,0,0,0,0,72,72,1,0,0,0,none,1955,1,0,0,0,0,0,0,0,0,0,-1,0
1,1403715991.5340581,1403715991534057984,1403715991.5340581,1403715991.5340581,2100,1956,thin_observations_state_preserved_not_ready,1,0,0,0,-0.054163369318048132,0.0042778979316736472,-0.018563084188509094,-9.2286934982512694,-0.12353493116877053,3.3420020290249219,9.8159575246580406,12,12,0,2,48029897.241366491,none,19550,97.75,0.00010261360073625565,0.0020614465382698226,disabled,disabled,0,0,0,0,-1,-1,0,0,0,0,0,0,45,72,1,0,0,0,none,1956,1,0,0,0,0,0,0,0,0,0,-1,0
1,1403715991.5840583,1403715991584058368,1403715991.5840583,1403715991.5840583,2101,1957,thin_observations_state_preserved_not_ready,1,0,0,0,-0.0050231978026427726,0.0010994037542446,-0.026240871204202539,-9.2346660552571436,-0.11089975655943192,3.3180390420664314,9.8132939929872993,12,12,0,2,49255784.270429149,none,19560,97.800000190734863,0,0,disabled,disabled,0,0,0,0,-1,-1,0,0,0,0,0,0,0,0,0,0,0,0,none,1957,1,0,0,0,0,0,0,0,0,0,-1,0
1,1403715991.634058,1403715991634057984,1403715991.634058,1403715991.634058,2102,1958,thin_observations_state_preserved_not_ready,1,0,0,0,-0.040142743287263673,-0.00078308303840700908,-0.0093488644569653528,-9.2228144420134885,-0.10756069375066415,3.3391689177219703,9.8092774757233379,12,12,0,2,50501717.812251657,none,19570,97.849999904632568,0,0,disabled,disabled,0,0,0,0,-1,-1,0,0,0,0,0,0,0,0,0,0,0,0,none,1958,1,0,0,0,0,0,0,0,0,0,-1,0
1,1403715991.6840582,1403715991684058112,1403715991.6840582,1403715991.6840582,2103,1959,thin_observations_state_preserved_not_ready,1,0,0,0,-0.024971600345386091,-0.003082620960650386,-0.024294569451576938,-9.2179686301916419,-0.11636768622178847,3.3431078435628625,9.806164242928288,12,12,0,2,51767544.851941787,none,19580,97.900000095367432,0,0,disabled,disabled,0,0,0,0,-1,-1,0,0,0,0,0,0,0,0,0,0,0,0,none,1959,1,0,0,0,0,0,0,0,0,0,-1,0
1,1403715991.7340581,1403715991734058240,1403715991.7340581,1403715991.7340581,2104,1960,thin_observations_state_preserved_not_ready,1,0,0,0,-0.012863783321076407,-0.002441256220810342,-0.024447524044521773,-9.2218901000453197,-0.096674170539723714,3.324729055038119,9.8033885061226709,14,14,0,2,53050984.017806984,none,19590,97.950000047683716,0,0,disabled,disabled,0,0,0,0,-1,-1,0,0,0,0,0,0,0,0,0,0,0,0,none,1960,1,0,0,0,0,0,0,0,0,0,0.99999499999367747,1
1,1403715991.7840581,1403715991784058112,1403715991.7840581,1403715991.7840581,2105,1961,thin_observations_state_preserved_not_ready,1,0,0,0,-0.018524312317735415,-0.00011522300073691876,-0.018151753232954849,-9.2141628335846324,-0.11599729378677054,3.3367736818552198,9.8004240061285035,14,14,0,2,54584189.793413229,none,19600,98,0.00058875656203349848,0.0028936044345813147,disabled,disabled,0,0,0,0,-1,-1,0,0,0,0,0,0,45,72,1,0,0,0,none,1961,1,0,0,0,0,0,0,0,0,0,-1,0
1,1403715991.834058,1403715991834057984,1403715991.834058,1403715991.834058,2106,1962,thin_observations_state_preserved_not_ready,1,0,0,0,-0.014118100756425667,-0.0038965625238953881,-0.025103305730413975,-9.2115479608861772,-0.093331015852672672,3.3357133085059383,9.7973623894786108,14,14,0,2,56014807.877686098,none,19610,98.049999952316284,0.0003041857337292823,0.0046536832598376484,disabled,disabled,0,0,0,0,-1,-1,0,0,0,0,0,0,45,72,1,0,0,0,none,1962,1,0,0,0,0,0,0,0,0,0,-1,0
1,1403715991.8840582,1403715991884058112,1403715991.8840582,1403715991.8840582,2107,1963,thin_observations_state_preserved_not_ready,1,0,0,0,-0.0032835142690758701,-0.00082777238584036622,-0.024595454700309216,-9.2118603598594984,-0.10973020144420396,3.3291957177613911,9.7956090231195176,14,14,0,2,57404097.165833816,none,19620,98.100000143051147,0,0,disabled,disabled,0,0,0,0,-1,-1,0,0,0,0,0,0,0,0,0,0,0,0,none,1963,1,0,0,0,0,0,0,0,0,0,-1,0
1,1403715991.9340582,1403715991934058240,1403715991.9340582,1403715991.9340582,2108,1964,thin_observations_state_preserved_not_ready,1,0,0,0,-0.0062295586141943833,-0.00032102008148246903,-0.024096791714123447,-9.207357238045466,-0.097193059636050502,3.3388356834943509,9.7945238537258579,14,13,0,2,58998574.063490763,none,19630,98.150000095367432,0,0,disabled,disabled,0,0,0,0,-1,-1,0,0,0,0,0,0,0,0,0,0,0,0,none,1964,1,0,0,0,0,0,0,0,0,0,-1,0
1,1403715991.9840581,1403715991984058112,1403715991.9840581,1403715991.9840581,2109,1965,thin_observations_state_preserved_not_ready,1,0,0,0,-0.0036602499520579849,-0.0039602076791729491,-0.024735495294879967,-9.2080882377143087,-0.10335889811382221,3.3339570388805519,9.7936122851812488,13,12,0,2,52389596.807054371,none,19640,98.200000047683716,0,0,disabled,disabled,0,0,0,0,-1,-1,0,0,0,0,0,0,0,0,0,0,0,0,none,1965,1,0,0,0,0,0,0,0,0,0,-1,0
1,1403715992.0340581,1403715992034057984,1403715992.0340581,1403715992.0340581,2110,1966,thin_observations_state_preserved_not_ready,1,0,0,0,0.0014573669105375658,-0.00044859720087457393,-0.02316394744620363,-9.2062539030596167,-0.095422119547591028,3.3368657397910719,9.7927978266627562,13,13,0,2,53620733.426726662,none,19650,98.25,0.00032968046041715487,0.011562805792169582,disabled,disabled,0,0,0,0,-1,-1,0,0,0,0,0,0,45,72,1,0,0,0,none,1966,1,0,0,0,0,0,0,0,0,0,-1,0
1,1403715992.0840583,1403715992084058368,1403715992.0840583,1403715992.0840583,2111,1967,pool_not_mature,1,0,0,0,0.00021782004457520366,-0.001454557261251266,-0.027127299604567962,-9.2044178317447596,-0.097236826877878393,3.3422129004549004,9.7929132383478894,15,15,1,2,55017514.74682606,none,19660,98.300000190734863,0.00024152265539002332,0.0083643027153751295,disabled,disabled,0,0,0,0,-1,-1,0,0,0,0,0,0,72,72,1,0,0,0,none,1967,1,0,0,0,0,0,0,0,0,0,-1,0
1,1403715992.134058,1403715992134057984,1403715992.134058,1403715992.134058,2112,1968,thin_observations_state_preserved_not_ready,1,0,0,0,0.00032519208456261903,-0.0015223005689955769,-0.027457372230957379,-9.2090322343564761,-0.096914607444219869,3.3346342888736933,9.7946645156985781,15,14,0,2,56819491.001075797,none,19670,98.349999904632568,0.00013896070059204042,0.0038859385632971999,disabled,disabled,0,0,0,0,-1,-1,0,0,0,0,0,0,45,72,1,0,0,0,none,1968,1,0,0,0,0,0,0,0,0,0,-1,0
1,1403715992.1840582,1403715992184058112,1403715992.1840582,1403715992.1840582,2113,1969,pool_not_mature,1,0,0,0,-0.001204439048015067,-0.0037486209002780858,-0.028206258920738147,-9.2073539804289091,-0.093070362168281059,3.3415645607569893,9.7954113301556287,15,15,1,2,57822406.260377683,none,19680,98.400000095367432,0,0,disabled,disabled,0,0,0,0,-1,-1,0,0,0,0,0,0,0,0,0,0,0,0,none,1969,1,0,0,0,0,0,0,0,0,0,-1,0
1,1403715992.2340581,1403715992234058240,1403715992.2340581,1403715992.2340581,2114,1970,thin_observations_state_preserved_not_ready,1,0,0,0,0.00066925952284362122,0.0023177010970750001,-0.03238345629648616,-9.2082504333321715,-0.096355445155538205,3.3406303283003806,9.7959670990226151,15,14,0,2,59198270.345654204,none,19690,98.450000047683716,0,0,disabled,disabled,0,0,0,0,-1,-1,0,0,0,0,0,0,0,0,0,0,0,0,none,1970,1,0,0,0,0,0,0,0,0,0,-1,0
1,1403715992.2840581,1403715992284058112,1403715992.2840581,1403715992.2840581,2115,1971,confirming_observer_health,1,0,0,0,-0.00044596081792535816,-0.0015422917087101599,-0.029062377977657615,-9.2105708619723448,-0.092622251738357961,3.3370169700196857,9.7968809701419985,15,15,1,2,60042554.996653795,none,19700,98.5,0,0,disabled,disabled,0,0,0,0,-1,-1,0,0,0,0,0,0,0,0,0,0,0,0,none,1971,1,0,0,0,0,0,0,0,0,0,-1,0
1,1403715992.334058,1403715992334057984,1403715992.334058,1403715992.334058,2116,1972,confirming_observer_health,1,0,0,0,-0.00025343207072622083,-0.0013046152704533221,-0.028200928364711737,-9.2088977560996366,-0.093532764135243612,3.3435256609935977,9.7975359201171788,15,15,2,2,61159275.514012799,none,19710,98.549999952316284,0,0,disabled,disabled,0,0,0,0,-1,-1,0,0,0,0,0,0,0,0,0,0,0,0,none,1972,1,0,0,0,0,0,0,0,0,0,-1,0
1,1403715992.3840582,1403715992384058112,1403715992.3840582,1403715992.3840582,2117,1973,confirming_observer_health,1,0,0,0,0.0026805978760091288,0.0010484506052228107,-0.029757938527723213,-9.2108151220459291,-0.09256400339976488,3.3417379462467953,9.7987190901985297,15,15,3,2,62311523.464388393,none,19720,98.600000143051147,0.00052384312585519006,0.0039242338448530166,disabled,disabled,0,0,0,0,-1,-1,0,0,0,0,0,0,45,72,1,0,0,0,none,1973,1,0,0,0,0,0,0,0,0,0,-1,0
1,1403715992.4340582,1403715992434058240,1403715992.4340582,1403715992.4340582,2118,1974,thin_observations_state_preserved_not_ready,1,0,0,0,0.0012757866440880744,-0.0011676112011991763,-0.026397893091140243,-9.2109389927303589,-0.0909278191915147,3.3440972486878699,9.7996250645004412,15,14,0,2,63742032.239923187,none,19730,98.650000095367432,0.0001077425237112666,0.0024854663772519814,disabled,disabled,0,0,0,0,-1,-1,0,0,0,0,0,0,45,72,1,0,0,0,none,1974,1,0,0,0,0,0,0,0,0,0,-1,0
1,1403715992.4840581,1403715992484058112,1403715992.4840581,1403715992.4840581,2119,1975,thin_observations_state_preserved_not_ready,1,0,0,0,0.0021618087202578884,0.00079802106092401453,-0.028714511388923527,-9.2114660380940201,-0.091872327089185593,3.3454380936745416,9.8005868770218587,14,13,0,2,62594137.269489907,none,19740,98.700000047683716,5.9597632429619394e-05,0.0031484186393427164,disabled,disabled,0,0,0,0,-1,-1,0,0,0,0,0,0,45,72,1,0,0,0,none,1975,1,0,0,0,0,0,0,0,0,0,-1,0
1,1403715992.5340581,1403715992534057984,1403715992.5340581,1403715992.5340581,2120,1976,thin_observations_state_preserved_not_ready,1,0,0,0,0.0014760584810597126,0.0008993988808803303,-0.025867020167896378,-9.2133081309704306,-0.089423934064417496,3.3458350083284309,9.8024310892321775,14,14,0,2,63700354.858025037,none,19750,98.75,0,0,disabled,disabled,0,0,0,0,-1,-1,0,0,0,0,0,0,0,0,0,0,0,0,none,1976,1,0,0,0,0,0,0,0,0,0,-1,0
1,1403715992.5840583,1403715992584058368,1403715992.5840583,1403715992.5840583,2121,1977,thin_observations_state_preserved_not_ready,1,0,0,0,-0.00060103533463039456,0.0021528671464074913,-0.025354051171005174,-9.2129157304111136,-0.089199588559663381,3.3487056015028354,9.8030404481360893,14,14,0,2,64938896.173907176,none,19760,98.800000190734863,0,0,disabled,disabled,0,0,0,0,-1,-1,0,0,0,0,0,0,0,0,0,0,0,0,none,1977,1,0,0,0,0,0,0,0,0,0,-1,0
1,1403715992.634058,1403715992634057984,1403715992.634058,1403715992.634058,2122,1978,thin_observations_state_preserved_not_ready,1,0,0,0,0.0032136534146172359,0.0010170387872979073,-0.02491137359638498,-9.2136786306953642,-0.090652372945167536,3.3487618755101565,9.8037899743580432,14,13,0,2,66437196.976241238,none,19770,98.849999904632568,0.00014800355867851636,0.0023271484331588051,disabled,disabled,0,0,0,0,-1,-1,0,0,0,0,0,0,45,72,1,0,0,0,none,1978,1,0,0,0,0,0,0,0,0,0,-1,0
1,1403715992.6840582,1403715992684058112,1403715992.6840582,1403715992.6840582,2123,1979,thin_observations_state_preserved_not_ready,1,0,0,0,0.0032770313763937492,-0.00011025729076144461,-0.021399551224602693,-9.213932883660382,-0.089356208564897469,3.3505749550069033,9.8046364667807406,14,14,0,2,67456374.040562868,none,19780,98.900000095367432,0.00020622869485258463,0.002981287014834163,disabled,disabled,0,0,0,0,-1,-1,0,0,0,0,0,0,72,72,1,0,0,0,none,1979,1,0,0,0,0,0,0,0,0,0,-1,0
1,1403715992.7340581,1403715992734058240,1403715992.7340581,1403715992.7340581,2124,1980,thin_observations_state_preserved_not_ready,1,0,0,0,0.0028671973456515158,0.00065537915026245882,-0.020375007730894016,-9.2143618151492994,-0.087386280598258134,3.3514443280779074,9.8053189191746259,14,14,0,2,68688678.877818182,none,19790,98.950000047683716,5.3616827232415492e-05,0.00073932446254681647,disabled,disabled,0,0,0,0,-1,-1,0,0,0,0,0,0,45,72,1,0,0,0,none,1980,1,0,0,0,0,0,0,0,0,0,58974.753128892495,1
1,1403715992.7840581,1403715992784058112,1403715992.7840581,1403715992.7840581,2125,1981,thin_observations_state_preserved_not_ready,1,0,0,0,0.0028143911552314946,0.0011188551972558473,-0.020993633056828064,-9.214096949109166,-0.087004782501580433,3.3522927308695714,9.8053566469150901,14,14,0,2,69946158.616087109,none,19800,99,0,0,disabled,disabled,0,0,0,0,-1,-1,0,0,0,0,0,0,0,0,0,0,0,0,none,1981,1,0,0,0,0,0,0,0,0,0,-1,0
1,1403715992.834058,1403715992834057984,1403715992.834058,1403715992.834058,2126,1982,thin_observations_state_preserved_not_ready,1,0,0,0,0.0060081323477914365,0.0011831581947300139,-0.020451358127240801,-9.2142095650266072,-0.088009861381450685,3.3543326362124271,9.8061690317008097,14,14,0,2,71199655.976776555,none,19810,99.049999952316284,0,0,disabled,disabled,0,0,0,0,-1,-1,0,0,0,0,0,0,0,0,0,0,0,0,none,1982,1,0,0,0,0,0,0,0,0,0,-1,0
1,1403715992.8840582,1403715992884058112,1403715992.8840582,1403715992.8840582,2127,1983,thin_observations_state_preserved_not_ready,1,0,0,0,0.0058267232421981814,-0.00035623017542825279,-0.02024312925797939,-9.2147891169825424,-0.086954563450966665,3.3550114563666091,9.8069363941506236,14,13,0,2,72589998.372332767,none,19820,99.100000143051147,0,0,disabled,disabled,0,0,0,0,-1,-1,0,0,0,0,0,0,0,0,0,0,0,0,none,1983,1,0,0,0,0,0,0,0,0,0,-1,0
1,1403715992.9340582,1403715992934058240,1403715992.9340582,1403715992.9340582,2128,1984,thin_observations_state_preserved_not_ready,1,0,0,0,0.0060297105887072528,-0.00084368663452173654,-0.019459256249599162,-9.2155819608670964,-0.087593183155534021,3.3553233925341104,9.8077937637208183,14,14,0,2,73717229.49717854,none,19830,99.150000095367432,0,0,disabled,disabled,0,0,0,0,-1,-1,0,0,0,0,0,0,0,0,0,0,0,0,none,1984,1,0,0,0,0,0,0,0,0,0,-1,0
1,1403715992.9840581,1403715992984058112,1403715992.9840581,1403715992.9840581,2129,1985,thin_observations_state_preserved_not_ready,1,0,0,0,0.0060389992725888254,0.0007205321681408029,-0.017055451125812564,-9.2157914102009642,-0.086617554045710546,3.357958049918135,9.8088835339202962,14,14,0,2,74950316.008298665,none,19840,99.200000047683716,0.00050628942542393506,0.0067577629338271532,disabled,disabled,0,0,0,0,-1,-1,0,0,0,0,0,0,45,72,1,0,0,0,none,1985,1,0,0,0,0,0,0,0,0,0,-1,0
1,1403715993.0340581,1403715993034057984,1403715993.0340581,1403715993.0340581,2130,1986,thin_observations_state_preserved_not_ready,1,0,0,0,0.0066415532378159073,-6.3810936780658932e-06,-0.016080645516187111,-9.2166043144408398,-0.086212466694061338,3.3592857059454428,9.8100982733381592,14,14,0,2,76200953.458655402,none,19850,99.25,1.9228355217128555e-05,0.00094635380329213445,disabled,disabled,0,0,0,0,-1,-1,0,0,0,0,0,0,45,72,1,0,0,0,none,1986,1,0,0,0,0,0,0,0,0,0,-1,0
1,1403715993.0840583,1403715993084058368,1403715993.0840583,1403715993.0840583,2131,1987,thin_observations_state_preserved_not_ready,1,0,0,0,0.0081335725482694389,0.0009426168876068389,-0.011224806632149956,-9.2163419320219226,-0.085526716076525108,3.3601276829029012,9.8101341210260138,14,11,0,2,78085273.281424582,none,19860,99.300000190734863,0,0,disabled,disabled,0,0,0,0,-1,-1,0,0,0,0,0,0,0,0,0,0,0,0,none,1987,1,0,0,0,0,0,0,0,0,0,-1,0
1,1403715993.134058,1403715993134057984,1403715993.134058,1403715993.134058,2132,1988,thin_observations_state_preserved_not_ready,1,0,0,0,0.0063782644775021487,0.0029479017538803155,-0.010600417196413577,-9.2164323714043093,-0.084036694801886344,3.3622908141007177,9.8109473213002509,14,14,0,3,79015697.34315376,none,19870,99.349999904632568,0,0,disabled,disabled,0,0,0,0,-1,-1,0,0,0,0,0,0,0,0,0,0,0,0,none,1988,1,0,0,0,0,0,0,0,0,0,-1,0
1,1403715993.1840582,1403715993184058112,1403715993.1840582,1403715993.1840582,2133,1989,thin_observations_state_preserved_not_ready,1,0,0,0,0.0082211044256456037,0.0014847052605736486,-0.011426025939139259,-9.2168642450254019,-0.084264184572934261,3.3626716355504027,9.8114854885773859,13,13,0,2,75727415.758331493,none,19880,99.400000095367432,0,0,disabled,disabled,0,0,0,0,-1,-1,0,0,0,0,0,0,0,0,0,0,0,0,none,1989,1,0,0,0,0,0,0,0,0,0,-1,0
1,1403715993.2340581,1403715993234058240,1403715993.2340581,1403715993.2340581,2134,1990,thin_observations_state_preserved_not_ready,1,0,0,0,0.0054104796243949595,0.0034678909043899444,-0.0084048033964890644,-9.2177836015216652,-0.083331805588893998,3.3636886216154038,9.8126897361268561,13,13,0,2,76908842.697581992,none,19890,99.450000047683716,0.00040592498472535974,0.0049809594087009204,disabled,disabled,0,0,0,0,-1,-1,0,0,0,0,0,0,45,72,1,0,0,0,none,1990,1,0,0,0,0,0,0,0,0,0,-1,0
1,1403715993.2840581,1403715993284058112,1403715993.2840581,1403715993.2840581,2135,1991,thin_observations_state_preserved_not_ready,1,0,0,0,0.0082467379721902264,0.0011785934059403333,-0.0079221648529431248,-9.2191797994602513,-0.083593971766264125,3.3631808266324246,9.8138294971697757,13,13,0,2,78113333.642441899,none,19900,99.5,0.00010544378577895845,0.0024077110648790495,disabled,disabled,0,0,0,0,-1,-1,0,0,0,0,0,0,72,72,1,0,0,0,none,1991,1,0,0,0,0,0,0,0,0,0,-1,0
1,1403715993.334058,1403715993334057984,1403715993.334058,1403715993.334058,2136,1992,thin_observations_state_preserved_not_ready,1,0,0,0,0.0081310399603638193,0.0013539375900609011,-0.005488140816245296,-9.2196788083765462,-0.083139699360230773,3.3641099640353267,9.8146128496930043,13,13,0,2,79324351.891449779,none,19910,99.549999952316284,0.00013934367325439402,0.0010175915924815217,disabled,disabled,0,0,0,0,-1,-1,0,0,0,0,0,0,45,72,1,0,0,0,none,1992,1,0,0,0,0,0,0,0,0,0,-1,0
1,1403715993.3840582,1403715993384058112,1403715993.3840582,1403715993.3840582,2137,1993,thin_observations_state_preserved_not_ready,1,0,0,0,0.0068662013636992588,0.00081399450074318852,-0.0038138605286882148,-9.220083005018834,-0.082688473487986885,3.3657370126559387,9.8155465279039369,13,13,0,2,80522843.731074557,none,19920,99.600000143051147,0,0,disabled,disabled,0,0,0,0,-1,-1,0,0,0,0,0,0,0,0,0,0,0,0,none,1993,1,0,0,0,0,0,0,0,0,0,-1,0
1,1403715993.4340582,1403715993434058240,1403715993.4340582,1403715993.4340582,2138,1994,thin_observations_state_preserved_not_ready,1,0,0,0,0.0066274366832793623,0.0019028672277394776,-0.0025390733740912096,-9.2210476037201801,-0.079966213606774014,3.3655885266943191,9.8163791510112688,13,12,0,2,81888384.325560451,none,19930,99.650000095367432,0,0,disabled,disabled,0,0,0,0,-1,-1,0,0,0,0,0,0,0,0,0,0,0,0,none,1994,1,0,0,0,0,0,0,0,0,0,-1,0
1,1403715993.4840581,1403715993484058112,1403715993.4840581,1403715993.4840581,2139,1995,thin_observations_state_preserved_not_ready,1,0,0,0,0.0066985892812672712,0.00077372042178162936,-0.0015089068473195123,-9.2214097629680243,-0.080979803403172318,3.3664003860941185,9.8170060254955462,13,13,0,2,82932159.840152293,none,19940,99.700000047683716,0,0,disabled,disabled,0,0,0,0,-1,-1,0,0,0,0,0,0,0,0,0,0,0,0,none,1995,1,0,0,0,0,0,0,0,0,0,-1,0
1,1403715993.5340581,1403715993534057984,1403715993.5340581,1403715993.5340581,2140,1996,thin_observations_state_preserved_not_ready,1,0,0,0,0.0085320785719368332,0.0027488548786365778,-0.00026942150794731804,-9.2217232981524706,-0.081511461219858639,3.3674861693402969,9.8176773122106873,13,13,0,2,84102331.390414879,none,19950,99.75,0,0,disabled,disabled,0,0,0,0,-1,-1,0,0,0,0,0,0,0,0,0,0,0,0,none,1996,1,0,0,0,0,0,0,0,0,0,-1,0
1,1403715993.5840583,1403715993584058368,1403715993.5840583,1403715993.5840583,2141,1997,thin_observations_state_preserved_not_ready,1,0,0,0,0.0088232519561399336,0.0024660068604306683,0.0012926782325128814,-9.2230437298448784,-0.077526260381169512,3.3660688023576291,9.818399316888927,13,13,0,2,85305154.046669573,none,19960,99.800000190734863,0.00048248021073867339,0.008767375046086049,disabled,disabled,0,0,0,0,-1,-1,0,0,0,0,0,0,45,72,1,0,0,0,none,1997,1,0,0,0,0,0,0,0,0,0,-1,0
1,1403715993.634058,1403715993634057984,1403715993.634058,1403715993.634058,2142,1998,thin_observations_state_preserved_not_ready,1,0,0,0,0.0060877072332158298,0.0027092276772465668,-0.00030082557996943875,-9.2227082167021486,-0.08075960492106353,3.3678714566951875,9.8187283857449934,13,13,0,2,86509212.030228794,none,19970,99.849999904632568,0.0001455122109912331,0.0035989828645516522,disabled,disabled,0,0,0,0,-1,-1,0,0,0,0,0,0,45,72,1,0,0,0,none,1998,1,0,0,0,0,0,0,0,0,0,-1,0
1,1403715993.6840582,1403715993684058112,1403715993.6840582,1403715993.6840582,2143,1999,thin_observations_state_preserved_not_ready,1,0,0,0,0.0065182616650049791,0.0034914428029533596,-0.0066440219565256598,-9.2226709657506607,-0.075779340742769791,3.3694832563703176,9.8192066719233253,13,13,0,2,87706541.488336965,none,19980,99.900000095367432,0,0,disabled,disabled,0,0,0,0,-1,-1,0,0,0,0,0,0,0,0,0,0,0,0,none,1999,1,0,0,0,0,0,0,0,0,0,-1,0
1,1403715993.7340581,1403715993734058240,1403715993.7340581,1403715993.7340581,2144,2000,thin_observations_state_preserved_not_ready,1,0,0,0,0.0027318521665774123,-0.0087013115413546224,0.0011682467500938375,-9.2305613248961933,-0.084393960575502303,3.3525942901115982,9.8209099979248293,13,13,0,2,88893277.402840599,none,19990,99.950000047683716,0,0,disabled,disabled,0,0,0,0,-1,-1,0,0,0,0,0,0,0,0,0,0,0,0,none,2000,1,0,0,0,0,0,0,0,0,0,59118.6163098338,1
1,1403715993.7840581,1403715993784058112,1403715993.7840581,1403715993.7840581,2145,2001,thin_observations_state_preserved_not_ready,1,0,0,0,0.0014366544964598083,0.0083098497510383732,0.0060040174228355144,-9.2243607715546911,-0.076832558657943945,3.3696920712090805,9.8208736648343216,13,13,0,2,90065328.970886201,none,20000,100,0,0,disabled,disabled,0,0,0,0,-1,-1,0,0,0,0,0,0,0,0,0,0,0,0,none,2001,1,0,0,0,0,0,0,0,0,0,-1,0
1,1403715993.834058,1403715993834057984,1403715993.834058,1403715993.834058,2146,2002,thin_observations_state_preserved_not_ready,1,0,0,0,0.020362078847987287,0.013925995845011179,0.00085614539348836667,-9.2300198261476183,-0.077064824660513342,3.3569948065551309,9.8218439770501433,13,11,0,2,91888050.16124402,none,20010,100.04999995231628,0.00032709133684695626,0.0058474909374670869,disabled,disabled,0,0,0,0,-1,-1,0,0,0,0,0,0,45,72,1,0,0,0,none,2002,1,0,0,0,0,0,0,0,0,0,-1,0
1,1403715993.8840582,1403715993884058112,1403715993.8840582,1403715993.8840582,2147,2003,thin_observations_state_preserved_not_ready,1,0,0,0,0.0022157096477322959,0.00071140741907146118,0.017767329159375407,-9.2265848225034883,-0.078622026021045455,3.3682236985184706,9.8224732014441667,13,13,0,3,92728044.048213974,none,20020,100.10000014305115,0.00017564774506435748,0.004368487032612868,disabled,disabled,0,0,0,0,-1,-1,0,0,0,0,0,0,72,72,1,0,0,0,none,2003,1,0,0,0,0,0,0,0,0,0,-1,0
1,1403715993.9340582,1403715993934058240,1403715993.9340582,1403715993.9340582,2148,2004,thin_observations_state_preserved_not_ready,1,0,0,0,0.007091177172099246,0.0087565573823889728,-0.0011493379025201821,-9.2223537329704577,-0.072217565375319148,3.3789244714666102,9.8221257544718288,13,12,0,2,93834853.203220755,none,20030,100.15000009536743,0.00028229009986595663,0.0029889870473237385,disabled,disabled,0,0,0,0,-1,-1,0,0,0,0,0,0,45,72,1,0,0,0,none,2004,1,0,0,0,0,0,0,0,0,0,-1,0
1,1403715993.9840581,1403715993984058112,1403715993.9840581,1403715993.9840581,2149,2005,thin_observations_state_preserved_not_ready,1,0,0,0,0.0061312582435337579,-0.0048362473344217699,0.0017697939649056033,-9.2309004398909966,-0.078066855869811616,3.3560522332449958,9.8223573523586438,13,13,0,2,94829193.393238038,none,20040,100.20000004768372,0,0,disabled,disabled,0,0,0,0,-1,-1,0,0,0,0,0,0,0,0,0,0,0,0,none,2005,1,0,0,0,0,0,0,0,0,0,-1,0
