sequence,mode,branch,stratum,target_frames,ready,attempts,actual,post_comparison_paired,post_comparison_missing,post_comparison_better_fraction,post_comparison_correlation,post_comparison_main_rms,post_comparison_main_p50,post_comparison_main_p95,post_comparison_ltv_rms,post_comparison_ltv_p50,post_comparison_ltv_p95,prior_comparison_paired,prior_comparison_missing,prior_comparison_better_fraction,prior_comparison_correlation,prior_comparison_main_rms,prior_comparison_main_p50,prior_comparison_main_p95,prior_comparison_ltv_rms,prior_comparison_ltv_p50,prior_comparison_ltv_p95,actual_prior_comparison_paired,actual_prior_comparison_missing,actual_prior_comparison_better_fraction,actual_prior_comparison_correlation,actual_prior_comparison_main_rms,actual_prior_comparison_main_p50,actual_prior_comparison_main_p95,actual_prior_comparison_ltv_rms,actual_prior_comparison_ltv_p50,actual_prior_comparison_ltv_p95,residual_attempted_p50,residual_attempted_p95,residual_attempted_maximum,residual_actual_p50,residual_actual_p95,residual_actual_maximum,nis_attempted_p50,nis_attempted_p95,nis_attempted_maximum,nis_actual_p50,nis_actual_p95,nis_actual_maximum,gains_attitude_rad_p50,gains_attitude_rad_p95,gains_attitude_rad_maximum,gains_position_m_p50,gains_position_m_p95,gains_position_m_maximum,gains_velocity_mps_p50,gains_velocity_mps_p95,gains_velocity_mps_maximum,corrections_attitude_deg_p50,corrections_attitude_deg_p95,corrections_attitude_deg_maximum,corrections_position_m_p50,corrections_position_m_p95,corrections_position_m_maximum,corrections_velocity_mps_p50,corrections_velocity_mps_p95,corrections_velocity_mps_maximum
V2_02_medium,OFF,G,all,2252,1592,0,0,2249,3,0.41662961316140507,0.22963161646896496,0.8452791308508867,0.669374811932178,1.5013831643945135,1.5721447353264844,0.673826035743839,1.566441035396652,0,2252,,,,,,,,,0,0,,,,,,,,,,,,,,,,,,,,,,,,,,,,,,,,,,,,,,
V2_02_medium,OFF,G,weak_visual_overlap,458,264,0,0,455,3,0.42417582417582417,0.050951662306795154,1.0082055473110239,0.7833539976096717,1.6224565084309972,2.6496423455881133,0.8213199921335733,1.6980278951964296,0,458,,,,,,,,,0,0,,,,,,,,,,,,,,,,,,,,,,,,,,,,,,,,,,,,,,
V2_02_medium,OFF,G,high_error,563,433,0,0,563,0,0.47424511545293074,0.8813353923824188,1.3596468202062133,1.3378408854939077,1.622545179593103,1.3823981836414048,1.424315636174477,1.6840224633605896,0,563,,,,,,,,,0,0,,,,,,,,,,,,,,,,,,,,,,,,,,,,,,,,,,,,,,
V2_02_medium,OFF,G,rising_high_error,353,268,0,0,353,0,0.49008498583569404,0.9172278700376042,1.395295398460361,1.4289642802488602,1.6248506367146736,1.4042093775483313,1.4517157661695934,1.6957106032390152,0,353,,,,,,,,,0,0,,,,,,,,,,,,,,,,,,,,,,,,,,,,,,,,,,,,,,
V2_02_medium,OFF,G,high_error_ready_OFF,433,433,0,0,433,0,0.535796766743649,0.8734927136066896,1.3340402569072192,1.3308103017516717,1.5347284020376697,1.3430259890117853,1.381470399704618,1.5641604532194135,0,433,,,,,,,,,0,0,,,,,,,,,,,,,,,,,,,,,,,,,,,,,,,,,,,,,,
V2_02_medium,OFF,G,high_error_interruption_OFF,130,0,0,0,130,0,0.2692307692307692,0.8806095987329174,1.441659752787857,1.5399458883136687,1.6308795430057559,1.5061328066615534,1.5599363525016188,1.7174596761525587,0,130,,,,,,,,,0,0,,,,,,,,,,,,,,,,,,,,,,,,,,,,,,,,,,,,,,
V2_02_medium,OFF,G,rising_high_error_ready_OFF,268,268,0,0,268,0,0.5261194029850746,0.8787387899086397,1.3582914382110092,1.3495297766272323,1.556562272167701,1.3616717325779415,1.4264516927733637,1.5779966469432116,0,268,,,,,,,,,0,0,,,,,,,,,,,,,,,,,,,,,,,,,,,,,,,,,,,,,,
V2_02_medium,OFF,G,rising_high_error_interruption_OFF,85,0,0,0,85,0,0.3764705882352941,0.9739841383531326,1.506025840513718,1.56612682971626,1.6387882705376424,1.5306078314694742,1.6092229056498644,1.7392285164213712,0,85,,,,,,,,,0,0,,,,,,,,,,,,,,,,,,,,,,,,,,,,,,,,,,,,,,
V2_02_medium,OFF,G,ready_OFF,1592,1592,0,0,1592,0,0.4434673366834171,0.9727554283466945,0.8619079980947992,0.7168834376602292,1.4692103163606918,0.8741373394929732,0.7020414965100269,1.504979038257133,0,1592,,,,,,,,,0,0,,,,,,,,,,,,,,,,,,,,,,,,,,,,,,,,,,,,,,
V2_02_medium,OFF,G,post_startup,2172,1592,0,0,2172,0,0.42955801104972374,0.9659431482975215,0.8560092911700538,0.6906744017548607,1.5043971409013654,0.8763044131162522,0.6687027985289422,1.5463007269892841,0,2172,,,,,,,,,0,0,,,,,,,,,,,,,,,,,,,,,,,,,,,,,,,,,,,,,,
V2_02_medium,OFF,G,weak_visual_interruption,173,0,0,0,173,0,0.3988439306358382,0.9648486937324154,1.0331203681110357,0.783437456006542,1.623780791302406,1.0648590965898599,0.7804864235406214,1.6890916200772212,0,173,,,,,,,,,0,0,,,,,,,,,,,,,,,,,,,,,,,,,,,,,,,,,,,,,,
V2_02_medium,OFF,G,startup,80,0,0,0,77,3,0.05194805194805195,-0.44507468793558747,0.4467222980190892,0.39364268076893155,0.6201081734434003,7.108452071681735,0.8300930709001467,16.969761691425063,0,80,,,,,,,,,0,0,,,,,,,,,,,,,,,,,,,,,,,,,,,,,,,,,,,,,,
V2_02_medium,OFF,G,interruption,580,0,0,0,580,0,0.3913793103448276,0.9506545943061212,0.8396053965987028,0.5659775642224162,1.6176180111589522,0.8822252989789483,0.6346142461231964,1.6770501527913235,0,580,,,,,,,,,0,0,,,,,,,,,,,,,,,,,,,,,,,,,,,,,,,,,,,,,,
V2_02_medium,OFF,G,weak_visual,264,264,0,0,264,0,0.4696969696969697,0.978967992491438,1.0201179397406661,0.8150617235016127,1.5073771274089052,1.0358064863017329,0.8204962159487027,1.5621441693474691,0,264,,,,,,,,,0,0,,,,,,,,,,,,,,,,,,,,,,,,,,,,,,,,,,,,,,
V2_02_medium,OFF,G,normal,1328,1328,0,0,1328,0,0.4382530120481928,0.9703722130297826,0.8268573611216387,0.699630526015909,1.4499043040001787,0.8382913058240021,0.6756572804438588,1.4820805144103393,0,1328,,,,,,,,,0,0,,,,,,,,,,,,,,,,,,,,,,,,,,,,,,,,,,,,,,
V2_02_medium,OFF,V,all,2252,1557,0,0,2252,0,0.3530195381882771,0.051687654597250283,0.03892881543514253,0.027921581746701445,0.07345760592464015,0.2535843931659897,0.03717139521451009,0.11762322953809735,0,2252,,,,,,,,,0,0,,,,,,,,,,,,,,,,,,,,,,,,,,,,,,,,,,,,,,
V2_02_medium,OFF,V,weak_visual_overlap,458,257,0,0,458,0,0.3537117903930131,0.031701156074598995,0.04475258909344835,0.028741725689607513,0.08563248410694073,0.30982936671475547,0.04062752283403365,0.16072240806051197,0,458,,,,,,,,,0,0,,,,,,,,,,,,,,,,,,,,,,,,,,,,,,,,,,,,,,
V2_02_medium,OFF,V,high_error,563,344,0,0,563,0,0.6181172291296625,-0.04254871653749665,0.06484289536811447,0.053758255816502766,0.10578963545715463,0.3173304578347724,0.05227205304400829,0.11368912884764834,0,563,,,,,,,,,0,0,,,,,,,,,,,,,,,,,,,,,,,,,,,,,,,,,,,,,,
V2_02_medium,OFF,V,rising_high_error,487,292,0,0,487,0,0.6529774127310062,-0.04307830861665289,0.0661490904202103,0.054978680454776864,0.11085815006822278,0.3251660477511708,0.05022575835949369,0.11090925245087187,0,487,,,,,,,,,0,0,,,,,,,,,,,,,,,,,,,,,,,,,,,,,,,,,,,,,,
V2_02_medium,OFF,V,high_error_ready_OFF,344,344,0,0,344,0,0.6686046511627907,0.5680373690846316,0.061753378568395155,0.05350318829578892,0.0913433606194274,0.05547294845819342,0.04980902901961673,0.08873781672327695,0,344,,,,,,,,,0,0,,,,,,,,,,,,,,,,,,,,,,,,,,,,,,,,,,,,,,
V2_02_medium,OFF,V,high_error_interruption_OFF,183,0,0,0,183,0,0.6120218579234973,0.1347646189187762,0.071968135661831,0.055156127308708426,0.1349272877764457,0.06294870219802484,0.05286526732354274,0.1093345630992113,0,183,,,,,,,,,0,0,,,,,,,,,,,,,,,,,,,,,,,,,,,,,,,,,,,,,,
V2_02_medium,OFF,V,rising_high_error_ready_OFF,292,292,0,0,292,0,0.702054794520548,0.5988903355507226,0.06268639397154621,0.05406248422378335,0.09264700798877683,0.05487317756577841,0.048565724418998535,0.08998363107097672,0,292,,,,,,,,,0,0,,,,,,,,,,,,,,,,,,,,,,,,,,,,,,,,,,,,,,
V2_02_medium,OFF,V,rising_high_error_interruption_OFF,160,0,0,0,160,0,0.66875,0.1692019176909024,0.07406350537175971,0.05780412379055741,0.13563446239377927,0.0590935882790557,0.050538799147593336,0.09831902302361527,0,160,,,,,,,,,0,0,,,,,,,,,,,,,,,,,,,,,,,,,,,,,,,,,,,,,,
V2_02_medium,OFF,V,ready_OFF,1557,1557,0,0,1557,0,0.37572254335260113,0.3405648372870926,0.036295959721916356,0.025896395688911146,0.07137633756659525,0.04464556063828634,0.034231678635692014,0.08450346056436334,0,1557,,,,,,,,,0,0,,,,,,,,,,,,,,,,,,,,,,,,,,,,,,,,,,,,,,
V2_02_medium,OFF,V,post_startup,2143,1557,0,0,2143,0,0.3681754549696687,0.3156073688168831,0.03903038978287961,0.027784466091182,0.07419726138382389,0.04782972452772644,0.03580762059282821,0.08876889200233509,0,2143,,,,,,,,,0,0,,,,,,,,,,,,,,,,,,,,,,,,,,,,,,,,,,,,,,
V2_02_medium,OFF,V,weak_visual_interruption,174,0,0,0,174,0,0.3218390804597701,0.30113813541313394,0.05138517201387612,0.03196316558205077,0.12507760889593378,0.055274761616557797,0.04349569713407774,0.09914241830497605,0,174,,,,,,,,,0,0,,,,,,,,,,,,,,,,,,,,,,,,,,,,,,,,,,,,,,
V2_02_medium,OFF,V,startup,109,0,0,0,109,0,0.05504587155963303,0.15608960003196629,0.03687502605735929,0.029810436757699683,0.0633601838003948,1.1329609514828822,0.3356029759132502,2.3485882260956963,0,109,,,,,,,,,0,0,,,,,,,,,,,,,,,,,,,,,,,,,,,,,,,,,,,,,,
V2_02_medium,OFF,V,interruption,586,0,0,0,586,0,0.34812286689419797,0.2521716196256176,0.04550434295099005,0.03194668562480407,0.09141509359359279,0.05540805327256225,0.041146357148227695,0.09797019000167792,0,586,,,,,,,,,0,0,,,,,,,,,,,,,,,,,,,,,,,,,,,,,,,,,,,,,,
V2_02_medium,OFF,V,weak_visual,257,257,0,0,257,0,0.41245136186770426,0.4183180369017344,0.04054987508812408,0.025300567261835338,0.07638757494314032,0.04605479693804566,0.03604063626710897,0.08653745687993764,0,257,,,,,,,,,0,0,,,,,,,,,,,,,,,,,,,,,,,,,,,,,,,,,,,,,,
V2_02_medium,OFF,V,normal,1300,1300,0,0,1300,0,0.36846153846153845,0.32127549888816836,0.035394518378838336,0.02592525492273655,0.06800945639888137,0.04436166591335414,0.033840278585683115,0.08392245472796542,0,1300,,,,,,,,,0,0,,,,,,,,,,,,,,,,,,,,,,,,,,,,,,,,,,,,,,
V2_02_medium,G,G,all,2252,1592,1592,1592,2249,3,0.41662961316140507,0.22967294047679396,0.8452753457141792,0.6693604041363255,1.5013245440926513,1.5721487923706834,0.6733517916215361,1.5665856348656304,2249,3,0.4170742552245442,0.23333417029745057,0.8459520374958184,0.6702013038347764,1.502836030981927,1.5721487923706834,0.6733517916215361,1.5665856348656304,1592,0,0.44409547738693467,0.9728284178771258,0.862206974310191,0.7151139159439321,1.4708651362810872,0.8741404512119563,0.7022559891138951,1.5049085178310329,0.001970501428874653,0.006423075803412002,0.013405890303392861,0.001970501428874653,0.006423075803412002,0.013405890303392861,0.00012746585661902016,0.001354310310891701,0.005899455018417422,0.00012746585661902016,0.001354310310891701,0.005899455018417422,1.612920463033139e-05,3.328029336531699e-05,0.00016237712024219267,4.333766971185224e-05,9.243419354224213e-05,0.0002537464472571398,3.0132470752994744e-05,0.00010307272959305476,0.00038932672406314923,1.245804272025415e-06,6.54730079486766e-06,4.674309547077414e-05,5.621593000771934e-08,3.2995368946655554e-07,1.005263453535567e-06,4.2946877778034045e-08,2.788865101920498e-07,3.0873838904548564e-06
V2_02_medium,G,G,weak_visual_overlap,458,264,264,264,455,3,0.42417582417582417,0.05099908177493205,1.008225117549134,0.7833214557476986,1.6226108291587522,2.649651380795602,0.8212996885337323,1.698184802762862,455,3,0.42857142857142855,0.05346037886999738,1.0084176028191727,0.7838007267090554,1.6228961908174442,2.649651380795602,0.8212996885337323,1.698184802762862,264,0,0.4772727272727273,0.9787840661659591,1.02027509723297,0.8156572154930943,1.5074804314638683,1.0358122911153598,0.8204871763322046,1.5621186494752388,0.001915741435617653,0.007707074723805931,0.009957456484963064,0.001915741435617653,0.007707074723805931,0.009957456484963064,0.00012048195383188601,0.0019531165277901978,0.003254831784884294,0.00012048195383188601,0.0019531165277901978,0.003254831784884294,1.700900851417163e-05,3.350707680100515e-05,0.00016237712024219267,4.609290007728635e-05,9.359595814281467e-05,0.0002537464472571398,3.158897491610342e-05,0.0001070734492128501,0.00038502857145815444,1.315065545070352e-06,6.5794058754672135e-06,3.8022219914547235e-05,6.312897988156357e-08,3.827339168696173e-07,9.7905433505578e-07,4.6507030724860446e-08,2.808198269218706e-07,1.578866880395948e-06
V2_02_medium,G,G,high_error,563,433,433,433,563,0,0.47424511545293074,0.8813850438071725,1.3596857261312194,1.3378040297277956,1.6227032920781255,1.3824308875413256,1.4242905887986108,1.6841799722341975,563,0,0.47424511545293074,0.8798511389506026,1.3605980633634884,1.3401865445406551,1.622868818982918,1.3824308875413256,1.4242905887986108,1.6841799722341975,433,0,0.5404157043879908,0.8698375735444088,1.334880824290195,1.3304048998814528,1.5364947907216182,1.3430344858353287,1.3815010441670708,1.5641053308267285,0.001936386507854018,0.006477952826518229,0.008844026423663531,0.001936386507854018,0.006477952826518229,0.008844026423663531,0.00012309041308844733,0.001377616192911368,0.0025676749104479495,0.00012309041308844733,0.001377616192911368,0.0025676749104479495,1.660124794374861e-05,2.6535340920870885e-05,2.802860605997669e-05,4.347967760178379e-05,6.517073189387506e-05,8.193268546907027e-05,2.8598793563235597e-05,7.126322253054245e-05,8.370174984492127e-05,1.2309161907458106e-06,4.7007199496134196e-06,6.950067162187055e-06,5.597042449882474e-08,2.730355542708372e-07,4.83625951185031e-07,3.937987314790155e-08,1.898697923391655e-07,3.744931213948351e-07
V2_02_medium,G,G,rising_high_error,353,268,268,268,353,0,0.49008498583569404,0.9172742545356894,1.3953381908296927,1.4291172483260262,1.625004073607315,1.404256476923216,1.4517596084266766,1.6958708904749562,353,0,0.49291784702549574,0.9142876737312112,1.3956414783503053,1.424071511364311,1.6245044264541237,1.404256476923216,1.4517596084266766,1.6958708904749562,268,0,0.5335820895522388,0.8745850584848487,1.3585393331124915,1.3500882425538903,1.562350841563779,1.3616864158596722,1.426428758160072,1.5781417096183183,0.0019661630035536495,0.0073559106826023455,0.008844026423663531,0.0019661630035536495,0.0073559106826023455,0.008844026423663531,0.0001269059419485139,0.0017762820543004972,0.0025676749104479495,0.0001269059419485139,0.0017762820543004972,0.0025676749104479495,1.6798565198741593e-05,2.6606664578571247e-05,2.802860605997669e-05,4.451943845408303e-05,6.782576425233235e-05,8.193268546907027e-05,2.924897357580247e-05,7.111368802434877e-05,8.370174984492127e-05,1.275127543463991e-06,6.132815618398348e-06,6.950067162187055e-06,5.3531018883632464e-08,3.5587476269323716e-07,4.83625951185031e-07,4.085600004058158e-08,2.2476927494267692e-07,3.744931213948351e-07
V2_02_medium,G,G,high_error_ready_OFF,433,433,433,433,433,0,0.535796766743649,0.8735003473516014,1.3340513524453708,1.3307726285173802,1.5347165247067605,1.3430344858353287,1.3815010441670708,1.5641053308267285,433,0,0.5404157043879908,0.8698375735444088,1.334880824290195,1.3304048998814528,1.5364947907216182,1.3430344858353287,1.3815010441670708,1.5641053308267285,433,0,0.5404157043879908,0.8698375735444088,1.334880824290195,1.3304048998814528,1.5364947907216182,1.3430344858353287,1.3815010441670708,1.5641053308267285,0.001936386507854018,0.006477952826518229,0.008844026423663531,0.001936386507854018,0.006477952826518229,0.008844026423663531,0.00012309041308844733,0.001377616192911368,0.0025676749104479495,0.00012309041308844733,0.001377616192911368,0.0025676749104479495,1.660124794374861e-05,2.6535340920870885e-05,2.802860605997669e-05,4.347967760178379e-05,6.517073189387506e-05,8.193268546907027e-05,2.8598793563235597e-05,7.126322253054245e-05,8.370174984492127e-05,1.2309161907458106e-06,4.7007199496134196e-06,6.950067162187055e-06,5.597042449882474e-08,2.730355542708372e-07,4.83625951185031e-07,3.937987314790155e-08,1.898697923391655e-07,3.744931213948351e-07
V2_02_medium,G,G,high_error_interruption_OFF,130,0,0,0,130,0,0.2692307692307692,0.8807010377512372,1.4417844590551179,1.5400931725252691,1.6310435930161364,1.5062375657154867,1.5600104962737633,1.7176068370013002,130,0,0.25384615384615383,0.8821380147029746,1.442954236616565,1.5437098643902551,1.631393909088832,1.5062375657154867,1.5600104962737633,1.7176068370013002,0,0,,,,,,,,,,,,,,,,,,,,,,,,,,,,,,,,,,,,,,
V2_02_medium,G,G,rising_high_error_ready_OFF,268,268,268,268,268,0,0.5261194029850746,0.8787745711951158,1.3583008460254804,1.3496012244437154,1.5565523239106105,1.3616864158596722,1.426428758160072,1.5781417096183183,268,0,0.5335820895522388,0.8745850584848487,1.3585393331124915,1.3500882425538903,1.562350841563779,1.3616864158596722,1.426428758160072,1.5781417096183183,268,0,0.5335820895522388,0.8745850584848487,1.3585393331124915,1.3500882425538903,1.562350841563779,1.3616864158596722,1.426428758160072,1.5781417096183183,0.0019661630035536495,0.0073559106826023455,0.008844026423663531,0.0019661630035536495,0.0073559106826023455,0.008844026423663531,0.0001269059419485139,0.0017762820543004972,0.0025676749104479495,0.0001269059419485139,0.0017762820543004972,0.0025676749104479495,1.6798565198741593e-05,2.6606664578571247e-05,2.802860605997669e-05,4.451943845408303e-05,6.782576425233235e-05,8.193268546907027e-05,2.924897357580247e-05,7.111368802434877e-05,8.370174984492127e-05,1.275127543463991e-06,6.132815618398348e-06,6.950067162187055e-06,5.3531018883632464e-08,3.5587476269323716e-07,4.83625951185031e-07,4.085600004058158e-08,2.2476927494267692e-07,3.744931213948351e-07
V2_02_medium,G,G,rising_high_error_interruption_OFF,85,0,0,0,85,0,0.3764705882352941,0.9739912311666147,1.506163731854557,1.5662815026705112,1.6389533227517894,1.5307460903124084,1.6093650638218278,1.7393744116462366,85,0,0.36470588235294116,0.9732411137758199,1.5066524599605269,1.5682639143480093,1.6389521548281971,1.5307460903124084,1.6093650638218278,1.7393744116462366,0,0,,,,,,,,,,,,,,,,,,,,,,,,,,,,,,,,,,,,,,
V2_02_medium,G,G,ready_OFF,1592,1592,1592,1592,1592,0,0.4434673366834171,0.9727788570502267,0.8618903203878635,0.7163826486772422,1.4691660898003829,0.8741404512119563,0.7022559891138951,1.5049085178310329,1592,0,0.44409547738693467,0.9728284178771258,0.862206974310191,0.7151139159439321,1.4708651362810872,0.8741404512119563,0.7022559891138951,1.5049085178310329,1592,0,0.44409547738693467,0.9728284178771258,0.862206974310191,0.7151139159439321,1.4708651362810872,0.8741404512119563,0.7022559891138951,1.5049085178310329,0.001970501428874653,0.006423075803412002,0.013405890303392861,0.001970501428874653,0.006423075803412002,0.013405890303392861,0.00012746585661902016,0.001354310310891701,0.005899455018417422,0.00012746585661902016,0.001354310310891701,0.005899455018417422,1.612920463033139e-05,3.328029336531699e-05,0.00016237712024219267,4.333766971185224e-05,9.243419354224213e-05,0.0002537464472571398,3.0132470752994744e-05,0.00010307272959305476,0.00038932672406314923,1.245804272025415e-06,6.54730079486766e-06,4.674309547077414e-05,5.621593000771934e-08,3.2995368946655554e-07,1.005263453535567e-06,4.2946877778034045e-08,2.788865101920498e-07,3.0873838904548564e-06
V2_02_medium,G,G,post_startup,2172,1592,1592,1592,2172,0,0.42955801104972374,0.9659636924278486,0.8560054209747496,0.6907196811001902,1.5043039698975145,0.8763119497184616,0.6686341948183516,1.5463538161423485,2172,0,0.42955801104972374,0.9661075828379925,0.8565777901144305,0.6880753145232725,1.506563013258995,0.8763119497184616,0.6686341948183516,1.5463538161423485,1592,0,0.44409547738693467,0.9728284178771258,0.862206974310191,0.7151139159439321,1.4708651362810872,0.8741404512119563,0.7022559891138951,1.5049085178310329,0.001970501428874653,0.006423075803412002,0.013405890303392861,0.001970501428874653,0.006423075803412002,0.013405890303392861,0.00012746585661902016,0.001354310310891701,0.005899455018417422,0.00012746585661902016,0.001354310310891701,0.005899455018417422,1.612920463033139e-05,3.328029336531699e-05,0.00016237712024219267,4.333766971185224e-05,9.243419354224213e-05,0.0002537464472571398,3.0132470752994744e-05,0.00010307272959305476,0.00038932672406314923,1.245804272025415e-06,6.54730079486766e-06,4.674309547077414e-05,5.621593000771934e-08,3.2995368946655554e-07,1.005263453535567e-06,4.2946877778034045e-08,2.788865101920498e-07,3.0873838904548564e-06
V2_02_medium,G,G,weak_visual_interruption,173,0,0,0,173,0,0.3988439306358382,0.9648590051598364,1.0331804012905905,0.7833775389960579,1.6239337986753435,1.064909607662708,0.7805007902185035,1.6892362457940044,173,0,0.3988439306358382,0.9649092581903088,1.0332338332625721,0.7838007267090554,1.6240814312649399,1.064909607662708,0.7805007902185035,1.6892362457940044,0,0,,,,,,,,,,,,,,,,,,,,,,,,,,,,,,,,,,,,,,
V2_02_medium,G,G,startup,80,0,0,0,77,3,0.05194805194805195,-0.44507468793558747,0.4467222980190892,0.39364268076893155,0.6201081734434003,7.108452071681735,0.8300930709001467,16.969761691425063,77,3,0.06493506493506493,-0.3977562918121974,0.4531415338818742,0.409049970904714,0.6245452168489634,7.108452071681735,0.8300930709001467,16.969761691425063,0,0,,,,,,,,,,,,,,,,,,,,,,,,,,,,,,,,,,,,,,
V2_02_medium,G,G,interruption,580,0,0,0,580,0,0.3913793103448276,0.9506670922185934,0.8396404301771042,0.5659673272616428,1.6177695723617918,0.8822448698983821,0.6345733736257697,1.6772014651228526,580,0,0.3896551724137931,0.9509362405420837,0.8409330094453588,0.56927968566083,1.6174455651249902,0.8822448698983821,0.6345733736257697,1.6772014651228526,0,0,,,,,,,,,,,,,,,,,,,,,,,,,,,,,,,,,,,,,,
V2_02_medium,G,G,weak_visual,264,264,264,264,264,0,0.4696969696969697,0.978983741899416,1.0201114326740417,0.8150171992708768,1.5074851068208155,1.0358122911153598,0.8204871763322046,1.5621186494752388,264,0,0.4772727272727273,0.9787840661659591,1.02027509723297,0.8156572154930943,1.5074804314638683,1.0358122911153598,0.8204871763322046,1.5621186494752388,264,0,0.4772727272727273,0.9787840661659591,1.02027509723297,0.8156572154930943,1.5074804314638683,1.0358122911153598,0.8204871763322046,1.5621186494752388,0.001915741435617653,0.007707074723805931,0.009957456484963064,0.001915741435617653,0.007707074723805931,0.009957456484963064,0.00012048195383188601,0.0019531165277901978,0.003254831784884294,0.00012048195383188601,0.0019531165277901978,0.003254831784884294,1.700900851417163e-05,3.350707680100515e-05,0.00016237712024219267,4.609290007728635e-05,9.359595814281467e-05,0.0002537464472571398,3.158897491610342e-05,0.0001070734492128501,0.00038502857145815444,1.315065545070352e-06,6.5794058754672135e-06,3.8022219914547235e-05,6.312897988156357e-08,3.827339168696173e-07,9.7905433505578e-07,4.6507030724860446e-08,2.808198269218706e-07,1.578866880395948e-06
V2_02_medium,G,G,normal,1328,1328,1328,1328,1328,0,0.4382530120481928,0.9703984139879853,0.8268368667277064,0.6994158882090837,1.4498730791983352,0.8382937697853572,0.6756488315212433,1.482073952638917,1328,0,0.4375,0.9705329138771631,0.8271924150808286,0.6982345039852281,1.4519921625178573,0.8382937697853572,0.6756488315212433,1.482073952638917,1328,0,0.4375,0.9705329138771631,0.8271924150808286,0.6982345039852281,1.4519921625178573,0.8382937697853572,0.6756488315212433,1.482073952638917,0.0019784030387271817,0.006273215060291574,0.013405890303392861,0.0019784030387271817,0.006273215060291574,0.013405890303392861,0.0001284892782410164,0.0012919134855661298,0.005899455018417422,0.0001284892782410164,0.0012919134855661298,0.005899455018417422,1.588697043976403e-05,3.326956073072589e-05,0.00016006803515893352,4.2809187229247524e-05,9.173820194567823e-05,0.00024568426135558477,2.9712957625488777e-05,9.991772971905674e-05,0.00038932672406314923,1.2258284540385216e-06,6.490546019580301e-06,4.674309547077414e-05,5.5109531209121563e-08,2.9506282951894785e-07,1.005263453535567e-06,4.2431643325332525e-08,2.742836892359382e-07,3.0873838904548564e-06
V2_02_medium,G,V,all,2252,1557,0,0,2252,0,0.3530195381882771,0.05168809993848382,0.038929387857903654,0.027922504986553912,0.0734570448641682,0.2535841092612337,0.037167153811877886,0.11762041571879236,2252,0,0.38987566607460034,0.061648455277434164,0.04130930272135986,0.02963289214678612,0.07773251747024802,0.2535841092612337,0.037167153811877886,0.11762041571879236,0,0,,,,,,,,,,,,,,,,,,,,,,,,,,,,,,,,,,,,,,
V2_02_medium,G,V,weak_visual_overlap,458,257,0,0,458,0,0.3537117903930131,0.03170525021610513,0.04475255500950033,0.028735008544622177,0.08563594531889433,0.3098291132117106,0.040626305788654615,0.16072815201798518,458,0,0.36026200873362446,0.03819457579886238,0.04539272635338805,0.029297346765942606,0.08789704827863434,0.3098291132117106,0.040626305788654615,0.16072815201798518,0,0,,,,,,,,,,,,,,,,,,,,,,,,,,,,,,,,,,,,,,
V2_02_medium,G,V,high_error,563,344,0,0,563,0,0.6181172291296625,-0.04255555135797345,0.0648442029956175,0.05375389484895961,0.10579055593084843,0.31733004337440446,0.05227434328068163,0.11368489881843201,563,0,0.6696269982238011,-0.02806531137639902,0.06830219537515562,0.0580241006551572,0.10916624572952827,0.31733004337440446,0.05227434328068163,0.11368489881843201,0,0,,,,,,,,,,,,,,,,,,,,,,,,,,,,,,,,,,,,,,
V2_02_medium,G,V,rising_high_error,487,292,0,0,487,0,0.6529774127310062,-0.04308283758664273,0.06615025712800109,0.05498043652515504,0.11086309677319248,0.3251656479997406,0.05022219148347303,0.11090681898641443,487,0,0.7002053388090349,-0.026255277754905892,0.06955634834507148,0.05827575927078234,0.11787449784391699,0.3251656479997406,0.05022219148347303,0.11090681898641443,0,0,,,,,,,,,,,,,,,,,,,,,,,,,,,,,,,,,,,,,,
V2_02_medium,G,V,high_error_ready_OFF,344,344,0,0,344,0,0.6686046511627907,0.5680481835339544,0.06175372982053335,0.05350441153884389,0.09134247752671511,0.055469991886010594,0.04981036443429679,0.08873427908764056,344,0,0.7267441860465116,0.5470467397945753,0.0652650147719952,0.05709654503887286,0.09432156568818516,0.055469991886010594,0.04981036443429679,0.08873427908764056,0,0,,,,,,,,,,,,,,,,,,,,,,,,,,,,,,,,,,,,,,
V2_02_medium,G,V,high_error_interruption_OFF,183,0,0,0,183,0,0.6120218579234973,0.13481805878673891,0.0719717036148868,0.05515604097981991,0.13494146104810142,0.06294775271501309,0.05286374266259298,0.10933418341562001,183,0,0.639344262295082,0.14466598220615562,0.07532475545587188,0.06034558759838846,0.13830335999460233,0.06294775271501309,0.05286374266259298,0.10933418341562001,0,0,,,,,,,,,,,,,,,,,,,,,,,,,,,,,,,,,,,,,,
V2_02_medium,G,V,rising_high_error_ready_OFF,292,292,0,0,292,0,0.702054794520548,0.5989024282175095,0.0626864557050936,0.05406382232492164,0.09264642153262571,0.05487003223910664,0.0485680548892003,0.08996996857252382,292,0,0.7534246575342466,0.5835231670747965,0.06622761940077893,0.05776563459321411,0.09498147107364673,0.05487003223910664,0.0485680548892003,0.08996996857252382,0,0,,,,,,,,,,,,,,,,,,,,,,,,,,,,,,,,,,,,,,
V2_02_medium,G,V,rising_high_error_interruption_OFF,160,0,0,0,160,0,0.66875,0.16925579098116947,0.07406714838483831,0.05780688761737768,0.13564640789088764,0.05909293082706379,0.05054238870121082,0.09831706563628881,160,0,0.69375,0.1716537385491517,0.07722586254272254,0.06113668016903102,0.14040658854631655,0.05909293082706379,0.05054238870121082,0.09831706563628881,0,0,,,,,,,,,,,,,,,,,,,,,,,,,,,,,,,,,,,,,,
V2_02_medium,G,V,ready_OFF,1557,1557,0,0,1557,0,0.37572254335260113,0.340546958058869,0.03629602770192413,0.025881914298734546,0.07137386969411853,0.04464391090352601,0.034232470850599495,0.0844954366563611,1557,0,0.41811175337186895,0.33065950989059834,0.03866833285057934,0.02791666377990088,0.07519164096052729,0.04464391090352601,0.034232470850599495,0.0844954366563611,0,0,,,,,,,,,,,,,,,,,,,,,,,,,,,,,,,,,,,,,,
V2_02_medium,G,V,post_startup,2143,1557,0,0,2143,0,0.3681754549696687,0.3156413187614185,0.03903109132393841,0.02778692563881581,0.07419935461007321,0.04782825828370618,0.035809839917294486,0.08876469736975713,2143,0,0.4050396640223985,0.3112652262976974,0.04138092941250488,0.02962036073447808,0.0788449880818926,0.04782825828370618,0.035809839917294486,0.08876469736975713,0,0,,,,,,,,,,,,,,,,,,,,,,,,,,,,,,,,,,,,,,
V2_02_medium,G,V,weak_visual_interruption,174,0,0,0,174,0,0.3218390804597701,0.3012284571799193,0.05138726830470966,0.03196104058950973,0.12508040025254138,0.055273900355138746,0.04349959144232816,0.09914119093952424,174,0,0.3218390804597701,0.30304340441018773,0.05213283330863905,0.03184989950808985,0.1259270879164355,0.055273900355138746,0.04349959144232816,0.09914119093952424,0,0,,,,,,,,,,,,,,,,,,,,,,,,,,,,,,,,,,,,,,
V2_02_medium,G,V,startup,109,0,0,0,109,0,0.05504587155963303,0.15618875596382853,0.0368729123460208,0.029810436757699683,0.0633529063718028,1.132960855577706,0.3356029759132502,2.3485882260956963,109,0,0.09174311926605505,0.19743880665929064,0.0398749600391223,0.030555028908510744,0.06718171751913683,1.132960855577706,0.3356029759132502,2.3485882260956963,0,0,,,,,,,,,,,,,,,,,,,,,,,,,,,,,,,,,,,,,,
V2_02_medium,G,V,interruption,586,0,0,0,586,0,0.34812286689419797,0.25226820873162703,0.04550639938481404,0.0319488129767041,0.09142028604911269,0.05540695651907642,0.04114210158529956,0.09796837645198687,586,0,0.3703071672354949,0.2565355713543875,0.04784689284018201,0.0340410305360299,0.09554371375312576,0.05540695651907642,0.04114210158529956,0.09796837645198687,0,0,,,,,,,,,,,,,,,,,,,,,,,,,,,,,,,,,,,,,,
V2_02_medium,G,V,weak_visual,257,257,0,0,257,0,0.41245136186770426,0.4182738973878083,0.040548119352320555,0.025298919026381064,0.07638476091701472,0.04605256301820207,0.03604633349534484,0.08653372360671546,257,0,0.42412451361867703,0.4155296680426949,0.04102188668834157,0.0259244554828931,0.07848440188240231,0.04605256301820207,0.03604633349534484,0.08653372360671546,0,0,,,,,,,,,,,,,,,,,,,,,,,,,,,,,,,,,,,,,,
V2_02_medium,G,V,normal,1300,1300,0,0,1300,0,0.36846153846153845,0.32126620353767604,0.035394999511123924,0.02592829229094654,0.06801466521704198,0.044360135877455416,0.03383855277771427,0.08392274707163372,1300,0,0.4169230769230769,0.31086816484939245,0.038185884051318585,0.02811123831854055,0.07324131294232042,0.044360135877455416,0.03383855277771427,0.08392274707163372,0,0,,,,,,,,,,,,,,,,,,,,,,,,,,,,,,,,,,,,,,
V2_02_medium,V,G,all,2252,1592,0,0,2249,3,0.41662961316140507,0.22962820226078942,0.8452806472316471,0.6693955259209995,1.5014011086696364,1.572146015860997,0.6738262287177864,1.5664195238856358,2249,3,0.4170742552245442,0.23329069465822,0.8459573711099917,0.6702499405240103,1.502937068934337,1.572146015860997,0.6738262287177864,1.5664195238856358,0,0,,,,,,,,,,,,,,,,,,,,,,,,,,,,,,,,,,,,,,
V2_02_medium,V,G,weak_visual_overlap,458,264,0,0,455,3,0.42417582417582417,0.050945035946258606,1.0082025802374697,0.7833369454848197,1.6224306008449472,2.649641708814436,0.8213237124277486,1.6980010304756363,455,3,0.42857142857142855,0.05340617651768681,1.0083959473987028,0.7838624793763199,1.622711883779164,2.649641708814436,0.8213237124277486,1.6980010304756363,0,0,,,,,,,,,,,,,,,,,,,,,,,,,,,,,,,,,,,,,,
V2_02_medium,V,G,high_error,563,433,0,0,563,0,0.47424511545293074,0.8813385872471016,1.359641580916707,1.3378344451915785,1.6225188024757438,1.382396226387162,1.4243215577175052,1.6839955923587642,563,0,0.47424511545293074,0.8798085341392007,1.3605546650176612,1.3400446993402328,1.6226863705798948,1.382396226387162,1.4243215577175052,1.6839955923587642,0,0,,,,,,,,,,,,,,,,,,,,,,,,,,,,,,,,,,,,,,
V2_02_medium,V,G,rising_high_error,353,268,0,0,353,0,0.49008498583569404,0.9172306099568277,1.3952891321865888,1.4289316178996865,1.6248248771454152,1.4042044448243525,1.4517513142754537,1.695683553040267,353,0,0.49291784702549574,0.9142430069056563,1.395592315061082,1.4238869317333678,1.624324702619547,1.4042044448243525,1.4517513142754537,1.695683553040267,0,0,,,,,,,,,,,,,,,,,,,,,,,,,,,,,,,,,,,,,,
V2_02_medium,V,G,high_error_ready_OFF,433,433,0,0,433,0,0.535796766743649,0.8735029336022898,1.3340368862529408,1.3308118657601922,1.5347485057063277,1.343026938614638,1.3814986612856204,1.5641685033655655,433,0,0.5404157043879908,0.8698439179389935,1.3348669450860475,1.3304293397307705,1.5365609039395525,1.343026938614638,1.3814986612856204,1.5641685033655655,0,0,,,,,,,,,,,,,,,,,,,,,,,,,,,,,,,,,,,,,,
V2_02_medium,V,G,high_error_interruption_OFF,130,0,0,0,130,0,0.2692307692307692,0.8805970980735401,1.4416487422030828,1.5399225101301688,1.6308527508420114,1.506122206202136,1.5599360905947282,1.7174339693174048,130,0,0.25384615384615383,0.8820402453997574,1.4428197778632845,1.5435446632195116,1.6312031405072456,1.506122206202136,1.5599360905947282,1.7174339693174048,0,0,,,,,,,,,,,,,,,,,,,,,,,,,,,,,,,,,,,,,,
V2_02_medium,V,G,rising_high_error_ready_OFF,268,268,0,0,268,0,0.5261194029850746,0.8787500775981283,1.3582902196881383,1.3494960761454586,1.556581668957907,1.3616727682033118,1.4264600668567398,1.5779826423995156,268,0,0.5335820895522388,0.8745615771808832,1.3585285988484832,1.3501194230466642,1.5624076934505373,1.3616727682033118,1.4264600668567398,1.5779826423995156,0,0,,,,,,,,,,,,,,,,,,,,,,,,,,,,,,,,,,,,,,
V2_02_medium,V,G,rising_high_error_interruption_OFF,85,0,0,0,85,0,0.3764705882352941,0.9739832622711974,1.5060051953866114,1.5661022168055112,1.6387613855396517,1.530586132851392,1.6091975621767842,1.7392027994182777,85,0,0.36470588235294116,0.973232822550832,1.5064938434789708,1.5680884486385744,1.6387602021710623,1.530586132851392,1.6091975621767842,1.7392027994182777,0,0,,,,,,,,,,,,,,,,,,,,,,,,,,,,,,,,,,,,,,
V2_02_medium,V,G,ready_OFF,1592,1592,0,0,1592,0,0.4434673366834171,0.9727565636780059,0.8619097538947558,0.7168961142897752,1.469192461546483,0.8741404472693489,0.7020531911374999,1.5049991508787137,1592,0,0.44409547738693467,0.9728081686399924,0.8622261931842826,0.7151596139320134,1.4709175817308369,0.8741404472693489,0.7020531911374999,1.5049991508787137,0,0,,,,,,,,,,,,,,,,,,,,,,,,,,,,,,,,,,,,,,
V2_02_medium,V,G,post_startup,2172,1592,0,0,2172,0,0.42955801104972374,0.9659443489474726,0.8560108416264766,0.6906728638128885,1.504416617315909,0.8763067919168379,0.6687090771142077,1.5462979976618574,2172,0,0.42955801104972374,0.9660899867405977,0.8565832443029936,0.6881342169040926,1.506671956836041,0.8763067919168379,0.6687090771142077,1.5462979976618574,0,0,,,,,,,,,,,,,,,,,,,,,,,,,,,,,,,,,,,,,,
V2_02_medium,V,G,weak_visual_interruption,173,0,0,0,173,0,0.3988439306358382,0.9648480072819607,1.0331138808766431,0.7834394372155016,1.6237550479905405,1.0648518426344142,0.780509880066196,1.6890657769925406,173,0,0.3988439306358382,0.9648979358258668,1.0331673990031076,0.7838624793763199,1.6238987473601594,1.0648518426344142,0.780509880066196,1.6890657769925406,0,0,,,,,,,,,,,,,,,,,,,,,,,,,,,,,,,,,,,,,,
V2_02_medium,V,G,startup,80,0,0,0,77,3,0.05194805194805195,-0.44507468793558747,0.4467222980190892,0.39364268076893155,0.6201081734434003,7.108452071681735,0.8300930709001467,16.969761691425063,77,3,0.06493506493506493,-0.3977562918121974,0.4531415338818742,0.409049970904714,0.6245452168489634,7.108452071681735,0.8300930709001467,16.969761691425063,0,0,,,,,,,,,,,,,,,,,,,,,,,,,,,,,,,,,,,,,,
V2_02_medium,V,G,interruption,580,0,0,0,580,0,0.3913793103448276,0.9506551947266584,0.839606368843671,0.5659870169951291,1.6175925291940167,0.8822256952810672,0.6346228456939599,1.6770234057703701,580,0,0.3896551724137931,0.9509249383939752,0.8408997262030417,0.5691843116439008,1.6172692530534085,0.8822256952810672,0.6346228456939599,1.6770234057703701,0,0,,,,,,,,,,,,,,,,,,,,,,,,,,,,,,,,,,,,,,
V2_02_medium,V,G,weak_visual,264,264,0,0,264,0,0.4696969696969697,0.9789687664671438,1.0201171910320803,0.8150635160269517,1.5073616070015772,1.0358085657710068,0.8205015443341106,1.5621372076473872,264,0,0.4772727272727273,0.9787676962827527,1.0202822946710903,0.8157024321388371,1.5073575458671526,1.0358085657710068,0.8205015443341106,1.5621372076473872,0,0,,,,,,,,,,,,,,,,,,,,,,,,,,,,,,,,,,,,,,
V2_02_medium,V,G,normal,1328,1328,0,0,1328,0,0.4382530120481928,0.9703734704407829,0.8268597388174731,0.6996391475168658,1.4498928420299926,0.8382946799305876,0.6756723006225684,1.4821082645756725,1328,0,0.4375,0.9705110055809166,0.8272146649885137,0.698293312420692,1.451995599952681,0.8382946799305876,0.6756723006225684,1.4821082645756725,0,0,,,,,,,,,,,,,,,,,,,,,,,,,,,,,,,,,,,,,,
V2_02_medium,V,V,all,2252,1557,1557,1557,2252,0,0.35257548845470693,0.05169180196447856,0.03892842721545882,0.027920206487624173,0.07345111297542395,0.2535844443087294,0.03717096902808828,0.11762259563989624,2252,0,0.38987566607460034,0.0616526230119922,0.04130845568638472,0.029631466428724496,0.07775903837374024,0.2535844443087294,0.03717096902808828,0.11762259563989624,1557,0,0.41811175337186895,0.3306981704667571,0.03866760235074284,0.027919270197138763,0.07519601329712729,0.04464613969105775,0.034232883185640474,0.08450467409801501,0.032253001836272714,0.0901133332906797,0.17637576769976193,0.032253001836272714,0.0901133332906797,0.17637576769976193,0.001040221708306897,0.008120176133840229,0.031107283668953514,0.001040221708306897,0.008120176133840229,0.031107283668953514,2.8378898338536545e-06,4.353314537556643e-06,1.1777962794003061e-05,1.524359565753349e-05,3.22144378626287e-05,4.268243354897098e-05,2.4319519080715343e-05,4.35859383554745e-05,7.312473408386421e-05,2.30741358953391e-06,8.960674186740566e-06,2.194296468997092e-05,2.8060092240688214e-07,1.2451296039863992e-06,4.766516217099114e-06,4.741820738779731e-07,1.873336758603938e-06,6.3004995309167716e-06
V2_02_medium,V,V,weak_visual_overlap,458,257,257,257,458,0,0.35152838427947597,0.03170582516954031,0.04475206388015959,0.028742416770356074,0.08562176790399033,0.30982939197457326,0.040627269802162636,0.1607190881908011,458,0,0.36026200873362446,0.03819367239433893,0.045392550278165675,0.029298979369293644,0.08789772596613483,0.30982939197457326,0.040627269802162636,0.1607190881908011,257,0,0.42412451361867703,0.41558679711276925,0.04102272736629844,0.02592660056909634,0.07847238278141376,0.046055413137327986,0.036041417501982656,0.0865404748399013,0.03198357329583264,0.08490770914128191,0.1745874027848786,0.03198357329583264,0.08490770914128191,0.1745874027848786,0.001022930348726276,0.007219738125028147,0.030479731381746512,0.001022930348726276,0.007219738125028147,0.030479731381746512,2.918854007071008e-06,4.286461982799246e-06,1.1638770802205572e-05,1.6839313172857224e-05,3.385789502192394e-05,4.268243354897098e-05,2.5625739559593497e-05,4.6797718554149205e-05,6.92025222637347e-05,2.5805185316983356e-06,9.074434272713557e-06,1.6981367360936354e-05,2.957460579817706e-07,1.3240174899534518e-06,4.436166702007807e-06,4.974018183950579e-07,1.9957263289623163e-06,5.956137510039054e-06
V2_02_medium,V,V,high_error,563,344,344,344,563,0,0.6163410301953819,-0.04254121607027231,0.06484193445544957,0.053758255816502766,0.10578952579961237,0.31733039375744515,0.052272313843741265,0.11368762886985222,563,0,0.6696269982238011,-0.02805199591720919,0.06830029810365945,0.05802460740857218,0.10915273602367376,0.31733039375744515,0.052272313843741265,0.11368762886985222,344,0,0.7267441860465116,0.547111194790231,0.06526338047088263,0.05709290425899962,0.09435821342734692,0.05547254040125605,0.04980772817889806,0.08874254724658559,0.04132192744733232,0.11983036205423986,0.17637576769976193,0.04132192744733232,0.11983036205423986,0.17637576769976193,0.001707490923058284,0.014359293807742455,0.031107283668953514,0.001707490923058284,0.014359293807742455,0.031107283668953514,3.051065599123344e-06,4.466892419949984e-06,1.1777962794003061e-05,1.9269081383165846e-05,3.690656757849395e-05,4.268243354897098e-05,2.832375139288437e-05,5.215927433518227e-05,7.312473408386421e-05,2.9261759343050396e-06,1.228670081152729e-05,2.194296468997092e-05,4.09083207289434e-07,1.953619467537734e-06,4.766516217099114e-06,7.037728973611355e-07,3.184278054454838e-06,6.3004995309167716e-06
V2_02_medium,V,V,rising_high_error,487,292,292,292,487,0,0.6509240246406571,-0.043068854017759006,0.06614783460845368,0.0549802345708203,0.11085907019008652,0.3251660377831227,0.050226084779325386,0.1109087395509021,487,0,0.7002053388090349,-0.02624253253589356,0.06955440953971907,0.05827574149941322,0.11786600337645763,0.3251660377831227,0.050226084779325386,0.1109087395509021,292,0,0.7534246575342466,0.5835745693493399,0.06622593535739572,0.05776907300816309,0.09495817566701545,0.054873316892070714,0.04856704418690032,0.08998684354275141,0.04299120722291867,0.12693805443457176,0.17637576769976193,0.04299120722291867,0.12693805443457176,0.17637576769976193,0.0018482084825719662,0.016115623637265368,0.031107283668953514,0.0018482084825719662,0.016115623637265368,0.031107283668953514,3.0496277540500657e-06,5.0512141222302365e-06,1.1777962794003061e-05,1.8957687169273525e-05,3.7522421436922955e-05,4.268243354897098e-05,2.812134394472526e-05,5.191980959964728e-05,7.312473408386421e-05,2.8979043699356397e-06,1.1061910763886218e-05,2.194296468997092e-05,4.0882212597029796e-07,1.9348606606206286e-06,4.766516217099114e-06,7.199793947890714e-07,3.1520937691458117e-06,6.3004995309167716e-06
V2_02_medium,V,V,high_error_ready_OFF,344,344,344,344,344,0,0.6656976744186046,0.5680853149899835,0.06175134160933138,0.05350437390583933,0.0913216192040626,0.05547254040125605,0.04980772817889806,0.08874254724658559,344,0,0.7267441860465116,0.547111194790231,0.06526338047088263,0.05709290425899962,0.09435821342734692,0.05547254040125605,0.04980772817889806,0.08874254724658559,344,0,0.7267441860465116,0.547111194790231,0.06526338047088263,0.05709290425899962,0.09435821342734692,0.05547254040125605,0.04980772817889806,0.08874254724658559,0.04132192744733232,0.11983036205423986,0.17637576769976193,0.04132192744733232,0.11983036205423986,0.17637576769976193,0.001707490923058284,0.014359293807742455,0.031107283668953514,0.001707490923058284,0.014359293807742455,0.031107283668953514,3.051065599123344e-06,4.466892419949984e-06,1.1777962794003061e-05,1.9269081383165846e-05,3.690656757849395e-05,4.268243354897098e-05,2.832375139288437e-05,5.215927433518227e-05,7.312473408386421e-05,2.9261759343050396e-06,1.228670081152729e-05,2.194296468997092e-05,4.09083207289434e-07,1.953619467537734e-06,4.766516217099114e-06,7.037728973611355e-07,3.184278054454838e-06,6.3004995309167716e-06
V2_02_medium,V,V,high_error_interruption_OFF,183,0,0,0,183,0,0.6120218579234973,0.1347945484881263,0.07196875762472923,0.05515588365370534,0.13492844805855136,0.06294838438550704,0.052865165682437654,0.10933534573630087,183,0,0.639344262295082,0.14464157807339764,0.07532162238064571,0.06034316715251332,0.13829234035221433,0.06294838438550704,0.052865165682437654,0.10933534573630087,0,0,,,,,,,,,,,,,,,,,,,,,,,,,,,,,,,,,,,,,,
V2_02_medium,V,V,rising_high_error_ready_OFF,292,292,292,292,292,0,0.6986301369863014,0.5989209930885884,0.06268384648906718,0.054062784253755325,0.09263436135983925,0.054873316892070714,0.04856704418690032,0.08998684354275141,292,0,0.7534246575342466,0.5835745693493399,0.06622593535739572,0.05776907300816309,0.09495817566701545,0.054873316892070714,0.04856704418690032,0.08998684354275141,292,0,0.7534246575342466,0.5835745693493399,0.06622593535739572,0.05776907300816309,0.09495817566701545,0.054873316892070714,0.04856704418690032,0.08998684354275141,0.04299120722291867,0.12693805443457176,0.17637576769976193,0.04299120722291867,0.12693805443457176,0.17637576769976193,0.0018482084825719662,0.016115623637265368,0.031107283668953514,0.0018482084825719662,0.016115623637265368,0.031107283668953514,3.0496277540500657e-06,5.0512141222302365e-06,1.1777962794003061e-05,1.8957687169273525e-05,3.7522421436922955e-05,4.268243354897098e-05,2.812134394472526e-05,5.191980959964728e-05,7.312473408386421e-05,2.8979043699356397e-06,1.1061910763886218e-05,2.194296468997092e-05,4.0882212597029796e-07,1.9348606606206286e-06,4.766516217099114e-06,7.199793947890714e-07,3.1520937691458117e-06,6.3004995309167716e-06
V2_02_medium,V,V,rising_high_error_interruption_OFF,160,0,0,0,160,0,0.66875,0.16922782585968213,0.07406402638913687,0.0578048293177539,0.13563555253274454,0.05909318521762579,0.050537200663706074,0.09831912287510985,160,0,0.69375,0.17162589149011093,0.07722262286989721,0.061137818985721556,0.14039807020648754,0.05909318521762579,0.050537200663706074,0.09831912287510985,0,0,,,,,,,,,,,,,,,,,,,,,,,,,,,,,,,,,,,,,,
V2_02_medium,V,V,ready_OFF,1557,1557,1557,1557,1557,0,0.37508028259473347,0.34057743443643185,0.0362950654639456,0.02590061957567201,0.07137360530750401,0.04464613969105775,0.034232883185640474,0.08450467409801501,1557,0,0.41811175337186895,0.3306981704667571,0.03866760235074284,0.027919270197138763,0.07519601329712729,0.04464613969105775,0.034232883185640474,0.08450467409801501,1557,0,0.41811175337186895,0.3306981704667571,0.03866760235074284,0.027919270197138763,0.07519601329712729,0.04464613969105775,0.034232883185640474,0.08450467409801501,0.032253001836272714,0.0901133332906797,0.17637576769976193,0.032253001836272714,0.0901133332906797,0.17637576769976193,0.001040221708306897,0.008120176133840229,0.031107283668953514,0.001040221708306897,0.008120176133840229,0.031107283668953514,2.8378898338536545e-06,4.353314537556643e-06,1.1777962794003061e-05,1.524359565753349e-05,3.22144378626287e-05,4.268243354897098e-05,2.4319519080715343e-05,4.35859383554745e-05,7.312473408386421e-05,2.30741358953391e-06,8.960674186740566e-06,2.194296468997092e-05,2.8060092240688214e-07,1.2451296039863992e-06,4.766516217099114e-06,4.741820738779731e-07,1.873336758603938e-06,6.3004995309167716e-06
V2_02_medium,V,V,post_startup,2143,1557,1557,1557,2143,0,0.3677088194120392,0.31563187301064505,0.03902998287868652,0.027783259595149393,0.07420113320181149,0.047830009467841925,0.03580750985742149,0.08876713975738003,2143,0,0.4050396640223985,0.31126211458997183,0.04137994216467564,0.02962430861827356,0.07884402149851229,0.047830009467841925,0.03580750985742149,0.08876713975738003,1557,0,0.41811175337186895,0.3306981704667571,0.03866760235074284,0.027919270197138763,0.07519601329712729,0.04464613969105775,0.034232883185640474,0.08450467409801501,0.032253001836272714,0.0901133332906797,0.17637576769976193,0.032253001836272714,0.0901133332906797,0.17637576769976193,0.001040221708306897,0.008120176133840229,0.031107283668953514,0.001040221708306897,0.008120176133840229,0.031107283668953514,2.8378898338536545e-06,4.353314537556643e-06,1.1777962794003061e-05,1.524359565753349e-05,3.22144378626287e-05,4.268243354897098e-05,2.4319519080715343e-05,4.35859383554745e-05,7.312473408386421e-05,2.30741358953391e-06,8.960674186740566e-06,2.194296468997092e-05,2.8060092240688214e-07,1.2451296039863992e-06,4.766516217099114e-06,4.741820738779731e-07,1.873336758603938e-06,6.3004995309167716e-06
V2_02_medium,V,V,weak_visual_interruption,174,0,0,0,174,0,0.3218390804597701,0.30117207480294655,0.0513857971406417,0.03196385233523947,0.12507781729354123,0.055274375974397986,0.04349411527335208,0.09914295743161146,174,0,0.3218390804597701,0.3029860463395982,0.052131336437710285,0.031849054091027285,0.12592442406742962,0.055274375974397986,0.04349411527335208,0.09914295743161146,0,0,,,,,,,,,,,,,,,,,,,,,,,,,,,,,,,,,,,,,,
V2_02_medium,V,V,startup,109,0,0,0,109,0,0.05504587155963303,0.15608960003196629,0.03687502605735929,0.029810436757699683,0.0633601838003948,1.1329609514828822,0.3356029759132502,2.3485882260956963,109,0,0.09174311926605505,0.1973463910778606,0.0398769731175784,0.030555028908510744,0.06718424551777584,1.1329609514828822,0.3356029759132502,2.3485882260956963,0,0,,,,,,,,,,,,,,,,,,,,,,,,,,,,,,,,,,,,,,
V2_02_medium,V,V,interruption,586,0,0,0,586,0,0.34812286689419797,0.2522101268589699,0.04550496180731943,0.031947502638106515,0.09141521544358322,0.05540771307615176,0.04114791826544961,0.09797036110837072,586,0,0.3703071672354949,0.25648060799198136,0.04784533897702558,0.03404363750303055,0.09553191830070441,0.05540771307615176,0.04114791826544961,0.09797036110837072,0,0,,,,,,,,,,,,,,,,,,,,,,,,,,,,,,,,,,,,,,
V2_02_medium,V,V,weak_visual,257,257,257,257,257,0,0.4085603112840467,0.4183297218641978,0.04054830573863328,0.025301266219542304,0.07638101437962667,0.046055413137327986,0.036041417501982656,0.0865404748399013,257,0,0.42412451361867703,0.41558679711276925,0.04102272736629844,0.02592660056909634,0.07847238278141376,0.046055413137327986,0.036041417501982656,0.0865404748399013,257,0,0.42412451361867703,0.41558679711276925,0.04102272736629844,0.02592660056909634,0.07847238278141376,0.046055413137327986,0.036041417501982656,0.0865404748399013,0.03198357329583264,0.08490770914128191,0.1745874027848786,0.03198357329583264,0.08490770914128191,0.1745874027848786,0.001022930348726276,0.007219738125028147,0.030479731381746512,0.001022930348726276,0.007219738125028147,0.030479731381746512,2.918854007071008e-06,4.286461982799246e-06,1.1638770802205572e-05,1.6839313172857224e-05,3.385789502192394e-05,4.268243354897098e-05,2.5625739559593497e-05,4.6797718554149205e-05,6.92025222637347e-05,2.5805185316983356e-06,9.074434272713557e-06,1.6981367360936354e-05,2.957460579817706e-07,1.3240174899534518e-06,4.436166702007807e-06,4.974018183950579e-07,1.9957263289623163e-06,5.956137510039054e-06
V2_02_medium,V,V,normal,1300,1300,1300,1300,1300,0,0.36846153846153845,0.32128850445628554,0.035393775491251375,0.025927521545221262,0.06799063087311373,0.04436223741144115,0.033839230065785805,0.08392860889507414,1300,0,0.4169230769230769,0.3108999684519615,0.038184819536494066,0.028105823766318747,0.07323479502805676,0.04436223741144115,0.033839230065785805,0.08392860889507414,1300,0,0.4169230769230769,0.3108999684519615,0.038184819536494066,0.028105823766318747,0.07323479502805676,0.04436223741144115,0.033839230065785805,0.08392860889507414,0.03231481108746062,0.09011278518719375,0.17637576769976193,0.03231481108746062,0.09011278518719375,0.17637576769976193,0.001044222548096049,0.008120075680399222,0.031107283668953514,0.001044222548096049,0.008120075680399222,0.031107283668953514,2.8234765241357117e-06,4.358721743108729e-06,1.1777962794003061e-05,1.4903874347227394e-05,3.218158108382679e-05,4.108414611710495e-05,2.4000729276067717e-05,4.3244682128256225e-05,7.312473408386421e-05,2.2709711542106932e-06,8.94452172546047e-06,2.194296468997092e-05,2.7397097561397575e-07,1.2159621039665266e-06,4.766516217099114e-06,4.672903486295419e-07,1.850551774309201e-06,6.3004995309167716e-06
V2_02_medium,GV,G,all,2252,1592,1592,1592,2249,3,0.41662961316140507,0.2296693467535288,0.8452763979782758,0.6693818989720448,1.5013411024765977,1.5721497833600115,0.6733519900695095,1.5665636295505987,2249,3,0.4170742552245442,0.23333059312658302,0.845953099840569,0.6701979701082275,1.5028535920973516,1.5721497833600115,0.6733519900695095,1.5665636295505987,1592,0,0.44409547738693467,0.972829375331677,0.8622082298739989,0.7151113653413281,1.470867416141966,0.8741429491769523,0.7022683160948244,1.5049274438401772,0.001970482388548883,0.0064232417984112205,0.013406427575879162,0.001970482388548883,0.0064232417984112205,0.013406427575879162,0.00012746339254455358,0.0013543806221298297,0.005899927946682563,0.00012746339254455358,0.0013543806221298297,0.005899927946682563,1.612867528225598e-05,3.327922377588117e-05,0.00016237712024219267,4.333375225593143e-05,9.242965191763658e-05,0.0002537464472571398,3.012795552605074e-05,0.00010306623757077488,0.00038921562943655837,1.2457929609626829e-06,6.546399984558557e-06,4.6737037329479544e-05,5.62164869505353e-08,3.2988498454489276e-07,1.005263453535567e-06,4.294049386577383e-08,2.7889269062186316e-07,3.086722410007113e-06
V2_02_medium,GV,G,weak_visual_overlap,458,264,264,264,455,3,0.42417582417582417,0.0509924906862181,1.0082216245092424,0.7833231943527806,1.6225843882552355,2.6496505317785704,0.8213043613839808,1.698157726240092,455,3,0.42857142857142855,0.05345375456424006,1.0084141987083228,0.7838026578943159,1.6228693878536702,2.6496505317785704,0.8213043613839808,1.698157726240092,264,0,0.4772727272727273,0.9787845820897996,1.0202738815298347,0.8156599543596866,1.5074645367488928,1.0358136452682014,0.8204927803004842,1.5621106160125755,0.0019156671496269894,0.007707074723805931,0.00995775471062276,0.0019156671496269894,0.007707074723805931,0.00995775471062276,0.00012047263725710943,0.0019531165277901978,0.003255026770335164,0.00012047263725710943,0.0019531165277901978,0.003255026770335164,1.700832371971569e-05,3.3505837870199435e-05,0.00016237712024219267,4.60910283459808e-05,9.358071890492964e-05,0.0002537464472571398,3.158285902606394e-05,0.00010707037349629198,0.0003849300036967572,1.3150293474139731e-06,6.5783184791364206e-06,3.8022219914547235e-05,6.313121195662637e-08,3.8268004777181335e-07,9.7905433505578e-07,4.6497785285888626e-08,2.8070464969586604e-07,1.5783799515968779e-06
V2_02_medium,GV,G,high_error,563,433,433,433,563,0,0.47424511545293074,0.8813879733293464,1.359679738947697,1.3377969433003467,1.622676409315765,1.382428032832459,1.4242958442255549,1.6841529207176602,563,0,0.47424511545293074,0.8798533540441617,1.360592093860225,1.3401711224900232,1.622842086400955,1.382428032832459,1.4242958442255549,1.6841529207176602,433,0,0.5404157043879908,0.8698462281453403,1.3348765987562903,1.3303971942923165,1.5365119831890304,1.3430343837526277,1.3814898221912222,1.564112310492182,0.0019365947363890767,0.006478268796702392,0.008843624209361935,0.0019365947363890767,0.006478268796702392,0.008843624209361935,0.0001231168874699676,0.0013777504439343234,0.0025674413676490897,0.0001231168874699676,0.0013777504439343234,0.0025674413676490897,1.660055251925533e-05,2.6534105464506777e-05,2.802817798983872e-05,4.347505479812543e-05,6.516393036891255e-05,8.192043066517133e-05,2.859422928051969e-05,7.124877033291548e-05,8.368496134212928e-05,1.230848330893022e-06,4.7005062848874445e-06,6.9500119470637695e-06,5.5961905125316005e-08,2.72982250130629e-07,4.834850304299067e-07,3.938142171408591e-08,1.898178122323836e-07,3.74472499383324e-07
V2_02_medium,GV,G,rising_high_error,353,268,268,268,353,0,0.49008498583569404,0.917276922650469,1.39533124732081,1.4290840014654442,1.6249777907726153,1.4042505819728548,1.451792789211431,1.6958436679117272,353,0,0.49291784702549574,0.9142893549959082,1.395634493438587,1.4240352334972703,1.624478069930979,1.4042505819728548,1.451792789211431,1.6958436679117272,268,0,0.5335820895522388,0.8745947411521043,1.3585372530072186,1.3500819647485895,1.5623696079193676,1.3616862609880231,1.4264356158770612,1.5781269146476,0.001966499011091286,0.007354970283739207,0.008843624209361935,0.001966499011091286,0.007354970283739207,0.008843624209361935,0.0001269492901897016,0.0017758277480541581,0.0025674413676490897,0.0001269492901897016,0.0017758277480541581,0.0025674413676490897,1.6797842884581788e-05,2.660546956500151e-05,2.802817798983872e-05,4.451627015357679e-05,6.781864849637e-05,8.192043066517133e-05,2.9243400042632353e-05,7.11082542773228e-05,8.368496134212928e-05,1.275195842415328e-06,6.132353951267018e-06,6.9500119470637695e-06,5.3519414973932536e-08,3.558018306152886e-07,4.834850304299067e-07,4.086160907773221e-08,2.2471036435187702e-07,3.74472499383324e-07
V2_02_medium,GV,G,high_error_ready_OFF,433,433,433,433,433,0,0.535796766743649,0.8735099851974537,1.3340471185038345,1.3307726846803996,1.5347359336099666,1.3430343837526277,1.3814898221912222,1.564112310492182,433,0,0.5404157043879908,0.8698462281453403,1.3348765987562903,1.3303971942923165,1.5365119831890304,1.3430343837526277,1.3814898221912222,1.564112310492182,433,0,0.5404157043879908,0.8698462281453403,1.3348765987562903,1.3303971942923165,1.5365119831890304,1.3430343837526277,1.3814898221912222,1.564112310492182,0.0019365947363890767,0.006478268796702392,0.008843624209361935,0.0019365947363890767,0.006478268796702392,0.008843624209361935,0.0001231168874699676,0.0013777504439343234,0.0025674413676490897,0.0001231168874699676,0.0013777504439343234,0.0025674413676490897,1.660055251925533e-05,2.6534105464506777e-05,2.802817798983872e-05,4.347505479812543e-05,6.516393036891255e-05,8.192043066517133e-05,2.859422928051969e-05,7.124877033291548e-05,8.368496134212928e-05,1.230848330893022e-06,4.7005062848874445e-06,6.9500119470637695e-06,5.5961905125316005e-08,2.72982250130629e-07,4.834850304299067e-07,3.938142171408591e-08,1.898178122323836e-07,3.74472499383324e-07
V2_02_medium,GV,G,high_error_interruption_OFF,130,0,0,0,130,0,0.2692307692307692,0.8806886410102721,1.4417730549305108,1.5400694691823107,1.6310163884924418,1.506226521970246,1.5600093225147729,1.7175808336538394,130,0,0.25384615384615383,0.8821259102792205,1.4429428797421033,1.5436871037974191,1.6313667026174095,1.506226521970246,1.5600093225147729,1.7175808336538394,0,0,,,,,,,,,,,,,,,,,,,,,,,,,,,,,,,,,,,,,,
V2_02_medium,GV,G,rising_high_error_ready_OFF,268,268,268,268,268,0,0.5261194029850746,0.8787856643388547,1.358298830318976,1.3495667878895627,1.556571364753834,1.3616862609880231,1.4264356158770612,1.5781269146476,268,0,0.5335820895522388,0.8745947411521043,1.3585372530072186,1.3500819647485895,1.5623696079193676,1.3616862609880231,1.4264356158770612,1.5781269146476,268,0,0.5335820895522388,0.8745947411521043,1.3585372530072186,1.3500819647485895,1.5623696079193676,1.3616862609880231,1.4264356158770612,1.5781269146476,0.001966499011091286,0.007354970283739207,0.008843624209361935,0.001966499011091286,0.007354970283739207,0.008843624209361935,0.0001269492901897016,0.0017758277480541581,0.0025674413676490897,0.0001269492901897016,0.0017758277480541581,0.0025674413676490897,1.6797842884581788e-05,2.660546956500151e-05,2.802817798983872e-05,4.451627015357679e-05,6.781864849637e-05,8.192043066517133e-05,2.9243400042632353e-05,7.11082542773228e-05,8.368496134212928e-05,1.275195842415328e-06,6.132353951267018e-06,6.9500119470637695e-06,5.3519414973932536e-08,3.558018306152886e-07,4.834850304299067e-07,4.086160907773221e-08,2.2471036435187702e-07,3.74472499383324e-07
V2_02_medium,GV,G,rising_high_error_interruption_OFF,85,0,0,0,85,0,0.3764705882352941,0.9739903098928834,1.5061427490591563,1.5662565443612138,1.6389260064756,1.5307240661525054,1.6093394507605816,1.7393484034810232,85,0,0.36470588235294116,0.9732400964528927,1.5066315029840147,1.5682396431926577,1.638924828555419,1.5307240661525054,1.6093394507605816,1.7393484034810232,0,0,,,,,,,,,,,,,,,,,,,,,,,,,,,,,,,,,,,,,,
V2_02_medium,GV,G,ready_OFF,1592,1592,1592,1592,1592,0,0.4434673366834171,0.9727799583819013,0.8618915608195312,0.7163833670794252,1.4691493743450101,0.8741429491769523,0.7022683160948244,1.5049274438401772,1592,0,0.44409547738693467,0.972829375331677,0.8622082298739989,0.7151113653413281,1.470867416141966,0.8741429491769523,0.7022683160948244,1.5049274438401772,1592,0,0.44409547738693467,0.972829375331677,0.8622082298739989,0.7151113653413281,1.470867416141966,0.8741429491769523,0.7022683160948244,1.5049274438401772,0.001970482388548883,0.0064232417984112205,0.013406427575879162,0.001970482388548883,0.0064232417984112205,0.013406427575879162,0.00012746339254455358,0.0013543806221298297,0.005899927946682563,0.00012746339254455358,0.0013543806221298297,0.005899927946682563,1.612867528225598e-05,3.327922377588117e-05,0.00016237712024219267,4.333375225593143e-05,9.242965191763658e-05,0.0002537464472571398,3.012795552605074e-05,0.00010306623757077488,0.00038921562943655837,1.2457929609626829e-06,6.546399984558557e-06,4.6737037329479544e-05,5.62164869505353e-08,3.2988498454489276e-07,1.005263453535567e-06,4.294049386577383e-08,2.7889269062186316e-07,3.086722410007113e-06
V2_02_medium,GV,G,post_startup,2172,1592,1592,1592,2172,0,0.42955801104972374,0.965964870597857,0.8560064968850651,0.6907179335636006,1.5043217028290792,0.8763137906312105,0.668638083235501,1.5463499527361382,2172,0,0.42955801104972374,0.9661086679318895,0.8565788764751131,0.6880798255706424,1.5065807029938911,0.8763137906312105,0.668638083235501,1.5463499527361382,1592,0,0.44409547738693467,0.972829375331677,0.8622082298739989,0.7151113653413281,1.470867416141966,0.8741429491769523,0.7022683160948244,1.5049274438401772,0.001970482388548883,0.0064232417984112205,0.013406427575879162,0.001970482388548883,0.0064232417984112205,0.013406427575879162,0.00012746339254455358,0.0013543806221298297,0.005899927946682563,0.00012746339254455358,0.0013543806221298297,0.005899927946682563,1.612867528225598e-05,3.327922377588117e-05,0.00016237712024219267,4.333375225593143e-05,9.242965191763658e-05,0.0002537464472571398,3.012795552605074e-05,0.00010306623757077488,0.00038921562943655837,1.2457929609626829e-06,6.546399984558557e-06,4.6737037329479544e-05,5.62164869505353e-08,3.2988498454489276e-07,1.005263453535567e-06,4.294049386577383e-08,2.7889269062186316e-07,3.086722410007113e-06
V2_02_medium,GV,G,weak_visual_interruption,173,0,0,0,173,0,0.3988439306358382,0.9648583384405091,1.0331734880188568,0.7833794606723705,1.62390752021507,1.064902041703948,0.7805251323695926,1.6892101276141456,173,0,0.3988439306358382,0.9649085922999554,1.0332269271879304,0.7838026578943159,1.6240546824461706,1.064902041703948,0.7805251323695926,1.6892101276141456,0,0,,,,,,,,,,,,,,,,,,,,,,,,,,,,,,,,,,,,,,
V2_02_medium,GV,G,startup,80,0,0,0,77,3,0.05194805194805195,-0.44507468793558747,0.4467222980190892,0.39364268076893155,0.6201081734434003,7.108452071681735,0.8300930709001467,16.969761691425063,77,3,0.06493506493506493,-0.3977562918121974,0.4531415338818742,0.409049970904714,0.6245452168489634,7.108452071681735,0.8300930709001467,16.969761691425063,0,0,,,,,,,,,,,,,,,,,,,,,,,,,,,,,,,,,,,,,,
V2_02_medium,GV,G,interruption,580,0,0,0,580,0,0.3913793103448276,0.9506677493852439,0.8396410428094863,0.5659765198415267,1.6177435833462392,0.8822449239379444,0.6345815354368216,1.677174453579591,580,0,0.3896551724137931,0.9509369342280592,0.8409336198733645,0.5692904375758856,1.61742007554577,0.8822449239379444,0.6345815354368216,1.677174453579591,0,0,,,,,,,,,,,,,,,,,,,,,,,,,,,,,,,,,,,,,,
V2_02_medium,GV,G,weak_visual,264,264,264,264,264,0,0.4696969696969697,0.9789844763377936,1.0201100709408701,0.8150192355194057,1.507469059231881,1.0358136452682014,0.8204927803004842,1.5621106160125755,264,0,0.4772727272727273,0.9787845820897996,1.0202738815298347,0.8156599543596866,1.5074645367488928,1.0358136452682014,0.8204927803004842,1.5621106160125755,264,0,0.4772727272727273,0.9787845820897996,1.0202738815298347,0.8156599543596866,1.5074645367488928,1.0358136452682014,0.8204927803004842,1.5621106160125755,0.0019156671496269894,0.007707074723805931,0.00995775471062276,0.0019156671496269894,0.007707074723805931,0.00995775471062276,0.00012047263725710943,0.0019531165277901978,0.003255026770335164,0.00012047263725710943,0.0019531165277901978,0.003255026770335164,1.700832371971569e-05,3.3505837870199435e-05,0.00016237712024219267,4.60910283459808e-05,9.358071890492964e-05,0.0002537464472571398,3.158285902606394e-05,0.00010707037349629198,0.0003849300036967572,1.3150293474139731e-06,6.5783184791364206e-06,3.8022219914547235e-05,6.313121195662637e-08,3.8268004777181335e-07,9.7905433505578e-07,4.6497785285888626e-08,2.8070464969586604e-07,1.5783799515968779e-06
V2_02_medium,GV,G,normal,1328,1328,1328,1328,1328,0,0.4382530120481928,0.9703996365506967,0.8268387507757798,0.6994251170510608,1.4498616563272042,0.8382965597570176,0.6756560682687003,1.4820997260302196,1328,0,0.4375,0.970534007017524,0.8271942820439636,0.6982381416472211,1.451975803443096,0.8382965597570176,0.6756560682687003,1.4820997260302196,1328,0,0.4375,0.970534007017524,0.8271942820439636,0.6982381416472211,1.451975803443096,0.8382965597570176,0.6756560682687003,1.4820997260302196,0.0019781685169964155,0.006273449024088984,0.013406427575879162,0.0019781685169964155,0.006273449024088984,0.013406427575879162,0.00012845881750747705,0.00129201050026468,0.005899927946682563,0.00012845881750747705,0.00129201050026468,0.005899927946682563,1.5885921311411345e-05,3.3268476965038334e-05,0.00016006803515893352,4.280644956175345e-05,9.172993306556138e-05,0.00024568426135558477,2.9710592935177223e-05,9.990814627015119e-05,0.00038921562943655837,1.2257590135927573e-06,6.4898518392891015e-06,4.6737037329479544e-05,5.510848041031373e-08,2.9503719763115635e-07,1.005263453535567e-06,4.242997395152429e-08,2.7424709945135254e-07,3.086722410007113e-06
V2_02_medium,GV,V,all,2252,1557,1557,1557,2252,0,0.35257548845470693,0.05169223965526732,0.03892899300792816,0.027921296946923135,0.07344998656313019,0.2535841609924913,0.0371668091908747,0.11761968417006906,2252,0,0.38987566607460034,0.06165227081960787,0.04130893895642835,0.029631737606735934,0.07774070111746643,0.2535841609924913,0.0371668091908747,0.11761968417006906,1557,0,0.41811175337186895,0.330664114778772,0.03866750991731055,0.02791791234340437,0.07519712674836847,0.044644491800787764,0.034233708599584085,0.08449663641242477,0.03224896361507093,0.09011895342926408,0.1763691069071011,0.03224896361507093,0.09011895342926408,0.1763691069071011,0.001039982004251347,0.008121189100055668,0.031104934247937817,0.001039982004251347,0.008121189100055668,0.031104934247937817,2.837688448609742e-06,4.351999163687564e-06,1.171428826000926e-05,1.5243079276887563e-05,3.220718578804218e-05,4.267141575901751e-05,2.4319084364412936e-05,4.35800081541385e-05,7.291237970204572e-05,2.3067662155552454e-06,8.959581554211795e-06,2.183290593860096e-05,2.805476574660492e-07,1.24495243170006e-06,4.766005269695918e-06,4.7421492607763966e-07,1.8730023186044197e-06,6.299983653062123e-06
V2_02_medium,GV,V,weak_visual_overlap,458,257,257,257,458,0,0.35152838427947597,0.0317100081626056,0.044752014803528674,0.028737715187570206,0.08562519906011944,0.30982913931703315,0.04062604302306616,0.1607249768306489,458,0,0.36026200873362446,0.03819861039733568,0.04539235701041658,0.029297551183028164,0.0878979031762457,0.30982913931703315,0.04062604302306616,0.1607249768306489,257,0,0.42412451361867703,0.4155399578888504,0.04102069409934345,0.02592873017204655,0.07846750544105852,0.04605319085703843,0.03604741298546663,0.08653671726423079,0.03198569387958892,0.08490723415830337,0.17458161656708776,0.03198569387958892,0.08490723415830337,0.17458161656708776,0.001023065998154269,0.007219647954547241,0.03047771112877401,0.001023065998154269,0.007219647954547241,0.03047771112877401,2.918667321573599e-06,4.286075897162113e-06,1.1573304169540982e-05,1.683834037828516e-05,3.385026426642149e-05,4.267141575901751e-05,2.5624509337509266e-05,4.676830126290624e-05,6.901038176568485e-05,2.5802128476905284e-06,9.069680565986512e-06,1.693623038318367e-05,2.958531506891095e-07,1.3239622874978695e-06,4.435717510128168e-06,4.973349865117767e-07,1.995492362881569e-06,5.955692594837576e-06
V2_02_medium,GV,V,high_error,563,344,344,344,563,0,0.6163410301953819,-0.04254793475173045,0.06484322287260802,0.05375389484895961,0.10579038541287844,0.317329979183449,0.052274619187812704,0.11368332716884227,563,0,0.6696269982238011,-0.02805801164316111,0.06830132568433128,0.05801515508365241,0.10916696362359933,0.317329979183449,0.052274619187812704,0.11368332716884227,344,0,0.7267441860465116,0.5470833491478347,0.06526320820246771,0.057096257640284795,0.09433799189967539,0.05546959480661834,0.049809038034546796,0.08873918603370141,0.0413097807747886,0.11983234499798057,0.1763691069071011,0.0413097807747886,0.11983234499798057,0.1763691069071011,0.0017064886965285286,0.014359770192838454,0.031104934247937817,0.0017064886965285286,0.014359770192838454,0.031104934247937817,3.0508034933743923e-06,4.464793330738287e-06,1.171428826000926e-05,1.926546995461718e-05,3.689910327570775e-05,4.267141575901751e-05,2.8321506319445038e-05,5.206534496202977e-05,7.291237970204572e-05,2.925935730302734e-06,1.2230108493084555e-05,2.183290593860096e-05,4.086502919255116e-07,1.9534842584187776e-06,4.766005269695918e-06,7.035725269535913e-07,3.184155373688502e-06,6.299983653062123e-06
V2_02_medium,GV,V,rising_high_error,487,292,292,292,487,0,0.6509240246406571,-0.0430731896019475,0.06614896680904048,0.05498170474027193,0.1108639229862135,0.32516563845325047,0.050222641015200103,0.1109062832943423,487,0,0.7002053388090349,-0.026246071793957514,0.06955519437219458,0.05827433654597187,0.11787563169676495,0.32516563845325047,0.050222641015200103,0.1109062832943423,292,0,0.7534246575342466,0.583538127512425,0.0662253289715154,0.057763271135107486,0.09495681075309617,0.05487018126737727,0.04856943914185778,0.0899732961642765,0.042974720008087455,0.12693873952816645,0.1763691069071011,0.042974720008087455,0.12693873952816645,0.1763691069071011,0.001846792485416803,0.016115791573553227,0.031104934247937817,0.001846792485416803,0.016115791573553227,0.031104934247937817,3.049417181202647e-06,5.039498251486685e-06,1.171428826000926e-05,1.895679455517085e-05,3.7496768428307335e-05,4.267141575901751e-05,2.8120890809013395e-05,5.186454733902067e-05,7.291237970204572e-05,2.891192051610774e-06,1.1056228517469464e-05,2.183290593860096e-05,4.086502919255116e-07,1.9347435541831807e-06,4.766005269695918e-06,7.199801573667584e-07,3.1519567725946734e-06,6.299983653062123e-06
V2_02_medium,GV,V,high_error_ready_OFF,344,344,344,344,344,0,0.6656976744186046,0.5680976583222931,0.061751711909737945,0.05350537342957032,0.09132044692864982,0.05546959480661834,0.049809038034546796,0.08873918603370141,344,0,0.7267441860465116,0.5470833491478347,0.06526320820246771,0.057096257640284795,0.09433799189967539,0.05546959480661834,0.049809038034546796,0.08873918603370141,344,0,0.7267441860465116,0.5470833491478347,0.06526320820246771,0.057096257640284795,0.09433799189967539,0.05546959480661834,0.049809038034546796,0.08873918603370141,0.0413097807747886,0.11983234499798057,0.1763691069071011,0.0413097807747886,0.11983234499798057,0.1763691069071011,0.0017064886965285286,0.014359770192838454,0.031104934247937817,0.0017064886965285286,0.014359770192838454,0.031104934247937817,3.0508034933743923e-06,4.464793330738287e-06,1.171428826000926e-05,1.926546995461718e-05,3.689910327570775e-05,4.267141575901751e-05,2.8321506319445038e-05,5.206534496202977e-05,7.291237970204572e-05,2.925935730302734e-06,1.2230108493084555e-05,2.183290593860096e-05,4.086502919255116e-07,1.9534842584187776e-06,4.766005269695918e-06,7.035725269535913e-07,3.184155373688502e-06,6.299983653062123e-06
V2_02_medium,GV,V,high_error_interruption_OFF,183,0,0,0,183,0,0.6120218579234973,0.13484620502487796,0.07197224154354491,0.05515586463532754,0.13494213440799932,0.06294741491667862,0.05286371212972007,0.1093347326948168,183,0,0.639344262295082,0.14469358585777004,0.07532527169111021,0.060345739312853836,0.1383039132212863,0.06294741491667862,0.05286371212972007,0.1093347326948168,0,0,,,,,,,,,,,,,,,,,,,,,,,,,,,,,,,,,,,,,,
V2_02_medium,GV,V,rising_high_error_ready_OFF,292,292,292,292,292,0,0.6986301369863014,0.5989336633929696,0.06268389998306019,0.0540639243290023,0.0926339668837551,0.05487018126737727,0.04856943914185778,0.0899732961642765,292,0,0.7534246575342466,0.583538127512425,0.0662253289715154,0.057763271135107486,0.09495681075309617,0.05487018126737727,0.04856943914185778,0.0899732961642765,292,0,0.7534246575342466,0.583538127512425,0.0662253289715154,0.057763271135107486,0.09495681075309617,0.05487018126737727,0.04856943914185778,0.0899732961642765,0.042974720008087455,0.12693873952816645,0.1763691069071011,0.042974720008087455,0.12693873952816645,0.1763691069071011,0.001846792485416803,0.016115791573553227,0.031104934247937817,0.001846792485416803,0.016115791573553227,0.031104934247937817,3.049417181202647e-06,5.039498251486685e-06,1.171428826000926e-05,1.895679455517085e-05,3.7496768428307335e-05,4.267141575901751e-05,2.8120890809013395e-05,5.186454733902067e-05,7.291237970204572e-05,2.891192051610774e-06,1.1056228517469464e-05,2.183290593860096e-05,4.086502919255116e-07,1.9347435541831807e-06,4.766005269695918e-06,7.199801573667584e-07,3.1519567725946734e-06,6.299983653062123e-06
V2_02_medium,GV,V,rising_high_error_interruption_OFF,160,0,0,0,160,0,0.66875,0.16928072790819693,0.0740675882440211,0.05780785602782258,0.13564705283009595,0.059092518394482735,0.05054080789469377,0.09831715209333655,160,0,0.69375,0.17167881541499558,0.07722628365489288,0.06113683703691395,0.14040741334674434,0.059092518394482735,0.05054080789469377,0.09831715209333655,0,0,,,,,,,,,,,,,,,,,,,,,,,,,,,,,,,,,,,,,,
V2_02_medium,GV,V,ready_OFF,1557,1557,1557,1557,1557,0,0.37508028259473347,0.34055951440382104,0.03629513846678961,0.02588640663852066,0.07137112716211083,0.044644491800787764,0.034233708599584085,0.08449663641242477,1557,0,0.41811175337186895,0.330664114778772,0.03866750991731055,0.02791791234340437,0.07519712674836847,0.044644491800787764,0.034233708599584085,0.08449663641242477,1557,0,0.41811175337186895,0.330664114778772,0.03866750991731055,0.02791791234340437,0.07519712674836847,0.044644491800787764,0.034233708599584085,0.08449663641242477,0.03224896361507093,0.09011895342926408,0.1763691069071011,0.03224896361507093,0.09011895342926408,0.1763691069071011,0.001039982004251347,0.008121189100055668,0.031104934247937817,0.001039982004251347,0.008121189100055668,0.031104934247937817,2.837688448609742e-06,4.351999163687564e-06,1.171428826000926e-05,1.5243079276887563e-05,3.220718578804218e-05,4.267141575901751e-05,2.4319084364412936e-05,4.35800081541385e-05,7.291237970204572e-05,2.3067662155552454e-06,8.959581554211795e-06,2.183290593860096e-05,2.805476574660492e-07,1.24495243170006e-06,4.766005269695918e-06,4.7421492607763966e-07,1.8730023186044197e-06,6.299983653062123e-06
V2_02_medium,GV,V,post_startup,2143,1557,1557,1557,2143,0,0.3677088194120392,0.315665410920331,0.03903067747169786,0.027791244327663705,0.07420260293776522,0.04782854651123403,0.03580980337342468,0.08876289850766758,2143,0,0.4050396640223985,0.3112846773904688,0.041380547806888365,0.029624257012956918,0.07884731698570656,0.04782854651123403,0.03580980337342468,0.08876289850766758,1557,0,0.41811175337186895,0.330664114778772,0.03866750991731055,0.02791791234340437,0.07519712674836847,0.044644491800787764,0.034233708599584085,0.08449663641242477,0.03224896361507093,0.09011895342926408,0.1763691069071011,0.03224896361507093,0.09011895342926408,0.1763691069071011,0.001039982004251347,0.008121189100055668,0.031104934247937817,0.001039982004251347,0.008121189100055668,0.031104934247937817,2.837688448609742e-06,4.351999163687564e-06,1.171428826000926e-05,1.5243079276887563e-05,3.220718578804218e-05,4.267141575901751e-05,2.4319084364412936e-05,4.35800081541385e-05,7.291237970204572e-05,2.3067662155552454e-06,8.959581554211795e-06,2.183290593860096e-05,2.805476574660492e-07,1.24495243170006e-06,4.766005269695918e-06,4.7421492607763966e-07,1.8730023186044197e-06,6.299983653062123e-06
V2_02_medium,GV,V,weak_visual_interruption,174,0,0,0,174,0,0.3218390804597701,0.3012614185485562,0.05138780880796971,0.031961640201439864,0.12508049570255783,0.05527351289441145,0.04349800679741327,0.09914163070910782,174,0,0.3218390804597701,0.30307619782420564,0.052133372851,0.03185029883356988,0.12592718774390216,0.05527351289441145,0.04349800679741327,0.09914163070910782,0,0,,,,,,,,,,,,,,,,,,,,,,,,,,,,,,,,,,,,,,
V2_02_medium,GV,V,startup,109,0,0,0,109,0,0.05504587155963303,0.15618875596382853,0.0368729123460208,0.029810436757699683,0.0633529063718028,1.132960855577706,0.3356029759132502,2.3485882260956963,109,0,0.09174311926605505,0.19743880665929064,0.0398749600391223,0.030555028908510744,0.06718171751913683,1.132960855577706,0.3356029759132502,2.3485882260956963,0,0,,,,,,,,,,,,,,,,,,,,,,,,,,,,,,,,,,,,,,
V2_02_medium,GV,V,interruption,586,0,0,0,586,0,0.34812286689419797,0.2523055884837453,0.04550698575674556,0.031949551665857806,0.09142032111463465,0.05540662276306461,0.04114372842101927,0.09796853174219844,586,0,0.3703071672354949,0.2565723763172044,0.047847452967824965,0.03404175957529117,0.0955442147474886,0.05540662276306461,0.04114372842101927,0.09796853174219844,0,0,,,,,,,,,,,,,,,,,,,,,,,,,,,,,,,,,,,,,,
V2_02_medium,GV,V,weak_visual,257,257,257,257,257,0,0.4085603112840467,0.4182875456945368,0.0405465930369328,0.02529964183967706,0.07637804504866363,0.04605319085703843,0.03604741298546663,0.08653671726423079,257,0,0.42412451361867703,0.4155399578888504,0.04102069409934345,0.02592873017204655,0.07846750544105852,0.04605319085703843,0.03604741298546663,0.08653671726423079,257,0,0.42412451361867703,0.4155399578888504,0.04102069409934345,0.02592873017204655,0.07846750544105852,0.04605319085703843,0.03604741298546663,0.08653671726423079,0.03198569387958892,0.08490723415830337,0.17458161656708776,0.03198569387958892,0.08490723415830337,0.17458161656708776,0.001023065998154269,0.007219647954547241,0.03047771112877401,0.001023065998154269,0.007219647954547241,0.03047771112877401,2.918667321573599e-06,4.286075897162113e-06,1.1573304169540982e-05,1.683834037828516e-05,3.385026426642149e-05,4.267141575901751e-05,2.5624509337509266e-05,4.676830126290624e-05,6.901038176568485e-05,2.5802128476905284e-06,9.069680565986512e-06,1.693623038318367e-05,2.958531506891095e-07,1.3239622874978695e-06,4.435717510128168e-06,4.973349865117767e-07,1.995492362881569e-06,5.955692594837576e-06
V2_02_medium,GV,V,normal,1300,1300,1300,1300,1300,0,0.36846153846153845,0.3212786383731749,0.03539425303917618,0.025930432590092214,0.0679950946922528,0.04436070721001941,0.03383742571718614,0.0839288495466489,1300,0,0.4169230769230769,0.31087159520952884,0.03818513925319787,0.028106569774607647,0.07323968331374864,0.04436070721001941,0.03383742571718614,0.0839288495466489,1300,0,0.4169230769230769,0.31087159520952884,0.03818513925319787,0.028106569774607647,0.07323968331374864,0.04436070721001941,0.03383742571718614,0.0839288495466489,0.03231584036452234,0.0901183004100578,0.1763691069071011,0.03231584036452234,0.0901183004100578,0.1763691069071011,0.0010442890875780432,0.008121069730593851,0.031104934247937817,0.0010442890875780432,0.008121069730593851,0.031104934247937817,2.8232936611081385e-06,4.358013455342261e-06,1.171428826000926e-05,1.4903585856462026e-05,3.217390920402166e-05,4.108327624067252e-05,2.3999011017063694e-05,4.32432296092198e-05,7.291237970204572e-05,2.2699507458718983e-06,8.939525878627605e-06,2.183290593860096e-05,2.7391007973244825e-07,1.2159429693052436e-06,4.766005269695918e-06,4.672492152625251e-07,1.849366164584732e-06,6.299983653062123e-06
V2_03_difficult,OFF,G,all,1799,706,0,0,1795,4,0.6033426183844011,0.32977131190289294,0.8670038090955722,0.8498149168435144,1.2705804572569657,1.8487523837822961,0.8107204034041212,1.3061701640186159,0,1799,,,,,,,,,0,0,,,,,,,,,,,,,,,,,,,,,,,,,,,,,,,,,,,,,,
V2_03_difficult,OFF,G,weak_visual_overlap,367,86,0,0,364,3,0.5851648351648352,0.4631326502459722,0.8304439368908932,0.8013346481673163,1.2045930522488497,2.8798065277336655,0.7441533876966099,1.5376278581392187,0,367,,,,,,,,,0,0,,,,,,,,,,,,,,,,,,,,,,,,,,,,,,,,,,,,,,
V2_03_difficult,OFF,G,high_error,450,149,0,0,446,4,0.7197309417040358,0.4441197723626541,1.1971648482234798,1.140309817957557,1.5169203193486442,3.064002383963418,1.0936343850934072,1.4824572547162305,0,450,,,,,,,,,0,0,,,,,,,,,,,,,,,,,,,,,,,,,,,,,,,,,,,,,,
V2_03_difficult,OFF,G,rising_high_error,288,97,0,0,288,0,0.7534722222222222,0.6168122336448268,1.1972118562931255,1.150540795024547,1.512343825475674,1.1112755655007367,1.0934551914072739,1.3741165366334065,0,288,,,,,,,,,0,0,,,,,,,,,,,,,,,,,,,,,,,,,,,,,,,,,,,,,,
V2_03_difficult,OFF,G,high_error_ready_OFF,149,149,0,0,149,0,0.6174496644295302,0.3701938543048207,1.1266675023507056,1.1288673448542348,1.2573317991276327,1.0948087697382343,1.082004637610189,1.2461435225500344,0,149,,,,,,,,,0,0,,,,,,,,,,,,,,,,,,,,,,,,,,,,,,,,,,,,,,
V2_03_difficult,OFF,G,high_error_interruption_OFF,217,0,0,0,217,0,0.7649769585253456,0.6391367374256123,1.1738516872070863,1.1218043308556962,1.4542351106714957,1.094854512722305,1.0878066139085865,1.423767358408502,0,217,,,,,,,,,0,0,,,,,,,,,,,,,,,,,,,,,,,,,,,,,,,,,,,,,,
V2_03_difficult,OFF,G,rising_high_error_ready_OFF,97,97,0,0,97,0,0.711340206185567,0.5946741727654602,1.1276722550788665,1.130678938950633,1.2739247297361533,1.082974014678716,1.0783951476442364,1.2273630947219936,0,97,,,,,,,,,0,0,,,,,,,,,,,,,,,,,,,,,,,,,,,,,,,,,,,,,,
V2_03_difficult,OFF,G,rising_high_error_interruption_OFF,139,0,0,0,139,0,0.6906474820143885,0.6458057646903632,1.1832561582898942,1.137557062953178,1.4497570036297718,1.1278230217214718,1.1200253629565802,1.4124025104616578,0,139,,,,,,,,,0,0,,,,,,,,,,,,,,,,,,,,,,,,,,,,,,,,,,,,,,
V2_03_difficult,OFF,G,ready_OFF,706,706,0,0,706,0,0.6062322946175638,0.925711136953702,0.8475768758571429,0.843473015546163,1.1728941535873072,0.8329761593170882,0.8170353301922078,1.176704322805977,0,706,,,,,,,,,0,0,,,,,,,,,,,,,,,,,,,,,,,,,,,,,,,,,,,,,,
V2_03_difficult,OFF,G,post_startup,1664,706,0,0,1664,0,0.6009615384615384,0.8992689447601022,0.8381017201186352,0.8281582006399049,1.1984246799400815,0.8180524948317075,0.794523021482976,1.220027372139058,0,1664,,,,,,,,,0,0,,,,,,,,,,,,,,,,,,,,,,,,,,,,,,,,,,,,,,
V2_03_difficult,OFF,G,weak_visual_interruption,245,0,0,0,245,0,0.5591836734693878,0.8284198658173711,0.7888469726274835,0.8086478153400941,1.1369904397521102,0.7638915332940489,0.7223087743593042,1.205992583538991,0,245,,,,,,,,,0,0,,,,,,,,,,,,,,,,,,,,,,,,,,,,,,,,,,,,,,
V2_03_difficult,OFF,G,startup,135,0,0,0,131,4,0.6335877862595419,0.17703873237418297,1.173745535175013,1.2015606472260942,1.611719890969232,6.191313172881247,1.1969996040547592,16.844393660758545,0,135,,,,,,,,,0,0,,,,,,,,,,,,,,,,,,,,,,,,,,,,,,,,,,,,,,
V2_03_difficult,OFF,G,interruption,958,0,0,0,958,0,0.5970772442588727,0.8871326334052942,0.8310498460677489,0.8224863441089847,1.2290929070729562,0.8068778292314502,0.7601512492886022,1.2693084565802715,0,958,,,,,,,,,0,0,,,,,,,,,,,,,,,,,,,,,,,,,,,,,,,,,,,,,,
V2_03_difficult,OFF,G,weak_visual,86,86,0,0,86,0,0.7209302325581395,0.9349951454267887,0.7845784409547961,0.759919039408312,1.070552170422167,0.7453515586077111,0.7286122594396551,1.0550595913572518,0,86,,,,,,,,,0,0,,,,,,,,,,,,,,,,,,,,,,,,,,,,,,,,,,,,,,
V2_03_difficult,OFF,G,normal,620,620,0,0,620,0,0.5903225806451613,0.9239461314841593,0.8559492611238082,0.8495325791440053,1.1768263227405236,0.8444127408999353,0.8286360788800788,1.1805504303726093,0,620,,,,,,,,,0,0,,,,,,,,,,,,,,,,,,,,,,,,,,,,,,,,,,,,,,
V2_03_difficult,OFF,V,all,1799,637,0,0,1799,0,0.4113396331295164,0.47788227863391075,0.06345595107534131,0.04070738989375302,0.13063743254757607,0.32938688122249205,0.04761190400275673,0.21915413510911472,0,1799,,,,,,,,,0,0,,,,,,,,,,,,,,,,,,,,,,,,,,,,,,,,,,,,,,
V2_03_difficult,OFF,V,weak_visual_overlap,367,75,0,0,367,0,0.45776566757493187,0.538227645308131,0.08322159116067204,0.05995870833419479,0.16129733199745858,0.49814197474584043,0.05106037979919949,1.0880713179996035,0,367,,,,,,,,,0,0,,,,,,,,,,,,,,,,,,,,,,,,,,,,,,,,,,,,,,
V2_03_difficult,OFF,V,high_error,450,62,0,0,450,0,0.6822222222222222,0.5333772209169448,0.10844868417925961,0.09280942293588235,0.17355446344270803,0.6469655523113795,0.06156265835904112,2.0357860247442985,0,450,,,,,,,,,0,0,,,,,,,,,,,,,,,,,,,,,,,,,,,,,,,,,,,,,,
V2_03_difficult,OFF,V,rising_high_error,268,42,0,0,268,0,0.7910447761194029,0.4913389572381106,0.10832006351298455,0.092711281429979,0.16900747444269676,0.3879146249110344,0.05217039947518324,0.2540414871944028,0,268,,,,,,,,,0,0,,,,,,,,,,,,,,,,,,,,,,,,,,,,,,,,,,,,,,
V2_03_difficult,OFF,V,high_error_ready_OFF,62,62,0,0,62,0,0.6612903225806451,-0.2528238978267139,0.07826550707525048,0.07332055854825853,0.09953083902427362,0.07122140575173,0.044501883840791595,0.12355096240497537,0,62,,,,,,,,,0,0,,,,,,,,,,,,,,,,,,,,,,,,,,,,,,,,,,,,,,
V2_03_difficult,OFF,V,high_error_interruption_OFF,308,0,0,0,308,0,0.8344155844155844,-0.08030312504456491,0.10660863278139238,0.09443566510601135,0.1597692616292589,0.07863498152677477,0.05345361549316374,0.1658581892455546,0,308,,,,,,,,,0,0,,,,,,,,,,,,,,,,,,,,,,,,,,,,,,,,,,,,,,
V2_03_difficult,OFF,V,rising_high_error_ready_OFF,42,42,0,0,42,0,0.8333333333333334,0.006149674285136812,0.08102274261369595,0.07740821784176355,0.10488974046373396,0.05463331017112569,0.041986865546996176,0.10137301290653153,0,42,,,,,,,,,0,0,,,,,,,,,,,,,,,,,,,,,,,,,,,,,,,,,,,,,,
V2_03_difficult,OFF,V,rising_high_error_interruption_OFF,204,0,0,0,204,0,0.8235294117647058,-0.009928467744752575,0.1096088297583457,0.0979375167057526,0.16008078300971976,0.08290880796734328,0.05217039947518324,0.1875074757946096,0,204,,,,,,,,,0,0,,,,,,,,,,,,,,,,,,,,,,,,,,,,,,,,,,,,,,
V2_03_difficult,OFF,V,ready_OFF,637,637,0,0,637,0,0.3328100470957614,0.23165418779388963,0.039716645582536035,0.02857211744974161,0.0730935408332723,0.05515916451655279,0.03702258939944587,0.105915953002993,0,637,,,,,,,,,0,0,,,,,,,,,,,,,,,,,,,,,,,,,,,,,,,,,,,,,,
V2_03_difficult,OFF,V,post_startup,1664,637,0,0,1664,0,0.4362980769230769,0.10676572200972904,0.05862811675934911,0.03961967149986234,0.11843100174454753,0.07147750109101267,0.044636106017661825,0.13936063537081084,0,1664,,,,,,,,,0,0,,,,,,,,,,,,,,,,,,,,,,,,,,,,,,,,,,,,,,
V2_03_difficult,OFF,V,weak_visual_interruption,256,0,0,0,256,0,0.546875,-0.19086693024124038,0.080102993738496,0.06107541214067393,0.1482201532491205,0.09060551926643452,0.053545628672581266,0.2106548757825168,0,256,,,,,,,,,0,0,,,,,,,,,,,,,,,,,,,,,,,,,,,,,,,,,,,,,,
V2_03_difficult,OFF,V,startup,135,0,0,0,135,0,0.1037037037037037,0.8772508402540321,0.10626184090080093,0.08257831832977443,0.1891032749087803,1.175938914510808,0.24079746966625662,2.5790665620557336,0,135,,,,,,,,,0,0,,,,,,,,,,,,,,,,,,,,,,,,,,,,,,,,,,,,,,
V2_03_difficult,OFF,V,interruption,1027,0,0,0,1027,0,0.5004868549172347,0.0015961580156793986,0.06775566608915473,0.04705059329300853,0.13212376469327275,0.07994239276239376,0.050178879276784855,0.16045079404882975,0,1027,,,,,,,,,0,0,,,,,,,,,,,,,,,,,,,,,,,,,,,,,,,,,,,,,,
V2_03_difficult,OFF,V,weak_visual,75,75,0,0,75,0,0.3466666666666667,0.06941335586481324,0.046666683608452324,0.02520394489172499,0.09756398387013973,0.040038382852266026,0.0322310885013999,0.06918250851362612,0,75,,,,,,,,,0,0,,,,,,,,,,,,,,,,,,,,,,,,,,,,,,,,,,,,,,
V2_03_difficult,OFF,V,normal,562,562,0,0,562,0,0.3309608540925267,0.27253216597302626,0.03869485403351983,0.028958011686539664,0.07200396621583448,0.05687382844450884,0.03783903679426848,0.11095541416905709,0,562,,,,,,,,,0,0,,,,,,,,,,,,,,,,,,,,,,,,,,,,,,,,,,,,,,
V2_03_difficult,G,G,all,1799,706,706,706,1795,4,0.6038997214484679,0.32986325312940884,0.8664949147614799,0.8498030720608145,1.2704684951304361,1.848720090693506,0.8112731546789909,1.3061885099424522,1795,4,0.6033426183844011,0.3648180645498886,0.8699148717753907,0.8498915670114402,1.2747336463259773,1.848720090693506,0.8112731546789909,1.3061885099424522,706,0,0.6019830028328612,0.9264412119578607,0.8490227648550862,0.8398590620597787,1.1727616875761053,0.8326588406430074,0.8167596215129231,1.176656742199975,0.002263737090589456,0.008273610825502091,0.011398857162206986,0.002263737090589456,0.008273610825502091,0.011398857162206986,0.000168224797125617,0.0022471570257501247,0.004265336399347005,0.000168224797125617,0.0022471570257501247,0.004265336399347005,1.9980024613331865e-05,4.253448012082357e-05,5.004108311042999e-05,7.869653807116376e-05,0.0001741400609074053,0.00020524488816939053,4.074599221844724e-05,0.00010881128010600896,0.0001961251091066889,1.6711410020279574e-06,1.4357950737378719e-05,2.3484873024909723e-05,8.45589977111133e-08,8.618060638435152e-07,1.6527565866125125e-06,5.9513786646127675e-08,6.014292795030013e-07,1.646327527338142e-06
V2_03_difficult,G,G,weak_visual_overlap,367,86,86,86,364,3,0.5851648351648352,0.4618147338228169,0.8293369084947176,0.8013857249106525,1.2045760939048085,2.8800306494710837,0.741206492622859,1.5376434834224233,364,3,0.5879120879120879,0.4837852506707312,0.8334046098858178,0.7995879317655084,1.2048225651639406,2.8800306494710837,0.741206492622859,1.5376434834224233,86,0,0.7093023255813954,0.9365732579007381,0.7835896123599977,0.7598320877390721,1.0713656329943415,0.744727255072525,0.7285591320383321,1.0550266053306119,0.0023920903214148135,0.0051251241234720555,0.011362287570331716,0.0023920903214148135,0.0051251241234720555,0.011362287570331716,0.00018784612406156037,0.0008622757096659856,0.004238043547280915,0.00018784612406156037,0.0008622757096659856,0.004238043547280915,1.8824376704852995e-05,3.7427703543034106e-05,4.387596140765267e-05,7.134646819772011e-05,0.0001617019479048981,0.00019389778555501278,3.804462822494318e-05,0.00010567029463453808,0.00018985792920521623,1.6325530972141944e-06,6.534798127552933e-06,2.0184826879439372e-05,8.125421920896678e-08,5.678194249802429e-07,1.6395756730726226e-06,4.934730058809937e-08,3.652871820847416e-07,1.5049980520069945e-06
V2_03_difficult,G,G,high_error,450,149,149,149,446,4,0.7197309417040358,0.4441220101263524,1.197072005171286,1.1402786349227338,1.5169259122261392,3.063962344039805,1.0935223604708153,1.4824852324021855,446,4,0.7174887892376681,0.529515874351036,1.203045380661735,1.1391367864608788,1.5283090680170357,3.063962344039805,1.0935223604708153,1.4824852324021855,149,0,0.610738255033557,0.3635547378461182,1.1287076853151776,1.1279953706710546,1.2579317959759402,1.0947870025144064,1.081939345719347,1.2461199877101699,0.002357553832363322,0.004494016581888865,0.005518653356467729,0.002357553832363322,0.004494016581888865,0.005518653356467729,0.00018245884052759122,0.0006630428802735133,0.0009997890405083578,0.00018245884052759122,0.0006630428802735133,0.0009997890405083578,1.9191209706736063e-05,3.46030135937769e-05,3.5875252221012736e-05,8.110488189349682e-05,0.00013417981898700647,0.0001370141504467011,4.8794566041145285e-05,0.00010937641533996917,0.00012131971485342691,1.7422899471457611e-06,3.259350771414387e-06,4.589906200057676e-06,9.518857613803088e-08,2.1593091217243415e-07,2.778827710742635e-07,7.881119377677265e-08,2.195179313633435e-07,3.375026989872779e-07
V2_03_difficult,G,G,rising_high_error,288,97,97,97,288,0,0.7534722222222222,0.6169406181967937,1.197081442698265,1.1504551829048872,1.512343825475674,1.1111252192240553,1.0934106494319549,1.3741257819439698,288,0,0.7465277777777778,0.6145768959563024,1.1966540454423744,1.1450731048769525,1.5212756923242698,1.1111252192240553,1.0934106494319549,1.3741257819439698,97,0,0.7010309278350515,0.592661552703583,1.1280047215260165,1.1312310960582797,1.2712807534965012,1.0829545638235984,1.0784237811851916,1.2273352742923767,0.0020793564555087025,0.0038754388812242916,0.005005082410962769,0.0020793564555087025,0.0038754388812242916,0.005005082410962769,0.0001419376854865998,0.0004930608285214832,0.0008223670854090716,0.0001419376854865998,0.0004930608285214832,0.0008223670854090716,1.985399812633024e-05,3.2613317903789415e-05,3.483891697929157e-05,8.185526842208611e-05,0.00013584200261910947,0.0001370141504467011,5.356734262371434e-05,0.00010820087752343284,0.00012131971485342691,1.7193207587868605e-06,3.2508659839515217e-06,4.589906200057676e-06,1.1195195286872557e-07,1.959123729219222e-07,2.1983331389979688e-07,7.142877333574199e-08,1.906100900180577e-07,2.6214245650181075e-07
V2_03_difficult,G,G,high_error_ready_OFF,149,149,149,149,149,0,0.6174496644295302,0.3702137792864221,1.1266301665742837,1.1287953562820596,1.2572096561090607,1.0947870025144064,1.081939345719347,1.2461199877101699,149,0,0.610738255033557,0.3635547378461182,1.1287076853151776,1.1279953706710546,1.2579317959759402,1.0947870025144064,1.081939345719347,1.2461199877101699,149,0,0.610738255033557,0.3635547378461182,1.1287076853151776,1.1279953706710546,1.2579317959759402,1.0947870025144064,1.081939345719347,1.2461199877101699,0.002357553832363322,0.004494016581888865,0.005518653356467729,0.002357553832363322,0.004494016581888865,0.005518653356467729,0.00018245884052759122,0.0006630428802735133,0.0009997890405083578,0.00018245884052759122,0.0006630428802735133,0.0009997890405083578,1.9191209706736063e-05,3.46030135937769e-05,3.5875252221012736e-05,8.110488189349682e-05,0.00013417981898700647,0.0001370141504467011,4.8794566041145285e-05,0.00010937641533996917,0.00012131971485342691,1.7422899471457611e-06,3.259350771414387e-06,4.589906200057676e-06,9.518857613803088e-08,2.1593091217243415e-07,2.778827710742635e-07,7.881119377677265e-08,2.195179313633435e-07,3.375026989872779e-07
V2_03_difficult,G,G,high_error_interruption_OFF,217,0,0,0,217,0,0.7649769585253456,0.6392054959371709,1.1736816776023793,1.1217720709085661,1.454265780649376,1.0946391346558546,1.0876897379154684,1.423680485756943,217,0,0.7603686635944701,0.6214747905307051,1.1739455930225475,1.123577752268541,1.4646240537883928,1.0946391346558546,1.0876897379154684,1.423680485756943,0,0,,,,,,,,,,,,,,,,,,,,,,,,,,,,,,,,,,,,,,
V2_03_difficult,G,G,rising_high_error_ready_OFF,97,97,97,97,97,0,0.711340206185567,0.5947593556343455,1.127627360905491,1.1306147056064282,1.273794441301069,1.0829545638235984,1.0784237811851916,1.2273352742923767,97,0,0.7010309278350515,0.592661552703583,1.1280047215260165,1.1312310960582797,1.2712807534965012,1.0829545638235984,1.0784237811851916,1.2273352742923767,97,0,0.7010309278350515,0.592661552703583,1.1280047215260165,1.1312310960582797,1.2712807534965012,1.0829545638235984,1.0784237811851916,1.2273352742923767,0.0020793564555087025,0.0038754388812242916,0.005005082410962769,0.0020793564555087025,0.0038754388812242916,0.005005082410962769,0.0001419376854865998,0.0004930608285214832,0.0008223670854090716,0.0001419376854865998,0.0004930608285214832,0.0008223670854090716,1.985399812633024e-05,3.2613317903789415e-05,3.483891697929157e-05,8.185526842208611e-05,0.00013584200261910947,0.0001370141504467011,5.356734262371434e-05,0.00010820087752343284,0.00012131971485342691,1.7193207587868605e-06,3.2508659839515217e-06,4.589906200057676e-06,1.1195195286872557e-07,1.959123729219222e-07,2.1983331389979688e-07,7.142877333574199e-08,1.906100900180577e-07,2.6214245650181075e-07
V2_03_difficult,G,G,rising_high_error_interruption_OFF,139,0,0,0,139,0,0.6906474820143885,0.6459766880762638,1.183012608457164,1.137491897313027,1.4497866749819261,1.127529099553319,1.119904877102292,1.412429485203824,139,0,0.6834532374100719,0.6249509618537935,1.1822126708175134,1.135088359111176,1.4541376815022553,1.127529099553319,1.119904877102292,1.412429485203824,0,0,,,,,,,,,,,,,,,,,,,,,,,,,,,,,,,,,,,,,,
V2_03_difficult,G,G,ready_OFF,706,706,706,706,706,0,0.603399433427762,0.9264031778672551,0.8470456093332502,0.8434560206038917,1.1728231834075924,0.8326588406430074,0.8167596215129231,1.176656742199975,706,0,0.6019830028328612,0.9264412119578607,0.8490227648550862,0.8398590620597787,1.1727616875761053,0.8326588406430074,0.8167596215129231,1.176656742199975,706,0,0.6019830028328612,0.9264412119578607,0.8490227648550862,0.8398590620597787,1.1727616875761053,0.8326588406430074,0.8167596215129231,1.176656742199975,0.002263737090589456,0.008273610825502091,0.011398857162206986,0.002263737090589456,0.008273610825502091,0.011398857162206986,0.000168224797125617,0.0022471570257501247,0.004265336399347005,0.000168224797125617,0.0022471570257501247,0.004265336399347005,1.9980024613331865e-05,4.253448012082357e-05,5.004108311042999e-05,7.869653807116376e-05,0.0001741400609074053,0.00020524488816939053,4.074599221844724e-05,0.00010881128010600896,0.0001961251091066889,1.6711410020279574e-06,1.4357950737378719e-05,2.3484873024909723e-05,8.45589977111133e-08,8.618060638435152e-07,1.6527565866125125e-06,5.9513786646127675e-08,6.014292795030013e-07,1.646327527338142e-06
V2_03_difficult,G,G,post_startup,1664,706,706,706,1664,0,0.6015625,0.8988680548249435,0.8375338059376122,0.82695374961873,1.1984459257594287,0.8179737657117604,0.7955290986404194,1.21997385222723,1664,0,0.6003605769230769,0.8974878571213494,0.83854518338808,0.8286093334557838,1.2033349754534162,0.8179737657117604,0.7955290986404194,1.21997385222723,706,0,0.6019830028328612,0.9264412119578607,0.8490227648550862,0.8398590620597787,1.1727616875761053,0.8326588406430074,0.8167596215129231,1.176656742199975,0.002263737090589456,0.008273610825502091,0.011398857162206986,0.002263737090589456,0.008273610825502091,0.011398857162206986,0.000168224797125617,0.0022471570257501247,0.004265336399347005,0.000168224797125617,0.0022471570257501247,0.004265336399347005,1.9980024613331865e-05,4.253448012082357e-05,5.004108311042999e-05,7.869653807116376e-05,0.0001741400609074053,0.00020524488816939053,4.074599221844724e-05,0.00010881128010600896,0.0001961251091066889,1.6711410020279574e-06,1.4357950737378719e-05,2.3484873024909723e-05,8.45589977111133e-08,8.618060638435152e-07,1.6527565866125125e-06,5.9513786646127675e-08,6.014292795030013e-07,1.646327527338142e-06
V2_03_difficult,G,G,weak_visual_interruption,245,0,0,0,245,0,0.5591836734693878,0.8199131036958959,0.7874613736860816,0.8087103451501814,1.1369182895244494,0.7653592169542217,0.7225870087263646,1.2059955724607967,245,0,0.5673469387755102,0.8190632515943802,0.7877872757370183,0.8086576669044244,1.1373892468441713,0.7653592169542217,0.7225870087263646,1.2059955724607967,0,0,,,,,,,,,,,,,,,,,,,,,,,,,,,,,,,,,,,,,,
V2_03_difficult,G,G,startup,135,0,0,0,131,4,0.6335877862595419,0.17703873237418297,1.173745535175013,1.2015606472260942,1.611719890969232,6.191313172881247,1.1969996040547592,16.844393660758545,131,4,0.6412213740458015,0.27812316523649955,1.1989648178675243,1.2213240672002688,1.6801983509871383,6.191313172881247,1.1969996040547592,16.844393660758545,0,0,,,,,,,,,,,,,,,,,,,,,,,,,,,,,,,,,,,,,,
V2_03_difficult,G,G,interruption,958,0,0,0,958,0,0.6002087682672234,0.8860281121920786,0.8304543385240539,0.8223131958732834,1.2291313235931547,0.8069805532327048,0.7619280648169885,1.2693417691802407,958,0,0.5991649269311065,0.8837397601627714,0.8307391358310829,0.8191798166168105,1.2242441982145529,0.8069805532327048,0.7619280648169885,1.2693417691802407,0,0,,,,,,,,,,,,,,,,,,,,,,,,,,,,,,,,,,,,,,
V2_03_difficult,G,G,weak_visual,86,86,86,86,86,0,0.7209302325581395,0.9364421086368019,0.783586981793658,0.7599072899937781,1.0705658462491872,0.744727255072525,0.7285591320383321,1.0550266053306119,86,0,0.7093023255813954,0.9365732579007381,0.7835896123599977,0.7598320877390721,1.0713656329943415,0.744727255072525,0.7285591320383321,1.0550266053306119,86,0,0.7093023255813954,0.9365732579007381,0.7835896123599977,0.7598320877390721,1.0713656329943415,0.744727255072525,0.7285591320383321,1.0550266053306119,0.0023920903214148135,0.0051251241234720555,0.011362287570331716,0.0023920903214148135,0.0051251241234720555,0.011362287570331716,0.00018784612406156037,0.0008622757096659856,0.004238043547280915,0.00018784612406156037,0.0008622757096659856,0.004238043547280915,1.8824376704852995e-05,3.7427703543034106e-05,4.387596140765267e-05,7.134646819772011e-05,0.0001617019479048981,0.00019389778555501278,3.804462822494318e-05,0.00010567029463453808,0.00018985792920521623,1.6325530972141944e-06,6.534798127552933e-06,2.0184826879439372e-05,8.125421920896678e-08,5.678194249802429e-07,1.6395756730726226e-06,4.934730058809937e-08,3.652871820847416e-07,1.5049980520069945e-06
V2_03_difficult,G,G,normal,620,620,620,620,620,0,0.5870967741935483,0.924540839954722,0.8554762553954129,0.8494909568729476,1.1768256154513625,0.8441327282861425,0.8286397058785282,1.1805425373762142,620,0,0.5870967741935483,0.9244808934186267,0.8577048387613806,0.8495929315339649,1.1740170816958218,0.8441327282861425,0.8286397058785282,1.1805425373762142,620,0,0.5870967741935483,0.9244808934186267,0.8577048387613806,0.8495929315339649,1.1740170816958218,0.8441327282861425,0.8286397058785282,1.1805425373762142,0.0022320269301715086,0.00833632103723692,0.011398857162206986,0.0022320269301715086,0.00833632103723692,0.011398857162206986,0.00016354868850752423,0.0022813171819086433,0.004265336399347005,0.00016354868850752423,0.0022813171819086433,0.004265336399347005,2.0265521598445333e-05,4.273695433246581e-05,5.004108311042999e-05,7.99912560496909e-05,0.00017492373228384696,0.00020524488816939053,4.117280710147419e-05,0.00010885562899687875,0.0001961251091066889,1.6842134409356779e-06,1.4971940128820212e-05,2.3484873024909723e-05,8.521339349782017e-08,9.200983651351314e-07,1.6527565866125125e-06,6.085030232924494e-08,6.513165141480668e-07,1.646327527338142e-06
V2_03_difficult,G,V,all,1799,637,0,0,1799,0,0.40800444691495275,0.47929016200761043,0.06328735665725782,0.04070652442460801,0.13063739612730144,0.3292743547296056,0.048015421304127115,0.20520029319736563,1799,0,0.434130072262368,0.4962300746245481,0.0663591621475951,0.04364959745383285,0.13399296279419107,0.3292743547296056,0.048015421304127115,0.20520029319736563,0,0,,,,,,,,,,,,,,,,,,,,,,,,,,,,,,,,,,,,,,
V2_03_difficult,G,V,weak_visual_overlap,367,75,0,0,367,0,0.44686648501362397,0.5407412734935294,0.0828768899967632,0.059850225182548865,0.16129733199745858,0.4979348408561439,0.05193342973053056,1.0880713179996035,367,0,0.45231607629427795,0.5485319046451896,0.0836921806656037,0.05905068152811582,0.16129733199745858,0.4979348408561439,0.05193342973053056,1.0880713179996035,0,0,,,,,,,,,,,,,,,,,,,,,,,,,,,,,,,,,,,,,,
V2_03_difficult,G,V,high_error,450,62,0,0,450,0,0.6755555555555556,0.5334262347588891,0.10805706502511239,0.09247515458112573,0.17355446344270803,0.6468999851252785,0.06195183122289648,2.0357860247442985,450,0,0.6911111111111111,0.5742514762877223,0.11250946512022837,0.09576434100324,0.18059897962716162,0.6468999851252785,0.06195183122289648,2.0357860247442985,0,0,,,,,,,,,,,,,,,,,,,,,,,,,,,,,,,,,,,,,,
V2_03_difficult,G,V,rising_high_error,268,42,0,0,268,0,0.7798507462686567,0.48886045062887384,0.10788054635085909,0.0921906706465388,0.16902129280783648,0.3877381798901815,0.05280147031674168,0.2202749640100269,268,0,0.8022388059701493,0.47901375572456273,0.11116164016960134,0.09541121909062204,0.16951964942886052,0.3877381798901815,0.05280147031674168,0.2202749640100269,0,0,,,,,,,,,,,,,,,,,,,,,,,,,,,,,,,,,,,,,,
V2_03_difficult,G,V,high_error_ready_OFF,62,62,0,0,62,0,0.6612903225806451,-0.26147474763018336,0.07837951398258304,0.07338455818367132,0.1002600059841774,0.0711203127168032,0.04450572525314701,0.1235505958450832,62,0,0.7096774193548387,-0.18716608434014123,0.0815605260136482,0.0790931454255673,0.10035897470225308,0.0711203127168032,0.04450572525314701,0.1235505958450832,0,0,,,,,,,,,,,,,,,,,,,,,,,,,,,,,,,,,,,,,,
V2_03_difficult,G,V,high_error_interruption_OFF,308,0,0,0,308,0,0.8246753246753247,-0.11442957633608514,0.10600909107614645,0.09342297536863393,0.1597825606219981,0.07786147660918619,0.054360102997628286,0.16029097421339464,308,0,0.8376623376623377,-0.12668419852135676,0.10944348630287495,0.09710269582997347,0.1644229684900301,0.07786147660918619,0.054360102997628286,0.16029097421339464,0,0,,,,,,,,,,,,,,,,,,,,,,,,,,,,,,,,,,,,,,
V2_03_difficult,G,V,rising_high_error_ready_OFF,42,42,0,0,42,0,0.8333333333333334,-0.01264997571673145,0.08118604107745932,0.07740372204576454,0.10570273103355086,0.05443859762146232,0.041299330165924596,0.10137109512264039,42,0,0.9047619047619048,0.15267512212034715,0.08446790338003256,0.08159805999182812,0.10570284446193841,0.05443859762146232,0.041299330165924596,0.10137109512264039,0,0,,,,,,,,,,,,,,,,,,,,,,,,,,,,,,,,,,,,,,
V2_03_difficult,G,V,rising_high_error_interruption_OFF,204,0,0,0,204,0,0.8088235294117647,-0.037542952790570606,0.10901287431406634,0.09562742843484237,0.1600943508062653,0.08184403662057241,0.05280147031674168,0.1831204538669403,204,0,0.8235294117647058,-0.03637467444522547,0.11231983546967175,0.09911145609701662,0.16713709290545023,0.08184403662057241,0.05280147031674168,0.1831204538669403,0,0,,,,,,,,,,,,,,,,,,,,,,,,,,,,,,,,,,,,,,
V2_03_difficult,G,V,ready_OFF,637,637,0,0,637,0,0.3328100470957614,0.22744981418196342,0.039735983441782786,0.028567270438667365,0.07321049222986083,0.05520989053952685,0.03712364172443032,0.10591583538947501,637,0,0.36891679748822603,0.23835703202367972,0.042171776885747914,0.03144490163840943,0.07886328013059156,0.05520989053952685,0.03712364172443032,0.10591583538947501,0,0,,,,,,,,,,,,,,,,,,,,,,,,,,,,,,,,,,,,,,
V2_03_difficult,G,V,post_startup,1664,637,0,0,1664,0,0.4326923076923077,0.10162162432032328,0.05843076468286956,0.039601098137177826,0.11845432620549891,0.07091476037080371,0.04509630212941758,0.14079304651556515,1664,0,0.45913461538461536,0.09445551189201241,0.06106594414438697,0.04193938380740398,0.1221967321247282,0.07091476037080371,0.04509630212941758,0.14079304651556515,0,0,,,,,,,,,,,,,,,,,,,,,,,,,,,,,,,,,,,,,,
V2_03_difficult,G,V,weak_visual_interruption,256,0,0,0,256,0,0.53125,-0.218826933613102,0.07956670121888175,0.06077000021714078,0.14823672722453957,0.08894579749677291,0.05511121090207832,0.1722589161600498,256,0,0.53515625,-0.21465036726401635,0.08041820966004791,0.06265344365984465,0.14852312325746575,0.08894579749677291,0.05511121090207832,0.1722589161600498,0,0,,,,,,,,,,,,,,,,,,,,,,,,,,,,,,,,,,,,,,
V2_03_difficult,G,V,startup,135,0,0,0,135,0,0.1037037037037037,0.8772508402540321,0.10626184090080093,0.08257831832977443,0.1891032749087803,1.175938914510808,0.24079746966625662,2.5790665620557336,135,0,0.1259259259259259,0.8879135805109918,0.11277073294768085,0.09064768280095181,0.20187936789566086,1.175938914510808,0.24079746966625662,2.5790665620557336,0,0,,,,,,,,,,,,,,,,,,,,,,,,,,,,,,,,,,,,,,
V2_03_difficult,G,V,interruption,1027,0,0,0,1027,0,0.4946445959104187,-0.006659512488055274,0.0674718201691572,0.047170981986805714,0.13212469804605284,0.07910425310346197,0.05070598131606451,0.15629683048951803,1027,0,0.5150925024342746,-0.019701334818976585,0.07027737638237826,0.04975267582374654,0.1351211073782578,0.07910425310346197,0.05070598131606451,0.15629683048951803,0,0,,,,,,,,,,,,,,,,,,,,,,,,,,,,,,,,,,,,,,
V2_03_difficult,G,V,weak_visual,75,75,0,0,75,0,0.3466666666666667,0.04996447065669165,0.0467963393096697,0.024817382556303204,0.09819827694029322,0.040133085592038834,0.032380240472583324,0.06918492364963477,75,0,0.36,0.04862805655232491,0.047003595757389424,0.02492305176170445,0.09819837806589461,0.040133085592038834,0.032380240472583324,0.06918492364963477,0,0,,,,,,,,,,,,,,,,,,,,,,,,,,,,,,,,,,,,,,
V2_03_difficult,G,V,normal,562,562,0,0,562,0,0.3309608540925267,0.2703080745831896,0.03869646031877037,0.028957692173585,0.0720040632118486,0.0569206891973772,0.038005274014132145,0.11095925611054451,562,0,0.3701067615658363,0.2739996143609818,0.04148441980601058,0.03196103665348106,0.07581858902550129,0.0569206891973772,0.038005274014132145,0.11095925611054451,0,0,,,,,,,,,,,,,,,,,,,,,,,,,,,,,,,,,,,,,,
V2_03_difficult,V,G,all,1799,706,0,0,1795,4,0.6038997214484679,0.3298488364063189,0.866530471801975,0.8498111400326673,1.27054991116583,1.8487369157336773,0.8116998900072412,1.30616817851534,1795,4,0.6033426183844011,0.36480424737251926,0.8699504045750714,0.8499336184680384,1.2747656562121727,1.8487369157336773,0.8116998900072412,1.30616817851534,0,0,,,,,,,,,,,,,,,,,,,,,,,,,,,,,,,,,,,,,,
V2_03_difficult,V,G,weak_visual_overlap,367,86,0,0,364,3,0.5851648351648352,0.4617923924339813,0.8293696707208074,0.8013299347071219,1.2045828356109594,2.8800407041224134,0.7412116820424536,1.5376190413682371,364,3,0.5879120879120879,0.483763266291657,0.8334370616354898,0.7995313940431791,1.2048706327228476,2.8800407041224134,0.7412116820424536,1.5376190413682371,0,0,,,,,,,,,,,,,,,,,,,,,,,,,,,,,,,,,,,,,,
V2_03_difficult,V,G,high_error,450,149,0,0,446,4,0.7197309417040358,0.44411368782031213,1.197096152117865,1.1403029047130895,1.5169197753676242,3.0639746626302555,1.093613569415664,1.4824529403576336,446,4,0.7174887892376681,0.5295152704338735,1.2030699231211475,1.1391646881642767,1.5283090680170357,3.0639746626302555,1.093613569415664,1.4824529403576336,0,0,,,,,,,,,,,,,,,,,,,,,,,,,,,,,,,,,,,,,,
V2_03_difficult,V,G,rising_high_error,288,97,0,0,288,0,0.7534722222222222,0.6168371936760554,1.1971095415884814,1.1505166026772955,1.512343825475674,1.1111623375495296,1.0934469236070004,1.3741153868544727,288,0,0.7465277777777778,0.6144766775481268,1.1966824004408463,1.1451504463094264,1.5212659092542866,1.1111623375495296,1.0934469236070004,1.3741153868544727,0,0,,,,,,,,,,,,,,,,,,,,,,,,,,,,,,,,,,,,,,
V2_03_difficult,V,G,high_error_ready_OFF,149,149,0,0,149,0,0.6174496644295302,0.37022396740494495,1.126656040187573,1.1288537572174135,1.2573016013464058,1.0948027608420539,1.0819877618926932,1.2461442693342581,149,0,0.610738255033557,0.3635799465797479,1.1287338380280045,1.1280439058773895,1.257982605487469,1.0948027608420539,1.0819877618926932,1.2461442693342581,0,0,,,,,,,,,,,,,,,,,,,,,,,,,,,,,,,,,,,,,,
V2_03_difficult,V,G,high_error_interruption_OFF,217,0,0,0,217,0,0.7649769585253456,0.6390287060944084,1.1737152421620205,1.1217856166859037,1.4542335434852116,1.094699179119635,1.0877800292020312,1.4237414995519044,217,0,0.7603686635944701,0.6212891496246317,1.1739800199046084,1.1235991472991025,1.464594867696247,1.094699179119635,1.0877800292020312,1.4237414995519044,0,0,,,,,,,,,,,,,,,,,,,,,,,,,,,,,,,,,,,,,,
V2_03_difficult,V,G,rising_high_error_ready_OFF,97,97,0,0,97,0,0.711340206185567,0.5946938206263898,1.1276591071631108,1.1306672338242716,1.273895693133219,1.0829682369796083,1.0783963082299362,1.2273611058024856,97,0,0.7010309278350515,0.592608404392429,1.1280360385477484,1.1312689149740152,1.271388093428272,1.0829682369796083,1.0783963082299362,1.2273611058024856,0,0,,,,,,,,,,,,,,,,,,,,,,,,,,,,,,,,,,,,,,
V2_03_difficult,V,G,rising_high_error_interruption_OFF,139,0,0,0,139,0,0.6906474820143885,0.6457911963540899,1.1830504032136215,1.1375316610856439,1.4497556733935222,1.1275957224561417,1.1200025565468577,1.412398715232099,139,0,0.6834532374100719,0.6247545418534967,1.1822512859502492,1.1351287625684332,1.454106560398365,1.1275957224561417,1.1200025565468577,1.412398715232099,0,0,,,,,,,,,,,,,,,,,,,,,,,,,,,,,,,,,,,,,,
V2_03_difficult,V,G,ready_OFF,706,706,0,0,706,0,0.603399433427762,0.9263964459374964,0.8470911686319909,0.8434848750877374,1.172880068095282,0.8326910703233156,0.8170616030144822,1.1766989420061669,706,0,0.6019830028328612,0.9264368120728704,0.8490682103963187,0.8398682191389837,1.1728181878423696,0.8326910703233156,0.8170616030144822,1.1766989420061669,0,0,,,,,,,,,,,,,,,,,,,,,,,,,,,,,,,,,,,,,,
V2_03_difficult,V,G,post_startup,1664,706,0,0,1664,0,0.6015625,0.8988739063452259,0.8375734884382692,0.8271235534018866,1.1984243073034122,0.8180147851882622,0.7959636558708192,1.2200085994570826,1664,0,0.6003605769230769,0.8974942829823669,0.8385849473288103,0.8286312585342956,1.203323554801986,0.8180147851882622,0.7959636558708192,1.2200085994570826,0,0,,,,,,,,,,,,,,,,,,,,,,,,,,,,,,,,,,,,,,
V2_03_difficult,V,G,weak_visual_interruption,245,0,0,0,245,0,0.5591836734693878,0.8199537786797112,0.787501516683509,0.8086402845260717,1.1369666802196698,0.7654095696463205,0.722785311555176,1.2059889213946462,245,0,0.5673469387755102,0.8191037775090823,0.7878273277782704,0.808587629324262,1.1374376942167739,0.7654095696463205,0.722785311555176,1.2059889213946462,0,0,,,,,,,,,,,,,,,,,,,,,,,,,,,,,,,,,,,,,,
V2_03_difficult,V,G,startup,135,0,0,0,131,4,0.6335877862595419,0.17703873237418297,1.173745535175013,1.2015606472260942,1.611719890969232,6.191313172881247,1.1969996040547592,16.844393660758545,131,4,0.6412213740458015,0.27812316523649955,1.1989648178675243,1.2213240672002688,1.6801983509871383,6.191313172881247,1.1969996040547592,16.844393660758545,0,0,,,,,,,,,,,,,,,,,,,,,,,,,,,,,,,,,,,,,,
V2_03_difficult,V,G,interruption,958,0,0,0,958,0,0.6002087682672234,0.8860417480168163,0.8304896068899282,0.8224066848821634,1.22909086198303,0.8070282651063563,0.7621436431871028,1.269299161734773,958,0,0.5991649269311065,0.8837533008884028,0.8307746245795039,0.8191740470356194,1.2242397975027706,0.8070282651063563,0.7621436431871028,1.269299161734773,0,0,,,,,,,,,,,,,,,,,,,,,,,,,,,,,,,,,,,,,,
V2_03_difficult,V,G,weak_visual,86,86,0,0,86,0,0.7209302325581395,0.9364235925276696,0.783618818997224,0.7599157543505177,1.0705581147241512,0.7447444068903745,0.728610090353133,1.055062062366804,86,0,0.7093023255813954,0.9365563088421132,0.7836209845678413,0.7598625354526927,1.071354853868879,0.7447444068903745,0.728610090353133,1.055062062366804,0,0,,,,,,,,,,,,,,,,,,,,,,,,,,,,,,,,,,,,,,
V2_03_difficult,V,G,normal,620,620,0,0,620,0,0.5870967741935483,0.9245352433920978,0.8555235779164676,0.8495143688739148,1.1768160662445448,0.8441668307174361,0.8286336487324175,1.180543802117487,620,0,0.5870967741935483,0.9244777273166048,0.8577520885996915,0.8495944996863861,1.17400893155373,0.8441668307174361,0.8286336487324175,1.180543802117487,0,0,,,,,,,,,,,,,,,,,,,,,,,,,,,,,,,,,,,,,,
V2_03_difficult,V,V,all,1799,637,637,637,1799,0,0.40800444691495275,0.479327133905052,0.06328486928636347,0.04070795908944818,0.13063741414104804,0.3292742705789343,0.04801496397468362,0.2051972739209934,1799,0,0.434130072262368,0.496267487867258,0.06635657635101062,0.04365780516201816,0.1339931052219705,0.3292742705789343,0.04801496397468362,0.2051972739209934,637,0,0.36891679748822603,0.23849651333843794,0.042170691916668966,0.031439459598337924,0.07886313427706049,0.05521009588436182,0.037122686497513026,0.10591844541227675,0.039067558204434465,0.09691996014806382,0.1665783581666151,0.039067558204434465,0.09691996014806382,0.1665783581666151,0.0015262290089251038,0.009393379955503725,0.027747461225195544,0.0015262290089251038,0.009393379955503725,0.027747461225195544,5.1535625746619106e-06,8.016319083240095e-06,9.237685533931593e-06,2.03913076585198e-05,4.658570335494838e-05,7.384549057203328e-05,2.7629502925008723e-05,5.786895845073078e-05,9.220020987578674e-05,4.815768606168679e-06,2.181477595494272e-05,4.7768754696900155e-05,4.383190208075554e-07,2.4317639793872068e-06,4.573470577605974e-06,6.79187791024265e-07,2.9744521706678546e-06,5.371989678610445e-06
V2_03_difficult,V,V,weak_visual_overlap,367,75,75,75,367,0,0.44686648501362397,0.5407862741099898,0.08287293083087048,0.05985049433699666,0.16129733199745858,0.49793470437312415,0.05193481281635404,1.0880713179996035,367,0,0.45231607629427795,0.5485769289312515,0.08368820415808546,0.059051311631330115,0.16129733199745858,0.49793470437312415,0.05193481281635404,1.0880713179996035,75,0,0.36,0.04868451642528759,0.04700012567572438,0.024923421518954374,0.09818996840512409,0.04013261662525898,0.03238013162024853,0.06917972502776323,0.040170905133991915,0.09074478393968557,0.10672648142710747,0.040170905133991915,0.09074478393968557,0.10672648142710747,0.0016136565044548574,0.008236822822647578,0.01139018081620172,0.0016136565044548574,0.008236822822647578,0.01139018081620172,4.844043840477086e-06,7.0469625832153005e-06,8.597474409279528e-06,2.006421125105125e-05,4.681837828852727e-05,6.54645084364155e-05,2.8842136455899893e-05,5.743571441018718e-05,8.71144766180714e-05,4.429268156146682e-06,1.2677798047688408e-05,2.7193495543219308e-05,3.6743394963301396e-07,1.980953217728154e-06,3.1140041735602432e-06,7.417779470890856e-07,2.589164802193392e-06,4.454346806389237e-06
V2_03_difficult,V,V,high_error,450,62,62,62,450,0,0.6755555555555556,0.533491095480425,0.10805240274559706,0.09247610595330501,0.17355446344270803,0.6468998592813767,0.06195132800275796,2.0357860247442985,450,0,0.6911111111111111,0.574313282165035,0.11250467545639381,0.0957630667434138,0.18058549432037288,0.6468998592813767,0.06195132800275796,2.0357860247442985,62,0,0.7096774193548387,-0.18620178821190808,0.08155847838884225,0.07908970025254733,0.10035021020767142,0.07112041248820672,0.04450129282533123,0.12355133500775463,0.05607672332283993,0.09837125869437513,0.10672648142710747,0.05607672332283993,0.09837125869437513,0.10672648142710747,0.0031447204253796674,0.009676875437416538,0.01139018081620172,0.0031447204253796674,0.009676875437416538,0.01139018081620172,6.344367218418849e-06,8.328736982017663e-06,8.487663170872665e-06,2.8992881795366268e-05,6.193824785585103e-05,6.978663459749678e-05,4.19643215535215e-05,8.338005553362654e-05,9.220020987578674e-05,8.321724712310423e-06,2.575289231870499e-05,2.823553075003717e-05,1.237261747634767e-06,2.8027347250362305e-06,3.3792565005781234e-06,1.6129825667940626e-06,4.064862346073715e-06,4.761797222254669e-06
V2_03_difficult,V,V,rising_high_error,268,42,42,42,268,0,0.7798507462686567,0.4889050790547821,0.10787567660355155,0.09220130779557431,0.16900699997008028,0.3877381681242366,0.05280437333041778,0.22027318112337305,268,0,0.8022388059701493,0.47905701402073914,0.11115669075131336,0.09541852253958394,0.1695003571627833,0.3877381681242366,0.05280437333041778,0.22027318112337305,42,0,0.9047619047619048,0.15337258325171066,0.0844640283584633,0.08159307354076058,0.10568973550128774,0.0544386185054505,0.04129884191056861,0.10137317570934477,0.05559343182487626,0.09868299317394069,0.10672648142710747,0.05559343182487626,0.09868299317394069,0.10672648142710747,0.0030905653539205716,0.009738145353473554,0.01139018081620172,0.0030905653539205716,0.009738145353473554,0.01139018081620172,6.344367218418849e-06,8.284297929337385e-06,8.481401415146413e-06,2.6744021747563047e-05,5.3781794641417696e-05,6.978663459749678e-05,3.8430491909155204e-05,7.566391403521793e-05,9.220020987578674e-05,8.341027462664765e-06,2.1364378734320944e-05,2.823553075003717e-05,1.062133310027043e-06,2.324408612662002e-06,3.3792565005781234e-06,1.32077372418765e-06,3.5729389492492435e-06,4.761797222254669e-06
V2_03_difficult,V,V,high_error_ready_OFF,62,62,62,62,62,0,0.6612903225806451,-0.2604557717722793,0.07837698914928574,0.07336918316565616,0.100248475102439,0.07112041248820672,0.04450129282533123,0.12355133500775463,62,0,0.7096774193548387,-0.18620178821190808,0.08155847838884225,0.07908970025254733,0.10035021020767142,0.07112041248820672,0.04450129282533123,0.12355133500775463,62,0,0.7096774193548387,-0.18620178821190808,0.08155847838884225,0.07908970025254733,0.10035021020767142,0.07112041248820672,0.04450129282533123,0.12355133500775463,0.05607672332283993,0.09837125869437513,0.10672648142710747,0.05607672332283993,0.09837125869437513,0.10672648142710747,0.0031447204253796674,0.009676875437416538,0.01139018081620172,0.0031447204253796674,0.009676875437416538,0.01139018081620172,6.344367218418849e-06,8.328736982017663e-06,8.487663170872665e-06,2.8992881795366268e-05,6.193824785585103e-05,6.978663459749678e-05,4.19643215535215e-05,8.338005553362654e-05,9.220020987578674e-05,8.321724712310423e-06,2.575289231870499e-05,2.823553075003717e-05,1.237261747634767e-06,2.8027347250362305e-06,3.3792565005781234e-06,1.6129825667940626e-06,4.064862346073715e-06,4.761797222254669e-06
V2_03_difficult,V,V,high_error_interruption_OFF,308,0,0,0,308,0,0.8246753246753247,-0.11436584109118038,0.10600252342835081,0.09342465287103437,0.15976983216563556,0.0778599306530811,0.054351112454596215,0.16028622344900192,308,0,0.8376623376623377,-0.12662227775249865,0.10943659948125564,0.09708655416910461,0.16441441127883988,0.0778599306530811,0.054351112454596215,0.16028622344900192,0,0,,,,,,,,,,,,,,,,,,,,,,,,,,,,,,,,,,,,,,
V2_03_difficult,V,V,rising_high_error_ready_OFF,42,42,42,42,42,0,0.8333333333333334,-0.01193136417986772,0.08118104576856158,0.07740902479836784,0.10568766821671702,0.0544386185054505,0.04129884191056861,0.10137317570934477,42,0,0.9047619047619048,0.15337258325171066,0.0844640283584633,0.08159307354076058,0.10568973550128774,0.0544386185054505,0.04129884191056861,0.10137317570934477,42,0,0.9047619047619048,0.15337258325171066,0.0844640283584633,0.08159307354076058,0.10568973550128774,0.0544386185054505,0.04129884191056861,0.10137317570934477,0.05559343182487626,0.09868299317394069,0.10672648142710747,0.05559343182487626,0.09868299317394069,0.10672648142710747,0.0030905653539205716,0.009738145353473554,0.01139018081620172,0.0030905653539205716,0.009738145353473554,0.01139018081620172,6.344367218418849e-06,8.284297929337385e-06,8.481401415146413e-06,2.6744021747563047e-05,5.3781794641417696e-05,6.978663459749678e-05,3.8430491909155204e-05,7.566391403521793e-05,9.220020987578674e-05,8.341027462664765e-06,2.1364378734320944e-05,2.823553075003717e-05,1.062133310027043e-06,2.324408612662002e-06,3.3792565005781234e-06,1.32077372418765e-06,3.5729389492492435e-06,4.761797222254669e-06
V2_03_difficult,V,V,rising_high_error_interruption_OFF,204,0,0,0,204,0,0.8088235294117647,-0.03747825737131335,0.10900730915466705,0.09562682447405602,0.16008135493897907,0.08184396053165044,0.05280437333041778,0.18311941083761268,204,0,0.8235294117647058,-0.03631089499135388,0.11231400028694187,0.09910234651716515,0.16712895437598077,0.08184396053165044,0.05280437333041778,0.18311941083761268,0,0,,,,,,,,,,,,,,,,,,,,,,,,,,,,,,,,,,,,,,
V2_03_difficult,V,V,ready_OFF,637,637,637,637,637,0,0.3328100470957614,0.22760747924573815,0.0397348594853577,0.028573313895586157,0.07321759145353807,0.05521009588436182,0.037122686497513026,0.10591844541227675,637,0,0.36891679748822603,0.23849651333843794,0.042170691916668966,0.031439459598337924,0.07886313427706049,0.05521009588436182,0.037122686497513026,0.10591844541227675,637,0,0.36891679748822603,0.23849651333843794,0.042170691916668966,0.031439459598337924,0.07886313427706049,0.05521009588436182,0.037122686497513026,0.10591844541227675,0.039067558204434465,0.09691996014806382,0.1665783581666151,0.039067558204434465,0.09691996014806382,0.1665783581666151,0.0015262290089251038,0.009393379955503725,0.027747461225195544,0.0015262290089251038,0.009393379955503725,0.027747461225195544,5.1535625746619106e-06,8.016319083240095e-06,9.237685533931593e-06,2.03913076585198e-05,4.658570335494838e-05,7.384549057203328e-05,2.7629502925008723e-05,5.786895845073078e-05,9.220020987578674e-05,4.815768606168679e-06,2.181477595494272e-05,4.7768754696900155e-05,4.383190208075554e-07,2.4317639793872068e-06,4.573470577605974e-06,6.79187791024265e-07,2.9744521706678546e-06,5.371989678610445e-06
V2_03_difficult,V,V,post_startup,1664,637,637,637,1664,0,0.4326923076923077,0.10165635423449902,0.05842785198078625,0.039603439553154526,0.1184341774524045,0.07091433793771182,0.04509476586456983,0.1407876618723092,1664,0,0.45913461538461536,0.0944892969833869,0.06106290622421301,0.04193882768289485,0.12217702408332104,0.07091433793771182,0.04509476586456983,0.1407876618723092,637,0,0.36891679748822603,0.23849651333843794,0.042170691916668966,0.031439459598337924,0.07886313427706049,0.05521009588436182,0.037122686497513026,0.10591844541227675,0.039067558204434465,0.09691996014806382,0.1665783581666151,0.039067558204434465,0.09691996014806382,0.1665783581666151,0.0015262290089251038,0.009393379955503725,0.027747461225195544,0.0015262290089251038,0.009393379955503725,0.027747461225195544,5.1535625746619106e-06,8.016319083240095e-06,9.237685533931593e-06,2.03913076585198e-05,4.658570335494838e-05,7.384549057203328e-05,2.7629502925008723e-05,5.786895845073078e-05,9.220020987578674e-05,4.815768606168679e-06,2.181477595494272e-05,4.7768754696900155e-05,4.383190208075554e-07,2.4317639793872068e-06,4.573470577605974e-06,6.79187791024265e-07,2.9744521706678546e-06,5.371989678610445e-06
V2_03_difficult,V,V,weak_visual_interruption,256,0,0,0,256,0,0.53125,-0.2188099835428892,0.0795615020839886,0.0607703260579336,0.14822085913232272,0.08894476413604706,0.0551113149329716,0.17225797625957154,256,0,0.53515625,-0.21463348053758607,0.08041287102673267,0.06264411867072578,0.1485178711581802,0.08894476413604706,0.0551113149329716,0.17225797625957154,0,0,,,,,,,,,,,,,,,,,,,,,,,,,,,,,,,,,,,,,,
V2_03_difficult,V,V,startup,135,0,0,0,135,0,0.1037037037037037,0.8772508402540321,0.10626184090080093,0.08257831832977443,0.1891032749087803,1.175938914510808,0.24079746966625662,2.5790665620557336,135,0,0.1259259259259259,0.8879135805109918,0.11277073294768085,0.09064768280095181,0.20187936789566086,1.175938914510808,0.24079746966625662,2.5790665620557336,0,0,,,,,,,,,,,,,,,,,,,,,,,,,,,,,,,,,,,,,,
V2_03_difficult,V,V,interruption,1027,0,0,0,1027,0,0.4946445959104187,-0.006640497601558701,0.0674681437898718,0.04717231519088935,0.13212387547021207,0.07910355061947105,0.05070104311513844,0.15629679408402497,1027,0,0.5150925024342746,-0.019680264177019808,0.07027350316669323,0.049752280971245295,0.13510777279707578,0.07910355061947105,0.05070104311513844,0.15629679408402497,0,0,,,,,,,,,,,,,,,,,,,,,,,,,,,,,,,,,,,,,,
V2_03_difficult,V,V,weak_visual,75,75,75,75,75,0,0.3466666666666667,0.05003171496969061,0.046792201970094795,0.02482006894548808,0.09818868794153068,0.04013261662525898,0.03238013162024853,0.06917972502776323,75,0,0.36,0.04868451642528759,0.04700012567572438,0.024923421518954374,0.09818996840512409,0.04013261662525898,0.03238013162024853,0.06917972502776323,75,0,0.36,0.04868451642528759,0.04700012567572438,0.024923421518954374,0.09818996840512409,0.04013261662525898,0.03238013162024853,0.06917972502776323,0.040170905133991915,0.09074478393968557,0.10672648142710747,0.040170905133991915,0.09074478393968557,0.10672648142710747,0.0016136565044548574,0.008236822822647578,0.01139018081620172,0.0016136565044548574,0.008236822822647578,0.01139018081620172,4.844043840477086e-06,7.0469625832153005e-06,8.597474409279528e-06,2.006421125105125e-05,4.681837828852727e-05,6.54645084364155e-05,2.8842136455899893e-05,5.743571441018718e-05,8.71144766180714e-05,4.429268156146682e-06,1.2677798047688408e-05,2.7193495543219308e-05,3.6743394963301396e-07,1.980953217728154e-06,3.1140041735602432e-06,7.417779470890856e-07,2.589164802193392e-06,4.454346806389237e-06
V2_03_difficult,V,V,normal,562,562,562,562,562,0,0.3309608540925267,0.270476919030848,0.03869581983731828,0.028958750000603564,0.07199514055248937,0.05692095907644927,0.03800955539993879,0.11096544041203807,562,0,0.3701067615658363,0.2741486610678163,0.041483694359671155,0.03195869814266396,0.07578528349082034,0.05692095907644927,0.03800955539993879,0.11096544041203807,562,0,0.3701067615658363,0.2741486610678163,0.041483694359671155,0.03195869814266396,0.07578528349082034,0.05692095907644927,0.03800955539993879,0.11096544041203807,0.03902570628585233,0.09823657782852292,0.1665783581666151,0.03902570628585233,0.09823657782852292,0.1665783581666151,0.001522974407793804,0.009650323363286709,0.027747461225195544,0.001522974407793804,0.009650323363286709,0.027747461225195544,5.266204271106331e-06,8.057438458689333e-06,9.237685533931593e-06,2.0455962057989622e-05,4.653947873108095e-05,7.384549057203328e-05,2.740212021077974e-05,5.784664141389994e-05,9.220020987578674e-05,4.911530902512835e-06,2.2450854346375377e-05,4.7768754696900155e-05,4.4296434144431035e-07,2.5617042988879126e-06,4.573470577605974e-06,6.687376582742054e-07,3.0772078794226777e-06,5.371989678610445e-06
V2_03_difficult,GV,G,all,1799,706,706,706,1795,4,0.6033426183844011,0.32986338432872075,0.8664917149576682,0.8497992040803012,1.2704365283937562,1.8487179008697756,0.811225050812991,1.306186654259887,1795,4,0.6033426183844011,0.3648185115491959,0.8699116508744037,0.8498875070889985,1.2747226848300641,1.8487179008697756,0.811225050812991,1.306186654259887,706,0,0.6019830028328612,0.9264460228705742,0.8490232677516316,0.8398552989494702,1.17274403550449,0.8326576941064459,0.8167856082638971,1.1766502150238158,0.002263841169857997,0.008272350318116278,0.011398798286090507,0.002263841169857997,0.008272350318116278,0.011398798286090507,0.00016824026435140275,0.0022464718357143604,0.004265292340922491,0.00016824026435140275,0.0022464718357143604,0.004265292340922491,1.997889117551969e-05,4.253244726115245e-05,5.004031777092576e-05,7.868722776441148e-05,0.00017411082376109663,0.0002052339506416636,4.0742782889123454e-05,0.00010879094941439803,0.00019608990785059647,1.6709956764449915e-06,1.4357333375204358e-05,2.34837487112261e-05,8.454352728281912e-08,8.615676751378988e-07,1.6521837031173699e-06,5.950972555904551e-08,6.012560582491148e-07,1.6461389391034682e-06
V2_03_difficult,GV,G,weak_visual_overlap,367,86,86,86,364,3,0.5824175824175825,0.46181828857960094,0.8293319673042806,0.801381191216584,1.204566325831501,2.880029587353936,0.7412062281378295,1.5376339161940202,364,3,0.5879120879120879,0.4837886872732271,0.833399705122185,0.7995833723627297,1.2048074678294522,2.880029587353936,0.7412062281378295,1.5376339161940202,86,0,0.7093023255813954,0.9365703921022585,0.783587559852251,0.7598284539645375,1.0713698535935305,0.7447273469481969,0.7285569896148434,1.0550288514154267,0.002392045821771312,0.005125019800317459,0.011361412141533743,0.002392045821771312,0.005125019800317459,0.011361412141533743,0.00018783910859282899,0.0008622406023781652,0.0042373905254418755,0.00018783910859282899,0.0008622406023781652,0.0042373905254418755,1.882331452162982e-05,3.742629201648133e-05,4.387129236641389e-05,7.134216164504908e-05,0.00016167688588422934,0.00019388919356725994,3.8038214518550686e-05,0.0001056504371771835,0.0001897810953211591,1.6322935956438069e-06,6.534396315338419e-06,2.018011440074616e-05,8.12518615875743e-08,5.67818296558151e-07,1.6390519580757803e-06,4.9339597630065905e-08,3.652099884983358e-07,1.5043466078998183e-06
V2_03_difficult,GV,G,high_error,450,149,149,149,446,4,0.7197309417040358,0.44412627421539236,1.1970625690349002,1.1402692958007925,1.5169254836511419,3.0639586734306916,1.0935008981442977,1.4824809704979154,446,4,0.7174887892376681,0.5295178954188287,1.203035883743059,1.1391188757847637,1.5283090680170357,3.0639586734306916,1.0935008981442977,1.4824809704979154,149,0,0.610738255033557,0.36357877430528696,1.1286958406828658,1.12798193040592,1.2579103419960618,1.0947800819744453,1.0819203857168167,1.246120237809248,0.002357404534588453,0.004493950780600994,0.005518435976194154,0.002357404534588453,0.004493950780600994,0.005518435976194154,0.00018243573197809136,0.0006630233878430496,0.0009997102786054599,0.00018243573197809136,0.0006630233878430496,0.0009997102786054599,1.918740161320336e-05,3.460004249855649e-05,3.5872324251441125e-05,8.109879879937556e-05,0.0001341758945172114,0.00013701031102581737,4.8789357047172755e-05,0.00010934834231671917,0.00012129416404479265,1.7422647166721274e-06,3.258795838173343e-06,4.5894929326211556e-06,9.514903404062758e-08,2.158766146360219e-07,2.7777451279425463e-07,7.880227633002179e-08,2.194443392757837e-07,3.373551952680097e-07
V2_03_difficult,GV,G,rising_high_error,288,97,97,97,288,0,0.7534722222222222,0.6169532367020035,1.1970709494445317,1.1504311091548205,1.512343825475674,1.1111150542416506,1.0934014513354344,1.3741246818008517,288,0,0.7465277777777778,0.6145889579347606,1.196643465727056,1.1450601691846627,1.5212751397373199,1.1111150542416506,1.0934014513354344,1.3741246818008517,97,0,0.7010309278350515,0.5926815397851136,1.1279911039510315,1.131205792913528,1.2712465748850497,1.0829478333485598,1.0784242166584823,1.2273330483514793,0.002079301335994173,0.0038753532579244468,0.0050050210848037605,0.002079301335994173,0.0038753532579244468,0.0050050210848037605,0.0001419301606778443,0.0004930391770025465,0.0008223469329826465,0.0001419301606778443,0.0004930391770025465,0.0008223469329826465,1.985081603043564e-05,3.261210078967828e-05,3.4835772612433565e-05,8.185342068464754e-05,0.0001358384426640078,0.00013701031102581737,5.356019093658242e-05,0.00010817627137143878,0.00012129416404479265,1.7189749426731607e-06,3.249999945543883e-06,4.5894929326211556e-06,1.1191114158705664e-07,1.9589805219306089e-07,2.197880541166776e-07,7.141912687760497e-08,1.905306057888481e-07,2.620366587111158e-07
V2_03_difficult,GV,G,high_error_ready_OFF,149,149,149,149,149,0,0.6174496644295302,0.3702505652317935,1.1266185234397579,1.1287820100249988,1.257180345330377,1.0947800819744453,1.0819203857168167,1.246120237809248,149,0,0.610738255033557,0.36357877430528696,1.1286958406828658,1.12798193040592,1.2579103419960618,1.0947800819744453,1.0819203857168167,1.246120237809248,149,0,0.610738255033557,0.36357877430528696,1.1286958406828658,1.12798193040592,1.2579103419960618,1.0947800819744453,1.0819203857168167,1.246120237809248,0.002357404534588453,0.004493950780600994,0.005518435976194154,0.002357404534588453,0.004493950780600994,0.005518435976194154,0.00018243573197809136,0.0006630233878430496,0.0009997102786054599,0.00018243573197809136,0.0006630233878430496,0.0009997102786054599,1.918740161320336e-05,3.460004249855649e-05,3.5872324251441125e-05,8.109879879937556e-05,0.0001341758945172114,0.00013701031102581737,4.8789357047172755e-05,0.00010934834231671917,0.00012129416404479265,1.7422647166721274e-06,3.258795838173343e-06,4.5894929326211556e-06,9.514903404062758e-08,2.158766146360219e-07,2.7777451279425463e-07,7.880227633002179e-08,2.194443392757837e-07,3.373551952680097e-07
V2_03_difficult,GV,G,high_error_interruption_OFF,217,0,0,0,217,0,0.7649769585253456,0.6392205169316282,1.1736695710871319,1.1217499126643473,1.454264666022652,1.0946227703807858,1.0876608769078204,1.4236501514827065,217,0,0.7603686635944701,0.6214905840962275,1.173933409694636,1.1235559133591926,1.4646232380956032,1.0946227703807858,1.0876608769078204,1.4236501514827065,0,0,,,,,,,,,,,,,,,,,,,,,,,,,,,,,,,,,,,,,,
V2_03_difficult,GV,G,rising_high_error_ready_OFF,97,97,97,97,97,0,0.711340206185567,0.5947836556075815,1.1276137876652625,1.13060321539076,1.2737660851197772,1.0829478333485598,1.0784242166584823,1.2273330483514793,97,0,0.7010309278350515,0.5926815397851136,1.1279911039510315,1.131205792913528,1.2712465748850497,1.0829478333485598,1.0784242166584823,1.2273330483514793,97,0,0.7010309278350515,0.5926815397851136,1.1279911039510315,1.131205792913528,1.2712465748850497,1.0829478333485598,1.0784242166584823,1.2273330483514793,0.002079301335994173,0.0038753532579244468,0.0050050210848037605,0.002079301335994173,0.0038753532579244468,0.0050050210848037605,0.0001419301606778443,0.0004930391770025465,0.0008223469329826465,0.0001419301606778443,0.0004930391770025465,0.0008223469329826465,1.985081603043564e-05,3.261210078967828e-05,3.4835772612433565e-05,8.185342068464754e-05,0.0001358384426640078,0.00013701031102581737,5.356019093658242e-05,0.00010817627137143878,0.00012129416404479265,1.7189749426731607e-06,3.249999945543883e-06,4.5894929326211556e-06,1.1191114158705664e-07,1.9589805219306089e-07,2.197880541166776e-07,7.141912687760497e-08,1.905306057888481e-07,2.620366587111158e-07
V2_03_difficult,GV,G,rising_high_error_interruption_OFF,139,0,0,0,139,0,0.6906474820143885,0.6459936878072499,1.1829996369759943,1.13746535815428,1.4497856179541817,1.1275128557966536,1.1198804348567888,1.412425773803269,139,0,0.6834532374100719,0.624969415661897,1.18219954963057,1.1350614550483635,1.4541366621115563,1.1275128557966536,1.1198804348567888,1.412425773803269,0,0,,,,,,,,,,,,,,,,,,,,,,,,,,,,,,,,,,,,,,
V2_03_difficult,GV,G,ready_OFF,706,706,706,706,706,0,0.6019830028328612,0.9264092114774001,0.8470463508207915,0.8434744913726668,1.1728093984096455,0.8326576941064459,0.8167856082638971,1.1766502150238158,706,0,0.6019830028328612,0.9264460228705742,0.8490232677516316,0.8398552989494702,1.17274403550449,0.8326576941064459,0.8167856082638971,1.1766502150238158,706,0,0.6019830028328612,0.9264460228705742,0.8490232677516316,0.8398552989494702,1.17274403550449,0.8326576941064459,0.8167856082638971,1.1766502150238158,0.002263841169857997,0.008272350318116278,0.011398798286090507,0.002263841169857997,0.008272350318116278,0.011398798286090507,0.00016824026435140275,0.0022464718357143604,0.004265292340922491,0.00016824026435140275,0.0022464718357143604,0.004265292340922491,1.997889117551969e-05,4.253244726115245e-05,5.004031777092576e-05,7.868722776441148e-05,0.00017411082376109663,0.0002052339506416636,4.0742782889123454e-05,0.00010879094941439803,0.00019608990785059647,1.6709956764449915e-06,1.4357333375204358e-05,2.34837487112261e-05,8.454352728281912e-08,8.615676751378988e-07,1.6521837031173699e-06,5.950972555904551e-08,6.012560582491148e-07,1.6461389391034682e-06
V2_03_difficult,GV,G,post_startup,1664,706,706,706,1664,0,0.6009615384615384,0.8988672420663207,0.8375302348683065,0.8270075748199905,1.1984459073881952,0.8179684267939571,0.7955469026493674,1.2199527720317938,1664,0,0.6003605769230769,0.897486597801695,0.8385415789387761,0.8286031741090376,1.2033313836090846,0.8179684267939571,0.7955469026493674,1.2199527720317938,706,0,0.6019830028328612,0.9264460228705742,0.8490232677516316,0.8398552989494702,1.17274403550449,0.8326576941064459,0.8167856082638971,1.1766502150238158,0.002263841169857997,0.008272350318116278,0.011398798286090507,0.002263841169857997,0.008272350318116278,0.011398798286090507,0.00016824026435140275,0.0022464718357143604,0.004265292340922491,0.00016824026435140275,0.0022464718357143604,0.004265292340922491,1.997889117551969e-05,4.253244726115245e-05,5.004031777092576e-05,7.868722776441148e-05,0.00017411082376109663,0.0002052339506416636,4.0742782889123454e-05,0.00010879094941439803,0.00019608990785059647,1.6709956764449915e-06,1.4357333375204358e-05,2.34837487112261e-05,8.454352728281912e-08,8.615676751378988e-07,1.6521837031173699e-06,5.950972555904551e-08,6.012560582491148e-07,1.6461389391034682e-06
V2_03_difficult,GV,G,weak_visual_interruption,245,0,0,0,245,0,0.5591836734693878,0.8199071217192914,0.7874545174764076,0.8087028742048399,1.1368936599402995,0.7653532475604831,0.7226387068995938,1.2059917756547982,245,0,0.5673469387755102,0.8190573699005308,0.7877802833205099,0.8086501778969598,1.1373646133090136,0.7653532475604831,0.7226387068995938,1.2059917756547982,0,0,,,,,,,,,,,,,,,,,,,,,,,,,,,,,,,,,,,,,,
V2_03_difficult,GV,G,startup,135,0,0,0,131,4,0.6335877862595419,0.17703873237418297,1.173745535175013,1.2015606472260942,1.611719890969232,6.191313172881247,1.1969996040547592,16.844393660758545,131,4,0.6412213740458015,0.27812316523649955,1.1989648178675243,1.2213240672002688,1.6801983509871383,6.191313172881247,1.1969996040547592,16.844393660758545,0,0,,,,,,,,,,,,,,,,,,,,,,,,,,,,,,,,,,,,,,
V2_03_difficult,GV,G,interruption,958,0,0,0,958,0,0.6002087682672234,0.8860245970870847,0.8304475254979803,0.8223122192534569,1.2291297523735651,0.80697202527362,0.761905990562614,1.2693317186290336,958,0,0.5991649269311065,0.8837361506710679,0.8307324374656114,0.8191732721161221,1.224239873288957,0.80697202527362,0.761905990562614,1.2693317186290336,0,0,,,,,,,,,,,,,,,,,,,,,,,,,,,,,,,,,,,,,,
V2_03_difficult,GV,G,weak_visual,86,86,86,86,86,0,0.7093023255813954,0.9364393975063794,0.7835844756333157,0.759904546235284,1.0705718503558221,0.7447273469481969,0.7285569896148434,1.0550288514154267,86,0,0.7093023255813954,0.9365703921022585,0.783587559852251,0.7598284539645375,1.0713698535935305,0.7447273469481969,0.7285569896148434,1.0550288514154267,86,0,0.7093023255813954,0.9365703921022585,0.783587559852251,0.7598284539645375,1.0713698535935305,0.7447273469481969,0.7285569896148434,1.0550288514154267,0.002392045821771312,0.005125019800317459,0.011361412141533743,0.002392045821771312,0.005125019800317459,0.011361412141533743,0.00018783910859282899,0.0008622406023781652,0.0042373905254418755,0.00018783910859282899,0.0008622406023781652,0.0042373905254418755,1.882331452162982e-05,3.742629201648133e-05,4.387129236641389e-05,7.134216164504908e-05,0.00016167688588422934,0.00019388919356725994,3.8038214518550686e-05,0.0001056504371771835,0.0001897810953211591,1.6322935956438069e-06,6.534396315338419e-06,2.018011440074616e-05,8.12518615875743e-08,5.67818296558151e-07,1.6390519580757803e-06,4.9339597630065905e-08,3.652099884983358e-07,1.5043466078998183e-06
V2_03_difficult,GV,G,normal,620,620,620,620,620,0,0.5870967741935483,0.9245478075741461,0.8554774098286291,0.8494720397986599,1.176815797014957,0.8441314292164628,0.828637160226531,1.1805346312859548,620,0,0.5870967741935483,0.9244865242587013,0.857705665718532,0.8495755689398383,1.1740109030877426,0.8441314292164628,0.828637160226531,1.1805346312859548,620,0,0.5870967741935483,0.9244865242587013,0.857705665718532,0.8495755689398383,1.1740109030877426,0.8441314292164628,0.828637160226531,1.1805346312859548,0.002232024070754561,0.008337243133505336,0.011398798286090507,0.002232024070754561,0.008337243133505336,0.011398798286090507,0.00016354829228511868,0.0022818215789448004,0.004265292340922491,0.00016354829228511868,0.0022818215789448004,0.004265292340922491,2.0264943221962254e-05,4.273377739395567e-05,5.004031777092576e-05,7.998475260401292e-05,0.0001749166909264223,0.0002052339506416636,4.1169301939639766e-05,0.00010883884487787913,0.00019608990785059647,1.6841598249525748e-06,1.496855226373671e-05,2.34837487112261e-05,8.520971237817146e-08,9.199758968491636e-07,1.6521837031173699e-06,6.084223338311073e-08,6.510330778645955e-07,1.6461389391034682e-06
V2_03_difficult,GV,V,all,1799,637,637,637,1799,0,0.40800444691495275,0.47930155688798404,0.06328647129653443,0.04070702532253153,0.13063728712873968,0.32927436764078083,0.04801482088754907,0.20519662414279272,1799,0,0.434130072262368,0.49624125085087223,0.06635823999842247,0.043650551803545004,0.13399239118744444,0.32927436764078083,0.04801482088754907,0.20519662414279272,637,0,0.36891679748822603,0.23847779419947038,0.042170084058392884,0.031443156034615595,0.07886286235386192,0.05520998804932124,0.03712358216871167,0.1059183883516372,0.0390691857242313,0.09692233233095889,0.1665648956926501,0.0390691857242313,0.09692233233095889,0.1665648956926501,0.0015263561845191337,0.009393837705928712,0.02774297653727339,0.0015263561845191337,0.009393837705928712,0.02774297653727339,5.153636111156536e-06,8.015009229716382e-06,9.235179702157667e-06,2.0384332604880514e-05,4.6583017861832115e-05,7.383737639267094e-05,2.7626982366841935e-05,5.785430126721797e-05,9.218861121162566e-05,4.815522466683932e-06,2.1813001642975113e-05,4.775260077458697e-05,4.381824366087967e-07,2.431589185824548e-06,4.573502924943757e-06,6.784915920148668e-07,2.9736488948760916e-06,5.370883699723146e-06
V2_03_difficult,GV,V,weak_visual_overlap,367,75,75,75,367,0,0.44686648501362397,0.5407579608642521,0.08287516400191518,0.05985019166839784,0.16129733199745858,0.4979348355666795,0.05193286366160545,1.0880713179996035,367,0,0.45231607629427795,0.5485489869011941,0.08369041617706702,0.05905026147441998,0.16129733199745858,0.4979348355666795,0.05193286366160545,1.0880713179996035,75,0,0.36,0.04870905185552796,0.047001021001863756,0.024915482847125327,0.09819577184907109,0.04013316649418952,0.032380648936353236,0.06918218649582454,0.04016933427744479,0.09074698268485373,0.10673225424400841,0.04016933427744479,0.09074698268485373,0.10673225424400841,0.0016135303082611017,0.008237215657830798,0.011391413095526413,0.0016135303082611017,0.008237215657830798,0.011391413095526413,4.843746384647868e-06,7.046708736366194e-06,8.595612728955032e-06,2.0063743628608317e-05,4.681734996164166e-05,6.545780720788322e-05,2.883984413835765e-05,5.7428257146743975e-05,8.710434857010033e-05,4.428817992008378e-06,1.26736770957153e-05,2.718371981689262e-05,3.673806792263623e-07,1.980826187903485e-06,3.112975956067681e-06,7.418085628556285e-07,2.5887258340644344e-06,4.453040172028513e-06
V2_03_difficult,GV,V,high_error,450,62,62,62,450,0,0.6755555555555556,0.533434970960139,0.1080557921719005,0.0924759632055824,0.17355446344270803,0.6468999789083114,0.06195183315516882,2.0357860247442985,450,0,0.6911111111111111,0.5742575099698172,0.11250814055912775,0.09576402198505501,0.18059818932233515,0.6468999789083114,0.06195183315516882,2.0357860247442985,62,0,0.7096774193548387,-0.1864521318811186,0.08155734451895431,0.07908931737764244,0.1003558411286178,0.07112041512465667,0.04450511246924421,0.12355071068478142,0.05607608872487936,0.0983696889522331,0.10673225424400841,0.05607608872487936,0.0983696889522331,0.10673225424400841,0.0031446495108415277,0.009676565661913926,0.011391413095526413,0.0031446495108415277,0.009676565661913926,0.011391413095526413,6.344260928093335e-06,8.327501973557419e-06,8.486317318247216e-06,2.8992498586484995e-05,6.193236654762315e-05,6.977881713702755e-05,4.195986626334714e-05,8.337102616678636e-05,9.218861121162566e-05,8.317135198608282e-06,2.5742154156825907e-05,2.8224580047222815e-05,1.2371448170851838e-06,2.8026801035321707e-06,3.3780724742625275e-06,1.6128666211139482e-06,4.063759367375804e-06,4.760289553944146e-06
V2_03_difficult,GV,V,rising_high_error,268,42,42,42,268,0,0.7798507462686567,0.4888599670592743,0.10787829966079689,0.09219357747774251,0.1690210145140446,0.38773814654113814,0.05280432542744683,0.22027446302680953,268,0,0.8022388059701493,0.4790113578719588,0.1111593203034471,0.09541232394649066,0.16951998717269892,0.38773814654113814,0.05280432542744683,0.22027446302680953,42,0,0.9047619047619048,0.15298531195463816,0.08446331780254021,0.08159255738951211,0.10569707123040786,0.05443879296841234,0.041299102673932594,0.10137128076074696,0.05559249888906564,0.09868102490893924,0.10673225424400841,0.05559249888906564,0.09868102490893924,0.10673225424400841,0.0030904616299653838,0.00973775690152573,0.011391413095526413,0.0030904616299653838,0.00973775690152573,0.011391413095526413,6.344260928093335e-06,8.282525397890433e-06,8.479529629640266e-06,2.674378191653615e-05,5.37780144136604e-05,6.977881713702755e-05,3.842984455918468e-05,7.565731114579005e-05,9.218861121162566e-05,8.34064230516635e-06,2.1357538530899835e-05,2.8224580047222815e-05,1.0619305829190904e-06,2.324130848774596e-06,3.3780724742625275e-06,1.3206414938533744e-06,3.5723161841746696e-06,4.760289553944146e-06
V2_03_difficult,GV,V,high_error_ready_OFF,62,62,62,62,62,0,0.6612903225806451,-0.26067629650130375,0.07837603968242991,0.07337169545963529,0.10025491138076187,0.07112041512465667,0.04450511246924421,0.12355071068478142,62,0,0.7096774193548387,-0.1864521318811186,0.08155734451895431,0.07908931737764244,0.1003558411286178,0.07112041512465667,0.04450511246924421,0.12355071068478142,62,0,0.7096774193548387,-0.1864521318811186,0.08155734451895431,0.07908931737764244,0.1003558411286178,0.07112041512465667,0.04450511246924421,0.12355071068478142,0.05607608872487936,0.0983696889522331,0.10673225424400841,0.05607608872487936,0.0983696889522331,0.10673225424400841,0.0031446495108415277,0.009676565661913926,0.011391413095526413,0.0031446495108415277,0.009676565661913926,0.011391413095526413,6.344260928093335e-06,8.327501973557419e-06,8.486317318247216e-06,2.8992498586484995e-05,6.193236654762315e-05,6.977881713702755e-05,4.195986626334714e-05,8.337102616678636e-05,9.218861121162566e-05,8.317135198608282e-06,2.5742154156825907e-05,2.8224580047222815e-05,1.2371448170851838e-06,2.8026801035321707e-06,3.3780724742625275e-06,1.6128666211139482e-06,4.063759367375804e-06,4.760289553944146e-06
V2_03_difficult,GV,V,high_error_interruption_OFF,308,0,0,0,308,0,0.8246753246753247,-0.11440219106575071,0.10600771254364777,0.09342376878768713,0.15978365830914124,0.07786138231272124,0.0543583543849092,0.16029009721947485,308,0,0.8376623376623377,-0.12665772051532564,0.10944197411321402,0.09709686208288576,0.1644226121806356,0.07786138231272124,0.0543583543849092,0.16029009721947485,0,0,,,,,,,,,,,,,,,,,,,,,,,,,,,,,,,,,,,,,,
V2_03_difficult,GV,V,rising_high_error_ready_OFF,42,42,42,42,42,0,0.8333333333333334,-0.012271714689545092,0.0811805951888558,0.07740436337836845,0.10569489075579597,0.05443879296841234,0.041299102673932594,0.10137128076074696,42,0,0.9047619047619048,0.15298531195463816,0.08446331780254021,0.08159255738951211,0.10569707123040786,0.05443879296841234,0.041299102673932594,0.10137128076074696,42,0,0.9047619047619048,0.15298531195463816,0.08446331780254021,0.08159255738951211,0.10569707123040786,0.05443879296841234,0.041299102673932594,0.10137128076074696,0.05559249888906564,0.09868102490893924,0.10673225424400841,0.05559249888906564,0.09868102490893924,0.10673225424400841,0.0030904616299653838,0.00973775690152573,0.011391413095526413,0.0030904616299653838,0.00973775690152573,0.011391413095526413,6.344260928093335e-06,8.282525397890433e-06,8.479529629640266e-06,2.674378191653615e-05,5.37780144136604e-05,6.977881713702755e-05,3.842984455918468e-05,7.565731114579005e-05,9.218861121162566e-05,8.34064230516635e-06,2.1357538530899835e-05,2.8224580047222815e-05,1.0619305829190904e-06,2.324130848774596e-06,3.3780724742625275e-06,1.3206414938533744e-06,3.5723161841746696e-06,4.760289553944146e-06
V2_03_difficult,GV,V,rising_high_error_interruption_OFF,204,0,0,0,204,0,0.8088235294117647,-0.037509085612357884,0.10901078842996811,0.09562648678153926,0.16009545685268892,0.08184380231082415,0.05280432542744683,0.18311985055824728,204,0,0.8235294117647058,-0.03634229055581909,0.11231752920093122,0.09910078188136315,0.16713627951649226,0.08184380231082415,0.05280432542744683,0.18311985055824728,0,0,,,,,,,,,,,,,,,,,,,,,,,,,,,,,,,,,,,,,,
V2_03_difficult,GV,V,ready_OFF,637,637,637,637,637,0,0.3328100470957614,0.2275858743430174,0.03973432779515254,0.02856839478979728,0.07321022373647981,0.05520998804932124,0.03712358216871167,0.1059183883516372,637,0,0.36891679748822603,0.23847779419947038,0.042170084058392884,0.031443156034615595,0.07886286235386192,0.05520998804932124,0.03712358216871167,0.1059183883516372,637,0,0.36891679748822603,0.23847779419947038,0.042170084058392884,0.031443156034615595,0.07886286235386192,0.05520998804932124,0.03712358216871167,0.1059183883516372,0.0390691857242313,0.09692233233095889,0.1665648956926501,0.0390691857242313,0.09692233233095889,0.1665648956926501,0.0015263561845191337,0.009393837705928712,0.02774297653727339,0.0015263561845191337,0.009393837705928712,0.02774297653727339,5.153636111156536e-06,8.015009229716382e-06,9.235179702157667e-06,2.0384332604880514e-05,4.6583017861832115e-05,7.383737639267094e-05,2.7626982366841935e-05,5.785430126721797e-05,9.218861121162566e-05,4.815522466683932e-06,2.1813001642975113e-05,4.775260077458697e-05,4.381824366087967e-07,2.431589185824548e-06,4.573502924943757e-06,6.784915920148668e-07,2.9736488948760916e-06,5.370883699723146e-06
V2_03_difficult,GV,V,post_startup,1664,637,637,637,1664,0,0.4326923076923077,0.10164776935597263,0.058429727932270296,0.03960294119973003,0.11845543428804174,0.0709148251841874,0.0450966595831717,0.14078556804706643,1664,0,0.45913461538461536,0.09448057651658487,0.061064860762238785,0.041938386336699246,0.12219762409730547,0.0709148251841874,0.0450966595831717,0.14078556804706643,637,0,0.36891679748822603,0.23847779419947038,0.042170084058392884,0.031443156034615595,0.07886286235386192,0.05520998804932124,0.03712358216871167,0.1059183883516372,0.0390691857242313,0.09692233233095889,0.1665648956926501,0.0390691857242313,0.09692233233095889,0.1665648956926501,0.0015263561845191337,0.009393837705928712,0.02774297653727339,0.0015263561845191337,0.009393837705928712,0.02774297653727339,5.153636111156536e-06,8.015009229716382e-06,9.235179702157667e-06,2.0384332604880514e-05,4.6583017861832115e-05,7.383737639267094e-05,2.7626982366841935e-05,5.785430126721797e-05,9.218861121162566e-05,4.815522466683932e-06,2.1813001642975113e-05,4.775260077458697e-05,4.381824366087967e-07,2.431589185824548e-06,4.573502924943757e-06,6.784915920148668e-07,2.9736488948760916e-06,5.370883699723146e-06
V2_03_difficult,GV,V,weak_visual_interruption,256,0,0,0,256,0,0.53125,-0.21882253947721564,0.07956468981565272,0.06076977134225112,0.14823822143790383,0.08894574435159344,0.05511136321722877,0.17225696641222274,256,0,0.53515625,-0.2146473624745068,0.08041601799694793,0.06265127518166572,0.1485231802005498,0.08894574435159344,0.05511136321722877,0.17225696641222274,0,0,,,,,,,,,,,,,,,,,,,,,,,,,,,,,,,,,,,,,,
V2_03_difficult,GV,V,startup,135,0,0,0,135,0,0.1037037037037037,0.8772508402540321,0.10626184090080093,0.08257831832977443,0.1891032749087803,1.175938914510808,0.24079746966625662,2.5790665620557336,135,0,0.1259259259259259,0.8879135805109918,0.11277073294768085,0.09064768280095181,0.20187936789566086,1.175938914510808,0.24079746966625662,2.5790665620557336,0,0,,,,,,,,,,,,,,,,,,,,,,,,,,,,,,,,,,,,,,
V2_03_difficult,GV,V,interruption,1027,0,0,0,1027,0,0.4946445959104187,-0.006654783519557291,0.06747097023552355,0.04717143700115646,0.13212403620457472,0.07910430503381864,0.050706973055137584,0.15629569436442275,1027,0,0.5150925024342746,-0.019695317025009342,0.0702764811716418,0.049753089698687206,0.13512257738388878,0.07910430503381864,0.050706973055137584,0.15629569436442275,0,0,,,,,,,,,,,,,,,,,,,,,,,,,,,,,,,,,,,,,,
V2_03_difficult,GV,V,weak_visual,75,75,75,75,75,0,0.3466666666666667,0.050055942479016985,0.046793054865374564,0.024819283795323246,0.09819439036963322,0.04013316649418952,0.032380648936353236,0.06918218649582454,75,0,0.36,0.04870905185552796,0.047001021001863756,0.024915482847125327,0.09819577184907109,0.04013316649418952,0.032380648936353236,0.06918218649582454,75,0,0.36,0.04870905185552796,0.047001021001863756,0.024915482847125327,0.09819577184907109,0.04013316649418952,0.032380648936353236,0.06918218649582454,0.04016933427744479,0.09074698268485373,0.10673225424400841,0.04016933427744479,0.09074698268485373,0.10673225424400841,0.0016135303082611017,0.008237215657830798,0.011391413095526413,0.0016135303082611017,0.008237215657830798,0.011391413095526413,4.843746384647868e-06,7.046708736366194e-06,8.595612728955032e-06,2.0063743628608317e-05,4.681734996164166e-05,6.545780720788322e-05,2.883984413835765e-05,5.7428257146743975e-05,8.710434857010033e-05,4.428817992008378e-06,1.26736770957153e-05,2.718371981689262e-05,3.673806792263623e-07,1.980826187903485e-06,3.112975956067681e-06,7.418085628556285e-07,2.5887258340644344e-06,4.453040172028513e-06
V2_03_difficult,GV,V,normal,562,562,562,562,562,0,0.3309608540925267,0.2704535530632606,0.03869506337021305,0.028958320056504235,0.07199509192609531,0.05692078878586704,0.038007324946310386,0.11096922603071253,562,0,0.3701067615658363,0.27412935234939434,0.04148285859524572,0.03196102058605603,0.07579038210652544,0.05692078878586704,0.038007324946310386,0.11096922603071253,562,0,0.3701067615658363,0.27412935234939434,0.04148285859524572,0.03196102058605603,0.07579038210652544,0.05692078878586704,0.038007324946310386,0.11096922603071253,0.03902768899876022,0.09823643827806669,0.1665648956926501,0.03902768899876022,0.09823643827806669,0.1665648956926501,0.0015231291377426773,0.0096502953562672,0.02774297653727339,0.0015231291377426773,0.0096502953562672,0.02774297653727339,5.2662328016325705e-06,8.056012909666795e-06,9.235179702157667e-06,2.0453501388897823e-05,4.653650349432885e-05,7.383737639267094e-05,2.7401817306514436e-05,5.7832526752441936e-05,9.218861121162566e-05,4.911401252124925e-06,2.2440773125373063e-05,4.775260077458697e-05,4.427467445924871e-07,2.560832663347543e-06,4.573502924943757e-06,6.686866269234654e-07,3.076410180440603e-06,5.370883699723146e-06
