alpha,ate_rmse_m,audit,baseline_support,conditional_ate_rmse_m,coverage,estimated_rows,exit_code,gate_reason_counts,gt_coverage,initialization_delta_s,landmark_information,mode,output_dir,position_error_max_m,position_error_p95_m,reason,relative_off_percent,relative_reference_percent,run_id,samples,sequence,status,svd_horn_difference_m,tail_position_rmse_m,threading
1,0.18542469263686487,"{'errors': [], 'actual_G': 0, 'actual_V': 0, 'actual_L': 0, 'output_rows': 2784, 'camera_packets': 3682}",2762,0.18542469263686487,1.0,2784,0,,0.9920977011494253,0.0,,OFF,/tmp/ltv_gain_scan_20261009/w0/results/w0_full_MH_01_easy_OFF_1_20261009T030414_c8afe709,0.4915568578402394,0.41098539680658236,,0.0,0.0,w0_full_MH_01_easy_OFF_1_20261009T030414_c8afe709,2762,MH_01_easy,VALID_FULL_MATCHED,2.7755575615628914e-16,0.2420913145351695,"{'actual_opencv_threads': 4, 'verification': 'inferred from frozen num_opencv_threads=4 and original VioManager constructor; post-construction metadata was absent', 'cpu_affinity_per_worker': 4}"
1,0.18543129333568317,"{'errors': [], 'actual_G': 2351, 'actual_V': 0, 'actual_L': 0, 'output_rows': 2784, 'camera_packets': 3682}",2762,0.18543129333568317,1.0,2784,0,"{'G_reason:disabled': 898, 'V_reason:disabled': 3682, 'G_reason:warmup_or_core_invalid': 35, 'G_reason:not_ready_G': 398, 'G_reason:accepted': 2351}",0.9920977011494253,0.0,,G,/tmp/ltv_gain_scan_20261009/w0/results/w0_full_MH_01_easy_G_1_20261009T030459_e09aad91,0.49163869554064193,0.41099866646158467,,0.003559773363748242,0.0,w0_full_MH_01_easy_G_1_20261009T030459_e09aad91,2762,MH_01_easy,VALID_FULL_MATCHED,5.828670879282072e-16,0.24228925849562935,"{'actual_opencv_threads': 4, 'verification': 'inferred from frozen num_opencv_threads=4 and original VioManager constructor; post-construction metadata was absent', 'cpu_affinity_per_worker': 4}"
2,0.18543878957509446,"{'errors': [], 'actual_G': 2351, 'actual_V': 0, 'actual_L': 0, 'output_rows': 2784, 'camera_packets': 3682}",2762,0.18543878957509446,1.0,2784,0,"{'G_reason:disabled': 898, 'V_reason:disabled': 3682, 'G_reason:warmup_or_core_invalid': 35, 'G_reason:not_ready_G': 398, 'G_reason:accepted': 2351}",0.9920977011494253,0.0,,G,/tmp/ltv_gain_scan_20261009/w0/results/w0_full_MH_01_easy_G_2_20261009T031721_5cd6cd51,0.4917214754688629,0.41101294782600256,,0.00760251400668821,0.004042596735676085,w0_full_MH_01_easy_G_2_20261009T031721_5cd6cd51,2762,MH_01_easy,VALID_FULL_MATCHED,1.1102230246251565e-16,0.2424893196784533,"{'actual_opencv_threads': 4, 'verification': 'inferred from frozen num_opencv_threads=4 and original VioManager constructor; post-construction metadata was absent', 'cpu_affinity_per_worker': 4}"
4,0.1855563865617889,"{'errors': [], 'actual_G': 2351, 'actual_V': 0, 'actual_L': 0, 'output_rows': 2784, 'camera_packets': 3682}",2762,0.1855563865617889,1.0,2784,0,"{'G_reason:disabled': 898, 'V_reason:disabled': 3682, 'G_reason:warmup_or_core_invalid': 35, 'G_reason:not_ready_G': 398, 'G_reason:accepted': 2351}",0.9920977011494253,0.0,,G,/tmp/ltv_gain_scan_20261009/w0/results/w0_full_MH_01_easy_G_4_20261009T033317_3956cfb0,0.4921351617470365,0.41127336559770633,,0.07102286273270586,0.06746068792136128,w0_full_MH_01_easy_G_4_20261009T033317_3956cfb0,2762,MH_01_easy,VALID_FULL_MATCHED,1.3322676295501878e-15,0.2434346282036647,"{'actual_opencv_threads': 4, 'verification': 'inferred from frozen num_opencv_threads=4 and original VioManager constructor; post-construction metadata was absent', 'cpu_affinity_per_worker': 4}"
1,0.18540280638204792,"{'errors': [], 'actual_G': 0, 'actual_V': 2344, 'actual_L': 0, 'output_rows': 2784, 'camera_packets': 3682}",2762,0.18540280638204792,1.0,2784,0,"{'G_reason:disabled': 3682, 'V_reason:disabled': 898, 'V_reason:warmup_or_core_invalid': 35, 'V_reason:not_ready_V': 405, 'V_reason:accepted': 2344}",0.9920977011494253,0.0,,V,/tmp/ltv_gain_scan_20261009/w0/results/w0_full_MH_01_easy_V_1_20261009T030726_452c0b95,0.49166363363966675,0.41105169484108606,,-0.011803311902913727,0.0,w0_full_MH_01_easy_V_1_20261009T030726_452c0b95,2762,MH_01_easy,VALID_FULL_MATCHED,2.220446049250313e-16,0.2419529879162189,"{'actual_opencv_threads': 4, 'verification': 'inferred from frozen num_opencv_threads=4 and original VioManager constructor; post-construction metadata was absent', 'cpu_affinity_per_worker': 4}"
2,0.18537949879655122,"{'errors': [], 'actual_G': 0, 'actual_V': 2344, 'actual_L': 0, 'output_rows': 2784, 'camera_packets': 3682}",2762,0.18537949879655122,1.0,2784,0,"{'G_reason:disabled': 3682, 'V_reason:disabled': 898, 'V_reason:warmup_or_core_invalid': 35, 'V_reason:not_ready_V': 405, 'V_reason:accepted': 2344}",0.9920977011494253,0.0,,V,/tmp/ltv_gain_scan_20261009/w0/results/w0_full_MH_01_easy_V_2_20261009T032032_b1372558,0.49177598008727885,0.4111237161783909,,-0.02437315099244053,-0.012571322921983707,w0_full_MH_01_easy_V_2_20261009T032032_b1372558,2762,MH_01_easy,VALID_FULL_MATCHED,2.7755575615628914e-17,0.24182021578277535,"{'actual_opencv_threads': 4, 'verification': 'inferred from frozen num_opencv_threads=4 and original VioManager constructor; post-construction metadata was absent', 'cpu_affinity_per_worker': 4}"
4,0.18533477107695576,"{'errors': [], 'actual_G': 0, 'actual_V': 2344, 'actual_L': 0, 'output_rows': 2784, 'camera_packets': 3682}",2762,0.18533477107695576,1.0,2784,0,"{'G_reason:disabled': 3682, 'V_reason:disabled': 898, 'V_reason:warmup_or_core_invalid': 35, 'V_reason:not_ready_V': 405, 'V_reason:accepted': 2344}",0.9920977011494253,0.0,,V,/tmp/ltv_gain_scan_20261009/w0/results/w0_full_MH_01_easy_V_4_20261009T033627_722d8b24,0.4919958060198141,0.4112632318020874,,-0.04849492191701943,-0.03669594135051746,w0_full_MH_01_easy_V_4_20261009T033627_722d8b24,2762,MH_01_easy,VALID_FULL_MATCHED,2.7755575615628914e-16,0.2415483404260386,"{'actual_opencv_threads': 4, 'verification': 'inferred from frozen num_opencv_threads=4 and original VioManager constructor; post-construction metadata was absent', 'cpu_affinity_per_worker': 4}"
1,0.18540837667162194,"{'errors': [], 'actual_G': 2351, 'actual_V': 2344, 'actual_L': 0, 'output_rows': 2784, 'camera_packets': 3682}",2762,0.18540837667162194,1.0,2784,0,"{'G_reason:disabled': 898, 'V_reason:disabled': 898, 'G_reason:warmup_or_core_invalid': 35, 'V_reason:warmup_or_core_invalid': 35, 'G_reason:not_ready_G': 398, 'V_reason:not_ready_V': 405, 'G_reason:accepted': 2351, 'V_reason:accepted': 2344}",0.9920977011494253,0.0,,GV,/tmp/ltv_gain_scan_20261009/w0/results/w0_full_MH_01_easy_GV_1_20261009T030955_a1e048b0,0.49174265878541673,0.4110623646113545,,-0.008799240818957443,0.0,w0_full_MH_01_easy_GV_1_20261009T030955_a1e048b0,2762,MH_01_easy,VALID_FULL_MATCHED,1.0269562977782698e-15,0.2421512398840327,"{'actual_opencv_threads': 4, 'verification': 'inferred from frozen num_opencv_threads=4 and original VioManager constructor; post-construction metadata was absent', 'cpu_affinity_per_worker': 4}"
2,0.1853907258336261,"{'errors': [], 'actual_G': 2351, 'actual_V': 2344, 'actual_L': 0, 'output_rows': 2784, 'camera_packets': 3682}",2762,0.1853907258336261,1.0,2784,0,"{'G_reason:disabled': 898, 'V_reason:disabled': 898, 'G_reason:warmup_or_core_invalid': 35, 'V_reason:warmup_or_core_invalid': 35, 'G_reason:not_ready_G': 398, 'V_reason:not_ready_V': 405, 'G_reason:accepted': 2351, 'V_reason:accepted': 2344}",0.9920977011494253,0.0,,GV,/tmp/ltv_gain_scan_20261009/w0/results/w0_full_MH_01_easy_GV_2_20261009T032343_17a22cc2,0.491933059926291,0.41114458373109153,,-0.018318381848581033,-0.009519978715477606,w0_full_MH_01_easy_GV_2_20261009T032343_17a22cc2,2762,MH_01_easy,VALID_FULL_MATCHED,8.604228440844963e-16,0.2422121288671352,"{'actual_opencv_threads': 4, 'verification': 'inferred from frozen num_opencv_threads=4 and original VioManager constructor; post-construction metadata was absent', 'cpu_affinity_per_worker': 4}"
4,0.18261939861815216,"{'errors': [], 'actual_G': 2351, 'actual_V': 2344, 'actual_L': 0, 'output_rows': 2784, 'camera_packets': 3682}",2762,0.18261939861815216,1.0,2784,0,"{'G_reason:disabled': 898, 'V_reason:disabled': 898, 'G_reason:warmup_or_core_invalid': 35, 'V_reason:warmup_or_core_invalid': 35, 'G_reason:not_ready_G': 398, 'V_reason:not_ready_V': 405, 'G_reason:accepted': 2351, 'V_reason:accepted': 2344}",0.9920977011494253,0.0,,GV,/tmp/ltv_gain_scan_20261009/w0/results/w0_full_MH_01_easy_GV_4_20261009T033936_b5df0b91,0.48418092636084603,0.4045244354789913,,-1.5129020729761078,-1.5042351934343112,w0_full_MH_01_easy_GV_4_20261009T033936_b5df0b91,2762,MH_01_easy,VALID_FULL_MATCHED,1.1102230246251565e-16,0.23865801578025256,"{'actual_opencv_threads': 4, 'verification': 'inferred from frozen num_opencv_threads=4 and original VioManager constructor; post-construction metadata was absent', 'cpu_affinity_per_worker': 4}"
1,0.18544342839658465,"{'errors': [], 'actual_G': 0, 'actual_V': 0, 'actual_L': 2344, 'output_rows': 2784, 'camera_packets': 3682}",2762,0.18544342839658465,1.0,2784,0,"{'G_reason:disabled': 3682, 'V_reason:disabled': 3682}",0.9920977011494253,0.0,"{'count': 2784, 'total': 0.09449737693148214, 'maximum': 0.00017975680542299728}",L,/tmp/ltv_gain_scan_20261009/w0/results/w0_full_MH_01_easy_L_1_20261009T031224_fe175f1e,0.49156898198818094,0.41097202125570537,,0.010104242025876786,0.0,w0_full_MH_01_easy_L_1_20261009T031224_fe175f1e,2762,MH_01_easy,VALID_FULL_MATCHED,1.942890293094024e-16,0.24218777567551683,"{'actual_opencv_threads': 4, 'verification': 'inferred from frozen num_opencv_threads=4 and original VioManager constructor; post-construction metadata was absent', 'cpu_affinity_per_worker': 4}"
2,0.18545059434333805,"{'errors': [], 'actual_G': 0, 'actual_V': 0, 'actual_L': 2344, 'output_rows': 2784, 'camera_packets': 3682}",2762,0.18545059434333805,1.0,2784,0,"{'G_reason:disabled': 3682, 'V_reason:disabled': 3682}",0.9920977011494253,0.0,"{'count': 2784, 'total': 0.1543338447844682, 'maximum': 0.0002850888871043313}",L,/tmp/ltv_gain_scan_20261009/w0/results/w0_full_MH_01_easy_L_2_20261009T032653_ef883a28,0.4915735767194205,0.4109602826902578,,0.013968855013235526,0.003864222536953399,w0_full_MH_01_easy_L_2_20261009T032653_ef883a28,2762,MH_01_easy,VALID_FULL_MATCHED,1.0269562977782698e-15,0.2422404527440405,"{'actual_opencv_threads': 4, 'verification': 'inferred from frozen num_opencv_threads=4 and original VioManager constructor; post-construction metadata was absent', 'cpu_affinity_per_worker': 4}"
4,0.18545954500543702,"{'errors': [], 'actual_G': 0, 'actual_V': 0, 'actual_L': 2344, 'output_rows': 2784, 'camera_packets': 3682}",2762,0.18545954500543702,1.0,2784,0,"{'G_reason:disabled': 3682, 'V_reason:disabled': 3682}",0.9920977011494253,0.0,"{'count': 2784, 'total': 0.24078626629094277, 'maximum': 0.0004274486536661708}",L,/tmp/ltv_gain_scan_20261009/w0/results/w0_full_MH_01_easy_L_4_20261009T034247_39c9490d,0.4915929584400017,0.41095263321885084,,0.0187959694453399,0.008690849275017065,w0_full_MH_01_easy_L_4_20261009T034247_39c9490d,2762,MH_01_easy,VALID_FULL_MATCHED,0.0,0.24229874214303937,"{'actual_opencv_threads': 4, 'verification': 'inferred from frozen num_opencv_threads=4 and original VioManager constructor; post-construction metadata was absent', 'cpu_affinity_per_worker': 4}"
1,0.1854279785862508,"{'errors': [], 'actual_G': 2351, 'actual_V': 2344, 'actual_L': 2344, 'output_rows': 2784, 'camera_packets': 3682}",2762,0.1854279785862508,1.0,2784,0,"{'G_reason:disabled': 898, 'V_reason:disabled': 898, 'G_reason:warmup_or_core_invalid': 35, 'V_reason:warmup_or_core_invalid': 35, 'G_reason:not_ready_G': 398, 'V_reason:not_ready_V': 405, 'G_reason:accepted': 2351, 'V_reason:accepted': 2344}",0.9920977011494253,0.0,"{'count': 2784, 'total': 0.09438919737199246, 'maximum': 0.0001790592960432437}",L_GV,/tmp/ltv_gain_scan_20261009/w0/results/w0_full_MH_01_easy_L_GV_1_20261009T031452_9c5da34a,0.49176412197830416,0.4110575689489034,,0.0017721207133725159,0.0,w0_full_MH_01_easy_L_GV_1_20261009T031452_9c5da34a,2762,MH_01_easy,VALID_FULL_MATCHED,1.0547118733938987e-15,0.24225389262388827,"{'actual_opencv_threads': 4, 'verification': 'inferred from frozen num_opencv_threads=4 and original VioManager constructor; post-construction metadata was absent', 'cpu_affinity_per_worker': 4}"
2,0.18541829062974205,"{'errors': [], 'actual_G': 2351, 'actual_V': 2344, 'actual_L': 2344, 'output_rows': 2784, 'camera_packets': 3682}",2762,0.18541829062974205,1.0,2784,0,"{'G_reason:disabled': 898, 'V_reason:disabled': 898, 'G_reason:warmup_or_core_invalid': 35, 'V_reason:warmup_or_core_invalid': 35, 'G_reason:not_ready_G': 398, 'V_reason:not_ready_V': 405, 'G_reason:accepted': 2351, 'V_reason:accepted': 2344}",0.9920977011494253,0.0,"{'count': 2784, 'total': 0.1539970942260926, 'maximum': 0.0002828892214922071}",L_GV,/tmp/ltv_gain_scan_20261009/w0/results/w0_full_MH_01_easy_L_GV_2_20261009T033005_456d1335,0.49196014602694,0.4111280022414484,,-0.0034526184359728873,-0.0052246465622962646,w0_full_MH_01_easy_L_GV_2_20261009T033005_456d1335,2762,MH_01_easy,VALID_FULL_MATCHED,7.771561172376096e-16,0.24236057150113166,"{'actual_opencv_threads': 4, 'verification': 'inferred from frozen num_opencv_threads=4 and original VioManager constructor; post-construction metadata was absent', 'cpu_affinity_per_worker': 4}"
4,0.18264881134033653,"{'errors': [], 'actual_G': 2351, 'actual_V': 2344, 'actual_L': 2344, 'output_rows': 2784, 'camera_packets': 3682}",2762,0.18264881134033653,1.0,2784,0,"{'G_reason:disabled': 898, 'V_reason:disabled': 898, 'G_reason:warmup_or_core_invalid': 35, 'V_reason:warmup_or_core_invalid': 35, 'G_reason:not_ready_G': 398, 'V_reason:not_ready_V': 405, 'G_reason:accepted': 2351, 'V_reason:accepted': 2344}",0.9920977011494253,0.0,"{'count': 2784, 'total': 0.23986201690224776, 'maximum': 0.0004208746271074041}",L_GV,/tmp/ltv_gain_scan_20261009/w0/results/w0_full_MH_01_easy_L_GV_4_20261009T034558_69891602,0.48420345559444944,0.40448292056238044,,-1.4970397184179807,-1.4987852788469813,w0_full_MH_01_easy_L_GV_4_20261009T034558_69891602,2762,MH_01_easy,VALID_FULL_MATCHED,3.885780586188048e-16,0.2388570481896114,"{'actual_opencv_threads': 4, 'verification': 'inferred from frozen num_opencv_threads=4 and original VioManager constructor; post-construction metadata was absent', 'cpu_affinity_per_worker': 4}"
1,0.0971297294918716,"{'errors': [], 'actual_G': 0, 'actual_V': 0, 'actual_L': 0, 'output_rows': 2259, 'camera_packets': 3040}",2236,0.0971297294918716,1.0,2259,0,,0.9898185037627268,0.0,,OFF,/tmp/ltv_gain_scan_20261009/w1/results/w1_full_MH_02_easy_OFF_1_20261009T030414_362fcca5,0.32137164088241116,0.1665454407916323,,0.0,0.0,w1_full_MH_02_easy_OFF_1_20261009T030414_362fcca5,2236,MH_02_easy,VALID_FULL_MATCHED,9.159339953157541e-16,0.17241376479540516,"{'actual_opencv_threads': 4, 'verification': 'inferred from frozen num_opencv_threads=4 and original VioManager constructor; post-construction metadata was absent', 'cpu_affinity_per_worker': 4}"
1,0.09707838420440011,"{'errors': [], 'actual_G': 1499, 'actual_V': 0, 'actual_L': 0, 'output_rows': 2259, 'camera_packets': 3040}",2236,0.09707838420440011,1.0,2259,0,"{'G_reason:disabled': 781, 'V_reason:disabled': 3040, 'G_reason:warmup_or_core_invalid': 41, 'G_reason:not_ready_G': 719, 'G_reason:accepted': 1499}",0.9898185037627268,0.0,,G,/tmp/ltv_gain_scan_20261009/w1/results/w1_full_MH_02_easy_G_1_20261009T030459_49c1d348,0.3212116114326331,0.1664243820588271,,-0.052862586707591586,0.0,w1_full_MH_02_easy_G_1_20261009T030459_49c1d348,2236,MH_02_easy,VALID_FULL_MATCHED,5.551115123125783e-17,0.17239204208631945,"{'actual_opencv_threads': 4, 'verification': 'inferred from frozen num_opencv_threads=4 and original VioManager constructor; post-construction metadata was absent', 'cpu_affinity_per_worker': 4}"
2,0.09703012748319025,"{'errors': [], 'actual_G': 1499, 'actual_V': 0, 'actual_L': 0, 'output_rows': 2259, 'camera_packets': 3040}",2236,0.09703012748319025,1.0,2259,0,"{'G_reason:disabled': 781, 'V_reason:disabled': 3040, 'G_reason:warmup_or_core_invalid': 41, 'G_reason:not_ready_G': 719, 'G_reason:accepted': 1499}",0.9898185037627268,0.0,,G,/tmp/ltv_gain_scan_20261009/w1/results/w1_full_MH_02_easy_G_2_20261009T031721_46181c55,0.3210612298457815,0.16616556698296092,,-0.10254533725401194,-0.049709028024469415,w1_full_MH_02_easy_G_2_20261009T031721_46181c55,2236,MH_02_easy,VALID_FULL_MATCHED,8.326672684688674e-17,0.17237390983016773,"{'actual_opencv_threads': 4, 'verification': 'inferred from frozen num_opencv_threads=4 and original VioManager constructor; post-construction metadata was absent', 'cpu_affinity_per_worker': 4}"
4,0.09693948971540448,"{'errors': [], 'actual_G': 1499, 'actual_V': 0, 'actual_L': 0, 'output_rows': 2259, 'camera_packets': 3040}",2236,0.09693948971540448,1.0,2259,0,"{'G_reason:disabled': 781, 'V_reason:disabled': 3040, 'G_reason:warmup_or_core_invalid': 41, 'G_reason:not_ready_G': 719, 'G_reason:accepted': 1499}",0.9898185037627268,0.0,,G,/tmp/ltv_gain_scan_20261009/w1/results/w1_full_MH_02_easy_G_4_20261009T033317_38de5e79,0.32076290828998955,0.16542170245762136,,-0.19586153226447411,-0.14307457847999583,w1_full_MH_02_easy_G_4_20261009T033317_38de5e79,2236,MH_02_easy,VALID_FULL_MATCHED,1.3877787807814457e-16,0.17234230365034756,"{'actual_opencv_threads': 4, 'verification': 'inferred from frozen num_opencv_threads=4 and original VioManager constructor; post-construction metadata was absent', 'cpu_affinity_per_worker': 4}"
1,0.09681698274424538,"{'errors': [], 'actual_G': 0, 'actual_V': 1478, 'actual_L': 0, 'output_rows': 2259, 'camera_packets': 3040}",2236,0.09681698274424538,1.0,2259,0,"{'G_reason:disabled': 3040, 'V_reason:disabled': 781, 'V_reason:warmup_or_core_invalid': 41, 'V_reason:not_ready_V': 740, 'V_reason:accepted': 1478}",0.9898185037627268,0.0,,V,/tmp/ltv_gain_scan_20261009/w1/results/w1_full_MH_02_easy_V_1_20261009T030726_c034ed05,0.31835760051406836,0.16590067973285516,,-0.32198869415402953,0.0,w1_full_MH_02_easy_V_1_20261009T030726_c034ed05,2236,MH_02_easy,VALID_FULL_MATCHED,3.191891195797325e-16,0.17130097701777386,"{'actual_opencv_threads': 4, 'verification': 'inferred from frozen num_opencv_threads=4 and original VioManager constructor; post-construction metadata was absent', 'cpu_affinity_per_worker': 4}"
2,0.09651061554978684,"{'errors': [], 'actual_G': 0, 'actual_V': 1478, 'actual_L': 0, 'output_rows': 2259, 'camera_packets': 3040}",2236,0.09651061554978684,1.0,2259,0,"{'G_reason:disabled': 3040, 'V_reason:disabled': 781, 'V_reason:warmup_or_core_invalid': 41, 'V_reason:not_ready_V': 740, 'V_reason:accepted': 1478}",0.9898185037627268,0.0,,V,/tmp/ltv_gain_scan_20261009/w1/results/w1_full_MH_02_easy_V_2_20261009T032032_48e298cd,0.31539994818494466,0.16518912187929902,,-0.6374093136299441,-0.31643951895078404,w1_full_MH_02_easy_V_2_20261009T032032_48e298cd,2236,MH_02_easy,VALID_FULL_MATCHED,2.7755575615628914e-17,0.1702153288472736,"{'actual_opencv_threads': 4, 'verification': 'inferred from frozen num_opencv_threads=4 and original VioManager constructor; post-construction metadata was absent', 'cpu_affinity_per_worker': 4}"
4,0.09592054300319244,"{'errors': [], 'actual_G': 0, 'actual_V': 1478, 'actual_L': 0, 'output_rows': 2259, 'camera_packets': 3040}",2236,0.09592054300319244,1.0,2259,0,"{'G_reason:disabled': 3040, 'V_reason:disabled': 781, 'V_reason:warmup_or_core_invalid': 41, 'V_reason:not_ready_V': 740, 'V_reason:accepted': 1478}",0.9898185037627268,0.0,,V,/tmp/ltv_gain_scan_20261009/w1/results/w1_full_MH_02_easy_V_4_20261009T033627_dab8a09e,0.3096580009429937,0.16373951419288998,,-1.2449190325196424,-0.9259116692584834,w1_full_MH_02_easy_V_4_20261009T033627_dab8a09e,2236,MH_02_easy,VALID_FULL_MATCHED,5.551115123125783e-17,0.16813434405474215,"{'actual_opencv_threads': 4, 'verification': 'inferred from frozen num_opencv_threads=4 and original VioManager constructor; post-construction metadata was absent', 'cpu_affinity_per_worker': 4}"
1,0.09676577610571799,"{'errors': [], 'actual_G': 1499, 'actual_V': 1478, 'actual_L': 0, 'output_rows': 2259, 'camera_packets': 3040}",2236,0.09676577610571799,1.0,2259,0,"{'G_reason:disabled': 781, 'V_reason:disabled': 781, 'G_reason:warmup_or_core_invalid': 41, 'V_reason:warmup_or_core_invalid': 41, 'G_reason:not_ready_G': 719, 'V_reason:not_ready_V': 740, 'G_reason:accepted': 1499, 'V_reason:accepted': 1478}",0.9898185037627268,0.0,,GV,/tmp/ltv_gain_scan_20261009/w1/results/w1_full_MH_02_easy_GV_1_20261009T030955_211c70eb,0.318204028363303,0.16557568102699174,,-0.3747085347170276,0.0,w1_full_MH_02_easy_GV_1_20261009T030955_211c70eb,2236,MH_02_easy,VALID_FULL_MATCHED,9.020562075079397e-16,0.17127955795734265,"{'actual_opencv_threads': 4, 'verification': 'inferred from frozen num_opencv_threads=4 and original VioManager constructor; post-construction metadata was absent', 'cpu_affinity_per_worker': 4}"
2,0.09641154012796997,"{'errors': [], 'actual_G': 1499, 'actual_V': 1478, 'actual_L': 0, 'output_rows': 2259, 'camera_packets': 3040}",2236,0.09641154012796997,1.0,2259,0,"{'G_reason:disabled': 781, 'V_reason:disabled': 781, 'G_reason:warmup_or_core_invalid': 41, 'V_reason:warmup_or_core_invalid': 41, 'G_reason:not_ready_G': 719, 'V_reason:not_ready_V': 740, 'G_reason:accepted': 1499, 'V_reason:accepted': 1478}",0.9898185037627268,0.0,,GV,/tmp/ltv_gain_scan_20261009/w1/results/w1_full_MH_02_easy_GV_2_20261009T032343_2594b0a5,0.3151096298097356,0.16465933844039765,,-0.7394125029059451,-0.3660756850242253,w1_full_MH_02_easy_GV_2_20261009T032343_2594b0a5,2236,MH_02_easy,VALID_FULL_MATCHED,5.551115123125783e-17,0.17018085582840847,"{'actual_opencv_threads': 4, 'verification': 'inferred from frozen num_opencv_threads=4 and original VioManager constructor; post-construction metadata was absent', 'cpu_affinity_per_worker': 4}"
4,0.09560485177644293,"{'errors': [], 'actual_G': 1499, 'actual_V': 1478, 'actual_L': 0, 'output_rows': 2259, 'camera_packets': 3040}",2236,0.09560485177644293,1.0,2259,0,"{'G_reason:disabled': 781, 'V_reason:disabled': 781, 'G_reason:warmup_or_core_invalid': 41, 'V_reason:warmup_or_core_invalid': 41, 'G_reason:not_ready_G': 719, 'V_reason:not_ready_V': 740, 'G_reason:accepted': 1499, 'V_reason:accepted': 1478}",0.9898185037627268,0.0,,GV,/tmp/ltv_gain_scan_20261009/w1/results/w1_full_MH_02_easy_GV_4_20261009T033936_303e17d9,0.3089706574565108,0.1628530508300382,,-1.5699392177925042,-1.1997261593879371,w1_full_MH_02_easy_GV_4_20261009T033936_303e17d9,2236,MH_02_easy,VALID_FULL_MATCHED,1.8041124150158794e-16,0.16794309674401525,"{'actual_opencv_threads': 4, 'verification': 'inferred from frozen num_opencv_threads=4 and original VioManager constructor; post-construction metadata was absent', 'cpu_affinity_per_worker': 4}"
1,0.09683671898370125,"{'errors': [], 'actual_G': 0, 'actual_V': 0, 'actual_L': 1478, 'output_rows': 2259, 'camera_packets': 3040}",2236,0.09683671898370125,1.0,2259,0,"{'G_reason:disabled': 3040, 'V_reason:disabled': 3040}",0.9898185037627268,0.0,"{'count': 2259, 'total': 0.06859612641576217, 'maximum': 0.00047117386942298605}",L,/tmp/ltv_gain_scan_20261009/w1/results/w1_full_MH_02_easy_L_1_20261009T031224_7b184bca,0.31928712090803163,0.16590779686032758,,-0.30166923114397504,0.0,w1_full_MH_02_easy_L_1_20261009T031224_7b184bca,2236,MH_02_easy,VALID_FULL_MATCHED,5.273559366969494e-16,0.17140777926484455,"{'actual_opencv_threads': 4, 'verification': 'inferred from frozen num_opencv_threads=4 and original VioManager constructor; post-construction metadata was absent', 'cpu_affinity_per_worker': 4}"
2,0.09666387919010339,"{'errors': [], 'actual_G': 0, 'actual_V': 0, 'actual_L': 1478, 'output_rows': 2259, 'camera_packets': 3040}",2236,0.09666387919010339,1.0,2259,0,"{'G_reason:disabled': 3040, 'V_reason:disabled': 3040}",0.9898185037627268,0.0,"{'count': 2259, 'total': 0.11043568897068017, 'maximum': 0.0007231159257535006}",L,/tmp/ltv_gain_scan_20261009/w1/results/w1_full_MH_02_easy_L_2_20261009T032653_7e9c0352,0.3181191309804513,0.16550771472100334,,-0.4796165954597864,-0.17848580105956913,w1_full_MH_02_easy_L_2_20261009T032653_7e9c0352,2236,MH_02_easy,VALID_FULL_MATCHED,8.049116928532385e-16,0.17083205967610177,"{'actual_opencv_threads': 4, 'verification': 'inferred from frozen num_opencv_threads=4 and original VioManager constructor; post-construction metadata was absent', 'cpu_affinity_per_worker': 4}"
4,0.09642518483246683,"{'errors': [], 'actual_G': 0, 'actual_V': 0, 'actual_L': 1478, 'output_rows': 2259, 'camera_packets': 3040}",2236,0.09642518483246683,1.0,2259,0,"{'G_reason:disabled': 3040, 'V_reason:disabled': 3040}",0.9898185037627268,0.0,"{'count': 2259, 'total': 0.16901482402689294, 'maximum': 0.0010460070443922757}",L,/tmp/ltv_gain_scan_20261009/w1/results/w1_full_MH_02_easy_L_4_20261009T034247_0e83be6b,0.31656756600241853,0.16497092344441752,,-0.7253645851692858,-0.42497738002016394,w1_full_MH_02_easy_L_4_20261009T034247_0e83be6b,2236,MH_02_easy,VALID_FULL_MATCHED,4.3021142204224816e-16,0.17005505325068315,"{'actual_opencv_threads': 4, 'verification': 'inferred from frozen num_opencv_threads=4 and original VioManager constructor; post-construction metadata was absent', 'cpu_affinity_per_worker': 4}"
1,0.09647877290088086,"{'errors': [], 'actual_G': 1499, 'actual_V': 1478, 'actual_L': 1478, 'output_rows': 2259, 'camera_packets': 3040}",2236,0.09647877290088086,1.0,2259,0,"{'G_reason:disabled': 781, 'V_reason:disabled': 781, 'G_reason:warmup_or_core_invalid': 41, 'V_reason:warmup_or_core_invalid': 41, 'G_reason:not_ready_G': 719, 'V_reason:not_ready_V': 740, 'G_reason:accepted': 1499, 'V_reason:accepted': 1478}",0.9898185037627268,0.0,"{'count': 2259, 'total': 0.06840096570225628, 'maximum': 0.00046371099297613853}",L_GV,/tmp/ltv_gain_scan_20261009/w1/results/w1_full_MH_02_easy_L_GV_1_20261009T031452_16bbaf52,0.3161627074075957,0.16496622151013826,,-0.6701929413333918,0.0,w1_full_MH_02_easy_L_GV_1_20261009T031452_16bbaf52,2236,MH_02_easy,VALID_FULL_MATCHED,1.3877787807814457e-16,0.17029758014668148,"{'actual_opencv_threads': 4, 'verification': 'inferred from frozen num_opencv_threads=4 and original VioManager constructor; post-construction metadata was absent', 'cpu_affinity_per_worker': 4}"
2,0.09596327762147747,"{'errors': [], 'actual_G': 1499, 'actual_V': 1478, 'actual_L': 1478, 'output_rows': 2259, 'camera_packets': 3040}",2236,0.09596327762147747,1.0,2259,0,"{'G_reason:disabled': 781, 'V_reason:disabled': 781, 'G_reason:warmup_or_core_invalid': 41, 'V_reason:warmup_or_core_invalid': 41, 'G_reason:not_ready_G': 719, 'V_reason:not_ready_V': 740, 'G_reason:accepted': 1499, 'V_reason:accepted': 1478}",0.9898185037627268,0.0,"{'count': 2259, 'total': 0.10983664075005191, 'maximum': 0.0007008018817450461}",L_GV,/tmp/ltv_gain_scan_20261009/w1/results/w1_full_MH_02_easy_L_GV_2_20261009T033005_ec5eecbe,0.3119783690654466,0.16372791702704836,,-1.2009215679857799,-0.5343095314168211,w1_full_MH_02_easy_L_GV_2_20261009T033005_ec5eecbe,2236,MH_02_easy,VALID_FULL_MATCHED,2.0816681711721685e-16,0.1686718961829416,"{'actual_opencv_threads': 4, 'verification': 'inferred from frozen num_opencv_threads=4 and original VioManager constructor; post-construction metadata was absent', 'cpu_affinity_per_worker': 4}"
4,0.09494939668549263,"{'errors': [], 'actual_G': 1499, 'actual_V': 1478, 'actual_L': 1478, 'output_rows': 2259, 'camera_packets': 3040}",2236,0.09494939668549263,1.0,2259,0,"{'G_reason:disabled': 781, 'V_reason:disabled': 781, 'G_reason:warmup_or_core_invalid': 41, 'V_reason:warmup_or_core_invalid': 41, 'G_reason:not_ready_G': 719, 'V_reason:not_ready_V': 740, 'G_reason:accepted': 1499, 'V_reason:accepted': 1478}",0.9898185037627268,0.0,"{'count': 2259, 'total': 0.16729832575160192, 'maximum': 0.0009843994876417655}",L_GV,/tmp/ltv_gain_scan_20261009/w1/results/w1_full_MH_02_easy_L_GV_4_20261009T034558_ca12d766,0.304503797026823,0.1614101972336163,,-2.24476359378869,-1.5851945141958534,w1_full_MH_02_easy_L_GV_4_20261009T034558_ca12d766,2236,MH_02_easy,VALID_FULL_MATCHED,2.0816681711721685e-16,0.16578767192746183,"{'actual_opencv_threads': 4, 'verification': 'inferred from frozen num_opencv_threads=4 and original VioManager constructor; post-construction metadata was absent', 'cpu_affinity_per_worker': 4}"
1,0.14928164624251655,"{'errors': [], 'actual_G': 0, 'actual_V': 0, 'actual_L': 0, 'output_rows': 2311, 'camera_packets': 2700}",2289,0.14928164624251655,1.0,2311,0,,0.9904803115534401,0.0,,OFF,/tmp/ltv_gain_scan_20261009/w2/results/w2_full_MH_03_medium_OFF_1_20261009T030414_f4580a40,0.2966869879767684,0.25385779084292354,,0.0,0.0,w2_full_MH_03_medium_OFF_1_20261009T030414_f4580a40,2289,MH_03_medium,VALID_FULL_MATCHED,5.828670879282072e-16,0.08150257075098602,"{'actual_opencv_threads': 4, 'verification': 'inferred from frozen num_opencv_threads=4 and original VioManager constructor; post-construction metadata was absent', 'cpu_affinity_per_worker': 4}"
1,0.14923274232316647,"{'errors': [], 'actual_G': 2078, 'actual_V': 0, 'actual_L': 0, 'output_rows': 2311, 'camera_packets': 2700}",2289,0.14923274232316647,1.0,2311,0,"{'G_reason:disabled': 389, 'V_reason:disabled': 2700, 'G_reason:warmup_or_core_invalid': 111, 'G_reason:not_ready_G': 122, 'G_reason:accepted': 2078}",0.9904803115534401,0.0,,G,/tmp/ltv_gain_scan_20261009/w2/results/w2_full_MH_03_medium_G_1_20261009T030459_09e45d4e,0.29673883074174584,0.2538046220505144,,-0.03275949896119901,0.0,w2_full_MH_03_medium_G_1_20261009T030459_09e45d4e,2289,MH_03_medium,VALID_FULL_MATCHED,2.7755575615628914e-17,0.08148961442535976,"{'actual_opencv_threads': 4, 'verification': 'inferred from frozen num_opencv_threads=4 and original VioManager constructor; post-construction metadata was absent', 'cpu_affinity_per_worker': 4}"
2,0.14918229529209817,"{'errors': [], 'actual_G': 2078, 'actual_V': 0, 'actual_L': 0, 'output_rows': 2311, 'camera_packets': 2700}",2289,0.14918229529209817,1.0,2311,0,"{'G_reason:disabled': 389, 'V_reason:disabled': 2700, 'G_reason:warmup_or_core_invalid': 111, 'G_reason:not_ready_G': 122, 'G_reason:accepted': 2078}",0.9904803115534401,0.0,,G,/tmp/ltv_gain_scan_20261009/w2/results/w2_full_MH_03_medium_G_2_20261009T031721_bcc49caa,0.29678457767673977,0.2537373014785819,,-0.06655268944246728,-0.03380426458896579,w2_full_MH_03_medium_G_2_20261009T031721_bcc49caa,2289,MH_03_medium,VALID_FULL_MATCHED,5.551115123125783e-17,0.08147655550554123,"{'actual_opencv_threads': 4, 'verification': 'inferred from frozen num_opencv_threads=4 and original VioManager constructor; post-construction metadata was absent', 'cpu_affinity_per_worker': 4}"
4,0.14908467330583033,"{'errors': [], 'actual_G': 2078, 'actual_V': 0, 'actual_L': 0, 'output_rows': 2311, 'camera_packets': 2700}",2289,0.14908467330583033,1.0,2311,0,"{'G_reason:disabled': 389, 'V_reason:disabled': 2700, 'G_reason:warmup_or_core_invalid': 111, 'G_reason:not_ready_G': 122, 'G_reason:accepted': 2078}",0.9904803115534401,0.0,,G,/tmp/ltv_gain_scan_20261009/w2/results/w2_full_MH_03_medium_G_4_20261009T033317_cd69103d,0.29688653332647347,0.25357797287744577,,-0.13194718952002082,-0.09922019459743803,w2_full_MH_03_medium_G_4_20261009T033317_cd69103d,2289,MH_03_medium,VALID_FULL_MATCHED,1.942890293094024e-16,0.08145355020175846,"{'actual_opencv_threads': 4, 'verification': 'inferred from frozen num_opencv_threads=4 and original VioManager constructor; post-construction metadata was absent', 'cpu_affinity_per_worker': 4}"
1,0.14901029150452402,"{'errors': [], 'actual_G': 0, 'actual_V': 1924, 'actual_L': 0, 'output_rows': 2311, 'camera_packets': 2700}",2289,0.14901029150452402,1.0,2311,0,"{'G_reason:disabled': 2700, 'V_reason:disabled': 389, 'V_reason:warmup_or_core_invalid': 111, 'V_reason:not_ready_V': 276, 'V_reason:accepted': 1924}",0.9904803115534401,0.0,,V,/tmp/ltv_gain_scan_20261009/w2/results/w2_full_MH_03_medium_V_1_20261009T030726_e3665da4,0.29624834888663404,0.2535578708510852,,-0.1817736773559564,0.0,w2_full_MH_03_medium_V_1_20261009T030726_e3665da4,2289,MH_03_medium,VALID_FULL_MATCHED,2.498001805406602e-16,0.08130116459342883,"{'actual_opencv_threads': 4, 'verification': 'inferred from frozen num_opencv_threads=4 and original VioManager constructor; post-construction metadata was absent', 'cpu_affinity_per_worker': 4}"
2,0.14873999277779218,"{'errors': [], 'actual_G': 0, 'actual_V': 1924, 'actual_L': 0, 'output_rows': 2311, 'camera_packets': 2700}",2289,0.14873999277779218,1.0,2311,0,"{'G_reason:disabled': 2700, 'V_reason:disabled': 389, 'V_reason:warmup_or_core_invalid': 111, 'V_reason:not_ready_V': 276, 'V_reason:accepted': 1924}",0.9904803115534401,0.0,,V,/tmp/ltv_gain_scan_20261009/w2/results/w2_full_MH_03_medium_V_2_20261009T032032_c1176cea,0.29581007920793634,0.25332560388507214,,-0.3628399594712617,-0.1813960123174696,w2_full_MH_03_medium_V_2_20261009T032032_c1176cea,2289,MH_03_medium,VALID_FULL_MATCHED,4.718447854656915e-16,0.08110118160674383,"{'actual_opencv_threads': 4, 'verification': 'inferred from frozen num_opencv_threads=4 and original VioManager constructor; post-construction metadata was absent', 'cpu_affinity_per_worker': 4}"
4,0.14552968387586382,"{'errors': [], 'actual_G': 0, 'actual_V': 1928, 'actual_L': 0, 'output_rows': 2311, 'camera_packets': 2700}",2289,0.14552968387586382,1.0,2311,0,"{'G_reason:disabled': 2700, 'V_reason:disabled': 389, 'V_reason:warmup_or_core_invalid': 111, 'V_reason:not_ready_V': 272, 'V_reason:accepted': 1928}",0.9904803115534401,0.0,,V,/tmp/ltv_gain_scan_20261009/w2/results/w2_full_MH_03_medium_V_4_20261009T033627_fe3cee56,0.2905901495314478,0.2492193493408397,,-2.5133447152354216,-2.3358169382243887,w2_full_MH_03_medium_V_4_20261009T033627_fe3cee56,2289,MH_03_medium,VALID_FULL_MATCHED,1.3877787807814457e-16,0.07992262311973844,"{'actual_opencv_threads': 4, 'verification': 'inferred from frozen num_opencv_threads=4 and original VioManager constructor; post-construction metadata was absent', 'cpu_affinity_per_worker': 4}"
1,0.1489613487074637,"{'errors': [], 'actual_G': 2078, 'actual_V': 1924, 'actual_L': 0, 'output_rows': 2311, 'camera_packets': 2700}",2289,0.1489613487074637,1.0,2311,0,"{'G_reason:disabled': 389, 'V_reason:disabled': 389, 'G_reason:warmup_or_core_invalid': 111, 'V_reason:warmup_or_core_invalid': 111, 'G_reason:not_ready_G': 122, 'V_reason:not_ready_V': 276, 'G_reason:accepted': 2078, 'V_reason:accepted': 1924}",0.9904803115534401,0.0,,GV,/tmp/ltv_gain_scan_20261009/w2/results/w2_full_MH_03_medium_GV_1_20261009T030955_f0882b1d,0.2963011213670644,0.25348625210842424,,-0.21455921951216705,0.0,w2_full_MH_03_medium_GV_1_20261009T030955_f0882b1d,2289,MH_03_medium,VALID_FULL_MATCHED,4.996003610813204e-16,0.0812876021728715,"{'actual_opencv_threads': 4, 'verification': 'inferred from frozen num_opencv_threads=4 and original VioManager constructor; post-construction metadata was absent', 'cpu_affinity_per_worker': 4}"
2,0.14864199457359029,"{'errors': [], 'actual_G': 2078, 'actual_V': 1924, 'actual_L': 0, 'output_rows': 2311, 'camera_packets': 2700}",2289,0.14864199457359029,1.0,2311,0,"{'G_reason:disabled': 389, 'V_reason:disabled': 389, 'G_reason:warmup_or_core_invalid': 111, 'V_reason:warmup_or_core_invalid': 111, 'G_reason:not_ready_G': 122, 'V_reason:not_ready_V': 276, 'G_reason:accepted': 2078, 'V_reason:accepted': 1924}",0.9904803115534401,0.0,,GV,/tmp/ltv_gain_scan_20261009/w2/results/w2_full_MH_03_medium_GV_2_20261009T032343_9018bb73,0.29591554856199864,0.25311581036838277,,-0.42848647842957943,-0.21438724652028673,w2_full_MH_03_medium_GV_2_20261009T032343_9018bb73,2289,MH_03_medium,VALID_FULL_MATCHED,6.661338147750939e-16,0.08107674569449372,"{'actual_opencv_threads': 4, 'verification': 'inferred from frozen num_opencv_threads=4 and original VioManager constructor; post-construction metadata was absent', 'cpu_affinity_per_worker': 4}"
4,0.14532818674830872,"{'errors': [], 'actual_G': 2078, 'actual_V': 1928, 'actual_L': 0, 'output_rows': 2311, 'camera_packets': 2700}",2289,0.14532818674830872,1.0,2311,0,"{'G_reason:disabled': 389, 'V_reason:disabled': 389, 'G_reason:warmup_or_core_invalid': 111, 'V_reason:warmup_or_core_invalid': 111, 'G_reason:not_ready_G': 122, 'V_reason:not_ready_V': 272, 'G_reason:accepted': 2078, 'V_reason:accepted': 1928}",0.9904803115534401,0.0,,GV,/tmp/ltv_gain_scan_20261009/w2/results/w2_full_MH_03_medium_GV_4_20261009T033936_39c9d14a,0.2907931032754571,0.2487475447928885,,-2.6483225458173276,-2.438996417983519,w2_full_MH_03_medium_GV_4_20261009T033936_39c9d14a,2289,MH_03_medium,VALID_FULL_MATCHED,2.220446049250313e-16,0.07986365044333253,"{'actual_opencv_threads': 4, 'verification': 'inferred from frozen num_opencv_threads=4 and original VioManager constructor; post-construction metadata was absent', 'cpu_affinity_per_worker': 4}"
1,0.1492068922315105,"{'errors': [], 'actual_G': 0, 'actual_V': 0, 'actual_L': 1920, 'output_rows': 2311, 'camera_packets': 2700}",2289,0.1492068922315105,1.0,2311,0,"{'G_reason:disabled': 2700, 'V_reason:disabled': 2700}",0.9904803115534401,0.0,"{'count': 2311, 'total': 0.11432999925511933, 'maximum': 0.00025612759349908596}",L,/tmp/ltv_gain_scan_20261009/w2/results/w2_full_MH_03_medium_L_1_20261009T031224_73731ad0,0.29662082264418027,0.25380018355709716,,-0.05007582170188929,0.0,w2_full_MH_03_medium_L_1_20261009T031224_73731ad0,2289,MH_03_medium,VALID_FULL_MATCHED,7.771561172376096e-16,0.08145476713140509,"{'actual_opencv_threads': 4, 'verification': 'inferred from frozen num_opencv_threads=4 and original VioManager constructor; post-construction metadata was absent', 'cpu_affinity_per_worker': 4}"
2,0.14915175769244174,"{'errors': [], 'actual_G': 0, 'actual_V': 0, 'actual_L': 1920, 'output_rows': 2311, 'camera_packets': 2700}",2289,0.14915175769244174,1.0,2311,0,"{'G_reason:disabled': 2700, 'V_reason:disabled': 2700}",0.9904803115534401,0.0,"{'count': 2311, 'total': 0.19267669845555657, 'maximum': 0.00044400631510699593}",L,/tmp/ltv_gain_scan_20261009/w2/results/w2_full_MH_03_medium_L_2_20261009T032653_3ac157e2,0.29657505546209023,0.2537573892157352,,-0.08700905526175529,-0.03695173744603375,w2_full_MH_03_medium_L_2_20261009T032653_3ac157e2,2289,MH_03_medium,VALID_FULL_MATCHED,2.7755575615628914e-17,0.08142542682610975,"{'actual_opencv_threads': 4, 'verification': 'inferred from frozen num_opencv_threads=4 and original VioManager constructor; post-construction metadata was absent', 'cpu_affinity_per_worker': 4}"
4,0.14906711986894938,"{'errors': [], 'actual_G': 0, 'actual_V': 0, 'actual_L': 1920, 'output_rows': 2311, 'camera_packets': 2700}",2289,0.14906711986894938,1.0,2311,0,"{'G_reason:disabled': 2700, 'V_reason:disabled': 2700}",0.9904803115534401,0.0,"{'count': 2311, 'total': 0.310971003962331, 'maximum': 0.0007366325577498837}",L,/tmp/ltv_gain_scan_20261009/w2/results/w2_full_MH_03_medium_L_4_20261009T034247_2fc30c71,0.2965076462228159,0.2537247248148516,,-0.14370579302069864,-0.09367688078661951,w2_full_MH_03_medium_L_4_20261009T034247_2fc30c71,2289,MH_03_medium,VALID_FULL_MATCHED,1.3877787807814457e-16,0.08138374917171096,"{'actual_opencv_threads': 4, 'verification': 'inferred from frozen num_opencv_threads=4 and original VioManager constructor; post-construction metadata was absent', 'cpu_affinity_per_worker': 4}"
1,0.14888790999814136,"{'errors': [], 'actual_G': 2078, 'actual_V': 1924, 'actual_L': 1920, 'output_rows': 2311, 'camera_packets': 2700}",2289,0.14888790999814136,1.0,2311,0,"{'G_reason:disabled': 389, 'V_reason:disabled': 389, 'G_reason:warmup_or_core_invalid': 111, 'V_reason:warmup_or_core_invalid': 111, 'G_reason:not_ready_G': 122, 'V_reason:not_ready_V': 276, 'G_reason:accepted': 2078, 'V_reason:accepted': 1924}",0.9904803115534401,0.0,"{'count': 2311, 'total': 0.11418573623186354, 'maximum': 0.0002550786170955238}",L_GV,/tmp/ltv_gain_scan_20261009/w2/results/w2_full_MH_03_medium_L_GV_1_20261009T031452_6b4da228,0.2962371688067677,0.2534376138684745,,-0.26375395387557843,0.0,w2_full_MH_03_medium_L_GV_1_20261009T031452_6b4da228,2289,MH_03_medium,VALID_FULL_MATCHED,2.7755575615628914e-17,0.08124231377792156,"{'actual_opencv_threads': 4, 'verification': 'inferred from frozen num_opencv_threads=4 and original VioManager constructor; post-construction metadata was absent', 'cpu_affinity_per_worker': 4}"
2,0.1485130937234718,"{'errors': [], 'actual_G': 2078, 'actual_V': 1924, 'actual_L': 1920, 'output_rows': 2311, 'camera_packets': 2700}",2289,0.1485130937234718,1.0,2311,0,"{'G_reason:disabled': 389, 'V_reason:disabled': 389, 'G_reason:warmup_or_core_invalid': 111, 'V_reason:warmup_or_core_invalid': 111, 'G_reason:not_ready_G': 122, 'V_reason:not_ready_V': 276, 'G_reason:accepted': 2078, 'V_reason:accepted': 1924}",0.9904803115534401,0.0,"{'count': 2311, 'total': 0.1922054511638544, 'maximum': 0.00044039794611672184}",L_GV,/tmp/ltv_gain_scan_20261009/w2/results/w2_full_MH_03_medium_L_GV_2_20261009T033005_b9f6674d,0.29580217170283085,0.2530790857186624,,-0.5148338984661271,-0.2517439291573442,w2_full_MH_03_medium_L_GV_2_20261009T033005_b9f6674d,2289,MH_03_medium,VALID_FULL_MATCHED,4.163336342344337e-16,0.0809998574932862,"{'actual_opencv_threads': 4, 'verification': 'inferred from frozen num_opencv_threads=4 and original VioManager constructor; post-construction metadata was absent', 'cpu_affinity_per_worker': 4}"
4,0.14512321076300763,"{'errors': [], 'actual_G': 2078, 'actual_V': 1928, 'actual_L': 1925, 'output_rows': 2311, 'camera_packets': 2700}",2289,0.14512321076300763,1.0,2311,0,"{'G_reason:disabled': 389, 'V_reason:disabled': 389, 'G_reason:warmup_or_core_invalid': 111, 'V_reason:warmup_or_core_invalid': 111, 'G_reason:not_ready_G': 122, 'V_reason:not_ready_V': 272, 'G_reason:accepted': 2078, 'V_reason:accepted': 1928}",0.9904803115534401,0.0,"{'count': 2311, 'total': 0.31031923681770096, 'maximum': 0.000724843191833456}",L_GV,/tmp/ltv_gain_scan_20261009/w2/results/w2_full_MH_03_medium_L_GV_4_20261009T034558_442ed9eb,0.29062592493725364,0.24858354509169894,,-2.7856307752349596,-2.528545961307893,w2_full_MH_03_medium_L_GV_4_20261009T034558_442ed9eb,2289,MH_03_medium,VALID_FULL_MATCHED,2.498001805406602e-16,0.07973496890414955,"{'actual_opencv_threads': 4, 'verification': 'inferred from frozen num_opencv_threads=4 and original VioManager constructor; post-construction metadata was absent', 'cpu_affinity_per_worker': 4}"
1,0.2762423776506412,"{'errors': [], 'actual_G': 0, 'actual_V': 0, 'actual_L': 0, 'output_rows': 1849, 'camera_packets': 2273}",1826,0.2762423776506412,1.0,1849,0,,0.9875608436992969,0.0,,OFF,/tmp/ltv_gain_scan_20261009/w2/results/w2_full_MH_05_difficult_OFF_1_20261009T023612_d6361de6,0.6077776810779352,0.5043733178359278,,0.0,0.0,w2_full_MH_05_difficult_OFF_1_20261009T023612_d6361de6,1826,MH_05_difficult,VALID_FULL_MATCHED,7.771561172376096e-16,0.4754416672641789,"{'actual_opencv_threads': 4, 'verification': 'inferred from frozen num_opencv_threads=4 and original VioManager constructor; post-construction metadata was absent', 'cpu_affinity_per_worker': 4}"
1,0.2762209201387293,"{'errors': [], 'actual_G': 1638, 'actual_V': 0, 'actual_L': 0, 'output_rows': 1849, 'camera_packets': 2273}",1826,0.2762209201387293,1.0,1849,0,"{'G_reason:disabled': 424, 'V_reason:disabled': 2273, 'G_reason:warmup_or_core_invalid': 98, 'G_reason:not_ready_G': 108, 'G_reason:accepted': 1638, 'G_reason:time_or_token': 5}",0.9875608436992969,0.0,,G,/tmp/ltv_gain_scan_20261009/w2/results/w2_full_MH_05_difficult_G_1_20261009T023803_2576dc75,0.6077321888190201,0.5043553004305859,,-0.007767639452860298,0.0,w2_full_MH_05_difficult_G_1_20261009T023803_2576dc75,1826,MH_05_difficult,VALID_FULL_MATCHED,0.0,0.4754146100401789,"{'actual_opencv_threads': 4, 'verification': 'inferred from frozen num_opencv_threads=4 and original VioManager constructor; post-construction metadata was absent', 'cpu_affinity_per_worker': 4}"
2,0.2762005764746849,"{'errors': [], 'actual_G': 1638, 'actual_V': 0, 'actual_L': 0, 'output_rows': 1849, 'camera_packets': 2273}",1826,0.2762005764746849,1.0,1849,0,"{'G_reason:disabled': 424, 'V_reason:disabled': 2273, 'G_reason:warmup_or_core_invalid': 98, 'G_reason:not_ready_G': 108, 'G_reason:accepted': 1638, 'G_reason:time_or_token': 5}",0.9875608436992969,0.0,,G,/tmp/ltv_gain_scan_20261009/w2/results/w2_full_MH_05_difficult_G_2_20261009T024211_60bff99d,0.6076944517199897,0.5043434901727113,,-0.015132064932188438,-0.007364997565784126,w2_full_MH_05_difficult_G_2_20261009T024211_60bff99d,1826,MH_05_difficult,VALID_FULL_MATCHED,1.6653345369377348e-16,0.47539374857044975,"{'actual_opencv_threads': 4, 'verification': 'inferred from frozen num_opencv_threads=4 and original VioManager constructor; post-construction metadata was absent', 'cpu_affinity_per_worker': 4}"
4,0.2764898504384778,"{'errors': [], 'actual_G': 1638, 'actual_V': 0, 'actual_L': 0, 'output_rows': 1849, 'camera_packets': 2273}",1826,0.2764898504384778,1.0,1849,0,"{'G_reason:disabled': 424, 'V_reason:disabled': 2273, 'G_reason:warmup_or_core_invalid': 98, 'G_reason:not_ready_G': 108, 'G_reason:accepted': 1638, 'G_reason:time_or_token': 5}",0.9875608436992969,0.0,,G,/tmp/ltv_gain_scan_20261009/w2/results/w2_full_MH_05_difficult_G_4_20261009T025359_0dce2665,0.6082029728562661,0.5048126810414499,,0.08958538148320372,0.09736058355516164,w2_full_MH_05_difficult_G_4_20261009T025359_0dce2665,1826,MH_05_difficult,VALID_FULL_MATCHED,7.216449660063518e-16,0.4758463698935304,"{'actual_opencv_threads': 4, 'verification': 'inferred from frozen num_opencv_threads=4 and original VioManager constructor; post-construction metadata was absent', 'cpu_affinity_per_worker': 4}"
1,0.2757957431498765,"{'errors': [], 'actual_G': 0, 'actual_V': 1576, 'actual_L': 0, 'output_rows': 1849, 'camera_packets': 2273}",1826,0.2757957431498765,1.0,1849,0,"{'G_reason:disabled': 2273, 'V_reason:disabled': 424, 'V_reason:warmup_or_core_invalid': 98, 'V_reason:not_ready_V': 170, 'V_reason:accepted': 1576, 'V_reason:time_or_token': 5}",0.9875608436992969,0.0,,V,/tmp/ltv_gain_scan_20261009/w3/results/w3_full_MH_05_difficult_V_1_20261009T023851_9cfe9fc6,0.6068843171789863,0.5032498706955079,,-0.16168210850312503,0.0,w3_full_MH_05_difficult_V_1_20261009T023851_9cfe9fc6,1826,MH_05_difficult,VALID_FULL_MATCHED,1.1102230246251565e-16,0.4745556138138261,"{'actual_opencv_threads': 4, 'verification': 'inferred from frozen num_opencv_threads=4 and original VioManager constructor; post-construction metadata was absent', 'cpu_affinity_per_worker': 4}"
2,0.275343541196329,"{'errors': [], 'actual_G': 0, 'actual_V': 1576, 'actual_L': 0, 'output_rows': 1849, 'camera_packets': 2273}",1826,0.275343541196329,1.0,1849,0,"{'G_reason:disabled': 2273, 'V_reason:disabled': 424, 'V_reason:warmup_or_core_invalid': 98, 'V_reason:not_ready_V': 170, 'V_reason:accepted': 1576, 'V_reason:time_or_token': 5}",0.9875608436992969,0.0,,V,/tmp/ltv_gain_scan_20261009/w3/results/w3_full_MH_05_difficult_V_2_20261009T024259_02cb520b,0.6060581133335772,0.5021890531277217,,-0.32537964013941156,-0.16396262987342647,w3_full_MH_05_difficult_V_2_20261009T024259_02cb520b,1826,MH_05_difficult,VALID_FULL_MATCHED,1.1102230246251565e-16,0.4737275185031312,"{'actual_opencv_threads': 4, 'verification': 'inferred from frozen num_opencv_threads=4 and original VioManager constructor; post-construction metadata was absent', 'cpu_affinity_per_worker': 4}"
4,0.2744111052035264,"{'errors': [], 'actual_G': 0, 'actual_V': 1576, 'actual_L': 0, 'output_rows': 1849, 'camera_packets': 2273}",1826,0.2744111052035264,1.0,1849,0,"{'G_reason:disabled': 2273, 'V_reason:disabled': 424, 'V_reason:warmup_or_core_invalid': 98, 'V_reason:not_ready_V': 170, 'V_reason:accepted': 1576, 'V_reason:time_or_token': 5}",0.9875608436992969,0.0,,V,/tmp/ltv_gain_scan_20261009/w3/results/w3_full_MH_05_difficult_V_4_20261009T025448_444d4487,0.6045700491224709,0.5002759751535684,,-0.6629223447500054,-0.5020519644487798,w3_full_MH_05_difficult_V_4_20261009T025448_444d4487,1826,MH_05_difficult,VALID_FULL_MATCHED,1.1102230246251565e-16,0.47225349417672097,"{'actual_opencv_threads': 4, 'verification': 'inferred from frozen num_opencv_threads=4 and original VioManager constructor; post-construction metadata was absent', 'cpu_affinity_per_worker': 4}"
1,0.2757726485643375,"{'errors': [], 'actual_G': 1638, 'actual_V': 1576, 'actual_L': 0, 'output_rows': 1849, 'camera_packets': 2273}",1826,0.2757726485643375,1.0,1849,0,"{'G_reason:disabled': 424, 'V_reason:disabled': 424, 'G_reason:warmup_or_core_invalid': 98, 'V_reason:warmup_or_core_invalid': 98, 'G_reason:not_ready_G': 108, 'V_reason:not_ready_V': 170, 'G_reason:accepted': 1638, 'V_reason:accepted': 1576, 'G_reason:time_or_token': 5, 'V_reason:time_or_token': 5}",0.9875608436992969,0.0,,GV,/tmp/ltv_gain_scan_20261009/w0/results/w0_full_MH_05_difficult_GV_1_20261009T023859_c1ff7627,0.6068418389816442,0.503231499132671,,-0.17004237014560664,0.0,w0_full_MH_05_difficult_GV_1_20261009T023859_c1ff7627,1826,MH_05_difficult,VALID_FULL_MATCHED,8.881784197001252e-16,0.47452909145487404,"{'actual_opencv_threads': 4, 'verification': 'inferred from frozen num_opencv_threads=4 and original VioManager constructor; post-construction metadata was absent', 'cpu_affinity_per_worker': 4}"
2,0.275270619527056,"{'errors': [], 'actual_G': 1638, 'actual_V': 1576, 'actual_L': 0, 'output_rows': 1849, 'camera_packets': 2273}",1826,0.275270619527056,1.0,1849,0,"{'G_reason:disabled': 424, 'V_reason:disabled': 424, 'G_reason:warmup_or_core_invalid': 98, 'V_reason:warmup_or_core_invalid': 98, 'G_reason:not_ready_G': 108, 'V_reason:not_ready_V': 170, 'G_reason:accepted': 1638, 'V_reason:accepted': 1576, 'G_reason:time_or_token': 5, 'V_reason:time_or_token': 5}",0.9875608436992969,0.0,,GV,/tmp/ltv_gain_scan_20261009/w0/results/w0_full_MH_05_difficult_GV_2_20261009T024307_82c06f50,0.6060994538579476,0.5023551294010244,,-0.35177735286298084,-0.18204453556036615,w0_full_MH_05_difficult_GV_2_20261009T024307_82c06f50,1826,MH_05_difficult,VALID_FULL_MATCHED,2.7755575615628914e-16,0.4738516497675868,"{'actual_opencv_threads': 4, 'verification': 'inferred from frozen num_opencv_threads=4 and original VioManager constructor; post-construction metadata was absent', 'cpu_affinity_per_worker': 4}"
4,0.27476243304896025,"{'errors': [], 'actual_G': 1638, 'actual_V': 1576, 'actual_L': 0, 'output_rows': 1849, 'camera_packets': 2273}",1826,0.27476243304896025,1.0,1849,0,"{'G_reason:disabled': 424, 'V_reason:disabled': 424, 'G_reason:warmup_or_core_invalid': 98, 'V_reason:warmup_or_core_invalid': 98, 'G_reason:not_ready_G': 108, 'V_reason:not_ready_V': 170, 'G_reason:accepted': 1638, 'V_reason:accepted': 1576, 'G_reason:time_or_token': 5, 'V_reason:time_or_token': 5}",0.9875608436992969,0.0,,GV,/tmp/ltv_gain_scan_20261009/w0/results/w0_full_MH_05_difficult_GV_4_20261009T025455_b92e8235,0.6050463364178216,0.5006508698681487,,-0.535741334934714,-0.36632186717441284,w0_full_MH_05_difficult_GV_4_20261009T025455_b92e8235,1826,MH_05_difficult,VALID_FULL_MATCHED,4.996003610813204e-16,0.47261969654589003,"{'actual_opencv_threads': 4, 'verification': 'inferred from frozen num_opencv_threads=4 and original VioManager constructor; post-construction metadata was absent', 'cpu_affinity_per_worker': 4}"
1,0.27629036047823724,"{'errors': [], 'actual_G': 0, 'actual_V': 0, 'actual_L': 1575, 'output_rows': 1849, 'camera_packets': 2273}",1826,0.27629036047823724,1.0,1849,0,"{'G_reason:disabled': 2273, 'V_reason:disabled': 2273}",0.9875608436992969,0.0,"{'count': 1849, 'total': 0.10302471554711681, 'maximum': 0.0002909141474589016}",L,/tmp/ltv_gain_scan_20261009/w1/results/w1_full_MH_05_difficult_L_1_20261009T023841_8ea29395,0.6075678853640047,0.5039173387237079,,0.017369828628077677,0.0,w1_full_MH_05_difficult_L_1_20261009T023841_8ea29395,1826,MH_05_difficult,VALID_FULL_MATCHED,2.220446049250313e-16,0.4751297267511918,"{'actual_opencv_threads': 4, 'verification': 'inferred from frozen num_opencv_threads=4 and original VioManager constructor; post-construction metadata was absent', 'cpu_affinity_per_worker': 4}"
2,0.2763172442561134,"{'errors': [], 'actual_G': 0, 'actual_V': 0, 'actual_L': 1575, 'output_rows': 1849, 'camera_packets': 2273}",1826,0.2763172442561134,1.0,1849,0,"{'G_reason:disabled': 2273, 'V_reason:disabled': 2273}",0.9875608436992969,0.0,"{'count': 1849, 'total': 0.16539365582555685, 'maximum': 0.00044948323478959074}",L,/tmp/ltv_gain_scan_20261009/w1/results/w1_full_MH_05_difficult_L_2_20261009T024249_f3050f2c,0.6074390146321235,0.5036499570006996,,0.02710178145328701,0.009730262695240022,w1_full_MH_05_difficult_L_2_20261009T024249_f3050f2c,1826,MH_05_difficult,VALID_FULL_MATCHED,3.885780586188048e-16,0.4749458493773861,"{'actual_opencv_threads': 4, 'verification': 'inferred from frozen num_opencv_threads=4 and original VioManager constructor; post-construction metadata was absent', 'cpu_affinity_per_worker': 4}"
4,0.2764344203535608,"{'errors': [], 'actual_G': 0, 'actual_V': 0, 'actual_L': 1575, 'output_rows': 1849, 'camera_packets': 2273}",1826,0.2764344203535608,1.0,1849,0,"{'G_reason:disabled': 2273, 'V_reason:disabled': 2273}",0.9875608436992969,0.0,"{'count': 1849, 'total': 0.252299805255307, 'maximum': 0.0006552625177138764}",L,/tmp/ltv_gain_scan_20261009/w1/results/w1_full_MH_05_difficult_L_4_20261009T025438_b2fd2e5c,0.6074197645535662,0.50342670133243,,0.06951963871468791,0.05214075332711232,w1_full_MH_05_difficult_L_4_20261009T025438_b2fd2e5c,1826,MH_05_difficult,VALID_FULL_MATCHED,5.551115123125783e-16,0.47483307284591175,"{'actual_opencv_threads': 4, 'verification': 'inferred from frozen num_opencv_threads=4 and original VioManager constructor; post-construction metadata was absent', 'cpu_affinity_per_worker': 4}"
1,0.2758239551443753,"{'errors': [], 'actual_G': 1638, 'actual_V': 1576, 'actual_L': 1575, 'output_rows': 1849, 'camera_packets': 2273}",1826,0.2758239551443753,1.0,1849,0,"{'G_reason:disabled': 424, 'V_reason:disabled': 424, 'G_reason:warmup_or_core_invalid': 98, 'V_reason:warmup_or_core_invalid': 98, 'G_reason:not_ready_G': 108, 'V_reason:not_ready_V': 170, 'G_reason:accepted': 1638, 'V_reason:accepted': 1576, 'G_reason:time_or_token': 5, 'V_reason:time_or_token': 5}",0.9875608436992969,0.0,"{'count': 1849, 'total': 0.1028740203475069, 'maximum': 0.00028856826311147825}",L_GV,/tmp/ltv_gain_scan_20261009/w2/results/w2_full_MH_05_difficult_L_GV_1_20261009T023912_e9b6a866,0.6067040221336713,0.5028529882098336,,-0.15146934001381007,0.0,w2_full_MH_05_difficult_L_GV_1_20261009T023912_e9b6a866,1826,MH_05_difficult,VALID_FULL_MATCHED,3.885780586188048e-16,0.4742874142262023,"{'actual_opencv_threads': 4, 'verification': 'inferred from frozen num_opencv_threads=4 and original VioManager constructor; post-construction metadata was absent', 'cpu_affinity_per_worker': 4}"
2,0.2753494922995195,"{'errors': [], 'actual_G': 1638, 'actual_V': 1576, 'actual_L': 1575, 'output_rows': 1849, 'camera_packets': 2273}",1826,0.2753494922995195,1.0,1849,0,"{'G_reason:disabled': 424, 'V_reason:disabled': 424, 'G_reason:warmup_or_core_invalid': 98, 'V_reason:warmup_or_core_invalid': 98, 'G_reason:not_ready_G': 108, 'V_reason:not_ready_V': 170, 'G_reason:accepted': 1638, 'V_reason:accepted': 1576, 'G_reason:time_or_token': 5, 'V_reason:time_or_token': 5}",0.9875608436992969,0.0,"{'count': 1849, 'total': 0.1649169803278822, 'maximum': 0.0004423335328394398}",L_GV,/tmp/ltv_gain_scan_20261009/w2/results/w2_full_MH_05_difficult_L_GV_2_20261009T024320_ed3cf3d8,0.6057838774794456,0.5016402234215465,,-0.32322533519854035,-0.17201654751395345,w2_full_MH_05_difficult_L_GV_2_20261009T024320_ed3cf3d8,1826,MH_05_difficult,VALID_FULL_MATCHED,8.881784197001252e-16,0.47336399458996853,"{'actual_opencv_threads': 4, 'verification': 'inferred from frozen num_opencv_threads=4 and original VioManager constructor; post-construction metadata was absent', 'cpu_affinity_per_worker': 4}"
4,0.27478960074694786,"{'errors': [], 'actual_G': 1638, 'actual_V': 1576, 'actual_L': 1575, 'output_rows': 1849, 'camera_packets': 2273}",1826,0.27478960074694786,1.0,1849,0,"{'G_reason:disabled': 424, 'V_reason:disabled': 424, 'G_reason:warmup_or_core_invalid': 98, 'V_reason:warmup_or_core_invalid': 98, 'G_reason:not_ready_G': 108, 'V_reason:not_ready_V': 170, 'G_reason:accepted': 1638, 'V_reason:accepted': 1576, 'G_reason:time_or_token': 5, 'V_reason:time_or_token': 5}",0.9875608436992969,0.0,"{'count': 1849, 'total': 0.2508043379691125, 'maximum': 0.0006349432690006588}",L_GV,/tmp/ltv_gain_scan_20261009/w2/results/w2_full_MH_05_difficult_L_GV_4_20261009T025508_3c47b0c0,0.6043759440216616,0.4994199520398722,,-0.5259066027626824,-0.3750052807726667,w2_full_MH_05_difficult_L_GV_4_20261009T025508_3c47b0c0,1826,MH_05_difficult,VALID_FULL_MATCHED,1.6653345369377348e-16,0.4717228919440042,"{'actual_opencv_threads': 4, 'verification': 'inferred from frozen num_opencv_threads=4 and original VioManager constructor; post-construction metadata was absent', 'cpu_affinity_per_worker': 4}"
1,0.06424283441468073,"{'errors': [], 'actual_G': 0, 'actual_V': 0, 'actual_L': 0, 'output_rows': 2800, 'camera_packets': 2912}",2780,0.06424283441468073,1.0,2800,0,,0.9928571428571429,0.0,,OFF,/tmp/ltv_gain_scan_20261009/w3/results/w3_full_V1_01_easy_OFF_1_20261009T030414_bd657e51,0.13020375190110953,0.10405721090736919,,0.0,0.0,w3_full_V1_01_easy_OFF_1_20261009T030414_bd657e51,2780,V1_01_easy,VALID_FULL_MATCHED,1.249000902703301e-16,0.07799141697627761,"{'actual_opencv_threads': 4, 'verification': 'inferred from frozen num_opencv_threads=4 and original VioManager constructor; post-construction metadata was absent', 'cpu_affinity_per_worker': 4}"
1,0.06424086900111257,"{'errors': [], 'actual_G': 2426, 'actual_V': 0, 'actual_L': 0, 'output_rows': 2800, 'camera_packets': 2912}",2780,0.06424086900111257,1.0,2800,0,"{'G_reason:disabled': 112, 'V_reason:disabled': 2912, 'G_reason:warmup_or_core_invalid': 22, 'G_reason:not_ready_G': 352, 'G_reason:accepted': 2426}",0.9928571428571429,0.0,,G,/tmp/ltv_gain_scan_20261009/w3/results/w3_full_V1_01_easy_G_1_20261009T030459_b7b56e22,0.13019720743905155,0.10405562860911176,,-0.0030593506436416007,0.0,w3_full_V1_01_easy_G_1_20261009T030459_b7b56e22,2780,V1_01_easy,VALID_FULL_MATCHED,2.7755575615628914e-17,0.07799476520065846,"{'actual_opencv_threads': 4, 'verification': 'inferred from frozen num_opencv_threads=4 and original VioManager constructor; post-construction metadata was absent', 'cpu_affinity_per_worker': 4}"
2,0.06423874922447485,"{'errors': [], 'actual_G': 2426, 'actual_V': 0, 'actual_L': 0, 'output_rows': 2800, 'camera_packets': 2912}",2780,0.06423874922447485,1.0,2800,0,"{'G_reason:disabled': 112, 'V_reason:disabled': 2912, 'G_reason:warmup_or_core_invalid': 22, 'G_reason:not_ready_G': 352, 'G_reason:accepted': 2426}",0.9928571428571429,0.0,,G,/tmp/ltv_gain_scan_20261009/w3/results/w3_full_V1_01_easy_G_2_20261009T031721_84ae953f,0.13019048819906834,0.10405368088087687,,-0.0063589818897313855,-0.0032997321964711723,w3_full_V1_01_easy_G_2_20261009T031721_84ae953f,2780,V1_01_easy,VALID_FULL_MATCHED,5.551115123125783e-17,0.0779977811241725,"{'actual_opencv_threads': 4, 'verification': 'inferred from frozen num_opencv_threads=4 and original VioManager constructor; post-construction metadata was absent', 'cpu_affinity_per_worker': 4}"
4,0.06423438006398278,"{'errors': [], 'actual_G': 2426, 'actual_V': 0, 'actual_L': 0, 'output_rows': 2800, 'camera_packets': 2912}",2780,0.06423438006398278,1.0,2800,0,"{'G_reason:disabled': 112, 'V_reason:disabled': 2912, 'G_reason:warmup_or_core_invalid': 22, 'G_reason:not_ready_G': 352, 'G_reason:accepted': 2426}",0.9928571428571429,0.0,,G,/tmp/ltv_gain_scan_20261009/w3/results/w3_full_V1_01_easy_G_4_20261009T033317_fcbbda51,0.13017654625925687,0.10404970201523352,,-0.013159990176303538,-0.010100948556091005,w3_full_V1_01_easy_G_4_20261009T033317_fcbbda51,2780,V1_01_easy,VALID_FULL_MATCHED,2.7755575615628914e-17,0.07800423082222749,"{'actual_opencv_threads': 4, 'verification': 'inferred from frozen num_opencv_threads=4 and original VioManager constructor; post-construction metadata was absent', 'cpu_affinity_per_worker': 4}"
1,0.06424401868050458,"{'errors': [], 'actual_G': 0, 'actual_V': 2407, 'actual_L': 0, 'output_rows': 2800, 'camera_packets': 2912}",2780,0.06424401868050458,1.0,2800,0,"{'G_reason:disabled': 2912, 'V_reason:disabled': 112, 'V_reason:warmup_or_core_invalid': 22, 'V_reason:not_ready_V': 371, 'V_reason:accepted': 2407}",0.9928571428571429,0.0,,V,/tmp/ltv_gain_scan_20261009/w3/results/w3_full_V1_01_easy_V_1_20261009T030726_ae7976bf,0.13021332918863354,0.10405826920490042,,0.0018434208805429009,0.0,w3_full_V1_01_easy_V_1_20261009T030726_ae7976bf,2780,V1_01_easy,VALID_FULL_MATCHED,5.551115123125783e-17,0.07797606575175045,"{'actual_opencv_threads': 4, 'verification': 'inferred from frozen num_opencv_threads=4 and original VioManager constructor; post-construction metadata was absent', 'cpu_affinity_per_worker': 4}"
2,0.06424511910153496,"{'errors': [], 'actual_G': 0, 'actual_V': 2407, 'actual_L': 0, 'output_rows': 2800, 'camera_packets': 2912}",2780,0.06424511910153496,1.0,2800,0,"{'G_reason:disabled': 2912, 'V_reason:disabled': 112, 'V_reason:warmup_or_core_invalid': 22, 'V_reason:not_ready_V': 371, 'V_reason:accepted': 2407}",0.9928571428571429,0.0,,V,/tmp/ltv_gain_scan_20261009/w3/results/w3_full_V1_01_easy_V_2_20261009T032032_7ff0c428,0.13022310229698103,0.10405938479999813,,0.0035563294724649808,0.001712877016379899,w3_full_V1_01_easy_V_2_20261009T032032_7ff0c428,2780,V1_01_easy,VALID_FULL_MATCHED,8.326672684688674e-17,0.07796028823285071,"{'actual_opencv_threads': 4, 'verification': 'inferred from frozen num_opencv_threads=4 and original VioManager constructor; post-construction metadata was absent', 'cpu_affinity_per_worker': 4}"
4,0.06424712556571802,"{'errors': [], 'actual_G': 0, 'actual_V': 2407, 'actual_L': 0, 'output_rows': 2800, 'camera_packets': 2912}",2780,0.06424712556571802,1.0,2800,0,"{'G_reason:disabled': 2912, 'V_reason:disabled': 112, 'V_reason:warmup_or_core_invalid': 22, 'V_reason:not_ready_V': 371, 'V_reason:accepted': 2407}",0.9928571428571429,0.0,,V,/tmp/ltv_gain_scan_20261009/w3/results/w3_full_V1_01_easy_V_4_20261009T033627_c418da9d,0.1302420837415357,0.1040613199941353,,0.006679579250179479,0.004836069220526262,w3_full_V1_01_easy_V_4_20261009T033627_c418da9d,2780,V1_01_easy,VALID_FULL_MATCHED,1.249000902703301e-16,0.07792915102675194,"{'actual_opencv_threads': 4, 'verification': 'inferred from frozen num_opencv_threads=4 and original VioManager constructor; post-construction metadata was absent', 'cpu_affinity_per_worker': 4}"
1,0.06424216418777416,"{'errors': [], 'actual_G': 2426, 'actual_V': 2407, 'actual_L': 0, 'output_rows': 2800, 'camera_packets': 2912}",2780,0.06424216418777416,1.0,2800,0,"{'G_reason:disabled': 112, 'V_reason:disabled': 112, 'G_reason:warmup_or_core_invalid': 22, 'V_reason:warmup_or_core_invalid': 22, 'G_reason:not_ready_G': 352, 'V_reason:not_ready_V': 371, 'G_reason:accepted': 2426, 'V_reason:accepted': 2407}",0.9928571428571429,0.0,,GV,/tmp/ltv_gain_scan_20261009/w3/results/w3_full_V1_01_easy_GV_1_20261009T030955_8f299c43,0.13020682674881995,0.10405677363024259,,-0.0010432710708996318,0.0,w3_full_V1_01_easy_GV_1_20261009T030955_8f299c43,2780,V1_01_easy,VALID_FULL_MATCHED,4.163336342344337e-17,0.07797988952802747,"{'actual_opencv_threads': 4, 'verification': 'inferred from frozen num_opencv_threads=4 and original VioManager constructor; post-construction metadata was absent', 'cpu_affinity_per_worker': 4}"
2,0.06424106994771776,"{'errors': [], 'actual_G': 2426, 'actual_V': 2407, 'actual_L': 0, 'output_rows': 2800, 'camera_packets': 2912}",2780,0.06424106994771776,1.0,2800,0,"{'G_reason:disabled': 112, 'V_reason:disabled': 112, 'G_reason:warmup_or_core_invalid': 22, 'V_reason:warmup_or_core_invalid': 22, 'G_reason:not_ready_G': 352, 'V_reason:not_ready_V': 371, 'G_reason:accepted': 2426, 'V_reason:accepted': 2407}",0.9928571428571429,0.0,,GV,/tmp/ltv_gain_scan_20261009/w3/results/w3_full_V1_01_easy_GV_2_20261009T032343_297271b0,0.13020996571879145,0.10405604158721668,,-0.0027465583968155904,-0.001703305096012464,w3_full_V1_01_easy_GV_2_20261009T032343_297271b0,2780,V1_01_easy,VALID_FULL_MATCHED,6.938893903907228e-17,0.07796704931458612,"{'actual_opencv_threads': 4, 'verification': 'inferred from frozen num_opencv_threads=4 and original VioManager constructor; post-construction metadata was absent', 'cpu_affinity_per_worker': 4}"
4,0.06423913785365798,"{'errors': [], 'actual_G': 2426, 'actual_V': 2407, 'actual_L': 0, 'output_rows': 2800, 'camera_packets': 2912}",2780,0.06423913785365798,1.0,2800,0,"{'G_reason:disabled': 112, 'V_reason:disabled': 112, 'G_reason:warmup_or_core_invalid': 22, 'V_reason:warmup_or_core_invalid': 22, 'G_reason:not_ready_G': 352, 'V_reason:not_ready_V': 371, 'G_reason:accepted': 2426, 'V_reason:accepted': 2407}",0.9928571428571429,0.0,,GV,/tmp/ltv_gain_scan_20261009/w3/results/w3_full_V1_01_easy_GV_4_20261009T033936_accfbf31,0.13021557454017021,0.10405442957044676,,-0.005754044099137712,-0.004710822174880391,w3_full_V1_01_easy_GV_4_20261009T033936_accfbf31,2780,V1_01_easy,VALID_FULL_MATCHED,6.938893903907228e-17,0.07794221121563726,"{'actual_opencv_threads': 4, 'verification': 'inferred from frozen num_opencv_threads=4 and original VioManager constructor; post-construction metadata was absent', 'cpu_affinity_per_worker': 4}"
1,0.06423859757288816,"{'errors': [], 'actual_G': 0, 'actual_V': 0, 'actual_L': 2406, 'output_rows': 2800, 'camera_packets': 2912}",2780,0.06423859757288816,1.0,2800,0,"{'G_reason:disabled': 2912, 'V_reason:disabled': 2912}",0.9928571428571429,0.0,"{'count': 2800, 'total': 0.03257119579091575, 'maximum': 3.5234785384856e-05}",L,/tmp/ltv_gain_scan_20261009/w3/results/w3_full_V1_01_easy_L_1_20261009T031224_f6bdfb17,0.130198461560705,0.10405410015446243,,-0.0065950418146609735,0.0,w3_full_V1_01_easy_L_1_20261009T031224_f6bdfb17,2780,V1_01_easy,VALID_FULL_MATCHED,8.326672684688674e-17,0.07797161090250287,"{'actual_opencv_threads': 4, 'verification': 'inferred from frozen num_opencv_threads=4 and original VioManager constructor; post-construction metadata was absent', 'cpu_affinity_per_worker': 4}"
2,0.06423524870272079,"{'errors': [], 'actual_G': 0, 'actual_V': 0, 'actual_L': 2406, 'output_rows': 2800, 'camera_packets': 2912}",2780,0.06423524870272079,1.0,2800,0,"{'G_reason:disabled': 2912, 'V_reason:disabled': 2912}",0.9928571428571429,0.0,"{'count': 2800, 'total': 0.05960978394755669, 'maximum': 6.429367258713421e-05}",L,/tmp/ltv_gain_scan_20261009/w3/results/w3_full_V1_01_easy_L_2_20261009T032653_5eeebc64,0.1301955568179865,0.10405246130286447,,-0.011807872471780723,-0.005213174468154946,w3_full_V1_01_easy_L_2_20261009T032653_5eeebc64,2780,V1_01_easy,VALID_FULL_MATCHED,0.0,0.0779553200889003,"{'actual_opencv_threads': 4, 'verification': 'inferred from frozen num_opencv_threads=4 and original VioManager constructor; post-construction metadata was absent', 'cpu_affinity_per_worker': 4}"
4,0.0642299196075099,"{'errors': [], 'actual_G': 0, 'actual_V': 0, 'actual_L': 2406, 'output_rows': 2800, 'camera_packets': 2912}",2780,0.0642299196075099,1.0,2800,0,"{'G_reason:disabled': 2912, 'V_reason:disabled': 2912}",0.9928571428571429,0.0,"{'count': 2800, 'total': 0.10592246413485366, 'maximum': 0.00011371578811509591}",L,/tmp/ltv_gain_scan_20261009/w3/results/w3_full_V1_01_easy_L_4_20261009T034247_78ebd036,0.13018882314634564,0.10404900462171991,,-0.020103109223779114,-0.013508958330565868,w3_full_V1_01_easy_L_4_20261009T034247_78ebd036,2780,V1_01_easy,VALID_FULL_MATCHED,4.163336342344337e-17,0.07793084921021377,"{'actual_opencv_threads': 4, 'verification': 'inferred from frozen num_opencv_threads=4 and original VioManager constructor; post-construction metadata was absent', 'cpu_affinity_per_worker': 4}"
1,0.0642376756396044,"{'errors': [], 'actual_G': 2426, 'actual_V': 2407, 'actual_L': 2406, 'output_rows': 2800, 'camera_packets': 2912}",2780,0.0642376756396044,1.0,2800,0,"{'G_reason:disabled': 112, 'V_reason:disabled': 112, 'G_reason:warmup_or_core_invalid': 22, 'V_reason:warmup_or_core_invalid': 22, 'G_reason:not_ready_G': 352, 'V_reason:not_ready_V': 371, 'G_reason:accepted': 2426, 'V_reason:accepted': 2407}",0.9928571428571429,0.0,"{'count': 2800, 'total': 0.032565823006336175, 'maximum': 3.5219645392087594e-05}",L_GV,/tmp/ltv_gain_scan_20261009/w3/results/w3_full_V1_01_easy_L_GV_1_20261009T031452_368fc8da,0.13020168961783204,0.10405351655705568,,-0.008030117480539722,0.0,w3_full_V1_01_easy_L_GV_1_20261009T031452_368fc8da,2780,V1_01_easy,VALID_FULL_MATCHED,6.938893903907228e-17,0.07795939160307172,"{'actual_opencv_threads': 4, 'verification': 'inferred from frozen num_opencv_threads=4 and original VioManager constructor; post-construction metadata was absent', 'cpu_affinity_per_worker': 4}"
2,0.06423335450902669,"{'errors': [], 'actual_G': 2426, 'actual_V': 2407, 'actual_L': 2406, 'output_rows': 2800, 'camera_packets': 2912}",2780,0.06423335450902669,1.0,2800,0,"{'G_reason:disabled': 112, 'V_reason:disabled': 112, 'G_reason:warmup_or_core_invalid': 22, 'V_reason:warmup_or_core_invalid': 22, 'G_reason:not_ready_G': 352, 'V_reason:not_ready_V': 371, 'G_reason:accepted': 2426, 'V_reason:accepted': 2407}",0.9928571428571429,0.0,"{'count': 2800, 'total': 0.059590220506175136, 'maximum': 6.423999605750699e-05}",L_GV,/tmp/ltv_gain_scan_20261009/w3/results/w3_full_V1_01_easy_L_GV_2_20261009T033005_7bce96c1,0.130200973051664,0.10405090310145755,,-0.014756362698531422,-0.006726785386756973,w3_full_V1_01_easy_L_GV_2_20261009T033005_7bce96c1,2780,V1_01_easy,VALID_FULL_MATCHED,1.3877787807814457e-17,0.07793122784791903,"{'actual_opencv_threads': 4, 'verification': 'inferred from frozen num_opencv_threads=4 and original VioManager constructor; post-construction metadata was absent', 'cpu_affinity_per_worker': 4}"
4,0.06422611044431478,"{'errors': [], 'actual_G': 2426, 'actual_V': 2407, 'actual_L': 2406, 'output_rows': 2800, 'camera_packets': 2912}",2780,0.06422611044431478,1.0,2800,0,"{'G_reason:disabled': 112, 'V_reason:disabled': 112, 'G_reason:warmup_or_core_invalid': 22, 'V_reason:warmup_or_core_invalid': 22, 'G_reason:not_ready_G': 352, 'V_reason:not_ready_V': 371, 'G_reason:accepted': 2426, 'V_reason:accepted': 2407}",0.9928571428571429,0.0,"{'count': 2800, 'total': 0.1058533185196887, 'maximum': 0.00011352125108936338}",L_GV,/tmp/ltv_gain_scan_20261009/w3/results/w3_full_V1_01_easy_L_GV_4_20261009T034558_456864a3,0.1302004184075166,0.10404615552618775,,-0.026032429170230742,-0.01800375741256577,w3_full_V1_01_easy_L_GV_4_20261009T034558_456864a3,2780,V1_01_easy,VALID_FULL_MATCHED,2.220446049250313e-16,0.07788191761381717,"{'actual_opencv_threads': 4, 'verification': 'inferred from frozen num_opencv_threads=4 and original VioManager constructor; post-construction metadata was absent', 'cpu_affinity_per_worker': 4}"
1,0.06818795827882117,"{'errors': [], 'actual_G': 0, 'actual_V': 0, 'actual_L': 0, 'output_rows': 1611, 'camera_packets': 1710}",1592,0.06818795827882117,1.0,1611,0,,0.9882060831781502,0.0,,OFF,/tmp/ltv_gain_scan_20261009/w0/results/w0_full_V1_02_medium_OFF_1_20261009T030444_c6e520af,0.12721735194899958,0.10797092974255955,,0.0,0.0,w0_full_V1_02_medium_OFF_1_20261009T030444_c6e520af,1592,V1_02_medium,VALID_FULL_MATCHED,0.0,0.08907552186831459,"{'actual_opencv_threads': 4, 'verification': 'inferred from frozen num_opencv_threads=4 and original VioManager constructor; post-construction metadata was absent', 'cpu_affinity_per_worker': 4}"
1,0.06819200832411045,"{'errors': [], 'actual_G': 953, 'actual_V': 0, 'actual_L': 0, 'output_rows': 1611, 'camera_packets': 1710}",1592,0.06819200832411045,1.0,1611,0,"{'G_reason:disabled': 99, 'V_reason:disabled': 1710, 'G_reason:warmup_or_core_invalid': 129, 'G_reason:not_ready_G': 529, 'G_reason:accepted': 953}",0.9882060831781502,0.0,,G,/tmp/ltv_gain_scan_20261009/w0/results/w0_full_V1_02_medium_G_1_20261009T030649_f77ea6ac,0.12722332444236537,0.10798247311374407,,0.0059395315411991945,0.0,w0_full_V1_02_medium_G_1_20261009T030649_f77ea6ac,1592,V1_02_medium,VALID_FULL_MATCHED,8.326672684688674e-17,0.08907955652190161,"{'actual_opencv_threads': 4, 'verification': 'inferred from frozen num_opencv_threads=4 and original VioManager constructor; post-construction metadata was absent', 'cpu_affinity_per_worker': 4}"
2,0.06819535314679341,"{'errors': [], 'actual_G': 953, 'actual_V': 0, 'actual_L': 0, 'output_rows': 1611, 'camera_packets': 1710}",1592,0.06819535314679341,1.0,1611,0,"{'G_reason:disabled': 99, 'V_reason:disabled': 1710, 'G_reason:warmup_or_core_invalid': 129, 'G_reason:not_ready_G': 529, 'G_reason:accepted': 953}",0.9882060831781502,0.0,,G,/tmp/ltv_gain_scan_20261009/w0/results/w0_full_V1_02_medium_G_2_20261009T031911_32f566d6,0.12722692798889784,0.10799372800153713,,0.010844829730793926,0.004905006855149274,w0_full_V1_02_medium_G_2_20261009T031911_32f566d6,1592,V1_02_medium,VALID_FULL_MATCHED,1.3877787807814457e-17,0.08908239261834967,"{'actual_opencv_threads': 4, 'verification': 'inferred from frozen num_opencv_threads=4 and original VioManager constructor; post-construction metadata was absent', 'cpu_affinity_per_worker': 4}"
4,0.06820282605008333,"{'errors': [], 'actual_G': 953, 'actual_V': 0, 'actual_L': 0, 'output_rows': 1611, 'camera_packets': 1710}",1592,0.06820282605008333,1.0,1611,0,"{'G_reason:disabled': 99, 'V_reason:disabled': 1710, 'G_reason:warmup_or_core_invalid': 129, 'G_reason:not_ready_G': 529, 'G_reason:accepted': 953}",0.9882060831781502,0.0,,G,/tmp/ltv_gain_scan_20261009/w0/results/w0_full_V1_02_medium_G_4_20261009T033505_fe84e4ce,0.12723636143528644,0.10801207787262275,,0.021804100954847527,0.01586362718850598,w0_full_V1_02_medium_G_4_20261009T033505_fe84e4ce,1592,V1_02_medium,VALID_FULL_MATCHED,0.0,0.08908920123573374,"{'actual_opencv_threads': 4, 'verification': 'inferred from frozen num_opencv_threads=4 and original VioManager constructor; post-construction metadata was absent', 'cpu_affinity_per_worker': 4}"
1,0.06819022989543307,"{'errors': [], 'actual_G': 0, 'actual_V': 932, 'actual_L': 0, 'output_rows': 1611, 'camera_packets': 1710}",1592,0.06819022989543307,1.0,1611,0,"{'G_reason:disabled': 1710, 'V_reason:disabled': 99, 'V_reason:warmup_or_core_invalid': 129, 'V_reason:not_ready_V': 550, 'V_reason:accepted': 932}",0.9882060831781502,0.0,,V,/tmp/ltv_gain_scan_20261009/w0/results/w0_full_V1_02_medium_V_1_20261009T030917_4353eaad,0.12723048562871278,0.10797870584948113,,0.003331404355311207,0.0,w0_full_V1_02_medium_V_1_20261009T030917_4353eaad,1592,V1_02_medium,VALID_FULL_MATCHED,8.326672684688674e-17,0.08908436262977874,"{'actual_opencv_threads': 4, 'verification': 'inferred from frozen num_opencv_threads=4 and original VioManager constructor; post-construction metadata was absent', 'cpu_affinity_per_worker': 4}"
2,0.06819248831784684,"{'errors': [], 'actual_G': 0, 'actual_V': 932, 'actual_L': 0, 'output_rows': 1611, 'camera_packets': 1710}",1592,0.06819248831784684,1.0,1611,0,"{'G_reason:disabled': 1710, 'V_reason:disabled': 99, 'V_reason:warmup_or_core_invalid': 129, 'V_reason:not_ready_V': 550, 'V_reason:accepted': 932}",0.9882060831781502,0.0,,V,/tmp/ltv_gain_scan_20261009/w0/results/w0_full_V1_02_medium_V_2_20261009T032222_64b92c9d,0.12724300045494863,0.10798686530306162,,0.0066434589625741225,0.00331194427301007,w0_full_V1_02_medium_V_2_20261009T032222_64b92c9d,1592,V1_02_medium,VALID_FULL_MATCHED,6.938893903907228e-17,0.08909326494562948,"{'actual_opencv_threads': 4, 'verification': 'inferred from frozen num_opencv_threads=4 and original VioManager constructor; post-construction metadata was absent', 'cpu_affinity_per_worker': 4}"
4,0.06819700940774548,"{'errors': [], 'actual_G': 0, 'actual_V': 932, 'actual_L': 0, 'output_rows': 1611, 'camera_packets': 1710}",1592,0.06819700940774548,1.0,1611,0,"{'G_reason:disabled': 1710, 'V_reason:disabled': 99, 'V_reason:warmup_or_core_invalid': 129, 'V_reason:not_ready_V': 550, 'V_reason:accepted': 932}",0.9882060831781502,0.0,,V,/tmp/ltv_gain_scan_20261009/w0/results/w0_full_V1_02_medium_V_4_20261009T033815_3371578e,0.12726871318222455,0.10799845744703926,,0.013273793720736116,0.009942058155254507,w0_full_V1_02_medium_V_4_20261009T033815_3371578e,1592,V1_02_medium,VALID_FULL_MATCHED,0.0,0.08911081713892491,"{'actual_opencv_threads': 4, 'verification': 'inferred from frozen num_opencv_threads=4 and original VioManager constructor; post-construction metadata was absent', 'cpu_affinity_per_worker': 4}"
1,0.06819382751897325,"{'errors': [], 'actual_G': 953, 'actual_V': 932, 'actual_L': 0, 'output_rows': 1611, 'camera_packets': 1710}",1592,0.06819382751897325,1.0,1611,0,"{'G_reason:disabled': 99, 'V_reason:disabled': 99, 'G_reason:warmup_or_core_invalid': 129, 'V_reason:warmup_or_core_invalid': 129, 'G_reason:not_ready_G': 529, 'V_reason:not_ready_V': 550, 'G_reason:accepted': 953, 'V_reason:accepted': 932}",0.9882060831781502,0.0,,GV,/tmp/ltv_gain_scan_20261009/w0/results/w0_full_V1_02_medium_GV_1_20261009T031145_0161eaf8,0.1272349163624483,0.10799006432408222,,0.00860744374848732,0.0,w0_full_V1_02_medium_GV_1_20261009T031145_0161eaf8,1592,V1_02_medium,VALID_FULL_MATCHED,5.551115123125783e-17,0.0890877371972807,"{'actual_opencv_threads': 4, 'verification': 'inferred from frozen num_opencv_threads=4 and original VioManager constructor; post-construction metadata was absent', 'cpu_affinity_per_worker': 4}"
2,0.06819992285885222,"{'errors': [], 'actual_G': 953, 'actual_V': 932, 'actual_L': 0, 'output_rows': 1611, 'camera_packets': 1710}",1592,0.06819992285885222,1.0,1611,0,"{'G_reason:disabled': 99, 'V_reason:disabled': 99, 'G_reason:warmup_or_core_invalid': 129, 'V_reason:warmup_or_core_invalid': 129, 'G_reason:not_ready_G': 529, 'V_reason:not_ready_V': 550, 'G_reason:accepted': 953, 'V_reason:accepted': 932}",0.9882060831781502,0.0,,GV,/tmp/ltv_gain_scan_20261009/w0/results/w0_full_V1_02_medium_GV_2_20261009T032533_e3922774,0.12725258447494395,0.10800914952939607,,0.017546470569085315,0.008938257465129773,w0_full_V1_02_medium_GV_2_20261009T032533_e3922774,1592,V1_02_medium,VALID_FULL_MATCHED,1.3877787807814457e-16,0.08910002829586879,"{'actual_opencv_threads': 4, 'verification': 'inferred from frozen num_opencv_threads=4 and original VioManager constructor; post-construction metadata was absent', 'cpu_affinity_per_worker': 4}"
4,0.0682116152528801,"{'errors': [], 'actual_G': 953, 'actual_V': 932, 'actual_L': 0, 'output_rows': 1611, 'camera_packets': 1710}",1592,0.0682116152528801,1.0,1611,0,"{'G_reason:disabled': 99, 'V_reason:disabled': 99, 'G_reason:warmup_or_core_invalid': 129, 'V_reason:warmup_or_core_invalid': 129, 'G_reason:not_ready_G': 529, 'V_reason:not_ready_V': 550, 'G_reason:accepted': 953, 'V_reason:accepted': 932}",0.9882060831781502,0.0,,GV,/tmp/ltv_gain_scan_20261009/w0/results/w0_full_V1_02_medium_GV_4_20261009T034126_16d2ff5b,0.12728686876126571,0.10804182529840056,,0.03469377094735826,0.026084082026178734,w0_full_V1_02_medium_GV_4_20261009T034126_16d2ff5b,1592,V1_02_medium,VALID_FULL_MATCHED,1.3877787807814457e-17,0.08912415398861295,"{'actual_opencv_threads': 4, 'verification': 'inferred from frozen num_opencv_threads=4 and original VioManager constructor; post-construction metadata was absent', 'cpu_affinity_per_worker': 4}"
1,0.06818700362777047,"{'errors': [], 'actual_G': 0, 'actual_V': 0, 'actual_L': 930, 'output_rows': 1611, 'camera_packets': 1710}",1592,0.06818700362777047,1.0,1611,0,"{'G_reason:disabled': 1710, 'V_reason:disabled': 1710}",0.9882060831781502,0.0,"{'count': 1611, 'total': 0.02116708883425843, 'maximum': 5.0003718394640924e-05}",L,/tmp/ltv_gain_scan_20261009/w0/results/w0_full_V1_02_medium_L_1_20261009T031413_7923a50f,0.12721357094343536,0.10797361493179881,,-0.0014000287951065893,0.0,w0_full_V1_02_medium_L_1_20261009T031413_7923a50f,1592,V1_02_medium,VALID_FULL_MATCHED,2.7755575615628914e-17,0.08907342338914985,"{'actual_opencv_threads': 4, 'verification': 'inferred from frozen num_opencv_threads=4 and original VioManager constructor; post-construction metadata was absent', 'cpu_affinity_per_worker': 4}"
2,0.06818611098906047,"{'errors': [], 'actual_G': 0, 'actual_V': 0, 'actual_L': 930, 'output_rows': 1611, 'camera_packets': 1710}",1592,0.06818611098906047,1.0,1611,0,"{'G_reason:disabled': 1710, 'V_reason:disabled': 1710}",0.9882060831781502,0.0,"{'count': 1611, 'total': 0.038398335626065115, 'maximum': 8.720927268369396e-05}",L,/tmp/ltv_gain_scan_20261009/w0/results/w0_full_V1_02_medium_L_2_20261009T032843_a552d380,0.12721011566697069,0.10797461085744921,,-0.0027091143470658885,-0.0013091038797874432,w0_full_V1_02_medium_L_2_20261009T032843_a552d380,1592,V1_02_medium,VALID_FULL_MATCHED,1.3877787807814457e-17,0.08907163817420911,"{'actual_opencv_threads': 4, 'verification': 'inferred from frozen num_opencv_threads=4 and original VioManager constructor; post-construction metadata was absent', 'cpu_affinity_per_worker': 4}"
4,0.06818478850408642,"{'errors': [], 'actual_G': 0, 'actual_V': 0, 'actual_L': 930, 'output_rows': 1611, 'camera_packets': 1710}",1592,0.06818478850408642,1.0,1611,0,"{'G_reason:disabled': 1710, 'V_reason:disabled': 1710}",0.9882060831781502,0.0,"{'count': 1611, 'total': 0.06748257353869729, 'maximum': 0.00015258121696639892}",L,/tmp/ltv_gain_scan_20261009/w0/results/w0_full_V1_02_medium_L_4_20261009T034437_697d6ada,0.12720584943716753,0.10797327119465104,,-0.004648584317168414,-0.0032486010034138424,w0_full_V1_02_medium_L_4_20261009T034437_697d6ada,1592,V1_02_medium,VALID_FULL_MATCHED,1.3877787807814457e-16,0.08906890228234444,"{'actual_opencv_threads': 4, 'verification': 'inferred from frozen num_opencv_threads=4 and original VioManager constructor; post-construction metadata was absent', 'cpu_affinity_per_worker': 4}"
1,0.06819284500892467,"{'errors': [], 'actual_G': 953, 'actual_V': 932, 'actual_L': 930, 'output_rows': 1611, 'camera_packets': 1710}",1592,0.06819284500892467,1.0,1611,0,"{'G_reason:disabled': 99, 'V_reason:disabled': 99, 'G_reason:warmup_or_core_invalid': 129, 'V_reason:warmup_or_core_invalid': 129, 'G_reason:not_ready_G': 529, 'V_reason:not_ready_V': 550, 'G_reason:accepted': 953, 'V_reason:accepted': 932}",0.9882060831781502,0.0,"{'count': 1611, 'total': 0.021162023258914517, 'maximum': 4.9950595036461125e-05}",L_GV,/tmp/ltv_gain_scan_20261009/w0/results/w0_full_V1_02_medium_L_GV_1_20261009T031643_6da47fba,0.1272305733598756,0.10799151864399867,,0.007166558769089448,0.0,w0_full_V1_02_medium_L_GV_1_20261009T031643_6da47fba,1592,V1_02_medium,VALID_FULL_MATCHED,1.249000902703301e-16,0.08908559806812953,"{'actual_opencv_threads': 4, 'verification': 'inferred from frozen num_opencv_threads=4 and original VioManager constructor; post-construction metadata was absent', 'cpu_affinity_per_worker': 4}"
2,0.06819779006911701,"{'errors': [], 'actual_G': 953, 'actual_V': 932, 'actual_L': 930, 'output_rows': 1611, 'camera_packets': 1710}",1592,0.06819779006911701,1.0,1611,0,"{'G_reason:disabled': 99, 'V_reason:disabled': 99, 'G_reason:warmup_or_core_invalid': 129, 'V_reason:warmup_or_core_invalid': 129, 'G_reason:not_ready_G': 529, 'V_reason:not_ready_V': 550, 'G_reason:accepted': 953, 'V_reason:accepted': 932}",0.9882060831781502,0.0,"{'count': 1611, 'total': 0.03837995392921447, 'maximum': 8.707209587624685e-05}",L_GV,/tmp/ltv_gain_scan_20261009/w0/results/w0_full_V1_02_medium_L_GV_2_20261009T033154_79415878,0.12724432188512622,0.10800768504340792,,0.014418660631609903,0.00725158217360633,w0_full_V1_02_medium_L_GV_2_20261009T033154_79415878,1592,V1_02_medium,VALID_FULL_MATCHED,1.3877787807814457e-17,0.08909561879669486,"{'actual_opencv_threads': 4, 'verification': 'inferred from frozen num_opencv_threads=4 and original VioManager constructor; post-construction metadata was absent', 'cpu_affinity_per_worker': 4}"
4,0.06820875409217649,"{'errors': [], 'actual_G': 953, 'actual_V': 932, 'actual_L': 930, 'output_rows': 1611, 'camera_packets': 1710}",1592,0.06820875409217649,1.0,1611,0,"{'G_reason:disabled': 99, 'V_reason:disabled': 99, 'G_reason:warmup_or_core_invalid': 129, 'V_reason:warmup_or_core_invalid': 129, 'G_reason:not_ready_G': 529, 'V_reason:not_ready_V': 550, 'G_reason:accepted': 953, 'V_reason:accepted': 932}",0.9882060831781502,0.0,"{'count': 1611, 'total': 0.06741816420641503, 'maximum': 0.0001521026036504032}",L_GV,/tmp/ltv_gain_scan_20261009/w0/results/w0_full_V1_02_medium_L_GV_4_20261009T034748_78fe0b09,0.12727594189085717,0.10803862114338657,,0.030497779784344203,0.023329549089412538,w0_full_V1_02_medium_L_GV_4_20261009T034748_78fe0b09,1592,V1_02_medium,VALID_FULL_MATCHED,1.249000902703301e-16,0.08911774543437266,"{'actual_opencv_threads': 4, 'verification': 'inferred from frozen num_opencv_threads=4 and original VioManager constructor; post-construction metadata was absent', 'cpu_affinity_per_worker': 4}"
1,0.04189056911007756,"{'errors': [], 'actual_G': 0, 'actual_V': 0, 'actual_L': 0, 'output_rows': 2005, 'camera_packets': 2149}",1986,0.04189056911007756,1.0,2005,0,,0.9905236907730673,0.0,,OFF,/tmp/ltv_gain_scan_20261009/w1/results/w1_full_V1_03_difficult_OFF_1_20261009T030439_4cb76618,0.08949160827222678,0.07278912025153264,,0.0,0.0,w1_full_V1_03_difficult_OFF_1_20261009T030439_4cb76618,1986,V1_03_difficult,VALID_FULL_MATCHED,1.5959455978986625e-16,0.04634348876481827,"{'actual_opencv_threads': 4, 'verification': 'inferred from frozen num_opencv_threads=4 and original VioManager constructor; post-construction metadata was absent', 'cpu_affinity_per_worker': 4}"
1,0.04189159596219991,"{'errors': [], 'actual_G': 956, 'actual_V': 0, 'actual_L': 0, 'output_rows': 2005, 'camera_packets': 2149}",1986,0.04189159596219991,1.0,2005,0,"{'G_reason:disabled': 144, 'V_reason:disabled': 2149, 'G_reason:warmup_or_core_invalid': 516, 'G_reason:not_ready_G': 533, 'G_reason:accepted': 956}",0.9905236907730673,0.0,,G,/tmp/ltv_gain_scan_20261009/w1/results/w1_full_V1_03_difficult_G_1_20261009T030627_6866a3ed,0.08950166439875314,0.07279745353869546,,0.0024512727904157927,0.0,w1_full_V1_03_difficult_G_1_20261009T030627_6866a3ed,1986,V1_03_difficult,VALID_FULL_MATCHED,1.3877787807814457e-17,0.04633170751550881,"{'actual_opencv_threads': 4, 'verification': 'inferred from frozen num_opencv_threads=4 and original VioManager constructor; post-construction metadata was absent', 'cpu_affinity_per_worker': 4}"
2,0.04189247035039352,"{'errors': [], 'actual_G': 956, 'actual_V': 0, 'actual_L': 0, 'output_rows': 2005, 'camera_packets': 2149}",1986,0.04189247035039352,1.0,2005,0,"{'G_reason:disabled': 144, 'V_reason:disabled': 2149, 'G_reason:warmup_or_core_invalid': 516, 'G_reason:not_ready_G': 533, 'G_reason:accepted': 956}",0.9905236907730673,0.0,,G,/tmp/ltv_gain_scan_20261009/w1/results/w1_full_V1_03_difficult_G_2_20261009T031850_10c994d0,0.08951093762327869,0.07280529416933752,,0.004538587936009364,0.0020872639810765037,w1_full_V1_03_difficult_G_2_20261009T031850_10c994d0,1986,V1_03_difficult,VALID_FULL_MATCHED,0.0,0.04631903324139574,"{'actual_opencv_threads': 4, 'verification': 'inferred from frozen num_opencv_threads=4 and original VioManager constructor; post-construction metadata was absent', 'cpu_affinity_per_worker': 4}"
4,0.041894224386112705,"{'errors': [], 'actual_G': 956, 'actual_V': 0, 'actual_L': 0, 'output_rows': 2005, 'camera_packets': 2149}",1986,0.041894224386112705,1.0,2005,0,"{'G_reason:disabled': 144, 'V_reason:disabled': 2149, 'G_reason:warmup_or_core_invalid': 516, 'G_reason:not_ready_G': 533, 'G_reason:accepted': 956}",0.9905236907730673,0.0,,G,/tmp/ltv_gain_scan_20261009/w1/results/w1_full_V1_03_difficult_G_4_20261009T033445_a2834ec4,0.08953032306348302,0.07282160621669603,,0.008725773158002603,0.0062743465662373765,w1_full_V1_03_difficult_G_4_20261009T033445_a2834ec4,1986,V1_03_difficult,VALID_FULL_MATCHED,6.245004513516506e-17,0.046293992962477694,"{'actual_opencv_threads': 4, 'verification': 'inferred from frozen num_opencv_threads=4 and original VioManager constructor; post-construction metadata was absent', 'cpu_affinity_per_worker': 4}"
1,0.04189050762892689,"{'errors': [], 'actual_G': 0, 'actual_V': 931, 'actual_L': 0, 'output_rows': 2005, 'camera_packets': 2149}",1986,0.04189050762892689,1.0,2005,0,"{'G_reason:disabled': 2149, 'V_reason:disabled': 144, 'V_reason:warmup_or_core_invalid': 516, 'V_reason:not_ready_V': 558, 'V_reason:accepted': 931}",0.9905236907730673,0.0,,V,/tmp/ltv_gain_scan_20261009/w1/results/w1_full_V1_03_difficult_V_1_20261009T030857_e0f0804f,0.08950048640099019,0.07279841596200384,,-0.0001467660907361612,0.0,w1_full_V1_03_difficult_V_1_20261009T030857_e0f0804f,1986,V1_03_difficult,VALID_FULL_MATCHED,6.938893903907228e-17,0.046339384279785935,"{'actual_opencv_threads': 4, 'verification': 'inferred from frozen num_opencv_threads=4 and original VioManager constructor; post-construction metadata was absent', 'cpu_affinity_per_worker': 4}"
2,0.04189033431153691,"{'errors': [], 'actual_G': 0, 'actual_V': 931, 'actual_L': 0, 'output_rows': 2005, 'camera_packets': 2149}",1986,0.04189033431153691,1.0,2005,0,"{'G_reason:disabled': 2149, 'V_reason:disabled': 144, 'V_reason:warmup_or_core_invalid': 516, 'V_reason:not_ready_V': 558, 'V_reason:accepted': 931}",0.9905236907730673,0.0,,V,/tmp/ltv_gain_scan_20261009/w1/results/w1_full_V1_03_difficult_V_2_20261009T032202_47786735,0.08951008158944844,0.07280840351515089,,-0.0005605045375167705,-0.0004137390540059904,w1_full_V1_03_difficult_V_2_20261009T032202_47786735,1986,V1_03_difficult,VALID_FULL_MATCHED,5.551115123125783e-17,0.04633477700132068,"{'actual_opencv_threads': 4, 'verification': 'inferred from frozen num_opencv_threads=4 and original VioManager constructor; post-construction metadata was absent', 'cpu_affinity_per_worker': 4}"
4,0.041890023227998514,"{'errors': [], 'actual_G': 0, 'actual_V': 931, 'actual_L': 0, 'output_rows': 2005, 'camera_packets': 2149}",1986,0.041890023227998514,1.0,2005,0,"{'G_reason:disabled': 2149, 'V_reason:disabled': 144, 'V_reason:warmup_or_core_invalid': 516, 'V_reason:not_ready_V': 558, 'V_reason:accepted': 931}",0.9905236907730673,0.0,,V,/tmp/ltv_gain_scan_20261009/w1/results/w1_full_V1_03_difficult_V_4_20261009T033755_f738557a,0.08952695701671509,0.07282638953124455,,-0.0013031144972308617,-0.0011563501036260249,w1_full_V1_03_difficult_V_4_20261009T033755_f738557a,1986,V1_03_difficult,VALID_FULL_MATCHED,6.245004513516506e-17,0.046325383646371836,"{'actual_opencv_threads': 4, 'verification': 'inferred from frozen num_opencv_threads=4 and original VioManager constructor; post-construction metadata was absent', 'cpu_affinity_per_worker': 4}"
1,0.04189138584245333,"{'errors': [], 'actual_G': 956, 'actual_V': 931, 'actual_L': 0, 'output_rows': 2005, 'camera_packets': 2149}",1986,0.04189138584245333,1.0,2005,0,"{'G_reason:disabled': 144, 'V_reason:disabled': 144, 'G_reason:warmup_or_core_invalid': 516, 'V_reason:warmup_or_core_invalid': 516, 'G_reason:not_ready_G': 533, 'V_reason:not_ready_V': 558, 'G_reason:accepted': 956, 'V_reason:accepted': 931}",0.9905236907730673,0.0,,GV,/tmp/ltv_gain_scan_20261009/w1/results/w1_full_V1_03_difficult_GV_1_20261009T031124_897c62cc,0.0895110123362857,0.07280737993637311,,0.0019496807828645046,0.0,w1_full_V1_03_difficult_GV_1_20261009T031124_897c62cc,1986,V1_03_difficult,VALID_FULL_MATCHED,1.3877787807814457e-17,0.04632673218189981,"{'actual_opencv_threads': 4, 'verification': 'inferred from frozen num_opencv_threads=4 and original VioManager constructor; post-construction metadata was absent', 'cpu_affinity_per_worker': 4}"
2,0.04189209982296505,"{'errors': [], 'actual_G': 956, 'actual_V': 931, 'actual_L': 0, 'output_rows': 2005, 'camera_packets': 2149}",1986,0.04189209982296505,1.0,2005,0,"{'G_reason:disabled': 144, 'V_reason:disabled': 144, 'G_reason:warmup_or_core_invalid': 516, 'V_reason:warmup_or_core_invalid': 516, 'G_reason:not_ready_G': 533, 'V_reason:not_ready_V': 558, 'G_reason:accepted': 956, 'V_reason:accepted': 931}",0.9905236907730673,0.0,,GV,/tmp/ltv_gain_scan_20261009/w1/results/w1_full_V1_03_difficult_GV_2_20261009T032512_59fbee14,0.08952865823341788,0.07282402032628037,,0.0036540751773284086,0.001704361164867052,w1_full_V1_03_difficult_GV_2_20261009T032512_59fbee14,1986,V1_03_difficult,VALID_FULL_MATCHED,1.249000902703301e-16,0.04630948726571278,"{'actual_opencv_threads': 4, 'verification': 'inferred from frozen num_opencv_threads=4 and original VioManager constructor; post-construction metadata was absent', 'cpu_affinity_per_worker': 4}"
4,0.04189363009595065,"{'errors': [], 'actual_G': 956, 'actual_V': 931, 'actual_L': 0, 'output_rows': 2005, 'camera_packets': 2149}",1986,0.04189363009595065,1.0,2005,0,"{'G_reason:disabled': 144, 'V_reason:disabled': 144, 'G_reason:warmup_or_core_invalid': 516, 'V_reason:warmup_or_core_invalid': 516, 'G_reason:not_ready_G': 533, 'V_reason:not_ready_V': 558, 'G_reason:accepted': 956, 'V_reason:accepted': 931}",0.9905236907730673,0.0,,GV,/tmp/ltv_gain_scan_20261009/w1/results/w1_full_V1_03_difficult_GV_4_20261009T034105_c4a2410b,0.08956659985898816,0.07285975910643161,,0.007307100233111541,0.005357314999687723,w1_full_V1_03_difficult_GV_4_20261009T034105_c4a2410b,1986,V1_03_difficult,VALID_FULL_MATCHED,4.85722573273506e-17,0.04627554642796365,"{'actual_opencv_threads': 4, 'verification': 'inferred from frozen num_opencv_threads=4 and original VioManager constructor; post-construction metadata was absent', 'cpu_affinity_per_worker': 4}"
1,0.04189061394536724,"{'errors': [], 'actual_G': 0, 'actual_V': 0, 'actual_L': 927, 'output_rows': 2005, 'camera_packets': 2149}",1986,0.04189061394536724,1.0,2005,0,"{'G_reason:disabled': 2149, 'V_reason:disabled': 2149}",0.9905236907730673,0.0,"{'count': 2005, 'total': 0.018796151970937917, 'maximum': 5.6772908441980716e-05}",L,/tmp/ltv_gain_scan_20261009/w1/results/w1_full_V1_03_difficult_L_1_20261009T031353_7388f7e0,0.0895015538692692,0.0727984276612708,,0.00010702955495212052,0.0,w1_full_V1_03_difficult_L_1_20261009T031353_7388f7e0,1986,V1_03_difficult,VALID_FULL_MATCHED,9.020562075079397e-17,0.04634130785149359,"{'actual_opencv_threads': 4, 'verification': 'inferred from frozen num_opencv_threads=4 and original VioManager constructor; post-construction metadata was absent', 'cpu_affinity_per_worker': 4}"
2,0.041890523764079944,"{'errors': [], 'actual_G': 0, 'actual_V': 0, 'actual_L': 927, 'output_rows': 2005, 'camera_packets': 2149}",1986,0.041890523764079944,1.0,2005,0,"{'G_reason:disabled': 2149, 'V_reason:disabled': 2149}",0.9905236907730673,0.0,"{'count': 2005, 'total': 0.034162652580036444, 'maximum': 0.00010346574639421895}",L,/tmp/ltv_gain_scan_20261009/w1/results/w1_full_V1_03_difficult_L_2_20261009T032822_a4e89efa,0.08950859558634221,0.07280515139057145,,-0.00010824870270154108,-0.00021527802723797507,w1_full_V1_03_difficult_L_2_20261009T032822_a4e89efa,1986,V1_03_difficult,VALID_FULL_MATCHED,7.632783294297951e-17,0.046339174402771764,"{'actual_opencv_threads': 4, 'verification': 'inferred from frozen num_opencv_threads=4 and original VioManager constructor; post-construction metadata was absent', 'cpu_affinity_per_worker': 4}"
4,0.041890367651242655,"{'errors': [], 'actual_G': 0, 'actual_V': 0, 'actual_L': 927, 'output_rows': 2005, 'camera_packets': 2149}",1986,0.041890367651242655,1.0,2005,0,"{'G_reason:disabled': 2149, 'V_reason:disabled': 2149}",0.9905236907730673,0.0,"{'count': 2005, 'total': 0.06017112490501709, 'maximum': 0.0001827066747372495}",L,/tmp/ltv_gain_scan_20261009/w1/results/w1_full_V1_03_difficult_L_4_20261009T034416_65f651d2,0.08952080253909211,0.07281673088251682,,-0.00048091692040896916,-0.0005879458460755771,w1_full_V1_03_difficult_L_4_20261009T034416_65f651d2,1986,V1_03_difficult,VALID_FULL_MATCHED,6.245004513516506e-17,0.04633596497780369,"{'actual_opencv_threads': 4, 'verification': 'inferred from frozen num_opencv_threads=4 and original VioManager constructor; post-construction metadata was absent', 'cpu_affinity_per_worker': 4}"
1,0.04189120911704798,"{'errors': [], 'actual_G': 956, 'actual_V': 931, 'actual_L': 927, 'output_rows': 2005, 'camera_packets': 2149}",1986,0.04189120911704798,1.0,2005,0,"{'G_reason:disabled': 144, 'V_reason:disabled': 144, 'G_reason:warmup_or_core_invalid': 516, 'V_reason:warmup_or_core_invalid': 516, 'G_reason:not_ready_G': 533, 'V_reason:not_ready_V': 558, 'G_reason:accepted': 956, 'V_reason:accepted': 931}",0.9905236907730673,0.0,"{'count': 2005, 'total': 0.018792803611782358, 'maximum': 5.6770183775425515e-05}",L_GV,/tmp/ltv_gain_scan_20261009/w1/results/w1_full_V1_03_difficult_L_GV_1_20261009T031621_53abbf63,0.08951938681088442,0.07281530770905215,,0.001527806816703503,0.0,w1_full_V1_03_difficult_L_GV_1_20261009T031621_53abbf63,1986,V1_03_difficult,VALID_FULL_MATCHED,6.938893903907228e-18,0.04632369489900498,"{'actual_opencv_threads': 4, 'verification': 'inferred from frozen num_opencv_threads=4 and original VioManager constructor; post-construction metadata was absent', 'cpu_affinity_per_worker': 4}"
2,0.041891921191605015,"{'errors': [], 'actual_G': 956, 'actual_V': 931, 'actual_L': 927, 'output_rows': 2005, 'camera_packets': 2149}",1986,0.041891921191605015,1.0,2005,0,"{'G_reason:disabled': 144, 'V_reason:disabled': 144, 'G_reason:warmup_or_core_invalid': 516, 'V_reason:warmup_or_core_invalid': 516, 'G_reason:not_ready_G': 533, 'V_reason:not_ready_V': 558, 'G_reason:accepted': 956, 'V_reason:accepted': 931}",0.9905236907730673,0.0,"{'count': 2005, 'total': 0.03415714553285616, 'maximum': 0.00010345579444969363}",L_GV,/tmp/ltv_gain_scan_20261009/w1/results/w1_full_V1_03_difficult_L_GV_2_20261009T033134_dce484d4,0.08954530817023425,0.07283979181360987,,0.003227651369219764,0.0016998185825789491,w1_full_V1_03_difficult_L_GV_2_20261009T033134_dce484d4,1986,V1_03_difficult,VALID_FULL_MATCHED,2.0816681711721685e-17,0.04630499624289078,"{'actual_opencv_threads': 4, 'verification': 'inferred from frozen num_opencv_threads=4 and original VioManager constructor; post-construction metadata was absent', 'cpu_affinity_per_worker': 4}"
4,0.041893284807670475,"{'errors': [], 'actual_G': 956, 'actual_V': 931, 'actual_L': 927, 'output_rows': 2005, 'camera_packets': 2149}",1986,0.041893284807670475,1.0,2005,0,"{'G_reason:disabled': 144, 'V_reason:disabled': 144, 'G_reason:warmup_or_core_invalid': 516, 'V_reason:warmup_or_core_invalid': 516, 'G_reason:not_ready_G': 533, 'V_reason:not_ready_V': 558, 'G_reason:accepted': 956, 'V_reason:accepted': 931}",0.9905236907730673,0.0,"{'count': 2005, 'total': 0.06014081308132294, 'maximum': 0.00018267069517461697}",L_GV,/tmp/ltv_gain_scan_20261009/w1/results/w1_full_V1_03_difficult_L_GV_4_20261009T034728_e47f5591,0.0895963498042492,0.07288793336143295,,0.006482837666355046,0.0049549551474958875,w1_full_V1_03_difficult_L_GV_4_20261009T034728_e47f5591,1986,V1_03_difficult,VALID_FULL_MATCHED,6.245004513516506e-17,0.04626718534752614,"{'actual_opencv_threads': 4, 'verification': 'inferred from frozen num_opencv_threads=4 and original VioManager constructor; post-construction metadata was absent', 'cpu_affinity_per_worker': 4}"
1,0.1745806561417616,"{'errors': [], 'actual_G': 0, 'actual_V': 0, 'actual_L': 0, 'output_rows': 2181, 'camera_packets': 2280}",2166,0.1745806561417616,1.0,2181,0,,0.9931224209078404,0.0,,OFF,/tmp/ltv_gain_scan_20261009/w2/results/w2_full_V2_01_easy_OFF_1_20261009T030438_707f8ddc,0.7914428718588163,0.2942459266931142,,0.0,0.0,w2_full_V2_01_easy_OFF_1_20261009T030438_707f8ddc,2166,V2_01_easy,VALID_FULL_MATCHED,2.7755575615628914e-16,0.22235297828858558,"{'actual_opencv_threads': 4, 'verification': 'inferred from frozen num_opencv_threads=4 and original VioManager constructor; post-construction metadata was absent', 'cpu_affinity_per_worker': 4}"
1,0.17456600539044054,"{'errors': [], 'actual_G': 1574, 'actual_V': 0, 'actual_L': 0, 'output_rows': 2181, 'camera_packets': 2280}",2166,0.17456600539044054,1.0,2181,0,"{'G_reason:disabled': 99, 'V_reason:disabled': 2280, 'G_reason:warmup_or_core_invalid': 177, 'G_reason:not_ready_G': 430, 'G_reason:accepted': 1574}",0.9931224209078404,0.0,,G,/tmp/ltv_gain_scan_20261009/w2/results/w2_full_V2_01_easy_G_1_20261009T030621_284c8599,0.7912606606695359,0.29417963765253863,,-0.008391967154230962,0.0,w2_full_V2_01_easy_G_1_20261009T030621_284c8599,2166,V2_01_easy,VALID_FULL_MATCHED,4.163336342344337e-16,0.22233622199907882,"{'actual_opencv_threads': 4, 'verification': 'inferred from frozen num_opencv_threads=4 and original VioManager constructor; post-construction metadata was absent', 'cpu_affinity_per_worker': 4}"
2,0.17455011170355136,"{'errors': [], 'actual_G': 1574, 'actual_V': 0, 'actual_L': 0, 'output_rows': 2181, 'camera_packets': 2280}",2166,0.17455011170355136,1.0,2181,0,"{'G_reason:disabled': 99, 'V_reason:disabled': 2280, 'G_reason:warmup_or_core_invalid': 177, 'G_reason:not_ready_G': 430, 'G_reason:accepted': 1574}",0.9931224209078404,0.0,,G,/tmp/ltv_gain_scan_20261009/w2/results/w2_full_V2_01_easy_G_2_20261009T031843_5ee63eb9,0.7910822436915855,0.29410919135771085,,-0.017495889226948336,-0.009104686134986384,w2_full_V2_01_easy_G_2_20261009T031843_5ee63eb9,2166,V2_01_easy,VALID_FULL_MATCHED,5.828670879282072e-16,0.22231825710893185,"{'actual_opencv_threads': 4, 'verification': 'inferred from frozen num_opencv_threads=4 and original VioManager constructor; post-construction metadata was absent', 'cpu_affinity_per_worker': 4}"
4,0.17451946659014295,"{'errors': [], 'actual_G': 1574, 'actual_V': 0, 'actual_L': 0, 'output_rows': 2181, 'camera_packets': 2280}",2166,0.17451946659014295,1.0,2181,0,"{'G_reason:disabled': 99, 'V_reason:disabled': 2280, 'G_reason:warmup_or_core_invalid': 177, 'G_reason:not_ready_G': 430, 'G_reason:accepted': 1574}",0.9931224209078404,0.0,,G,/tmp/ltv_gain_scan_20261009/w2/results/w2_full_V2_01_easy_G_4_20261009T033439_d8eccbb8,0.7907268158606965,0.2939717920491928,,-0.03504944532283227,-0.02665971544316692,w2_full_V2_01_easy_G_4_20261009T033439_d8eccbb8,2166,V2_01_easy,VALID_FULL_MATCHED,6.38378239159465e-16,0.22228349998881494,"{'actual_opencv_threads': 4, 'verification': 'inferred from frozen num_opencv_threads=4 and original VioManager constructor; post-construction metadata was absent', 'cpu_affinity_per_worker': 4}"
1,0.17457476045895953,"{'errors': [], 'actual_G': 0, 'actual_V': 1563, 'actual_L': 0, 'output_rows': 2181, 'camera_packets': 2280}",2166,0.17457476045895953,1.0,2181,0,"{'G_reason:disabled': 2280, 'V_reason:disabled': 99, 'V_reason:warmup_or_core_invalid': 177, 'V_reason:not_ready_V': 441, 'V_reason:accepted': 1563}",0.9931224209078404,0.0,,V,/tmp/ltv_gain_scan_20261009/w2/results/w2_full_V2_01_easy_V_1_20261009T030850_8ac13dd6,0.7914157572338507,0.29422702472577333,,-0.003377053868602875,0.0,w2_full_V2_01_easy_V_1_20261009T030850_8ac13dd6,2166,V2_01_easy,VALID_FULL_MATCHED,6.106226635438361e-16,0.2223438305429962,"{'actual_opencv_threads': 4, 'verification': 'inferred from frozen num_opencv_threads=4 and original VioManager constructor; post-construction metadata was absent', 'cpu_affinity_per_worker': 4}"
2,0.17456866413667368,"{'errors': [], 'actual_G': 0, 'actual_V': 1563, 'actual_L': 0, 'output_rows': 2181, 'camera_packets': 2280}",2166,0.17456866413667368,1.0,2181,0,"{'G_reason:disabled': 2280, 'V_reason:disabled': 99, 'V_reason:warmup_or_core_invalid': 177, 'V_reason:not_ready_V': 441, 'V_reason:accepted': 1563}",0.9931224209078404,0.0,,V,/tmp/ltv_gain_scan_20261009/w2/results/w2_full_V2_01_easy_V_2_20261009T032155_06525a70,0.7913944590776294,0.2942059795841134,,-0.006869034263556895,-0.003492098324997528,w2_full_V2_01_easy_V_2_20261009T032155_06525a70,2166,V2_01_easy,VALID_FULL_MATCHED,1.1102230246251565e-16,0.2223347286809226,"{'actual_opencv_threads': 4, 'verification': 'inferred from frozen num_opencv_threads=4 and original VioManager constructor; post-construction metadata was absent', 'cpu_affinity_per_worker': 4}"
4,0.17455475886509628,"{'errors': [], 'actual_G': 0, 'actual_V': 1563, 'actual_L': 0, 'output_rows': 2181, 'camera_packets': 2280}",2166,0.17455475886509628,1.0,2181,0,"{'G_reason:disabled': 2280, 'V_reason:disabled': 99, 'V_reason:warmup_or_core_invalid': 177, 'V_reason:not_ready_V': 441, 'V_reason:accepted': 1563}",0.9931224209078404,0.0,,V,/tmp/ltv_gain_scan_20261009/w2/results/w2_full_V2_01_easy_V_4_20261009T033749_55b49b91,0.7913416306708493,0.29416136246594643,,-0.014833989765905553,-0.011457322817265414,w2_full_V2_01_easy_V_4_20261009T033749_55b49b91,2166,V2_01_easy,VALID_FULL_MATCHED,3.608224830031759e-16,0.2223151049182279,"{'actual_opencv_threads': 4, 'verification': 'inferred from frozen num_opencv_threads=4 and original VioManager constructor; post-construction metadata was absent', 'cpu_affinity_per_worker': 4}"
1,0.1745595338008643,"{'errors': [], 'actual_G': 1574, 'actual_V': 1563, 'actual_L': 0, 'output_rows': 2181, 'camera_packets': 2280}",2166,0.1745595338008643,1.0,2181,0,"{'G_reason:disabled': 99, 'V_reason:disabled': 99, 'G_reason:warmup_or_core_invalid': 177, 'V_reason:warmup_or_core_invalid': 177, 'G_reason:not_ready_G': 430, 'V_reason:not_ready_V': 441, 'G_reason:accepted': 1574, 'V_reason:accepted': 1563}",0.9931224209078404,0.0,,GV,/tmp/ltv_gain_scan_20261009/w2/results/w2_full_V2_01_easy_GV_1_20261009T031118_25a3184d,0.7912332250712115,0.29415832067303327,,-0.012098901083368307,0.0,w2_full_V2_01_easy_GV_1_20261009T031118_25a3184d,2166,V2_01_easy,VALID_FULL_MATCHED,2.7755575615628914e-16,0.2223268786325344,"{'actual_opencv_threads': 4, 'verification': 'inferred from frozen num_opencv_threads=4 and original VioManager constructor; post-construction metadata was absent', 'cpu_affinity_per_worker': 4}"
2,0.17453748016651766,"{'errors': [], 'actual_G': 1574, 'actual_V': 1563, 'actual_L': 0, 'output_rows': 2181, 'camera_packets': 2280}",2166,0.17453748016651766,1.0,2181,0,"{'G_reason:disabled': 99, 'V_reason:disabled': 99, 'G_reason:warmup_or_core_invalid': 177, 'V_reason:warmup_or_core_invalid': 177, 'G_reason:not_ready_G': 430, 'V_reason:not_ready_V': 441, 'G_reason:accepted': 1574, 'V_reason:accepted': 1563}",0.9931224209078404,0.0,,GV,/tmp/ltv_gain_scan_20261009/w2/results/w2_full_V2_01_easy_GV_2_20261009T032505_6759bcb1,0.791034590062391,0.29406745702458015,,-0.02473124812228944,-0.012633875599032951,w2_full_V2_01_easy_GV_2_20261009T032505_6759bcb1,2166,V2_01_easy,VALID_FULL_MATCHED,4.996003610813204e-16,0.2222999889848362,"{'actual_opencv_threads': 4, 'verification': 'inferred from frozen num_opencv_threads=4 and original VioManager constructor; post-construction metadata was absent', 'cpu_affinity_per_worker': 4}"
4,0.17449255010831013,"{'errors': [], 'actual_G': 1574, 'actual_V': 1563, 'actual_L': 0, 'output_rows': 2181, 'camera_packets': 2280}",2166,0.17449255010831013,1.0,2181,0,"{'G_reason:disabled': 99, 'V_reason:disabled': 99, 'G_reason:warmup_or_core_invalid': 177, 'V_reason:warmup_or_core_invalid': 177, 'G_reason:not_ready_G': 430, 'V_reason:not_ready_V': 441, 'G_reason:accepted': 1574, 'V_reason:accepted': 1563}",0.9931224209078404,0.0,,GV,/tmp/ltv_gain_scan_20261009/w2/results/w2_full_V2_01_easy_GV_4_20261009T034058_e3ef425c,0.7906324192381231,0.29388358972591,,-0.05046723697723632,-0.038372978602585484,w2_full_V2_01_easy_GV_4_20261009T034058_e3ef425c,2166,V2_01_easy,VALID_FULL_MATCHED,2.7755575615628914e-17,0.22224465784160213,"{'actual_opencv_threads': 4, 'verification': 'inferred from frozen num_opencv_threads=4 and original VioManager constructor; post-construction metadata was absent', 'cpu_affinity_per_worker': 4}"
1,0.1745811819541044,"{'errors': [], 'actual_G': 0, 'actual_V': 0, 'actual_L': 1560, 'output_rows': 2181, 'camera_packets': 2280}",2166,0.1745811819541044,1.0,2181,0,"{'G_reason:disabled': 2280, 'V_reason:disabled': 2280}",0.9931224209078404,0.0,"{'count': 2181, 'total': 0.018952756880084097, 'maximum': 4.633333681198118e-05}",L,/tmp/ltv_gain_scan_20261009/w2/results/w2_full_V2_01_easy_L_1_20261009T031347_15e00bae,0.7914329665436616,0.29425362396240223,,0.00030118591280992035,0.0,w2_full_V2_01_easy_L_1_20261009T031347_15e00bae,2166,V2_01_easy,VALID_FULL_MATCHED,5.273559366969494e-16,0.2223528999723415,"{'actual_opencv_threads': 4, 'verification': 'inferred from frozen num_opencv_threads=4 and original VioManager constructor; post-construction metadata was absent', 'cpu_affinity_per_worker': 4}"
2,0.1745810654583251,"{'errors': [], 'actual_G': 0, 'actual_V': 0, 'actual_L': 1560, 'output_rows': 2181, 'camera_packets': 2280}",2166,0.1745810654583251,1.0,2181,0,"{'G_reason:disabled': 2280, 'V_reason:disabled': 2280}",0.9931224209078404,0.0,"{'count': 2181, 'total': 0.03495966550609133, 'maximum': 8.492987735081434e-05}",L,/tmp/ltv_gain_scan_20261009/w2/results/w2_full_V2_01_easy_L_2_20261009T032816_d74b3bbe,0.7914236151261858,0.29425923473896765,,0.00023445699686153176,-6.672871497581667e-05,w2_full_V2_01_easy_L_2_20261009T032816_d74b3bbe,2166,V2_01_easy,VALID_FULL_MATCHED,8.604228440844963e-16,0.22235281792972972,"{'actual_opencv_threads': 4, 'verification': 'inferred from frozen num_opencv_threads=4 and original VioManager constructor; post-construction metadata was absent', 'cpu_affinity_per_worker': 4}"
4,0.17458113795115587,"{'errors': [], 'actual_G': 0, 'actual_V': 0, 'actual_L': 1560, 'output_rows': 2181, 'camera_packets': 2280}",2166,0.17458113795115587,1.0,2181,0,"{'G_reason:disabled': 2280, 'V_reason:disabled': 2280}",0.9931224209078404,0.0,"{'count': 2181, 'total': 0.06280756813847321, 'maximum': 0.00015107801940850412}",L,/tmp/ltv_gain_scan_20261009/w2/results/w2_full_V2_01_easy_L_4_20261009T034409_7d1b2032,0.7914077155235153,0.2942681091646665,,0.0002759809734520502,-2.5204863463024196e-05,w2_full_V2_01_easy_L_4_20261009T034409_7d1b2032,2166,V2_01_easy,VALID_FULL_MATCHED,5.828670879282072e-16,0.22235286411772184,"{'actual_opencv_threads': 4, 'verification': 'inferred from frozen num_opencv_threads=4 and original VioManager constructor; post-construction metadata was absent', 'cpu_affinity_per_worker': 4}"
1,0.17455883505232142,"{'errors': [], 'actual_G': 1574, 'actual_V': 1563, 'actual_L': 1560, 'output_rows': 2181, 'camera_packets': 2280}",2166,0.17455883505232142,1.0,2181,0,"{'G_reason:disabled': 99, 'V_reason:disabled': 99, 'G_reason:warmup_or_core_invalid': 177, 'V_reason:warmup_or_core_invalid': 177, 'G_reason:not_ready_G': 430, 'V_reason:not_ready_V': 441, 'G_reason:accepted': 1574, 'V_reason:accepted': 1563}",0.9931224209078404,0.0,"{'count': 2181, 'total': 0.018948531260902998, 'maximum': 4.6200003961900454e-05}",L_GV,/tmp/ltv_gain_scan_20261009/w2/results/w2_full_V2_01_easy_L_GV_1_20261009T031615_8ee80a63,0.7912299653261405,0.2941620346121532,,-0.012499145049871263,0.0,w2_full_V2_01_easy_L_GV_1_20261009T031615_8ee80a63,2166,V2_01_easy,VALID_FULL_MATCHED,1.3877787807814457e-16,0.22232556559993377,"{'actual_opencv_threads': 4, 'verification': 'inferred from frozen num_opencv_threads=4 and original VioManager constructor; post-construction metadata was absent', 'cpu_affinity_per_worker': 4}"
2,0.17453721948937104,"{'errors': [], 'actual_G': 1574, 'actual_V': 1563, 'actual_L': 1560, 'output_rows': 2181, 'camera_packets': 2280}",2166,0.17453721948937104,1.0,2181,0,"{'G_reason:disabled': 99, 'V_reason:disabled': 99, 'G_reason:warmup_or_core_invalid': 177, 'V_reason:warmup_or_core_invalid': 177, 'G_reason:not_ready_G': 430, 'V_reason:not_ready_V': 441, 'G_reason:accepted': 1574, 'V_reason:accepted': 1563}",0.9931224209078404,0.0,"{'count': 2181, 'total': 0.03495862638891249, 'maximum': 8.444460460550935e-05}",L_GV,/tmp/ltv_gain_scan_20261009/w2/results/w2_full_V2_01_easy_L_GV_2_20261009T033127_97cf09da,0.7910207710873699,0.2940779970370844,,-0.02488056429075236,-0.012382967005886147,w2_full_V2_01_easy_L_GV_2_20261009T033127_97cf09da,2166,V2_01_easy,VALID_FULL_MATCHED,1.6653345369377348e-16,0.2222993458813835,"{'actual_opencv_threads': 4, 'verification': 'inferred from frozen num_opencv_threads=4 and original VioManager constructor; post-construction metadata was absent', 'cpu_affinity_per_worker': 4}"
4,0.174491676625495,"{'errors': [], 'actual_G': 1574, 'actual_V': 1563, 'actual_L': 1560, 'output_rows': 2181, 'camera_packets': 2280}",2166,0.174491676625495,1.0,2181,0,"{'G_reason:disabled': 99, 'V_reason:disabled': 99, 'G_reason:warmup_or_core_invalid': 177, 'V_reason:warmup_or_core_invalid': 177, 'G_reason:not_ready_G': 430, 'V_reason:not_ready_V': 441, 'G_reason:accepted': 1574, 'V_reason:accepted': 1563}",0.9931224209078404,0.0,"{'count': 2181, 'total': 0.06278614817834233, 'maximum': 0.00014937483157379674}",L_GV,/tmp/ltv_gain_scan_20261009/w2/results/w2_full_V2_01_easy_L_GV_4_20261009T034721_45f2bef6,0.7906050787232435,0.2939010253963634,,-0.050967568935211816,-0.03847323271050085,w2_full_V2_01_easy_L_GV_4_20261009T034721_45f2bef6,2166,V2_01_easy,VALID_FULL_MATCHED,1.6653345369377348e-16,0.22224332599633792,"{'actual_opencv_threads': 4, 'verification': 'inferred from frozen num_opencv_threads=4 and original VioManager constructor; post-construction metadata was absent', 'cpu_affinity_per_worker': 4}"
1,0.05197520957067538,"{'errors': [], 'actual_G': 0, 'actual_V': 0, 'actual_L': 0, 'output_rows': 2266, 'camera_packets': 2348}",2252,0.05197520957067538,1.0,2266,0,,0.9938217122683142,0.0,,OFF,/tmp/ltv_gain_scan_20261009/w0/results/w0_full_V2_02_medium_OFF_1_20261009T023612_b47de4b4,0.12990836968481506,0.1077287942942116,,0.0,0.0,w0_full_V2_02_medium_OFF_1_20261009T023612_b47de4b4,2252,V2_02_medium,VALID_FULL_MATCHED,2.0192181260370035e-15,0.10309312747018809,"{'actual_opencv_threads': 4, 'verification': 'inferred from frozen num_opencv_threads=4 and original VioManager constructor; post-construction metadata was absent', 'cpu_affinity_per_worker': 4}"
1,0.05197842468428713,"{'errors': [], 'actual_G': 1606, 'actual_V': 0, 'actual_L': 0, 'output_rows': 2266, 'camera_packets': 2348}",2252,0.05197842468428713,1.0,2266,0,"{'G_reason:disabled': 82, 'V_reason:disabled': 2348, 'G_reason:warmup_or_core_invalid': 140, 'G_reason:not_ready_G': 520, 'G_reason:accepted': 1606}",0.9938217122683142,0.0,,G,/tmp/ltv_gain_scan_20261009/w0/results/w0_full_V2_02_medium_G_1_20261009T023630_130178d2,0.12990882075081558,0.10773352262614654,,0.006185859832608109,0.0,w0_full_V2_02_medium_G_1_20261009T023630_130178d2,2252,V2_02_medium,VALID_FULL_MATCHED,4.2327252813834093e-16,0.10309602096225452,"{'actual_opencv_threads': 4, 'verification': 'inferred from frozen num_opencv_threads=4 and original VioManager constructor; post-construction metadata was absent', 'cpu_affinity_per_worker': 4}"
2,0.05198177823349749,"{'errors': [], 'actual_G': 1606, 'actual_V': 0, 'actual_L': 0, 'output_rows': 2266, 'camera_packets': 2348}",2252,0.05198177823349749,1.0,2266,0,"{'G_reason:disabled': 82, 'V_reason:disabled': 2348, 'G_reason:warmup_or_core_invalid': 140, 'G_reason:not_ready_G': 520, 'G_reason:accepted': 1606}",0.9938217122683142,0.0,,G,/tmp/ltv_gain_scan_20261009/w0/results/w0_full_V2_02_medium_G_2_20261009T024038_3c929591,0.12990993092483047,0.10773944476874481,,0.012638068949333281,0.006451810016816495,w0_full_V2_02_medium_G_2_20261009T024038_3c929591,2252,V2_02_medium,VALID_FULL_MATCHED,2.498001805406602e-16,0.10309961051400307,"{'actual_opencv_threads': 4, 'verification': 'inferred from frozen num_opencv_threads=4 and original VioManager constructor; post-construction metadata was absent', 'cpu_affinity_per_worker': 4}"
4,0.05207714074374425,"{'errors': [], 'actual_G': 1606, 'actual_V': 0, 'actual_L': 0, 'output_rows': 2266, 'camera_packets': 2348}",2252,0.05207714074374425,1.0,2266,0,"{'G_reason:disabled': 82, 'V_reason:disabled': 2348, 'G_reason:warmup_or_core_invalid': 140, 'G_reason:not_ready_G': 520, 'G_reason:accepted': 1606}",0.9938217122683142,0.0,,G,/tmp/ltv_gain_scan_20261009/w0/results/w0_full_V2_02_medium_G_4_20261009T025226_12a904a8,0.13007291825188905,0.10790294580976299,,0.1961149823364483,0.18991737448126322,w0_full_V2_02_medium_G_4_20261009T025226_12a904a8,2252,V2_02_medium,VALID_FULL_MATCHED,1.5265566588595902e-16,0.10323979292117544,"{'actual_opencv_threads': 4, 'verification': 'inferred from frozen num_opencv_threads=4 and original VioManager constructor; post-construction metadata was absent', 'cpu_affinity_per_worker': 4}"
1,0.0519733342690273,"{'errors': [], 'actual_G': 0, 'actual_V': 1571, 'actual_L': 0, 'output_rows': 2266, 'camera_packets': 2348}",2252,0.0519733342690273,1.0,2266,0,"{'G_reason:disabled': 2348, 'V_reason:disabled': 82, 'V_reason:warmup_or_core_invalid': 140, 'V_reason:not_ready_V': 555, 'V_reason:accepted': 1571}",0.9938217122683142,0.0,,V,/tmp/ltv_gain_scan_20261009/w1/results/w1_full_V2_02_medium_V_1_20261009T023630_423aff18,0.12990383307867204,0.10772797692971145,,-0.0036080694307383254,0.0,w1_full_V2_02_medium_V_1_20261009T023630_423aff18,2252,V2_02_medium,VALID_FULL_MATCHED,2.498001805406602e-16,0.10308658827812102,"{'actual_opencv_threads': 4, 'verification': 'inferred from frozen num_opencv_threads=4 and original VioManager constructor; post-construction metadata was absent', 'cpu_affinity_per_worker': 4}"
2,0.051972480062378194,"{'errors': [], 'actual_G': 0, 'actual_V': 1571, 'actual_L': 0, 'output_rows': 2266, 'camera_packets': 2348}",2252,0.051972480062378194,1.0,2266,0,"{'G_reason:disabled': 2348, 'V_reason:disabled': 82, 'V_reason:warmup_or_core_invalid': 140, 'V_reason:not_ready_V': 555, 'V_reason:accepted': 1571}",0.9938217122683142,0.0,,V,/tmp/ltv_gain_scan_20261009/w1/results/w1_full_V2_02_medium_V_2_20261009T024038_c5788928,0.12990532306043662,0.10773278107972471,,-0.005251558040331172,-0.0016435479099463635,w1_full_V2_02_medium_V_2_20261009T024038_c5788928,2252,V2_02_medium,VALID_FULL_MATCHED,1.1449174941446927e-15,0.10308458528285572,"{'actual_opencv_threads': 4, 'verification': 'inferred from frozen num_opencv_threads=4 and original VioManager constructor; post-construction metadata was absent', 'cpu_affinity_per_worker': 4}"
4,0.051969886733903146,"{'errors': [], 'actual_G': 0, 'actual_V': 1571, 'actual_L': 0, 'output_rows': 2266, 'camera_packets': 2348}",2252,0.051969886733903146,1.0,2266,0,"{'G_reason:disabled': 2348, 'V_reason:disabled': 82, 'V_reason:warmup_or_core_invalid': 140, 'V_reason:not_ready_V': 555, 'V_reason:accepted': 1571}",0.9938217122683142,0.0,,V,/tmp/ltv_gain_scan_20261009/w1/results/w1_full_V2_02_medium_V_4_20261009T025226_b11314dd,0.12990244213916002,0.10773710240916792,,-0.010241106897312946,-0.006633276799816734,w1_full_V2_02_medium_V_4_20261009T025226_b11314dd,2252,V2_02_medium,VALID_FULL_MATCHED,7.216449660063518e-16,0.103076281420377,"{'actual_opencv_threads': 4, 'verification': 'inferred from frozen num_opencv_threads=4 and original VioManager constructor; post-construction metadata was absent', 'cpu_affinity_per_worker': 4}"
1,0.051977001579030985,"{'errors': [], 'actual_G': 1606, 'actual_V': 1571, 'actual_L': 0, 'output_rows': 2266, 'camera_packets': 2348}",2252,0.051977001579030985,1.0,2266,0,"{'G_reason:disabled': 82, 'V_reason:disabled': 82, 'G_reason:warmup_or_core_invalid': 140, 'V_reason:warmup_or_core_invalid': 140, 'G_reason:not_ready_G': 520, 'V_reason:not_ready_V': 555, 'G_reason:accepted': 1606, 'V_reason:accepted': 1571}",0.9938217122683142,0.0,,GV,/tmp/ltv_gain_scan_20261009/w2/results/w2_full_V2_02_medium_GV_1_20261009T023630_a3bf44f2,0.12990689282382362,0.10773566077919904,,0.0034478136219151523,0.0,w2_full_V2_02_medium_GV_1_20261009T023630_a3bf44f2,2252,V2_02_medium,VALID_FULL_MATCHED,8.396061623727746e-16,0.10309149134978006,"{'actual_opencv_threads': 4, 'verification': 'inferred from frozen num_opencv_threads=4 and original VioManager constructor; post-construction metadata was absent', 'cpu_affinity_per_worker': 4}"
2,0.05197872404860649,"{'errors': [], 'actual_G': 1606, 'actual_V': 1571, 'actual_L': 0, 'output_rows': 2266, 'camera_packets': 2348}",2252,0.05197872404860649,1.0,2266,0,"{'G_reason:disabled': 82, 'V_reason:disabled': 82, 'G_reason:warmup_or_core_invalid': 140, 'V_reason:warmup_or_core_invalid': 140, 'G_reason:not_ready_G': 520, 'V_reason:not_ready_V': 555, 'G_reason:accepted': 1606, 'V_reason:accepted': 1571}",0.9938217122683142,0.0,,GV,/tmp/ltv_gain_scan_20261009/w2/results/w2_full_V2_02_medium_GV_2_20261009T024038_68a1f1e3,0.1299055411978103,0.10774240916508378,,0.006761835036628305,0.0033139071573540235,w2_full_V2_02_medium_GV_2_20261009T024038_68a1f1e3,2252,V2_02_medium,VALID_FULL_MATCHED,1.0408340855860843e-16,0.10309001640641681,"{'actual_opencv_threads': 4, 'verification': 'inferred from frozen num_opencv_threads=4 and original VioManager constructor; post-construction metadata was absent', 'cpu_affinity_per_worker': 4}"
4,0.05198262589499122,"{'errors': [], 'actual_G': 1606, 'actual_V': 1571, 'actual_L': 0, 'output_rows': 2266, 'camera_packets': 2348}",2252,0.05198262589499122,1.0,2266,0,"{'G_reason:disabled': 82, 'V_reason:disabled': 82, 'G_reason:warmup_or_core_invalid': 140, 'V_reason:warmup_or_core_invalid': 140, 'G_reason:not_ready_G': 520, 'V_reason:not_ready_V': 555, 'G_reason:accepted': 1606, 'V_reason:accepted': 1571}",0.9938217122683142,0.0,,GV,/tmp/ltv_gain_scan_20261009/w2/results/w2_full_V2_02_medium_GV_4_20261009T025226_b82589d7,0.129905067117012,0.1077578484736023,,0.014268964718167076,0.010820778015996346,w2_full_V2_02_medium_GV_4_20261009T025226_b82589d7,2252,V2_02_medium,VALID_FULL_MATCHED,2.220446049250313e-16,0.1030887398041109,"{'actual_opencv_threads': 4, 'verification': 'inferred from frozen num_opencv_threads=4 and original VioManager constructor; post-construction metadata was absent', 'cpu_affinity_per_worker': 4}"
1,0.05197513744903024,"{'errors': [], 'actual_G': 0, 'actual_V': 0, 'actual_L': 1570, 'output_rows': 2266, 'camera_packets': 2348}",2252,0.05197513744903024,1.0,2266,0,"{'G_reason:disabled': 2348, 'V_reason:disabled': 2348}",0.9938217122683142,0.0,"{'count': 2266, 'total': 0.0352431954024831, 'maximum': 5.119295636257407e-05}",L,/tmp/ltv_gain_scan_20261009/w3/results/w3_full_V2_02_medium_L_1_20261009T023630_421bb47c,0.12990697355494513,0.10773389999013085,,-0.00013876162451298413,0.0,w3_full_V2_02_medium_L_1_20261009T023630_421bb47c,2252,V2_02_medium,VALID_FULL_MATCHED,3.469446951953614e-17,0.10309762010603656,"{'actual_opencv_threads': 4, 'verification': 'inferred from frozen num_opencv_threads=4 and original VioManager constructor; post-construction metadata was absent', 'cpu_affinity_per_worker': 4}"
2,0.05197502969451965,"{'errors': [], 'actual_G': 0, 'actual_V': 0, 'actual_L': 1570, 'output_rows': 2266, 'camera_packets': 2348}",2252,0.05197502969451965,1.0,2266,0,"{'G_reason:disabled': 2348, 'V_reason:disabled': 2348}",0.9938217122683142,0.0,"{'count': 2266, 'total': 0.06427993382625419, 'maximum': 9.397489154427203e-05}",L,/tmp/ltv_gain_scan_20261009/w3/results/w3_full_V2_02_medium_L_2_20261009T024038_73177b5e,0.12990563322076518,0.10773769367382588,,-0.0003460806742627831,-0.00020731933744189135,w3_full_V2_02_medium_L_2_20261009T024038_73177b5e,2252,V2_02_medium,VALID_FULL_MATCHED,1.3877787807814457e-16,0.10310098953839596,"{'actual_opencv_threads': 4, 'verification': 'inferred from frozen num_opencv_threads=4 and original VioManager constructor; post-construction metadata was absent', 'cpu_affinity_per_worker': 4}"
4,0.051973669526364036,"{'errors': [], 'actual_G': 0, 'actual_V': 0, 'actual_L': 1570, 'output_rows': 2266, 'camera_packets': 2348}",2252,0.051973669526364036,1.0,2266,0,"{'G_reason:disabled': 2348, 'V_reason:disabled': 2348}",0.9938217122683142,0.0,"{'count': 2266, 'total': 0.11377526617328733, 'maximum': 0.00016748832826160744}",L,/tmp/ltv_gain_scan_20261009/w3/results/w3_full_V2_02_medium_L_4_20261009T025226_ff839e53,0.1298978337137347,0.10773897319229626,,-0.0029630362706978275,-0.0028242785651944047,w3_full_V2_02_medium_L_4_20261009T025226_ff839e53,2252,V2_02_medium,VALID_FULL_MATCHED,2.2898349882893854e-16,0.10310193143038247,"{'actual_opencv_threads': 4, 'verification': 'inferred from frozen num_opencv_threads=4 and original VioManager constructor; post-construction metadata was absent', 'cpu_affinity_per_worker': 4}"
1,0.051976394071254046,"{'errors': [], 'actual_G': 1606, 'actual_V': 1571, 'actual_L': 1570, 'output_rows': 2266, 'camera_packets': 2348}",2252,0.051976394071254046,1.0,2266,0,"{'G_reason:disabled': 82, 'V_reason:disabled': 82, 'G_reason:warmup_or_core_invalid': 140, 'V_reason:warmup_or_core_invalid': 140, 'G_reason:not_ready_G': 520, 'V_reason:not_ready_V': 555, 'G_reason:accepted': 1606, 'V_reason:accepted': 1571}",0.9938217122683142,0.0,"{'count': 2266, 'total': 0.03523451513646078, 'maximum': 5.117856777140967e-05}",L_GV,/tmp/ltv_gain_scan_20261009/w0/results/w0_full_V2_02_medium_L_GV_1_20261009T023725_1f16ecbc,0.12990312609344606,0.10773830123740968,,0.0022789722031957282,0.0,w0_full_V2_02_medium_L_GV_1_20261009T023725_1f16ecbc,2252,V2_02_medium,VALID_FULL_MATCHED,3.0531133177191805e-16,0.10309415946343954,"{'actual_opencv_threads': 4, 'verification': 'inferred from frozen num_opencv_threads=4 and original VioManager constructor; post-construction metadata was absent', 'cpu_affinity_per_worker': 4}"
2,0.051978469693899035,"{'errors': [], 'actual_G': 1606, 'actual_V': 1571, 'actual_L': 1570, 'output_rows': 2266, 'camera_packets': 2348}",2252,0.051978469693899035,1.0,2266,0,"{'G_reason:disabled': 82, 'V_reason:disabled': 82, 'G_reason:warmup_or_core_invalid': 140, 'V_reason:warmup_or_core_invalid': 140, 'G_reason:not_ready_G': 520, 'V_reason:not_ready_V': 555, 'G_reason:accepted': 1606, 'V_reason:accepted': 1571}",0.9938217122683142,0.0,"{'count': 2266, 'total': 0.06424826656062277, 'maximum': 9.392236209414159e-05}",L_GV,/tmp/ltv_gain_scan_20261009/w0/results/w0_full_V2_02_medium_L_GV_2_20261009T024133_9a36ed7f,0.1299035934497637,0.10775201535266132,,0.006272458063327768,0.003993394851797838,w0_full_V2_02_medium_L_GV_2_20261009T024133_9a36ed7f,2252,V2_02_medium,VALID_FULL_MATCHED,4.371503159461554e-16,0.1030982946216181,"{'actual_opencv_threads': 4, 'verification': 'inferred from frozen num_opencv_threads=4 and original VioManager constructor; post-construction metadata was absent', 'cpu_affinity_per_worker': 4}"
4,0.051981502718777516,"{'errors': [], 'actual_G': 1606, 'actual_V': 1571, 'actual_L': 1570, 'output_rows': 2266, 'camera_packets': 2348}",2252,0.051981502718777516,1.0,2266,0,"{'G_reason:disabled': 82, 'V_reason:disabled': 82, 'G_reason:warmup_or_core_invalid': 140, 'V_reason:warmup_or_core_invalid': 140, 'G_reason:not_ready_G': 520, 'V_reason:not_ready_V': 555, 'G_reason:accepted': 1606, 'V_reason:accepted': 1571}",0.9938217122683142,0.0,"{'count': 2266, 'total': 0.11366330922351045, 'maximum': 0.0001673008978276119}",L_GV,/tmp/ltv_gain_scan_20261009/w0/results/w0_full_V2_02_medium_L_GV_4_20261009T025321_774012e8,0.12989654757293684,0.10776994186026485,,0.012107980235409599,0.009828784036969296,w0_full_V2_02_medium_L_GV_4_20261009T025321_774012e8,2252,V2_02_medium,VALID_FULL_MATCHED,1.0755285551056204e-15,0.10309893147036682,"{'actual_opencv_threads': 4, 'verification': 'inferred from frozen num_opencv_threads=4 and original VioManager constructor; post-construction metadata was absent', 'cpu_affinity_per_worker': 4}"
1,0.20742761529144602,"{'errors': [], 'actual_G': 0, 'actual_V': 0, 'actual_L': 0, 'output_rows': 1806, 'camera_packets': 1921}",1799,0.20742761529144602,1.0,1806,0,,0.9961240310077519,0.0,,OFF,/tmp/ltv_gain_scan_20261009/w1/results/w1_full_V2_03_difficult_OFF_1_20261009T023612_b1de544d,0.4329695774371267,0.3883663929658736,,0.0,0.0,w1_full_V2_03_difficult_OFF_1_20261009T023612_b1de544d,1799,V2_03_difficult,VALID_FULL_MATCHED,1.6653345369377348e-16,0.20450226740535404,"{'actual_opencv_threads': 4, 'verification': 'inferred from frozen num_opencv_threads=4 and original VioManager constructor; post-construction metadata was absent', 'cpu_affinity_per_worker': 4}"
1,0.2072451406965429,"{'errors': [], 'actual_G': 706, 'actual_V': 0, 'actual_L': 0, 'output_rows': 1806, 'camera_packets': 1921}",1799,0.2072451406965429,1.0,1806,0,"{'G_reason:disabled': 115, 'V_reason:disabled': 1921, 'G_reason:warmup_or_core_invalid': 725, 'G_reason:not_ready_G': 375, 'G_reason:accepted': 706}",0.9961240310077519,0.0,,G,/tmp/ltv_gain_scan_20261009/w1/results/w1_full_V2_03_difficult_G_1_20261009T023724_9c20d2a0,0.4328232093915351,0.38820461897091907,,-0.0879702515244829,0.0,w1_full_V2_03_difficult_G_1_20261009T023724_9c20d2a0,1799,V2_03_difficult,VALID_FULL_MATCHED,1.1657341758564144e-15,0.20275093705088937,"{'actual_opencv_threads': 4, 'verification': 'inferred from frozen num_opencv_threads=4 and original VioManager constructor; post-construction metadata was absent', 'cpu_affinity_per_worker': 4}"
2,0.20725301769315213,"{'errors': [], 'actual_G': 706, 'actual_V': 0, 'actual_L': 0, 'output_rows': 1806, 'camera_packets': 1921}",1799,0.20725301769315213,1.0,1806,0,"{'G_reason:disabled': 115, 'V_reason:disabled': 1921, 'G_reason:warmup_or_core_invalid': 725, 'G_reason:not_ready_G': 375, 'G_reason:accepted': 706}",0.9961240310077519,0.0,,G,/tmp/ltv_gain_scan_20261009/w1/results/w1_full_V2_03_difficult_G_2_20261009T024132_f11a5686,0.43280272652844975,0.3881895812353422,,-0.08417278386417815,0.0038008112435150565,w1_full_V2_03_difficult_G_2_20261009T024132_f11a5686,1799,V2_03_difficult,VALID_FULL_MATCHED,6.38378239159465e-16,0.20276186371405694,"{'actual_opencv_threads': 4, 'verification': 'inferred from frozen num_opencv_threads=4 and original VioManager constructor; post-construction metadata was absent', 'cpu_affinity_per_worker': 4}"
4,0.20727079449535923,"{'errors': [], 'actual_G': 706, 'actual_V': 0, 'actual_L': 0, 'output_rows': 1806, 'camera_packets': 1921}",1799,0.20727079449535923,1.0,1806,0,"{'G_reason:disabled': 115, 'V_reason:disabled': 1921, 'G_reason:warmup_or_core_invalid': 725, 'G_reason:not_ready_G': 375, 'G_reason:accepted': 706}",0.9961240310077519,0.0,,G,/tmp/ltv_gain_scan_20261009/w1/results/w1_full_V2_03_difficult_G_4_20261009T025321_3a1d0fbf,0.432765376430231,0.38816312117336726,,-0.07560266065174126,0.012378480252950297,w1_full_V2_03_difficult_G_4_20261009T025321_3a1d0fbf,1799,V2_03_difficult,VALID_FULL_MATCHED,2.7755575615628914e-17,0.2027871962155312,"{'actual_opencv_threads': 4, 'verification': 'inferred from frozen num_opencv_threads=4 and original VioManager constructor; post-construction metadata was absent', 'cpu_affinity_per_worker': 4}"
1,0.20723497040821132,"{'errors': [], 'actual_G': 0, 'actual_V': 637, 'actual_L': 0, 'output_rows': 1806, 'camera_packets': 1921}",1799,0.20723497040821132,1.0,1806,0,"{'G_reason:disabled': 1921, 'V_reason:disabled': 115, 'V_reason:warmup_or_core_invalid': 725, 'V_reason:not_ready_V': 444, 'V_reason:accepted': 637}",0.9961240310077519,0.0,,V,/tmp/ltv_gain_scan_20261009/w2/results/w2_full_V2_03_difficult_V_1_20261009T023725_17ec7ec6,0.43281882850364034,0.388200433473411,,-0.09287330568981123,0.0,w2_full_V2_03_difficult_V_1_20261009T023725_17ec7ec6,1799,V2_03_difficult,VALID_FULL_MATCHED,1.2490009027033011e-15,0.2027318412039331,"{'actual_opencv_threads': 4, 'verification': 'inferred from frozen num_opencv_threads=4 and original VioManager constructor; post-construction metadata was absent', 'cpu_affinity_per_worker': 4}"
2,0.2072331498487597,"{'errors': [], 'actual_G': 0, 'actual_V': 637, 'actual_L': 0, 'output_rows': 1806, 'camera_packets': 1921}",1799,0.2072331498487597,1.0,1806,0,"{'G_reason:disabled': 1921, 'V_reason:disabled': 115, 'V_reason:warmup_or_core_invalid': 725, 'V_reason:not_ready_V': 444, 'V_reason:accepted': 637}",0.9961240310077519,0.0,,V,/tmp/ltv_gain_scan_20261009/w2/results/w2_full_V2_03_difficult_V_2_20261009T024133_89b0cf7a,0.4327953371150536,0.3881820124163734,,-0.09375098991186714,-0.0008785001141542459,w2_full_V2_03_difficult_V_2_20261009T024133_89b0cf7a,1799,V2_03_difficult,VALID_FULL_MATCHED,1.3877787807814457e-16,0.20272429657885466,"{'actual_opencv_threads': 4, 'verification': 'inferred from frozen num_opencv_threads=4 and original VioManager constructor; post-construction metadata was absent', 'cpu_affinity_per_worker': 4}"
4,0.2072311417808559,"{'errors': [], 'actual_G': 0, 'actual_V': 637, 'actual_L': 0, 'output_rows': 1806, 'camera_packets': 1921}",1799,0.2072311417808559,1.0,1806,0,"{'G_reason:disabled': 1921, 'V_reason:disabled': 115, 'V_reason:warmup_or_core_invalid': 725, 'V_reason:not_ready_V': 444, 'V_reason:accepted': 637}",0.9961240310077519,0.0,,V,/tmp/ltv_gain_scan_20261009/w2/results/w2_full_V2_03_difficult_V_4_20261009T025321_1fc6872e,0.43275138915969547,0.3881486772874426,,-0.09471907118735468,-0.0018474813145097357,w2_full_V2_03_difficult_V_4_20261009T025321_1fc6872e,1799,V2_03_difficult,VALID_FULL_MATCHED,8.326672684688674e-17,0.20270871337799357,"{'actual_opencv_threads': 4, 'verification': 'inferred from frozen num_opencv_threads=4 and original VioManager constructor; post-construction metadata was absent', 'cpu_affinity_per_worker': 4}"
1,0.2072436318718205,"{'errors': [], 'actual_G': 706, 'actual_V': 637, 'actual_L': 0, 'output_rows': 1806, 'camera_packets': 1921}",1799,0.2072436318718205,1.0,1806,0,"{'G_reason:disabled': 115, 'V_reason:disabled': 115, 'G_reason:warmup_or_core_invalid': 725, 'V_reason:warmup_or_core_invalid': 725, 'G_reason:not_ready_G': 375, 'V_reason:not_ready_V': 444, 'G_reason:accepted': 706, 'V_reason:accepted': 637}",0.9961240310077519,0.0,,GV,/tmp/ltv_gain_scan_20261009/w3/results/w3_full_V2_03_difficult_GV_1_20261009T023754_09db26b0,0.43279976844277696,0.38818659288278734,,-0.08869764971602967,0.0,w3_full_V2_03_difficult_GV_1_20261009T023754_09db26b0,1799,V2_03_difficult,VALID_FULL_MATCHED,8.326672684688674e-17,0.20274327799407277,"{'actual_opencv_threads': 4, 'verification': 'inferred from frozen num_opencv_threads=4 and original VioManager constructor; post-construction metadata was absent', 'cpu_affinity_per_worker': 4}"
2,0.20725052909314995,"{'errors': [], 'actual_G': 706, 'actual_V': 637, 'actual_L': 0, 'output_rows': 1806, 'camera_packets': 1921}",1799,0.20725052909314995,1.0,1806,0,"{'G_reason:disabled': 115, 'V_reason:disabled': 115, 'G_reason:warmup_or_core_invalid': 725, 'V_reason:warmup_or_core_invalid': 725, 'G_reason:not_ready_G': 375, 'V_reason:not_ready_V': 444, 'G_reason:accepted': 706, 'V_reason:accepted': 637}",0.9961240310077519,0.0,,GV,/tmp/ltv_gain_scan_20261009/w3/results/w3_full_V2_03_difficult_GV_2_20261009T024202_3139f7d5,0.4327571495390223,0.38815472612533636,,-0.08537252768743286,0.003328073951980315,w3_full_V2_03_difficult_GV_2_20261009T024202_3139f7d5,1799,V2_03_difficult,VALID_FULL_MATCHED,9.43689570931383e-16,0.20274838153980776,"{'actual_opencv_threads': 4, 'verification': 'inferred from frozen num_opencv_threads=4 and original VioManager constructor; post-construction metadata was absent', 'cpu_affinity_per_worker': 4}"
4,0.20727095859656097,"{'errors': [], 'actual_G': 706, 'actual_V': 637, 'actual_L': 0, 'output_rows': 1806, 'camera_packets': 1921}",1799,0.20727095859656097,1.0,1806,0,"{'G_reason:disabled': 115, 'V_reason:disabled': 115, 'G_reason:warmup_or_core_invalid': 725, 'V_reason:warmup_or_core_invalid': 725, 'G_reason:not_ready_G': 375, 'V_reason:not_ready_V': 444, 'G_reason:accepted': 706, 'V_reason:accepted': 637}",0.9961240310077519,0.0,,GV,/tmp/ltv_gain_scan_20261009/w3/results/w3_full_V2_03_difficult_GV_4_20261009T025351_6dd5a127,0.4326835684650958,0.388101582989021,,-0.07552354813746831,0.013185797070658367,w3_full_V2_03_difficult_GV_4_20261009T025351_6dd5a127,1799,V2_03_difficult,VALID_FULL_MATCHED,1.6653345369377348e-16,0.20275861628770397,"{'actual_opencv_threads': 4, 'verification': 'inferred from frozen num_opencv_threads=4 and original VioManager constructor; post-construction metadata was absent', 'cpu_affinity_per_worker': 4}"
1,0.2072413759735566,"{'errors': [], 'actual_G': 0, 'actual_V': 0, 'actual_L': 627, 'output_rows': 1806, 'camera_packets': 1921}",1799,0.2072413759735566,1.0,1806,0,"{'G_reason:disabled': 1921, 'V_reason:disabled': 1921}",0.9961240310077519,0.0,"{'count': 1806, 'total': 0.01720784824367037, 'maximum': 8.243755830485478e-05}",L,/tmp/ltv_gain_scan_20261009/w0/results/w0_full_V2_03_difficult_L_1_20261009T023820_bce4606c,0.43285218738276904,0.38822925071540065,,-0.08978520898855757,0.0,w0_full_V2_03_difficult_L_1_20261009T023820_bce4606c,1799,V2_03_difficult,VALID_FULL_MATCHED,9.992007221626409e-16,0.20275280254709668,"{'actual_opencv_threads': 4, 'verification': 'inferred from frozen num_opencv_threads=4 and original VioManager constructor; post-construction metadata was absent', 'cpu_affinity_per_worker': 4}"
2,0.207244554830838,"{'errors': [], 'actual_G': 0, 'actual_V': 0, 'actual_L': 627, 'output_rows': 1806, 'camera_packets': 1921}",1799,0.207244554830838,1.0,1806,0,"{'G_reason:disabled': 1921, 'V_reason:disabled': 1921}",0.9961240310077519,0.0,"{'count': 1806, 'total': 0.03127005110358899, 'maximum': 0.00014934273312676956}",L,/tmp/ltv_gain_scan_20261009/w0/results/w0_full_V2_03_difficult_L_2_20261009T024228_d40fdd97,0.4328588615364137,0.38823710619897467,,-0.08825269497062527,0.0015338912253692882,w0_full_V2_03_difficult_L_2_20261009T024228_d40fdd97,1799,V2_03_difficult,VALID_FULL_MATCHED,1.3322676295501878e-15,0.20276471534058607,"{'actual_opencv_threads': 4, 'verification': 'inferred from frozen num_opencv_threads=4 and original VioManager constructor; post-construction metadata was absent', 'cpu_affinity_per_worker': 4}"
4,0.20724992101051942,"{'errors': [], 'actual_G': 0, 'actual_V': 0, 'actual_L': 627, 'output_rows': 1806, 'camera_packets': 1921}",1799,0.20724992101051942,1.0,1806,0,"{'G_reason:disabled': 1921, 'V_reason:disabled': 1921}",0.9961240310077519,0.0,"{'count': 1806, 'total': 0.05508151167643524, 'maximum': 0.00026191574169451775}",L,/tmp/ltv_gain_scan_20261009/w0/results/w0_full_V2_03_difficult_L_4_20261009T025416_f7b8fbe4,0.4328688701813182,0.3882488473141658,,-0.0856656818220336,0.004123229216501656,w0_full_V2_03_difficult_L_4_20261009T025416_f7b8fbe4,1799,V2_03_difficult,VALID_FULL_MATCHED,1.942890293094024e-16,0.20277938713391142,"{'actual_opencv_threads': 4, 'verification': 'inferred from frozen num_opencv_threads=4 and original VioManager constructor; post-construction metadata was absent', 'cpu_affinity_per_worker': 4}"
1,0.20724787689338178,"{'errors': [], 'actual_G': 706, 'actual_V': 637, 'actual_L': 627, 'output_rows': 1806, 'camera_packets': 1921}",1799,0.20724787689338178,1.0,1806,0,"{'G_reason:disabled': 115, 'V_reason:disabled': 115, 'G_reason:warmup_or_core_invalid': 725, 'V_reason:warmup_or_core_invalid': 725, 'G_reason:not_ready_G': 375, 'V_reason:not_ready_V': 444, 'G_reason:accepted': 706, 'V_reason:accepted': 637}",0.9961240310077519,0.0,"{'count': 1806, 'total': 0.0172036148261893, 'maximum': 8.238440176881436e-05}",L_GV,/tmp/ltv_gain_scan_20261009/w1/results/w1_full_V2_03_difficult_L_GV_1_20261009T023802_6b66b3be,0.4328088043389413,0.38819681158795805,,-0.08665114228483262,0.0,w1_full_V2_03_difficult_L_GV_1_20261009T023802_6b66b3be,1799,V2_03_difficult,VALID_FULL_MATCHED,8.326672684688674e-16,0.20275737847052863,"{'actual_opencv_threads': 4, 'verification': 'inferred from frozen num_opencv_threads=4 and original VioManager constructor; post-construction metadata was absent', 'cpu_affinity_per_worker': 4}"
2,0.20725837022493143,"{'errors': [], 'actual_G': 706, 'actual_V': 637, 'actual_L': 627, 'output_rows': 1806, 'camera_packets': 1921}",1799,0.20725837022493143,1.0,1806,0,"{'G_reason:disabled': 115, 'V_reason:disabled': 115, 'G_reason:warmup_or_core_invalid': 725, 'V_reason:warmup_or_core_invalid': 725, 'G_reason:not_ready_G': 375, 'V_reason:not_ready_V': 444, 'G_reason:accepted': 706, 'V_reason:accepted': 637}",0.9961240310077519,0.0,"{'count': 1806, 'total': 0.0312544732701288, 'maximum': 0.00014915018095992957}",L_GV,/tmp/ltv_gain_scan_20261009/w1/results/w1_full_V2_03_difficult_L_GV_2_20261009T024210_c49baa1f,0.4327739506137754,0.3881736864726606,,-0.08159235031304224,0.005063179274467089,w1_full_V2_03_difficult_L_GV_2_20261009T024210_c49baa1f,1799,V2_03_difficult,VALID_FULL_MATCHED,9.43689570931383e-16,0.2027703014535841,"{'actual_opencv_threads': 4, 'verification': 'inferred from frozen num_opencv_threads=4 and original VioManager constructor; post-construction metadata was absent', 'cpu_affinity_per_worker': 4}"
4,0.20728521122552346,"{'errors': [], 'actual_G': 706, 'actual_V': 637, 'actual_L': 627, 'output_rows': 1806, 'camera_packets': 1921}",1799,0.20728521122552346,1.0,1806,0,"{'G_reason:disabled': 115, 'V_reason:disabled': 115, 'G_reason:warmup_or_core_invalid': 725, 'V_reason:warmup_or_core_invalid': 725, 'G_reason:not_ready_G': 375, 'V_reason:not_ready_V': 444, 'G_reason:accepted': 706, 'V_reason:accepted': 637}",0.9961240310077519,0.0,"{'count': 1806, 'total': 0.05502591230984844, 'maximum': 0.0002612410787311801}",L_GV,/tmp/ltv_gain_scan_20261009/w1/results/w1_full_V2_03_difficult_L_GV_4_20261009T025359_0c81f323,0.43271187311116743,0.38813426679909263,,-0.06865241434823588,0.018014337565874783,w1_full_V2_03_difficult_L_GV_4_20261009T025359_0c81f323,1799,V2_03_difficult,VALID_FULL_MATCHED,1.304512053934559e-15,0.20280015138543894,"{'actual_opencv_threads': 4, 'verification': 'inferred from frozen num_opencv_threads=4 and original VioManager constructor; post-construction metadata was absent', 'cpu_affinity_per_worker': 4}"
1,0.6856007258609963,"{'errors': [], 'actual_G': 0, 'actual_V': 0, 'actual_L': 0, 'output_rows': 3955, 'camera_packets': 4162}",529,0.6856007258609963,1.0,3955,0,,0.13375474083438685,0.0,,OFF,/tmp/ltv_gain_scan_20261009/w0/results/w0_full_indoor_forward_5_OFF_1_20261009T022612_973ef9d7,1.134255238224458,1.0048399547985314,,0.0,0.0,w0_full_indoor_forward_5_OFF_1_20261009T022612_973ef9d7,529,indoor_forward_5,VALID_FULL_MATCHED,6.661338147750939e-16,0.7237566001832939,"{'actual_opencv_threads': 4, 'verification': 'inferred from frozen num_opencv_threads=4 and original VioManager constructor; post-construction metadata was absent', 'cpu_affinity_per_worker': 4}"
1,0.6858770574463947,"{'errors': [], 'actual_G': 1519, 'actual_V': 0, 'actual_L': 0, 'output_rows': 3955, 'camera_packets': 4162}",529,0.6858770574463947,1.0,3955,0,"{'G_reason:disabled': 207, 'V_reason:disabled': 4162, 'G_reason:warmup_or_core_invalid': 656, 'G_reason:not_ready_G': 1780, 'G_reason:accepted': 1519}",0.13375474083438685,0.0,,G,/tmp/ltv_gain_scan_20261009/w0/results/w0_full_indoor_forward_5_G_1_20261009T022704_199dbc5a,1.1346996156557387,1.005221880132783,,0.04030503104432981,0.0,w0_full_indoor_forward_5_G_1_20261009T022704_199dbc5a,529,indoor_forward_5,VALID_FULL_MATCHED,1.3322676295501878e-15,0.7238604181141249,"{'actual_opencv_threads': 4, 'verification': 'inferred from frozen num_opencv_threads=4 and original VioManager constructor; post-construction metadata was absent', 'cpu_affinity_per_worker': 4}"
2,0.6861466339373526,"{'errors': [], 'actual_G': 1519, 'actual_V': 0, 'actual_L': 0, 'output_rows': 3955, 'camera_packets': 4162}",529,0.6861466339373526,1.0,3955,0,"{'G_reason:disabled': 207, 'V_reason:disabled': 4162, 'G_reason:warmup_or_core_invalid': 656, 'G_reason:not_ready_G': 1780, 'G_reason:accepted': 1519}",0.13375474083438685,0.0,,G,/tmp/ltv_gain_scan_20261009/w3/results/w3_full_indoor_forward_5_G_2_20261009T024447_dd9dfbdd,1.135132620287494,1.0055973009612615,,0.07962478097887082,0.03930390848203569,w3_full_indoor_forward_5_G_2_20261009T024447_dd9dfbdd,529,indoor_forward_5,VALID_FULL_MATCHED,1.6653345369377348e-15,0.7239534293741365,"{'actual_opencv_threads': 4, 'verification': 'inferred from frozen num_opencv_threads=4 and original VioManager constructor; post-construction metadata was absent', 'cpu_affinity_per_worker': 4}"
4,0.6866720638210703,"{'errors': [], 'actual_G': 1519, 'actual_V': 0, 'actual_L': 0, 'output_rows': 3955, 'camera_packets': 4162}",529,0.6866720638210703,1.0,3955,0,"{'G_reason:disabled': 207, 'V_reason:disabled': 4162, 'G_reason:warmup_or_core_invalid': 656, 'G_reason:not_ready_G': 1780, 'G_reason:accepted': 1519}",0.13375474083438685,0.0,,G,/tmp/ltv_gain_scan_20261009/w3/results/w3_full_indoor_forward_5_G_4_20261009T025635_4a6c3854,1.1359811896297431,1.0063385346409917,,0.15626266421007173,0.11591091523537322,w3_full_indoor_forward_5_G_4_20261009T025635_4a6c3854,529,indoor_forward_5,VALID_FULL_MATCHED,2.7755575615628914e-15,0.7241268623478301,"{'actual_opencv_threads': 4, 'verification': 'inferred from frozen num_opencv_threads=4 and original VioManager constructor; post-construction metadata was absent', 'cpu_affinity_per_worker': 4}"
1,0.6856216793851737,"{'errors': [], 'actual_G': 0, 'actual_V': 693, 'actual_L': 0, 'output_rows': 3955, 'camera_packets': 4162}",529,0.6856216793851737,1.0,3955,0,"{'G_reason:disabled': 4162, 'V_reason:disabled': 207, 'V_reason:warmup_or_core_invalid': 653, 'V_reason:not_ready_V': 2609, 'V_reason:accepted': 693}",0.13375474083438685,0.0,,V,/tmp/ltv_gain_scan_20261009/w1/results/w1_full_indoor_forward_5_V_1_20261009T022704_8cc33514,1.1342776338768739,1.0048603974248846,,0.0030562284121016248,0.0,w1_full_indoor_forward_5_V_1_20261009T022704_8cc33514,529,indoor_forward_5,VALID_FULL_MATCHED,2.6645352591003757e-15,0.7237532962961166,"{'actual_opencv_threads': 4, 'verification': 'inferred from frozen num_opencv_threads=4 and original VioManager constructor; post-construction metadata was absent', 'cpu_affinity_per_worker': 4}"
2,0.6856430352748659,"{'errors': [], 'actual_G': 0, 'actual_V': 693, 'actual_L': 0, 'output_rows': 3955, 'camera_packets': 4162}",529,0.6856430352748659,1.0,3955,0,"{'G_reason:disabled': 4162, 'V_reason:disabled': 207, 'V_reason:warmup_or_core_invalid': 653, 'V_reason:not_ready_V': 2609, 'V_reason:accepted': 693}",0.13375474083438685,0.0,,V,/tmp/ltv_gain_scan_20261009/w0/results/w0_full_indoor_forward_5_V_2_20261009T024416_4ef82c21,1.1343015859298278,1.0048815513529337,,0.006171144847688659,0.0031148212395137875,w0_full_indoor_forward_5_V_2_20261009T024416_4ef82c21,529,indoor_forward_5,VALID_FULL_MATCHED,1.1102230246251565e-15,0.7237490835181306,"{'actual_opencv_threads': 4, 'verification': 'inferred from frozen num_opencv_threads=4 and original VioManager constructor; post-construction metadata was absent', 'cpu_affinity_per_worker': 4}"
4,0.6856833182443919,"{'errors': [], 'actual_G': 0, 'actual_V': 693, 'actual_L': 0, 'output_rows': 3955, 'camera_packets': 4162}",529,0.6856833182443919,1.0,3955,0,"{'G_reason:disabled': 4162, 'V_reason:disabled': 207, 'V_reason:warmup_or_core_invalid': 653, 'V_reason:not_ready_V': 2609, 'V_reason:accepted': 693}",0.13375474083438685,0.0,,V,/tmp/ltv_gain_scan_20261009/w0/results/w0_full_indoor_forward_5_V_4_20261009T025604_4833a0a8,1.1343451629343126,1.004919730467947,,0.012046717612768099,0.008990214439164035,w0_full_indoor_forward_5_V_4_20261009T025604_4833a0a8,529,indoor_forward_5,VALID_FULL_MATCHED,1.1102230246251565e-15,0.7237345290065588,"{'actual_opencv_threads': 4, 'verification': 'inferred from frozen num_opencv_threads=4 and original VioManager constructor; post-construction metadata was absent', 'cpu_affinity_per_worker': 4}"
1,0.6858976563766918,"{'errors': [], 'actual_G': 1519, 'actual_V': 693, 'actual_L': 0, 'output_rows': 3955, 'camera_packets': 4162}",529,0.6858976563766918,1.0,3955,0,"{'G_reason:disabled': 207, 'V_reason:disabled': 207, 'G_reason:warmup_or_core_invalid': 653, 'V_reason:warmup_or_core_invalid': 653, 'G_reason:not_ready_G': 1783, 'V_reason:not_ready_V': 2609, 'G_reason:accepted': 1519, 'V_reason:accepted': 693}",0.13375474083438685,0.0,,GV,/tmp/ltv_gain_scan_20261009/w2/results/w2_full_indoor_forward_5_GV_1_20261009T022704_accd5a77,1.1347218899902105,1.0052412442658563,,0.04330953928359804,0.0,w2_full_indoor_forward_5_GV_1_20261009T022704_accd5a77,529,indoor_forward_5,VALID_FULL_MATCHED,3.774758283725532e-15,0.7238544822826123,"{'actual_opencv_threads': 4, 'verification': 'inferred from frozen num_opencv_threads=4 and original VioManager constructor; post-construction metadata was absent', 'cpu_affinity_per_worker': 4}"
2,0.6861892333676197,"{'errors': [], 'actual_G': 1519, 'actual_V': 693, 'actual_L': 0, 'output_rows': 3955, 'camera_packets': 4162}",529,0.6861892333676197,1.0,3955,0,"{'G_reason:disabled': 207, 'V_reason:disabled': 207, 'G_reason:warmup_or_core_invalid': 653, 'V_reason:warmup_or_core_invalid': 653, 'G_reason:not_ready_G': 1783, 'V_reason:not_ready_V': 2609, 'G_reason:accepted': 1519, 'V_reason:accepted': 693}",0.13375474083438685,0.0,,GV,/tmp/ltv_gain_scan_20261009/w1/results/w1_full_indoor_forward_5_GV_2_20261009T024358_26e0a94c,1.1351792089691046,1.0056389092881728,,0.0858382268899005,0.04251027660135964,w1_full_indoor_forward_5_GV_2_20261009T024358_26e0a94c,529,indoor_forward_5,VALID_FULL_MATCHED,2.55351295663786e-15,0.723947226063134,"{'actual_opencv_threads': 4, 'verification': 'inferred from frozen num_opencv_threads=4 and original VioManager constructor; post-construction metadata was absent', 'cpu_affinity_per_worker': 4}"
4,0.6867547277012039,"{'errors': [], 'actual_G': 1519, 'actual_V': 693, 'actual_L': 0, 'output_rows': 3955, 'camera_packets': 4162}",529,0.6867547277012039,1.0,3955,0,"{'G_reason:disabled': 207, 'V_reason:disabled': 207, 'G_reason:warmup_or_core_invalid': 653, 'V_reason:warmup_or_core_invalid': 653, 'G_reason:not_ready_G': 1783, 'V_reason:not_ready_V': 2609, 'G_reason:accepted': 1519, 'V_reason:accepted': 693}",0.13375474083438685,0.0,,GV,/tmp/ltv_gain_scan_20261009/w1/results/w1_full_indoor_forward_5_GV_4_20261009T025547_0a4516cd,1.1360703208727845,1.0064179461481515,,0.1683198101575023,0.12495615293974804,w1_full_indoor_forward_5_GV_4_20261009T025547_0a4516cd,529,indoor_forward_5,VALID_FULL_MATCHED,4.440892098500626e-16,0.7241037412980191,"{'actual_opencv_threads': 4, 'verification': 'inferred from frozen num_opencv_threads=4 and original VioManager constructor; post-construction metadata was absent', 'cpu_affinity_per_worker': 4}"
1,0.6855519932261562,"{'errors': [], 'actual_G': 0, 'actual_V': 0, 'actual_L': 692, 'output_rows': 3955, 'camera_packets': 4162}",529,0.6855519932261562,1.0,3955,0,"{'G_reason:disabled': 4162, 'V_reason:disabled': 4162}",0.13375474083438685,0.0,"{'count': 3955, 'total': 0.04435509716525018, 'maximum': 0.0004852450540661187}",L,/tmp/ltv_gain_scan_20261009/w3/results/w3_full_indoor_forward_5_L_1_20261009T022704_beb10993,1.1342006099298005,1.0047793583859843,,-0.0071080197266204515,0.0,w3_full_indoor_forward_5_L_1_20261009T022704_beb10993,529,indoor_forward_5,VALID_FULL_MATCHED,4.440892098500626e-16,0.7237624519296073,"{'actual_opencv_threads': 4, 'verification': 'inferred from frozen num_opencv_threads=4 and original VioManager constructor; post-construction metadata was absent', 'cpu_affinity_per_worker': 4}"
2,0.6855169012171385,"{'errors': [], 'actual_G': 0, 'actual_V': 0, 'actual_L': 692, 'output_rows': 3955, 'camera_packets': 4162}",529,0.6855169012171385,1.0,3955,0,"{'G_reason:disabled': 4162, 'V_reason:disabled': 4162}",0.13375474083438685,0.0,"{'count': 3955, 'total': 0.07632713731907025, 'maximum': 0.0008359622221892238}",L,/tmp/ltv_gain_scan_20261009/w2/results/w2_full_indoor_forward_5_L_2_20261009T024429_b012c243,1.1341624929874665,1.0047367537237664,,-0.012226452028996082,-0.005118796147407512,w2_full_indoor_forward_5_L_2_20261009T024429_b012c243,529,indoor_forward_5,VALID_FULL_MATCHED,2.220446049250313e-15,0.7237657262469361,"{'actual_opencv_threads': 4, 'verification': 'inferred from frozen num_opencv_threads=4 and original VioManager constructor; post-construction metadata was absent', 'cpu_affinity_per_worker': 4}"
4,0.6854701606354251,"{'errors': [], 'actual_G': 0, 'actual_V': 0, 'actual_L': 692, 'output_rows': 3955, 'camera_packets': 4162}",529,0.6854701606354251,1.0,3955,0,"{'G_reason:disabled': 4162, 'V_reason:disabled': 4162}",0.13375474083438685,0.0,"{'count': 3955, 'total': 0.12628446002246127, 'maximum': 0.0013804519116070238}",L,/tmp/ltv_gain_scan_20261009/w2/results/w2_full_indoor_forward_5_L_4_20261009T025617_4b16ef34,1.1341085095848564,1.0046768900473684,,-0.01904391588956056,-0.011936744629104101,w2_full_indoor_forward_5_L_4_20261009T025617_4b16ef34,529,indoor_forward_5,VALID_FULL_MATCHED,4.440892098500626e-16,0.7237705151000955,"{'actual_opencv_threads': 4, 'verification': 'inferred from frozen num_opencv_threads=4 and original VioManager constructor; post-construction metadata was absent', 'cpu_affinity_per_worker': 4}"
1,0.6858462430395674,"{'errors': [], 'actual_G': 1519, 'actual_V': 693, 'actual_L': 692, 'output_rows': 3955, 'camera_packets': 4162}",529,0.6858462430395674,1.0,3955,0,"{'G_reason:disabled': 207, 'V_reason:disabled': 207, 'G_reason:warmup_or_core_invalid': 653, 'V_reason:warmup_or_core_invalid': 653, 'G_reason:not_ready_G': 1783, 'V_reason:not_ready_V': 2609, 'G_reason:accepted': 1519, 'V_reason:accepted': 693}",0.13375474083438685,0.0,"{'count': 3955, 'total': 0.044232255449228736, 'maximum': 0.00048286384015828185}",L_GV,/tmp/ltv_gain_scan_20261009/w0/results/w0_full_indoor_forward_5_L_GV_1_20261009T022900_842b8a0b,1.1346636077598002,1.0051781583461112,,0.035810519054346734,0.0,w0_full_indoor_forward_5_L_GV_1_20261009T022900_842b8a0b,529,indoor_forward_5,VALID_FULL_MATCHED,2.220446049250313e-16,0.723852063050726,"{'actual_opencv_threads': 4, 'verification': 'inferred from frozen num_opencv_threads=4 and original VioManager constructor; post-construction metadata was absent', 'cpu_affinity_per_worker': 4}"
2,0.6861073746775983,"{'errors': [], 'actual_G': 1519, 'actual_V': 693, 'actual_L': 692, 'output_rows': 3955, 'camera_packets': 4162}",529,0.6861073746775983,1.0,3955,0,"{'G_reason:disabled': 207, 'V_reason:disabled': 207, 'G_reason:warmup_or_core_invalid': 653, 'V_reason:warmup_or_core_invalid': 653, 'G_reason:not_ready_G': 1783, 'V_reason:not_ready_V': 2609, 'G_reason:accepted': 1519, 'V_reason:accepted': 693}",0.13375474083438685,0.0,"{'count': 3955, 'total': 0.0759096711042827, 'maximum': 0.0008277235574863865}",L_GV,/tmp/ltv_gain_scan_20261009/w3/results/w3_full_indoor_forward_5_L_GV_2_20261009T024742_a149d9ee,1.1350883186528207,1.0055369332089996,,0.07389852395003338,0.03807437026608351,w3_full_indoor_forward_5_L_GV_2_20261009T024742_a149d9ee,529,indoor_forward_5,VALID_FULL_MATCHED,3.3306690738754696e-16,0.7239522330842136,"{'actual_opencv_threads': 4, 'verification': 'inferred from frozen num_opencv_threads=4 and original VioManager constructor; post-construction metadata was absent', 'cpu_affinity_per_worker': 4}"
4,0.6865871339783126,"{'errors': [], 'actual_G': 1499, 'actual_V': 677, 'actual_L': 676, 'output_rows': 3955, 'camera_packets': 4162}",529,0.6865871339783126,1.0,3955,0,"{'G_reason:disabled': 207, 'V_reason:disabled': 207, 'G_reason:warmup_or_core_invalid': 672, 'V_reason:warmup_or_core_invalid': 672, 'G_reason:not_ready_G': 1784, 'V_reason:not_ready_V': 2606, 'G_reason:accepted': 1499, 'V_reason:accepted': 677}",0.13375474083438685,0.0,"{'count': 3955, 'total': 0.1243562284053333, 'maximum': 0.0013530462712748048}",L_GV,/tmp/ltv_gain_scan_20261009/w3/results/w3_full_indoor_forward_5_L_GV_4_20261009T025930_51b78b56,1.1358679719379876,1.0062106104562485,,0.14387501064523356,0.10802580698869857,w3_full_indoor_forward_5_L_GV_4_20261009T025930_51b78b56,529,indoor_forward_5,VALID_FULL_MATCHED,3.774758283725532e-15,0.7241140561016951,"{'actual_opencv_threads': 4, 'verification': 'inferred from frozen num_opencv_threads=4 and original VioManager constructor; post-construction metadata was absent', 'cpu_affinity_per_worker': 4}"
1,0.41267035244225225,"{'errors': [], 'actual_G': 0, 'actual_V': 0, 'actual_L': 0, 'output_rows': 1781, 'camera_packets': 1970}",816,0.41267035244225225,1.0,1781,0,,0.45816956765861877,0.0,,OFF,/tmp/ltv_gain_scan_20261009/w1/results/w1_full_indoor_forward_6_OFF_1_20261009T022612_71a8bc18,1.4991255510660932,0.7544805026642559,,0.0,0.0,w1_full_indoor_forward_6_OFF_1_20261009T022612_71a8bc18,816,indoor_forward_6,VALID_FULL_MATCHED,1.6653345369377348e-16,0.23301276225463136,"{'actual_opencv_threads': 4, 'verification': 'inferred from frozen num_opencv_threads=4 and original VioManager constructor; post-construction metadata was absent', 'cpu_affinity_per_worker': 4}"
1,0.41266488832119536,"{'errors': [], 'actual_G': 279, 'actual_V': 0, 'actual_L': 0, 'output_rows': 1781, 'camera_packets': 1970}",816,0.41266488832119536,1.0,1781,0,"{'G_reason:disabled': 189, 'V_reason:disabled': 1970, 'G_reason:warmup_or_core_invalid': 1266, 'G_reason:not_ready_G': 236, 'G_reason:accepted': 279}",0.45816956765861877,0.0,,G,/tmp/ltv_gain_scan_20261009/w1/results/w1_full_indoor_forward_6_G_1_20261009T022900_f6cc8821,1.4997965154659674,0.7541158271138153,,-0.0013240885914256317,0.0,w1_full_indoor_forward_6_G_1_20261009T022900_f6cc8821,816,indoor_forward_6,VALID_FULL_MATCHED,5.551115123125783e-16,0.23294942695629345,"{'actual_opencv_threads': 4, 'verification': 'inferred from frozen num_opencv_threads=4 and original VioManager constructor; post-construction metadata was absent', 'cpu_affinity_per_worker': 4}"
2,0.4126640247988166,"{'errors': [], 'actual_G': 290, 'actual_V': 0, 'actual_L': 0, 'output_rows': 1781, 'camera_packets': 1970}",816,0.4126640247988166,1.0,1781,0,"{'G_reason:disabled': 189, 'V_reason:disabled': 1970, 'G_reason:warmup_or_core_invalid': 1255, 'G_reason:not_ready_G': 236, 'G_reason:accepted': 290}",0.45816956765861877,0.0,,G,/tmp/ltv_gain_scan_20261009/w3/results/w3_full_indoor_forward_6_G_2_20261009T031916_2f53ef1a,1.500541645569221,0.7537174744836199,,-0.0015333409338014192,-0.00020925511309277667,w3_full_indoor_forward_6_G_2_20261009T031916_2f53ef1a,816,indoor_forward_6,VALID_FULL_MATCHED,1.6653345369377348e-16,0.23288211073322873,"{'actual_opencv_threads': 4, 'verification': 'inferred from frozen num_opencv_threads=4 and original VioManager constructor; post-construction metadata was absent', 'cpu_affinity_per_worker': 4}"
4,0.41266160993240886,"{'errors': [], 'actual_G': 290, 'actual_V': 0, 'actual_L': 0, 'output_rows': 1781, 'camera_packets': 1970}",816,0.41266160993240886,1.0,1781,0,"{'G_reason:disabled': 189, 'V_reason:disabled': 1970, 'G_reason:warmup_or_core_invalid': 1255, 'G_reason:not_ready_G': 236, 'G_reason:accepted': 290}",0.45816956765861877,0.0,,G,/tmp/ltv_gain_scan_20261009/w3/results/w3_full_indoor_forward_6_G_4_20261009T033512_09f6b14d,1.5018957766158076,0.7529708025512819,,-0.002118521427973974,-0.0007944433556783537,w3_full_indoor_forward_6_G_4_20261009T033512_09f6b14d,816,indoor_forward_6,VALID_FULL_MATCHED,1.1102230246251565e-16,0.2327589507367617,"{'actual_opencv_threads': 4, 'verification': 'inferred from frozen num_opencv_threads=4 and original VioManager constructor; post-construction metadata was absent', 'cpu_affinity_per_worker': 4}"
1,0.41267716831475965,"{'errors': [], 'actual_G': 0, 'actual_V': 127, 'actual_L': 0, 'output_rows': 1781, 'camera_packets': 1970}",816,0.41267716831475965,1.0,1781,0,"{'G_reason:disabled': 1970, 'V_reason:disabled': 189, 'V_reason:warmup_or_core_invalid': 1266, 'V_reason:not_ready_V': 388, 'V_reason:accepted': 127}",0.45816956765861877,0.0,,V,/tmp/ltv_gain_scan_20261009/w2/results/w2_full_indoor_forward_6_V_1_20261009T022900_83a40e7b,1.4991432116777252,0.754497050901385,,0.001651650637612967,0.0,w2_full_indoor_forward_6_V_1_20261009T022900_83a40e7b,816,indoor_forward_6,VALID_FULL_MATCHED,1.6653345369377348e-16,0.23301585058144653,"{'actual_opencv_threads': 4, 'verification': 'inferred from frozen num_opencv_threads=4 and original VioManager constructor; post-construction metadata was absent', 'cpu_affinity_per_worker': 4}"
2,0.41268315493335883,"{'errors': [], 'actual_G': 0, 'actual_V': 138, 'actual_L': 0, 'output_rows': 1781, 'camera_packets': 1970}",816,0.41268315493335883,1.0,1781,0,"{'G_reason:disabled': 1970, 'V_reason:disabled': 189, 'V_reason:warmup_or_core_invalid': 1255, 'V_reason:not_ready_V': 388, 'V_reason:accepted': 138}",0.45816956765861877,0.0,,V,/tmp/ltv_gain_scan_20261009/w3/results/w3_full_indoor_forward_6_V_2_20261009T032227_f55a55b3,1.4991575594946316,0.7545089993662834,,0.0031023530115081854,0.0014506784137502393,w3_full_indoor_forward_6_V_2_20261009T032227_f55a55b3,816,indoor_forward_6,VALID_FULL_MATCHED,1.1102230246251565e-16,0.23301799228467082,"{'actual_opencv_threads': 4, 'verification': 'inferred from frozen num_opencv_threads=4 and original VioManager constructor; post-construction metadata was absent', 'cpu_affinity_per_worker': 4}"
4,0.41269551694212675,"{'errors': [], 'actual_G': 0, 'actual_V': 127, 'actual_L': 0, 'output_rows': 1781, 'camera_packets': 1970}",816,0.41269551694212675,1.0,1781,0,"{'G_reason:disabled': 1970, 'V_reason:disabled': 189, 'V_reason:warmup_or_core_invalid': 1266, 'V_reason:not_ready_V': 388, 'V_reason:accepted': 127}",0.45816956765861877,0.0,,V,/tmp/ltv_gain_scan_20261009/w3/results/w3_full_indoor_forward_6_V_4_20261009T033821_7e23e78b,1.4991866752595726,0.7545351157876354,,0.006097966506568575,0.004446242432565306,w3_full_indoor_forward_6_V_4_20261009T033821_7e23e78b,816,indoor_forward_6,VALID_FULL_MATCHED,6.106226635438361e-16,0.23302280787422447,"{'actual_opencv_threads': 4, 'verification': 'inferred from frozen num_opencv_threads=4 and original VioManager constructor; post-construction metadata was absent', 'cpu_affinity_per_worker': 4}"
1,0.412673131726562,"{'errors': [], 'actual_G': 290, 'actual_V': 138, 'actual_L': 0, 'output_rows': 1781, 'camera_packets': 1970}",816,0.412673131726562,1.0,1781,0,"{'G_reason:disabled': 189, 'V_reason:disabled': 189, 'G_reason:warmup_or_core_invalid': 1255, 'V_reason:warmup_or_core_invalid': 1255, 'G_reason:not_ready_G': 236, 'V_reason:not_ready_V': 388, 'G_reason:accepted': 290, 'V_reason:accepted': 138}",0.45816956765861877,0.0,,GV,/tmp/ltv_gain_scan_20261009/w3/results/w3_full_indoor_forward_6_GV_1_20261009T023000_e7c364b7,1.4998520151241672,0.7541075525458626,,0.0006734877592506905,0.0,w3_full_indoor_forward_6_GV_1_20261009T023000_e7c364b7,816,indoor_forward_6,VALID_FULL_MATCHED,4.440892098500626e-16,0.23295000201149957,"{'actual_opencv_threads': 4, 'verification': 'inferred from frozen num_opencv_threads=4 and original VioManager constructor; post-construction metadata was absent', 'cpu_affinity_per_worker': 4}"
2,0.412677054206467,"{'errors': [], 'actual_G': 290, 'actual_V': 138, 'actual_L': 0, 'output_rows': 1781, 'camera_packets': 1970}",816,0.412677054206467,1.0,1781,0,"{'G_reason:disabled': 189, 'V_reason:disabled': 189, 'G_reason:warmup_or_core_invalid': 1255, 'V_reason:warmup_or_core_invalid': 1255, 'G_reason:not_ready_G': 236, 'V_reason:not_ready_V': 388, 'G_reason:accepted': 290, 'V_reason:accepted': 138}",0.45816956765861877,0.0,,GV,/tmp/ltv_gain_scan_20261009/w3/results/w3_full_indoor_forward_6_GV_2_20261009T032538_7bbf7b9f,1.500569305482026,0.7537421592278563,,0.0016239994405031766,0.0009505052797065261,w3_full_indoor_forward_6_GV_2_20261009T032538_7bbf7b9f,816,indoor_forward_6,VALID_FULL_MATCHED,0.0,0.2328883799006951,"{'actual_opencv_threads': 4, 'verification': 'inferred from frozen num_opencv_threads=4 and original VioManager constructor; post-construction metadata was absent', 'cpu_affinity_per_worker': 4}"
4,0.4126870623671438,"{'errors': [], 'actual_G': 290, 'actual_V': 138, 'actual_L': 0, 'output_rows': 1781, 'camera_packets': 1970}",816,0.4126870623671438,1.0,1781,0,"{'G_reason:disabled': 189, 'V_reason:disabled': 189, 'G_reason:warmup_or_core_invalid': 1255, 'V_reason:warmup_or_core_invalid': 1255, 'G_reason:not_ready_G': 236, 'V_reason:not_ready_V': 388, 'G_reason:accepted': 290, 'V_reason:accepted': 138}",0.45816956765861877,0.0,,GV,/tmp/ltv_gain_scan_20261009/w3/results/w3_full_indoor_forward_6_GV_4_20261009T034131_f6fd565c,1.5019587268935162,0.753024540975857,,0.004049218654222919,0.003375708160002766,w3_full_indoor_forward_6_GV_4_20261009T034131_f6fd565c,816,indoor_forward_6,VALID_FULL_MATCHED,1.1102230246251565e-16,0.2327694701476775,"{'actual_opencv_threads': 4, 'verification': 'inferred from frozen num_opencv_threads=4 and original VioManager constructor; post-construction metadata was absent', 'cpu_affinity_per_worker': 4}"
1,0.41260371069415874,"{'errors': [], 'actual_G': 0, 'actual_V': 0, 'actual_L': 126, 'output_rows': 1781, 'camera_packets': 1970}",816,0.41260371069415874,1.0,1781,0,"{'G_reason:disabled': 1970, 'V_reason:disabled': 1970}",0.45816956765861877,0.0,"{'count': 1781, 'total': 0.002918216325149978, 'maximum': 5.0416889147693826e-05}",L,/tmp/ltv_gain_scan_20261009/w0/results/w0_full_indoor_forward_6_L_1_20261009T023057_d221dd95,1.4987271284098698,0.7543456778924873,,-0.016148906190893708,0.0,w0_full_indoor_forward_6_L_1_20261009T023057_d221dd95,816,indoor_forward_6,VALID_FULL_MATCHED,5.551115123125783e-16,0.23300519340025871,"{'actual_opencv_threads': 4, 'verification': 'inferred from frozen num_opencv_threads=4 and original VioManager constructor; post-construction metadata was absent', 'cpu_affinity_per_worker': 4}"
2,0.41256191334951114,"{'errors': [], 'actual_G': 0, 'actual_V': 0, 'actual_L': 126, 'output_rows': 1781, 'camera_packets': 1970}",816,0.41256191334951114,1.0,1781,0,"{'G_reason:disabled': 1970, 'V_reason:disabled': 1970}",0.45816956765861877,0.0,"{'count': 1781, 'total': 0.005066661587993039, 'maximum': 8.574335097243958e-05}",L,/tmp/ltv_gain_scan_20261009/w3/results/w3_full_indoor_forward_6_L_2_20261009T032849_aa58af4d,1.4984760633790557,0.7542595430559794,,-0.026277412976083436,-0.010130142692432731,w3_full_indoor_forward_6_L_2_20261009T032849_aa58af4d,816,indoor_forward_6,VALID_FULL_MATCHED,1.6653345369377348e-16,0.2330006473447514,"{'actual_opencv_threads': 4, 'verification': 'inferred from frozen num_opencv_threads=4 and original VioManager constructor; post-construction metadata was absent', 'cpu_affinity_per_worker': 4}"
4,0.4125039833521086,"{'errors': [], 'actual_G': 0, 'actual_V': 0, 'actual_L': 126, 'output_rows': 1781, 'camera_packets': 1970}",816,0.4125039833521086,1.0,1781,0,"{'G_reason:disabled': 1970, 'V_reason:disabled': 1970}",0.45816956765861877,0.0,"{'count': 1781, 'total': 0.008532337369565355, 'maximum': 0.00013915593426721586}",L,/tmp/ltv_gain_scan_20261009/w3/results/w3_full_indoor_forward_6_L_4_20261009T034442_cc812869,1.4981297899886006,0.7541450254837837,,-0.04031525142503822,-0.02417024846489424,w3_full_indoor_forward_6_L_4_20261009T034442_cc812869,816,indoor_forward_6,VALID_FULL_MATCHED,1.6653345369377348e-16,0.23299460417141704,"{'actual_opencv_threads': 4, 'verification': 'inferred from frozen num_opencv_threads=4 and original VioManager constructor; post-construction metadata was absent', 'cpu_affinity_per_worker': 4}"
1,0.41260301438450325,"{'errors': [], 'actual_G': 290, 'actual_V': 138, 'actual_L': 137, 'output_rows': 1781, 'camera_packets': 1970}",816,0.41260301438450325,1.0,1781,0,"{'G_reason:disabled': 189, 'V_reason:disabled': 189, 'G_reason:warmup_or_core_invalid': 1255, 'V_reason:warmup_or_core_invalid': 1255, 'G_reason:not_ready_G': 236, 'V_reason:not_ready_V': 388, 'G_reason:accepted': 290, 'V_reason:accepted': 138}",0.45816956765861877,0.0,"{'count': 1781, 'total': 0.0032403151880009287, 'maximum': 5.041230908499263e-05}",L_GV,/tmp/ltv_gain_scan_20261009/w1/results/w1_full_indoor_forward_6_L_GV_1_20261009T022944_9205f321,1.4994375379399751,0.753959436153633,,-0.016317638849139282,0.0,w1_full_indoor_forward_6_L_GV_1_20261009T022944_9205f321,816,indoor_forward_6,VALID_FULL_MATCHED,1.1102230246251565e-16,0.23294120804903043,"{'actual_opencv_threads': 4, 'verification': 'inferred from frozen num_opencv_threads=4 and original VioManager constructor; post-construction metadata was absent', 'cpu_affinity_per_worker': 4}"
2,0.41256314109945397,"{'errors': [], 'actual_G': 290, 'actual_V': 138, 'actual_L': 137, 'output_rows': 1781, 'camera_packets': 1970}",816,0.41256314109945397,1.0,1781,0,"{'G_reason:disabled': 189, 'V_reason:disabled': 189, 'G_reason:warmup_or_core_invalid': 1255, 'V_reason:warmup_or_core_invalid': 1255, 'G_reason:not_ready_G': 236, 'V_reason:not_ready_V': 388, 'G_reason:accepted': 290, 'V_reason:accepted': 138}",0.45816956765861877,0.0,"{'count': 1781, 'total': 0.0056506367635765, 'maximum': 8.572768367626434e-05}",L_GV,/tmp/ltv_gain_scan_20261009/w3/results/w3_full_indoor_forward_6_L_GV_2_20261009T033201_3631f6e7,1.499889728127799,0.7535114913461233,,-0.025979899492123426,-0.009663837553097743,w3_full_indoor_forward_6_L_GV_2_20261009T033201_3631f6e7,816,indoor_forward_6,VALID_FULL_MATCHED,3.3306690738754696e-16,0.23287517708442962,"{'actual_opencv_threads': 4, 'verification': 'inferred from frozen num_opencv_threads=4 and original VioManager constructor; post-construction metadata was absent', 'cpu_affinity_per_worker': 4}"
4,0.4125089088580879,"{'errors': [], 'actual_G': 290, 'actual_V': 138, 'actual_L': 137, 'output_rows': 1781, 'camera_packets': 1970}",816,0.4125089088580879,1.0,1781,0,"{'G_reason:disabled': 189, 'V_reason:disabled': 189, 'G_reason:warmup_or_core_invalid': 1255, 'V_reason:warmup_or_core_invalid': 1255, 'G_reason:not_ready_G': 236, 'V_reason:not_ready_V': 388, 'G_reason:accepted': 290, 'V_reason:accepted': 138}",0.45816956765861877,0.0,"{'count': 1781, 'total': 0.00956380506327643, 'maximum': 0.00013910512205558107}",L_GV,/tmp/ltv_gain_scan_20261009/w3/results/w3_full_indoor_forward_6_L_GV_4_20261009T034755_6fcf4a9f,1.5008982229725425,0.7526663246973782,,-0.03912168228440427,-0.022807765123999957,w3_full_indoor_forward_6_L_GV_4_20261009T034755_6fcf4a9f,816,indoor_forward_6,VALID_FULL_MATCHED,2.220446049250313e-16,0.23274861981737494,"{'actual_opencv_threads': 4, 'verification': 'inferred from frozen num_opencv_threads=4 and original VioManager constructor; post-construction metadata was absent', 'cpu_affinity_per_worker': 4}"
1,0.6699805753562106,"{'errors': [], 'actual_G': 0, 'actual_V': 0, 'actual_L': 0, 'output_rows': 1783, 'camera_packets': 1965}",1264,0.6699805753562106,1.0,1783,0,,0.7089175546831183,0.0,,OFF,/tmp/ltv_gain_scan_20261009/w3/results/w3_full_indoor_45_2_OFF_1_20261009T022612_ab1a7c56,1.1670301541731096,1.0452144065890696,,0.0,0.0,w3_full_indoor_45_2_OFF_1_20261009T022612_ab1a7c56,1264,indoor_45_2,VALID_FULL_MATCHED,9.992007221626409e-16,0.9695458388770677,"{'actual_opencv_threads': 4, 'verification': 'inferred from frozen num_opencv_threads=4 and original VioManager constructor; post-construction metadata was absent', 'cpu_affinity_per_worker': 4}"
1,0.6700241662021801,"{'errors': [], 'actual_G': 139, 'actual_V': 0, 'actual_L': 0, 'output_rows': 1783, 'camera_packets': 1965}",1264,0.6700241662021801,1.0,1783,0,"{'G_reason:disabled': 182, 'V_reason:disabled': 1965, 'G_reason:warmup_or_core_invalid': 1316, 'G_reason:not_ready_G': 294, 'G_reason:accepted': 139, 'G_reason:time_or_token': 34}",0.7089175546831183,0.0,,G,/tmp/ltv_gain_scan_20261009/w3/results/w3_full_indoor_45_2_G_1_20261009T023136_64413a62,1.1670731540868409,1.0452866581762992,,0.006506285043617055,0.0,w3_full_indoor_45_2_G_1_20261009T023136_64413a62,1264,indoor_45_2,VALID_FULL_MATCHED,6.661338147750939e-16,0.9696114839803746,"{'actual_opencv_threads': 4, 'verification': 'inferred from frozen num_opencv_threads=4 and original VioManager constructor; post-construction metadata was absent', 'cpu_affinity_per_worker': 4}"
2,0.6700678073193316,"{'errors': [], 'actual_G': 139, 'actual_V': 0, 'actual_L': 0, 'output_rows': 1783, 'camera_packets': 1965}",1264,0.6700678073193316,1.0,1783,0,"{'G_reason:disabled': 182, 'V_reason:disabled': 1965, 'G_reason:warmup_or_core_invalid': 1316, 'G_reason:not_ready_G': 294, 'G_reason:accepted': 139, 'G_reason:time_or_token': 34}",0.7089175546831183,0.0,,G,/tmp/ltv_gain_scan_20261009/w0/results/w0_full_indoor_45_2_G_2_20261009T031950_fed0af61,1.1671156961592628,1.0453593836979629,,0.013020073466241122,0.006513364644566977,w0_full_indoor_45_2_G_2_20261009T031950_fed0af61,1264,indoor_45_2,VALID_FULL_MATCHED,1.1102230246251565e-15,0.9696772964317731,"{'actual_opencv_threads': 4, 'verification': 'inferred from frozen num_opencv_threads=4 and original VioManager constructor; post-construction metadata was absent', 'cpu_affinity_per_worker': 4}"
4,0.6701541603800591,"{'errors': [], 'actual_G': 139, 'actual_V': 0, 'actual_L': 0, 'output_rows': 1783, 'camera_packets': 1965}",1264,0.6701541603800591,1.0,1783,0,"{'G_reason:disabled': 182, 'V_reason:disabled': 1965, 'G_reason:warmup_or_core_invalid': 1316, 'G_reason:not_ready_G': 294, 'G_reason:accepted': 139, 'G_reason:time_or_token': 34}",0.7089175546831183,0.0,,G,/tmp/ltv_gain_scan_20261009/w0/results/w0_full_indoor_45_2_G_4_20261009T033544_f017c127,1.1671985372975402,1.045502713970385,,0.025908963667542473,0.019401416312470054,w0_full_indoor_45_2_G_4_20261009T033544_f017c127,1264,indoor_45_2,VALID_FULL_MATCHED,3.3306690738754696e-16,0.969807723039012,"{'actual_opencv_threads': 4, 'verification': 'inferred from frozen num_opencv_threads=4 and original VioManager constructor; post-construction metadata was absent', 'cpu_affinity_per_worker': 4}"
1,0.6699802498249475,"{'errors': [], 'actual_G': 0, 'actual_V': 127, 'actual_L': 0, 'output_rows': 1783, 'camera_packets': 1965}",1264,0.6699802498249475,1.0,1783,0,"{'G_reason:disabled': 1965, 'V_reason:disabled': 182, 'V_reason:warmup_or_core_invalid': 1316, 'V_reason:not_ready_V': 306, 'V_reason:accepted': 127, 'V_reason:time_or_token': 34}",0.7089175546831183,0.0,,V,/tmp/ltv_gain_scan_20261009/w0/results/w0_full_indoor_45_2_V_1_20261009T023207_60464506,1.1670275900355125,1.0452116086927636,,-4.858816434749613e-05,0.0,w0_full_indoor_45_2_V_1_20261009T023207_60464506,1264,indoor_45_2,VALID_FULL_MATCHED,2.6645352591003757e-15,0.9695465609322651,"{'actual_opencv_threads': 4, 'verification': 'inferred from frozen num_opencv_threads=4 and original VioManager constructor; post-construction metadata was absent', 'cpu_affinity_per_worker': 4}"
2,0.6699797519009986,"{'errors': [], 'actual_G': 0, 'actual_V': 127, 'actual_L': 0, 'output_rows': 1783, 'camera_packets': 1965}",1264,0.6699797519009986,1.0,1783,0,"{'G_reason:disabled': 1965, 'V_reason:disabled': 182, 'V_reason:warmup_or_core_invalid': 1316, 'V_reason:not_ready_V': 306, 'V_reason:accepted': 127, 'V_reason:time_or_token': 34}",0.7089175546831183,0.0,,V,/tmp/ltv_gain_scan_20261009/w0/results/w0_full_indoor_45_2_V_2_20261009T032300_2516cfef,1.1670246582160422,1.0452084160669957,,-0.00012290732631647927,-7.431919808453813e-05,w0_full_indoor_45_2_V_2_20261009T032300_2516cfef,1264,indoor_45_2,VALID_FULL_MATCHED,5.551115123125783e-16,0.9695470581175358,"{'actual_opencv_threads': 4, 'verification': 'inferred from frozen num_opencv_threads=4 and original VioManager constructor; post-construction metadata was absent', 'cpu_affinity_per_worker': 4}"
4,0.6699786675546404,"{'errors': [], 'actual_G': 0, 'actual_V': 127, 'actual_L': 0, 'output_rows': 1783, 'camera_packets': 1965}",1264,0.6699786675546404,1.0,1783,0,"{'G_reason:disabled': 1965, 'V_reason:disabled': 182, 'V_reason:warmup_or_core_invalid': 1316, 'V_reason:not_ready_V': 306, 'V_reason:accepted': 127, 'V_reason:time_or_token': 34}",0.7089175546831183,0.0,,V,/tmp/ltv_gain_scan_20261009/w0/results/w0_full_indoor_45_2_V_4_20261009T033854_688340d2,1.167018997642517,1.0452012648812257,,-0.00028475475861711175,-0.00023616670902226744,w0_full_indoor_45_2_V_4_20261009T033854_688340d2,1264,indoor_45_2,VALID_FULL_MATCHED,1.5543122344752192e-15,0.9695477410751938,"{'actual_opencv_threads': 4, 'verification': 'inferred from frozen num_opencv_threads=4 and original VioManager constructor; post-construction metadata was absent', 'cpu_affinity_per_worker': 4}"
1,0.6700241782077623,"{'errors': [], 'actual_G': 139, 'actual_V': 127, 'actual_L': 0, 'output_rows': 1783, 'camera_packets': 1965}",1264,0.6700241782077623,1.0,1783,0,"{'G_reason:disabled': 182, 'V_reason:disabled': 182, 'G_reason:warmup_or_core_invalid': 1316, 'V_reason:warmup_or_core_invalid': 1316, 'G_reason:not_ready_G': 294, 'V_reason:not_ready_V': 306, 'G_reason:accepted': 139, 'V_reason:accepted': 127, 'G_reason:time_or_token': 34, 'V_reason:time_or_token': 34}",0.7089175546831183,0.0,,GV,/tmp/ltv_gain_scan_20261009/w1/results/w1_full_indoor_45_2_GV_1_20261009T023053_36200c9b,1.167070627794523,1.0452848817690537,,0.006508076973510413,0.0,w1_full_indoor_45_2_GV_1_20261009T023053_36200c9b,1264,indoor_45_2,VALID_FULL_MATCHED,7.771561172376096e-16,0.9696127066793827,"{'actual_opencv_threads': 4, 'verification': 'inferred from frozen num_opencv_threads=4 and original VioManager constructor; post-construction metadata was absent', 'cpu_affinity_per_worker': 4}"
2,0.6700671952011665,"{'errors': [], 'actual_G': 139, 'actual_V': 127, 'actual_L': 0, 'output_rows': 1783, 'camera_packets': 1965}",1264,0.6700671952011665,1.0,1783,0,"{'G_reason:disabled': 182, 'V_reason:disabled': 182, 'G_reason:warmup_or_core_invalid': 1316, 'V_reason:warmup_or_core_invalid': 1316, 'G_reason:not_ready_G': 294, 'V_reason:not_ready_V': 306, 'G_reason:accepted': 139, 'V_reason:accepted': 127, 'G_reason:time_or_token': 34, 'V_reason:time_or_token': 34}",0.7089175546831183,0.0,,GV,/tmp/ltv_gain_scan_20261009/w0/results/w0_full_indoor_45_2_GV_2_20261009T032611_cb0983f7,1.1671098876974375,1.0453552272135855,,0.012928709897286339,0.006420215091229586,w0_full_indoor_45_2_GV_2_20261009T032611_cb0983f7,1264,indoor_45_2,VALID_FULL_MATCHED,1.1102230246251565e-15,0.9696783481117719,"{'actual_opencv_threads': 4, 'verification': 'inferred from frozen num_opencv_threads=4 and original VioManager constructor; post-construction metadata was absent', 'cpu_affinity_per_worker': 4}"
4,0.6701524876322128,"{'errors': [], 'actual_G': 139, 'actual_V': 127, 'actual_L': 0, 'output_rows': 1783, 'camera_packets': 1965}",1264,0.6701524876322128,1.0,1783,0,"{'G_reason:disabled': 182, 'V_reason:disabled': 182, 'G_reason:warmup_or_core_invalid': 1316, 'V_reason:warmup_or_core_invalid': 1316, 'G_reason:not_ready_G': 294, 'V_reason:not_ready_V': 306, 'G_reason:accepted': 139, 'V_reason:accepted': 127, 'G_reason:time_or_token': 34, 'V_reason:time_or_token': 34}",0.7089175546831183,0.0,,GV,/tmp/ltv_gain_scan_20261009/w0/results/w0_full_indoor_45_2_GV_4_20261009T034204_0300d334,1.167187877493184,1.0454908701412333,,0.02565929257141164,0.019149969303167147,w0_full_indoor_45_2_GV_4_20261009T034204_0300d334,1264,indoor_45_2,VALID_FULL_MATCHED,4.440892098500626e-16,0.9698096975599619,"{'actual_opencv_threads': 4, 'verification': 'inferred from frozen num_opencv_threads=4 and original VioManager constructor; post-construction metadata was absent', 'cpu_affinity_per_worker': 4}"
1,0.6699798319095882,"{'errors': [], 'actual_G': 0, 'actual_V': 0, 'actual_L': 126, 'output_rows': 1783, 'camera_packets': 1965}",1264,0.6699798319095882,1.0,1783,0,"{'G_reason:disabled': 1965, 'V_reason:disabled': 1965}",0.7089175546831183,0.0,"{'count': 1783, 'total': 0.002258345472434313, 'maximum': 4.5610545287262696e-05}",L,/tmp/ltv_gain_scan_20261009/w2/results/w2_full_indoor_45_2_L_1_20261009T023034_c9a6b9e1,1.167028183528486,1.045212902643981,,-0.00011096539955790519,0.0,w2_full_indoor_45_2_L_1_20261009T023034_c9a6b9e1,1264,indoor_45_2,VALID_FULL_MATCHED,7.771561172376096e-16,0.9695451280609478,"{'actual_opencv_threads': 4, 'verification': 'inferred from frozen num_opencv_threads=4 and original VioManager constructor; post-construction metadata was absent', 'cpu_affinity_per_worker': 4}"
2,0.6699791889264568,"{'errors': [], 'actual_G': 0, 'actual_V': 0, 'actual_L': 126, 'output_rows': 1783, 'camera_packets': 1965}",1264,0.6699791889264568,1.0,1783,0,"{'G_reason:disabled': 1965, 'V_reason:disabled': 1965}",0.7089175546831183,0.0,"{'count': 1783, 'total': 0.004470071057955482, 'maximum': 9.070554069505045e-05}",L,/tmp/ltv_gain_scan_20261009/w0/results/w0_full_indoor_45_2_L_2_20261009T032921_9bf6e677,1.167026083841842,1.0452106611572016,,-0.00020693581348485424,-9.597052041954157e-05,w0_full_indoor_45_2_L_2_20261009T032921_9bf6e677,1264,indoor_45_2,VALID_FULL_MATCHED,1.2212453270876722e-15,0.9695448767226066,"{'actual_opencv_threads': 4, 'verification': 'inferred from frozen num_opencv_threads=4 and original VioManager constructor; post-construction metadata was absent', 'cpu_affinity_per_worker': 4}"
4,0.6699768714620502,"{'errors': [], 'actual_G': 0, 'actual_V': 0, 'actual_L': 126, 'output_rows': 1783, 'camera_packets': 1965}",1264,0.6699768714620502,1.0,1783,0,"{'G_reason:disabled': 1965, 'V_reason:disabled': 1965}",0.7089175546831183,0.0,"{'count': 1783, 'total': 0.008815045225765728, 'maximum': 0.0001799196796733498}",L,/tmp/ltv_gain_scan_20261009/w0/results/w0_full_indoor_45_2_L_4_20261009T034516_58a47be9,1.1670203271483288,1.045205052564752,,-0.0005528360517592645,-0.0004418711425313582,w0_full_indoor_45_2_L_4_20261009T034516_58a47be9,1264,indoor_45_2,VALID_FULL_MATCHED,2.4424906541753444e-15,0.9695423094252245,"{'actual_opencv_threads': 4, 'verification': 'inferred from frozen num_opencv_threads=4 and original VioManager constructor; post-construction metadata was absent', 'cpu_affinity_per_worker': 4}"
1,0.6700228012560163,"{'errors': [], 'actual_G': 139, 'actual_V': 127, 'actual_L': 126, 'output_rows': 1783, 'camera_packets': 1965}",1264,0.6700228012560163,1.0,1783,0,"{'G_reason:disabled': 182, 'V_reason:disabled': 182, 'G_reason:warmup_or_core_invalid': 1316, 'V_reason:warmup_or_core_invalid': 1316, 'G_reason:not_ready_G': 294, 'V_reason:not_ready_V': 306, 'G_reason:accepted': 139, 'V_reason:accepted': 127, 'G_reason:time_or_token': 34, 'V_reason:time_or_token': 34}",0.7089175546831183,0.0,"{'count': 1783, 'total': 0.002257031658237012, 'maximum': 4.555792470878411e-05}",L_GV,/tmp/ltv_gain_scan_20261009/w3/results/w3_full_indoor_45_2_L_GV_1_20261009T023229_798eece8,1.16706806468225,1.0452824166303654,,0.00630255582907413,0.0,w3_full_indoor_45_2_L_GV_1_20261009T023229_798eece8,1264,indoor_45_2,VALID_FULL_MATCHED,1.5543122344752192e-15,0.9696111831752534,"{'actual_opencv_threads': 4, 'verification': 'inferred from frozen num_opencv_threads=4 and original VioManager constructor; post-construction metadata was absent', 'cpu_affinity_per_worker': 4}"
2,0.6700656195958865,"{'errors': [], 'actual_G': 139, 'actual_V': 127, 'actual_L': 126, 'output_rows': 1783, 'camera_packets': 1965}",1264,0.6700656195958865,1.0,1783,0,"{'G_reason:disabled': 182, 'V_reason:disabled': 182, 'G_reason:warmup_or_core_invalid': 1316, 'V_reason:warmup_or_core_invalid': 1316, 'G_reason:not_ready_G': 294, 'V_reason:not_ready_V': 306, 'G_reason:accepted': 139, 'V_reason:accepted': 127, 'G_reason:time_or_token': 34, 'V_reason:time_or_token': 34}",0.7089175546831183,0.0,"{'count': 1783, 'total': 0.004464859762108153, 'maximum': 9.049692345244777e-05}",L_GV,/tmp/ltv_gain_scan_20261009/w0/results/w0_full_indoor_45_2_L_GV_2_20261009T033233_91f9a6e1,1.16710550555144,1.0453511100750288,,0.012693538112018565,0.006390579513104733,w0_full_indoor_45_2_L_GV_2_20261009T033233_91f9a6e1,1264,indoor_45_2,VALID_FULL_MATCHED,3.3306690738754696e-16,0.9696768092756679,"{'actual_opencv_threads': 4, 'verification': 'inferred from frozen num_opencv_threads=4 and original VioManager constructor; post-construction metadata was absent', 'cpu_affinity_per_worker': 4}"
4,0.6701496626272384,"{'errors': [], 'actual_G': 139, 'actual_V': 127, 'actual_L': 126, 'output_rows': 1783, 'camera_packets': 1965}",1264,0.6701496626272384,1.0,1783,0,"{'G_reason:disabled': 182, 'V_reason:disabled': 182, 'G_reason:warmup_or_core_invalid': 1316, 'V_reason:warmup_or_core_invalid': 1316, 'G_reason:not_ready_G': 294, 'V_reason:not_ready_V': 306, 'G_reason:accepted': 139, 'V_reason:accepted': 127, 'G_reason:time_or_token': 34, 'V_reason:time_or_token': 34}",0.7089175546831183,0.0,"{'count': 1783, 'total': 0.008794511153325439, 'maximum': 0.00017909703593920191}",L_GV,/tmp/ltv_gain_scan_20261009/w0/results/w0_full_indoor_45_2_L_GV_4_20261009T034827_762da56f,1.1671794306905987,1.045484990757747,,0.02523763781330235,0.018933888665317866,w0_full_indoor_45_2_L_GV_4_20261009T034827_762da56f,1264,indoor_45_2,VALID_FULL_MATCHED,4.440892098500626e-16,0.9698069287012776,"{'actual_opencv_threads': 4, 'verification': 'inferred from frozen num_opencv_threads=4 and original VioManager constructor; post-construction metadata was absent', 'cpu_affinity_per_worker': 4}"
1,0.7702497909827051,"{'errors': [], 'actual_G': 0, 'actual_V': 0, 'actual_L': 0, 'output_rows': 2211, 'camera_packets': 2390}",1164,0.7702497909827051,1.0,2211,0,,0.5264586160108549,0.0,,OFF,/tmp/ltv_gain_scan_20261009/w0/results/w0_full_outdoor_forward_1_OFF_1_20261009T022645_247b7fe8,1.7293359436513422,1.6291780788023291,,0.0,0.0,w0_full_outdoor_forward_1_OFF_1_20261009T022645_247b7fe8,1164,outdoor_forward_1,VALID_FULL_MATCHED,2.6645352591003757e-15,1.5864410338943495,"{'actual_opencv_threads': 4, 'verification': 'inferred from frozen num_opencv_threads=4 and original VioManager constructor; post-construction metadata was absent', 'cpu_affinity_per_worker': 4}"
1,0.7703435257327941,"{'errors': [], 'actual_G': 714, 'actual_V': 0, 'actual_L': 0, 'output_rows': 2211, 'camera_packets': 2390}",1164,0.7703435257327941,1.0,2211,0,"{'G_reason:disabled': 179, 'V_reason:disabled': 2390, 'G_reason:warmup_or_core_invalid': 634, 'G_reason:not_ready_G': 744, 'G_reason:accepted': 714, 'G_reason:time_or_token': 119}",0.5264586160108549,0.0,,G,/tmp/ltv_gain_scan_20261009/w0/results/w0_full_outdoor_forward_1_G_1_20261009T023244_584e485e,1.7295690643247847,1.6295873123200029,,0.012169396368078012,0.0,w0_full_outdoor_forward_1_G_1_20261009T023244_584e485e,1164,outdoor_forward_1,VALID_FULL_MATCHED,1.1102230246251565e-15,1.5867841448453428,"{'actual_opencv_threads': 4, 'verification': 'inferred from frozen num_opencv_threads=4 and original VioManager constructor; post-construction metadata was absent', 'cpu_affinity_per_worker': 4}"
2,0.7704356143536933,"{'errors': [], 'actual_G': 714, 'actual_V': 0, 'actual_L': 0, 'output_rows': 2211, 'camera_packets': 2390}",1164,0.7704356143536933,1.0,2211,0,"{'G_reason:disabled': 179, 'V_reason:disabled': 2390, 'G_reason:warmup_or_core_invalid': 634, 'G_reason:not_ready_G': 744, 'G_reason:accepted': 714, 'G_reason:time_or_token': 119}",0.5264586160108549,0.0,,G,/tmp/ltv_gain_scan_20261009/w1/results/w1_full_outdoor_forward_1_G_2_20261009T031934_1c73f6b8,1.7297973007601717,1.6299893211984788,,0.02412507905404926,0.011954227928590022,w1_full_outdoor_forward_1_G_2_20261009T031934_1c73f6b8,1164,outdoor_forward_1,VALID_FULL_MATCHED,3.6637359812630166e-15,1.5871213027382542,"{'actual_opencv_threads': 4, 'verification': 'inferred from frozen num_opencv_threads=4 and original VioManager constructor; post-construction metadata was absent', 'cpu_affinity_per_worker': 4}"
4,0.7705806784779883,"{'errors': [], 'actual_G': 750, 'actual_V': 0, 'actual_L': 0, 'output_rows': 2211, 'camera_packets': 2390}",1164,0.7705806784779883,1.0,2211,0,"{'G_reason:disabled': 179, 'V_reason:disabled': 2390, 'G_reason:warmup_or_core_invalid': 598, 'G_reason:not_ready_G': 744, 'G_reason:accepted': 750, 'G_reason:time_or_token': 119}",0.5264586160108549,0.0,,G,/tmp/ltv_gain_scan_20261009/w1/results/w1_full_outdoor_forward_1_G_4_20261009T033530_006a40c7,1.7301568063490267,1.630702153836205,,0.042958466092035685,0.030785323335935644,w1_full_outdoor_forward_1_G_4_20261009T033530_006a40c7,1164,outdoor_forward_1,VALID_FULL_MATCHED,2.4424906541753444e-15,1.5877053108237797,"{'actual_opencv_threads': 4, 'verification': 'inferred from frozen num_opencv_threads=4 and original VioManager constructor; post-construction metadata was absent', 'cpu_affinity_per_worker': 4}"
1,0.7700979146982406,"{'errors': [], 'actual_G': 0, 'actual_V': 567, 'actual_L': 0, 'output_rows': 2211, 'camera_packets': 2390}",1164,0.7700979146982406,1.0,2211,0,"{'G_reason:disabled': 2390, 'V_reason:disabled': 179, 'V_reason:warmup_or_core_invalid': 634, 'V_reason:not_ready_V': 891, 'V_reason:accepted': 567, 'V_reason:time_or_token': 119}",0.5264586160108549,0.0,,V,/tmp/ltv_gain_scan_20261009/w1/results/w1_full_outdoor_forward_1_V_1_20261009T023131_9506e362,1.7296108862410144,1.6294836820342702,,-0.019717796258100773,0.0,w1_full_outdoor_forward_1_V_1_20261009T023131_9506e362,1164,outdoor_forward_1,VALID_FULL_MATCHED,3.3306690738754696e-16,1.586734036682497,"{'actual_opencv_threads': 4, 'verification': 'inferred from frozen num_opencv_threads=4 and original VioManager constructor; post-construction metadata was absent', 'cpu_affinity_per_worker': 4}"
2,0.770380203521901,"{'errors': [], 'actual_G': 0, 'actual_V': 567, 'actual_L': 0, 'output_rows': 2211, 'camera_packets': 2390}",1164,0.770380203521901,1.0,2211,0,"{'G_reason:disabled': 2390, 'V_reason:disabled': 179, 'V_reason:warmup_or_core_invalid': 634, 'V_reason:not_ready_V': 891, 'V_reason:accepted': 567, 'V_reason:time_or_token': 119}",0.5264586160108549,0.0,,V,/tmp/ltv_gain_scan_20261009/w1/results/w1_full_outdoor_forward_1_V_2_20261009T032247_0766b06f,1.7307956154762434,1.6308888118476097,,0.016931200854930495,0.03665622491277887,w1_full_outdoor_forward_1_V_2_20261009T032247_0766b06f,1164,outdoor_forward_1,VALID_FULL_MATCHED,5.995204332975845e-15,1.5879042572079853,"{'actual_opencv_threads': 4, 'verification': 'inferred from frozen num_opencv_threads=4 and original VioManager constructor; post-construction metadata was absent', 'cpu_affinity_per_worker': 4}"
4,0.7663496821608945,"{'errors': [], 'actual_G': 0, 'actual_V': 567, 'actual_L': 0, 'output_rows': 2211, 'camera_packets': 2390}",1164,0.7663496821608945,1.0,2211,0,"{'G_reason:disabled': 2390, 'V_reason:disabled': 179, 'V_reason:warmup_or_core_invalid': 634, 'V_reason:not_ready_V': 891, 'V_reason:accepted': 567, 'V_reason:time_or_token': 119}",0.5264586160108549,0.0,,V,/tmp/ltv_gain_scan_20261009/w1/results/w1_full_outdoor_forward_1_V_4_20261009T033840_a2881d46,1.7261644545769679,1.6262380797022455,,-0.5063433794424976,-0.4867215539487435,w1_full_outdoor_forward_1_V_4_20261009T033840_a2881d46,1164,outdoor_forward_1,VALID_FULL_MATCHED,1.5543122344752192e-15,1.5843182261522313,"{'actual_opencv_threads': 4, 'verification': 'inferred from frozen num_opencv_threads=4 and original VioManager constructor; post-construction metadata was absent', 'cpu_affinity_per_worker': 4}"
1,0.7701920072742351,"{'errors': [], 'actual_G': 714, 'actual_V': 567, 'actual_L': 0, 'output_rows': 2211, 'camera_packets': 2390}",1164,0.7701920072742351,1.0,2211,0,"{'G_reason:disabled': 179, 'V_reason:disabled': 179, 'G_reason:warmup_or_core_invalid': 634, 'V_reason:warmup_or_core_invalid': 634, 'G_reason:not_ready_G': 744, 'V_reason:not_ready_V': 891, 'G_reason:accepted': 714, 'V_reason:accepted': 567, 'G_reason:time_or_token': 119, 'V_reason:time_or_token': 119}",0.5264586160108549,0.0,,GV,/tmp/ltv_gain_scan_20261009/w2/results/w2_full_outdoor_forward_1_GV_1_20261009T023112_c147fc22,1.7298416864024346,1.629891978305939,,-0.007501944063659227,0.0,w2_full_outdoor_forward_1_GV_1_20261009T023112_c147fc22,1164,outdoor_forward_1,VALID_FULL_MATCHED,8.881784197001252e-16,1.587076197850365,"{'actual_opencv_threads': 4, 'verification': 'inferred from frozen num_opencv_threads=4 and original VioManager constructor; post-construction metadata was absent', 'cpu_affinity_per_worker': 4}"
2,0.7701401999718827,"{'errors': [], 'actual_G': 714, 'actual_V': 567, 'actual_L': 0, 'output_rows': 2211, 'camera_packets': 2390}",1164,0.7701401999718827,1.0,2211,0,"{'G_reason:disabled': 179, 'V_reason:disabled': 179, 'G_reason:warmup_or_core_invalid': 634, 'V_reason:warmup_or_core_invalid': 634, 'G_reason:not_ready_G': 744, 'V_reason:not_ready_V': 891, 'G_reason:accepted': 714, 'V_reason:accepted': 567, 'G_reason:time_or_token': 119, 'V_reason:time_or_token': 119}",0.5264586160108549,0.0,,GV,/tmp/ltv_gain_scan_20261009/w1/results/w1_full_outdoor_forward_1_GV_2_20261009T032556_65626103,1.7303464564215798,1.6305992193520817,,-0.014227983195247429,-0.006726543753132752,w1_full_outdoor_forward_1_GV_2_20261009T032556_65626103,1164,outdoor_forward_1,VALID_FULL_MATCHED,2.7755575615628914e-15,1.587705864200732,"{'actual_opencv_threads': 4, 'verification': 'inferred from frozen num_opencv_threads=4 and original VioManager constructor; post-construction metadata was absent', 'cpu_affinity_per_worker': 4}"
4,0.7704372549924423,"{'errors': [], 'actual_G': 750, 'actual_V': 603, 'actual_L': 0, 'output_rows': 2211, 'camera_packets': 2390}",1164,0.7704372549924423,1.0,2211,0,"{'G_reason:disabled': 179, 'V_reason:disabled': 179, 'G_reason:warmup_or_core_invalid': 598, 'V_reason:warmup_or_core_invalid': 598, 'G_reason:not_ready_G': 744, 'V_reason:not_ready_V': 891, 'G_reason:accepted': 750, 'V_reason:accepted': 603, 'G_reason:time_or_token': 119, 'V_reason:time_or_token': 119}",0.5264586160108549,0.0,,GV,/tmp/ltv_gain_scan_20261009/w1/results/w1_full_outdoor_forward_1_GV_4_20261009T034149_33b3f1d4,1.732157918716744,1.6330936057985135,,0.024338079923147404,0.03184241278679778,w1_full_outdoor_forward_1_GV_4_20261009T034149_33b3f1d4,1164,outdoor_forward_1,VALID_FULL_MATCHED,8.881784197001252e-16,1.5897420100304676,"{'actual_opencv_threads': 4, 'verification': 'inferred from frozen num_opencv_threads=4 and original VioManager constructor; post-construction metadata was absent', 'cpu_affinity_per_worker': 4}"
1,0.7702528986562102,"{'errors': [], 'actual_G': 0, 'actual_V': 0, 'actual_L': 565, 'output_rows': 2211, 'camera_packets': 2390}",1164,0.7702528986562102,1.0,2211,0,"{'G_reason:disabled': 2390, 'V_reason:disabled': 2390}",0.5264586160108549,0.0,"{'count': 2211, 'total': 0.018182905479349868, 'maximum': 0.0005508615980349795}",L,/tmp/ltv_gain_scan_20261009/w3/results/w3_full_outdoor_forward_1_L_1_20261009T023323_4302acd0,1.729241545392204,1.629242003273373,,0.0004034630767035807,0.0,w3_full_outdoor_forward_1_L_1_20261009T023323_4302acd0,1164,outdoor_forward_1,VALID_FULL_MATCHED,4.3298697960381105e-15,1.5864468181748803,"{'actual_opencv_threads': 4, 'verification': 'inferred from frozen num_opencv_threads=4 and original VioManager constructor; post-construction metadata was absent', 'cpu_affinity_per_worker': 4}"
2,0.7702576494474842,"{'errors': [], 'actual_G': 0, 'actual_V': 0, 'actual_L': 565, 'output_rows': 2211, 'camera_packets': 2390}",1164,0.7702576494474842,1.0,2211,0,"{'G_reason:disabled': 2390, 'V_reason:disabled': 2390}",0.5264586160108549,0.0,"{'count': 2211, 'total': 0.030312485479920534, 'maximum': 0.0008911390931826727}",L,/tmp/ltv_gain_scan_20261009/w1/results/w1_full_outdoor_forward_1_L_2_20261009T032907_85724eee,1.7291862985151827,1.629284878195764,,0.0010202488687660605,0.000616783303541979,w1_full_outdoor_forward_1_L_2_20261009T032907_85724eee,1164,outdoor_forward_1,VALID_FULL_MATCHED,3.3306690738754696e-15,1.5864539261461472,"{'actual_opencv_threads': 4, 'verification': 'inferred from frozen num_opencv_threads=4 and original VioManager constructor; post-construction metadata was absent', 'cpu_affinity_per_worker': 4}"
4,0.7702657431415109,"{'errors': [], 'actual_G': 0, 'actual_V': 0, 'actual_L': 565, 'output_rows': 2211, 'camera_packets': 2390}",1164,0.7702657431415109,1.0,2211,0,"{'G_reason:disabled': 2390, 'V_reason:disabled': 2390}",0.5264586160108549,0.0,"{'count': 2211, 'total': 0.04858505992062827, 'maximum': 0.0013675045150055038}",L,/tmp/ltv_gain_scan_20261009/w1/results/w1_full_outdoor_forward_1_L_4_20261009T034501_32ac8987,1.7291126897302802,1.6293506947270906,,0.002071037083362093,0.0016675672786403695,w1_full_outdoor_forward_1_L_4_20261009T034501_32ac8987,1164,outdoor_forward_1,VALID_FULL_MATCHED,5.662137425588298e-15,1.586467830303591,"{'actual_opencv_threads': 4, 'verification': 'inferred from frozen num_opencv_threads=4 and original VioManager constructor; post-construction metadata was absent', 'cpu_affinity_per_worker': 4}"
1,0.7701968167936316,"{'errors': [], 'actual_G': 714, 'actual_V': 567, 'actual_L': 565, 'output_rows': 2211, 'camera_packets': 2390}",1164,0.7701968167936316,1.0,2211,0,"{'G_reason:disabled': 179, 'V_reason:disabled': 179, 'G_reason:warmup_or_core_invalid': 634, 'V_reason:warmup_or_core_invalid': 634, 'G_reason:not_ready_G': 744, 'V_reason:not_ready_V': 891, 'G_reason:accepted': 714, 'V_reason:accepted': 567, 'G_reason:time_or_token': 119, 'V_reason:time_or_token': 119}",0.5264586160108549,0.0,"{'count': 2211, 'total': 0.018094982643290854, 'maximum': 0.0005492242775836707}",L_GV,/tmp/ltv_gain_scan_20261009/w0/results/w0_full_outdoor_forward_1_L_GV_1_20261009T023342_7e116980,1.729750541491507,1.6299564025454532,,-0.006877533716154183,0.0,w0_full_outdoor_forward_1_L_GV_1_20261009T023342_7e116980,1164,outdoor_forward_1,VALID_FULL_MATCHED,1.7763568394002505e-15,1.5870836761112983,"{'actual_opencv_threads': 4, 'verification': 'inferred from frozen num_opencv_threads=4 and original VioManager constructor; post-construction metadata was absent', 'cpu_affinity_per_worker': 4}"
2,0.7701523206484101,"{'errors': [], 'actual_G': 714, 'actual_V': 567, 'actual_L': 565, 'output_rows': 2211, 'camera_packets': 2390}",1164,0.7701523206484101,1.0,2211,0,"{'G_reason:disabled': 179, 'V_reason:disabled': 179, 'G_reason:warmup_or_core_invalid': 634, 'V_reason:warmup_or_core_invalid': 634, 'G_reason:not_ready_G': 744, 'V_reason:not_ready_V': 891, 'G_reason:accepted': 714, 'V_reason:accepted': 567, 'G_reason:time_or_token': 119, 'V_reason:time_or_token': 119}",0.5264586160108549,0.0,"{'count': 2211, 'total': 0.030028934194271592, 'maximum': 0.0008858445588319833}",L_GV,/tmp/ltv_gain_scan_20261009/w1/results/w1_full_outdoor_forward_1_L_GV_2_20261009T033219_b8db1c46,1.7302066293704286,1.6307126750276943,,-0.012654379843535235,-0.005777243459237358,w1_full_outdoor_forward_1_L_GV_2_20261009T033219_b8db1c46,1164,outdoor_forward_1,VALID_FULL_MATCHED,2.3314683517128287e-15,1.5877262703710664,"{'actual_opencv_threads': 4, 'verification': 'inferred from frozen num_opencv_threads=4 and original VioManager constructor; post-construction metadata was absent', 'cpu_affinity_per_worker': 4}"
4,0.770463732757846,"{'errors': [], 'actual_G': 750, 'actual_V': 603, 'actual_L': 601, 'output_rows': 2211, 'camera_packets': 2390}",1164,0.770463732757846,1.0,2211,0,"{'G_reason:disabled': 179, 'V_reason:disabled': 179, 'G_reason:warmup_or_core_invalid': 598, 'V_reason:warmup_or_core_invalid': 598, 'G_reason:not_ready_G': 744, 'V_reason:not_ready_V': 891, 'G_reason:accepted': 750, 'V_reason:accepted': 603, 'G_reason:time_or_token': 119, 'V_reason:time_or_token': 119}",0.5264586160108549,0.0,"{'count': 2211, 'total': 0.048295662084145895, 'maximum': 0.001351115023520279}",L_GV,/tmp/ltv_gain_scan_20261009/w1/results/w1_full_outdoor_forward_1_L_GV_4_20261009T034812_03130af9,1.7319592898950598,1.6333659386961228,,0.027775635598414894,0.03465555276189747,w1_full_outdoor_forward_1_L_GV_4_20261009T034812_03130af9,1164,outdoor_forward_1,VALID_FULL_MATCHED,7.771561172376096e-16,1.5897857250216398,"{'actual_opencv_threads': 4, 'verification': 'inferred from frozen num_opencv_threads=4 and original VioManager constructor; post-construction metadata was absent', 'cpu_affinity_per_worker': 4}"
1,0.906907275902527,"{'errors': [], 'actual_G': 0, 'actual_V': 0, 'actual_L': 0, 'output_rows': 2262, 'camera_packets': 2457}",444,0.906907275902527,1.0,2262,0,,0.1962864721485411,0.0,,OFF,/tmp/ltv_gain_scan_20261009/w1/results/w1_full_outdoor_forward_5_OFF_1_20261009T022629_7c5faef1,2.1285968539030304,1.8535258575227291,,0.0,0.0,w1_full_outdoor_forward_5_OFF_1_20261009T022629_7c5faef1,444,outdoor_forward_5,VALID_FULL_MATCHED,7.771561172376096e-16,1.2650486701866914,"{'actual_opencv_threads': 4, 'verification': 'inferred from frozen num_opencv_threads=4 and original VioManager constructor; post-construction metadata was absent', 'cpu_affinity_per_worker': 4}"
1,0.9067513125798697,"{'errors': [], 'actual_G': 605, 'actual_V': 0, 'actual_L': 0, 'output_rows': 2262, 'camera_packets': 2457}",444,0.9067513125798697,1.0,2262,0,"{'G_reason:disabled': 195, 'V_reason:disabled': 2457, 'G_reason:warmup_or_core_invalid': 959, 'G_reason:not_ready_G': 591, 'G_reason:accepted': 605, 'G_reason:time_or_token': 107}",0.1962864721485411,0.0,,G,/tmp/ltv_gain_scan_20261009/w1/results/w1_full_outdoor_forward_5_G_1_20261009T023228_90c12033,2.1279299723176752,1.8541402840894743,,-0.01719727328265419,0.0,w1_full_outdoor_forward_5_G_1_20261009T023228_90c12033,444,outdoor_forward_5,VALID_FULL_MATCHED,2.220446049250313e-16,1.2653848831143908,"{'actual_opencv_threads': 4, 'verification': 'inferred from frozen num_opencv_threads=4 and original VioManager constructor; post-construction metadata was absent', 'cpu_affinity_per_worker': 4}"
2,0.9066427387120978,"{'errors': [], 'actual_G': 594, 'actual_V': 0, 'actual_L': 0, 'output_rows': 2262, 'camera_packets': 2457}",444,0.9066427387120978,1.0,2262,0,"{'G_reason:disabled': 195, 'V_reason:disabled': 2457, 'G_reason:warmup_or_core_invalid': 967, 'G_reason:not_ready_G': 594, 'G_reason:accepted': 594, 'G_reason:time_or_token': 107}",0.1962864721485411,0.0,,G,/tmp/ltv_gain_scan_20261009/w1/results/w1_full_outdoor_forward_5_G_2_20261009T024620_2c80e274,2.1273797044004326,1.8547999270796567,,-0.029169155156016924,-0.011973941064724603,w1_full_outdoor_forward_5_G_2_20261009T024620_2c80e274,444,outdoor_forward_5,VALID_FULL_MATCHED,1.9984014443252818e-15,1.2656405047792512,"{'actual_opencv_threads': 4, 'verification': 'inferred from frozen num_opencv_threads=4 and original VioManager constructor; post-construction metadata was absent', 'cpu_affinity_per_worker': 4}"
4,0.9065214465992516,"{'errors': [], 'actual_G': 594, 'actual_V': 0, 'actual_L': 0, 'output_rows': 2262, 'camera_packets': 2457}",444,0.9065214465992516,1.0,2262,0,"{'G_reason:disabled': 195, 'V_reason:disabled': 2457, 'G_reason:warmup_or_core_invalid': 972, 'G_reason:not_ready_G': 589, 'G_reason:accepted': 594, 'G_reason:time_or_token': 107}",0.1962864721485411,0.0,,G,/tmp/ltv_gain_scan_20261009/w1/results/w1_full_outdoor_forward_5_G_4_20261009T025809_3b5279e2,2.126421998633528,1.8563370570172748,,-0.042543412488493804,-0.02535049880039164,w1_full_outdoor_forward_5_G_4_20261009T025809_3b5279e2,444,outdoor_forward_5,VALID_FULL_MATCHED,1.3322676295501878e-15,1.2662243076244524,"{'actual_opencv_threads': 4, 'verification': 'inferred from frozen num_opencv_threads=4 and original VioManager constructor; post-construction metadata was absent', 'cpu_affinity_per_worker': 4}"
1,0.9069084769066789,"{'errors': [], 'actual_G': 0, 'actual_V': 547, 'actual_L': 0, 'output_rows': 2262, 'camera_packets': 2457}",444,0.9069084769066789,1.0,2262,0,"{'G_reason:disabled': 2457, 'V_reason:disabled': 195, 'V_reason:warmup_or_core_invalid': 959, 'V_reason:not_ready_V': 649, 'V_reason:accepted': 547, 'V_reason:time_or_token': 107}",0.1962864721485411,0.0,,V,/tmp/ltv_gain_scan_20261009/w2/results/w2_full_outdoor_forward_5_V_1_20261009T023210_3ed50de9,2.1286020872186144,1.8535310902576265,,0.00013242854961514894,0.0,w2_full_outdoor_forward_5_V_1_20261009T023210_3ed50de9,444,outdoor_forward_5,VALID_FULL_MATCHED,7.771561172376096e-16,1.2650596101749247,"{'actual_opencv_threads': 4, 'verification': 'inferred from frozen num_opencv_threads=4 and original VioManager constructor; post-construction metadata was absent', 'cpu_affinity_per_worker': 4}"
2,0.9068828540773737,"{'errors': [], 'actual_G': 0, 'actual_V': 547, 'actual_L': 0, 'output_rows': 2262, 'camera_packets': 2457}",444,0.9068828540773737,1.0,2262,0,"{'G_reason:disabled': 2457, 'V_reason:disabled': 195, 'V_reason:warmup_or_core_invalid': 959, 'V_reason:not_ready_V': 649, 'V_reason:accepted': 547, 'V_reason:time_or_token': 107}",0.1962864721485411,0.0,,V,/tmp/ltv_gain_scan_20261009/w2/results/w2_full_outdoor_forward_5_V_2_20261009T024651_ccb34151,2.12856566408339,1.853457782756468,,-0.00269286902886412,-0.002825293836994369,w2_full_outdoor_forward_5_V_2_20261009T024651_ccb34151,444,outdoor_forward_5,VALID_FULL_MATCHED,1.5543122344752192e-15,1.2649908164116659,"{'actual_opencv_threads': 4, 'verification': 'inferred from frozen num_opencv_threads=4 and original VioManager constructor; post-construction metadata was absent', 'cpu_affinity_per_worker': 4}"
4,0.9068993178443636,"{'errors': [], 'actual_G': 0, 'actual_V': 547, 'actual_L': 0, 'output_rows': 2262, 'camera_packets': 2457}",444,0.9068993178443636,1.0,2262,0,"{'G_reason:disabled': 2457, 'V_reason:disabled': 195, 'V_reason:warmup_or_core_invalid': 959, 'V_reason:not_ready_V': 649, 'V_reason:accepted': 547, 'V_reason:time_or_token': 107}",0.1962864721485411,0.0,,V,/tmp/ltv_gain_scan_20261009/w2/results/w2_full_outdoor_forward_5_V_4_20261009T025840_c54811f9,2.128583648836925,1.8535057767283567,,-0.0008774941358202781,-0.0010099213480163627,w2_full_outdoor_forward_5_V_4_20261009T025840_c54811f9,444,outdoor_forward_5,VALID_FULL_MATCHED,2.1094237467877974e-15,1.2650594464619647,"{'actual_opencv_threads': 4, 'verification': 'inferred from frozen num_opencv_threads=4 and original VioManager constructor; post-construction metadata was absent', 'cpu_affinity_per_worker': 4}"
1,0.9067593186079705,"{'errors': [], 'actual_G': 605, 'actual_V': 540, 'actual_L': 0, 'output_rows': 2262, 'camera_packets': 2457}",444,0.9067593186079705,1.0,2262,0,"{'G_reason:disabled': 195, 'V_reason:disabled': 195, 'G_reason:warmup_or_core_invalid': 959, 'V_reason:warmup_or_core_invalid': 959, 'G_reason:not_ready_G': 591, 'V_reason:not_ready_V': 656, 'G_reason:accepted': 605, 'V_reason:accepted': 540, 'G_reason:time_or_token': 107, 'V_reason:time_or_token': 107}",0.1962864721485411,0.0,,GV,/tmp/ltv_gain_scan_20261009/w3/results/w3_full_outdoor_forward_5_GV_1_20261009T023448_e61b0a72,2.1279486204353675,1.8541610056374118,,-0.01631448974860339,0.0,w3_full_outdoor_forward_5_GV_1_20261009T023448_e61b0a72,444,outdoor_forward_5,VALID_FULL_MATCHED,1.3322676295501878e-15,1.2654004901092515,"{'actual_opencv_threads': 4, 'verification': 'inferred from frozen num_opencv_threads=4 and original VioManager constructor; post-construction metadata was absent', 'cpu_affinity_per_worker': 4}"
2,0.9066285481832638,"{'errors': [], 'actual_G': 600, 'actual_V': 535, 'actual_L': 0, 'output_rows': 2262, 'camera_packets': 2457}",444,0.9066285481832638,1.0,2262,0,"{'G_reason:disabled': 195, 'V_reason:disabled': 195, 'G_reason:warmup_or_core_invalid': 960, 'V_reason:warmup_or_core_invalid': 960, 'G_reason:not_ready_G': 595, 'V_reason:not_ready_V': 660, 'G_reason:accepted': 600, 'V_reason:accepted': 535, 'G_reason:time_or_token': 107, 'V_reason:time_or_token': 107}",0.1962864721485411,0.0,,GV,/tmp/ltv_gain_scan_20261009/w3/results/w3_full_outdoor_forward_5_GV_2_20261009T025104_e1e3d6ab,2.1273361682081,1.8547876360753208,,-0.03073387177160436,-0.014421734855452062,w3_full_outdoor_forward_5_GV_2_20261009T025104_e1e3d6ab,444,outdoor_forward_5,VALID_FULL_MATCHED,2.3314683517128287e-15,1.2656633419021268,"{'actual_opencv_threads': 4, 'verification': 'inferred from frozen num_opencv_threads=4 and original VioManager constructor; post-construction metadata was absent', 'cpu_affinity_per_worker': 4}"
4,0.906471004439864,"{'errors': [], 'actual_G': 594, 'actual_V': 529, 'actual_L': 0, 'output_rows': 2262, 'camera_packets': 2457}",444,0.906471004439864,1.0,2262,0,"{'G_reason:disabled': 195, 'V_reason:disabled': 195, 'G_reason:warmup_or_core_invalid': 967, 'V_reason:warmup_or_core_invalid': 967, 'G_reason:not_ready_G': 594, 'V_reason:not_ready_V': 659, 'G_reason:accepted': 594, 'V_reason:accepted': 529, 'G_reason:time_or_token': 107, 'V_reason:time_or_token': 107}",0.1962864721485411,0.0,,GV,/tmp/ltv_gain_scan_20261009/w3/results/w3_full_outdoor_forward_5_GV_4_20261009T030252_19acfad3,2.1263148279287205,1.8561791812310455,,-0.04810540991954104,-0.03179610754364681,w3_full_outdoor_forward_5_GV_4_20261009T030252_19acfad3,444,outdoor_forward_5,VALID_FULL_MATCHED,1.1102230246251565e-16,1.2661601120143433,"{'actual_opencv_threads': 4, 'verification': 'inferred from frozen num_opencv_threads=4 and original VioManager constructor; post-construction metadata was absent', 'cpu_affinity_per_worker': 4}"
1,0.9069029345295141,"{'errors': [], 'actual_G': 0, 'actual_V': 0, 'actual_L': 537, 'output_rows': 2262, 'camera_packets': 2457}",444,0.9069029345295141,1.0,2262,0,"{'G_reason:disabled': 2457, 'V_reason:disabled': 2457}",0.1962864721485411,0.0,"{'count': 2262, 'total': 0.0033848035455212944, 'maximum': 2.9043382143799453e-05}",L,/tmp/ltv_gain_scan_20261009/w0/results/w0_full_outdoor_forward_5_L_1_20261009T023439_22543696,2.1285618048724473,1.8535100590452653,,-0.000478700869233073,0.0,w0_full_outdoor_forward_5_L_1_20261009T023439_22543696,444,outdoor_forward_5,VALID_FULL_MATCHED,0.0,1.2650934090507588,"{'actual_opencv_threads': 4, 'verification': 'inferred from frozen num_opencv_threads=4 and original VioManager constructor; post-construction metadata was absent', 'cpu_affinity_per_worker': 4}"
2,0.9068848103715454,"{'errors': [], 'actual_G': 0, 'actual_V': 0, 'actual_L': 537, 'output_rows': 2262, 'camera_packets': 2457}",444,0.9068848103715454,1.0,2262,0,"{'G_reason:disabled': 2457, 'V_reason:disabled': 2457}",0.1962864721485411,0.0,"{'count': 2262, 'total': 0.0066222303312316695, 'maximum': 4.410480927186939e-05}",L,/tmp/ltv_gain_scan_20261009/w0/results/w0_full_outdoor_forward_5_L_2_20261009T024702_7bbfb51d,2.128532424204777,1.8534591823645226,,-0.002477158534108792,-0.0019984672315565,w0_full_outdoor_forward_5_L_2_20261009T024702_7bbfb51d,444,outdoor_forward_5,VALID_FULL_MATCHED,1.5543122344752192e-15,1.2650682640690902,"{'actual_opencv_threads': 4, 'verification': 'inferred from frozen num_opencv_threads=4 and original VioManager constructor; post-construction metadata was absent', 'cpu_affinity_per_worker': 4}"
4,0.906856923935074,"{'errors': [], 'actual_G': 0, 'actual_V': 0, 'actual_L': 537, 'output_rows': 2262, 'camera_packets': 2457}",444,0.906856923935074,1.0,2262,0,"{'G_reason:disabled': 2457, 'V_reason:disabled': 2457}",0.1962864721485411,0.0,"{'count': 2262, 'total': 0.012886953029495416, 'maximum': 6.316258861343622e-05}",L,/tmp/ltv_gain_scan_20261009/w0/results/w0_full_outdoor_forward_5_L_4_20261009T025851_38e2fd45,2.1284738554522566,1.85337484833031,,-0.005552052430368715,-0.005073375847430839,w0_full_outdoor_forward_5_L_4_20261009T025851_38e2fd45,444,outdoor_forward_5,VALID_FULL_MATCHED,1.1102230246251565e-16,1.2650236597370361,"{'actual_opencv_threads': 4, 'verification': 'inferred from frozen num_opencv_threads=4 and original VioManager constructor; post-construction metadata was absent', 'cpu_affinity_per_worker': 4}"
1,0.9067252520641491,"{'errors': [], 'actual_G': 605, 'actual_V': 540, 'actual_L': 530, 'output_rows': 2262, 'camera_packets': 2457}",444,0.9067252520641491,1.0,2262,0,"{'G_reason:disabled': 195, 'V_reason:disabled': 195, 'G_reason:warmup_or_core_invalid': 959, 'V_reason:warmup_or_core_invalid': 959, 'G_reason:not_ready_G': 591, 'V_reason:not_ready_V': 656, 'G_reason:accepted': 605, 'V_reason:accepted': 540, 'G_reason:time_or_token': 107, 'V_reason:time_or_token': 107}",0.1962864721485411,0.0,"{'count': 2262, 'total': 0.003338057730520605, 'maximum': 2.9043032203217597e-05}",L_GV,/tmp/ltv_gain_scan_20261009/w1/results/w1_full_outdoor_forward_5_L_GV_1_20261009T023325_8b9a09fb,2.127848249236644,1.8540538883639035,,-0.020070832290619567,0.0,w1_full_outdoor_forward_5_L_GV_1_20261009T023325_8b9a09fb,444,outdoor_forward_5,VALID_FULL_MATCHED,1.1102230246251565e-15,1.2653854591717522,"{'actual_opencv_threads': 4, 'verification': 'inferred from frozen num_opencv_threads=4 and original VioManager constructor; post-construction metadata was absent', 'cpu_affinity_per_worker': 4}"
2,0.9066030239985715,"{'errors': [], 'actual_G': 600, 'actual_V': 535, 'actual_L': 525, 'output_rows': 2262, 'camera_packets': 2457}",444,0.9066030239985715,1.0,2262,0,"{'G_reason:disabled': 195, 'V_reason:disabled': 195, 'G_reason:warmup_or_core_invalid': 960, 'V_reason:warmup_or_core_invalid': 960, 'G_reason:not_ready_G': 595, 'V_reason:not_ready_V': 660, 'G_reason:accepted': 600, 'V_reason:accepted': 535, 'G_reason:time_or_token': 107, 'V_reason:time_or_token': 107}",0.1962864721485411,0.0,"{'count': 2262, 'total': 0.006481852366487838, 'maximum': 4.410371201344784e-05}",L_GV,/tmp/ltv_gain_scan_20261009/w1/results/w1_full_outdoor_forward_5_L_GV_2_20261009T024717_45c654bf,2.1272490324084887,1.8547034776462379,,-0.03354829231606571,-0.013480165606871708,w1_full_outdoor_forward_5_L_GV_2_20261009T024717_45c654bf,444,outdoor_forward_5,VALID_FULL_MATCHED,2.220446049250313e-16,1.2656950658854902,"{'actual_opencv_threads': 4, 'verification': 'inferred from frozen num_opencv_threads=4 and original VioManager constructor; post-construction metadata was absent', 'cpu_affinity_per_worker': 4}"
4,0.906437552861206,"{'errors': [], 'actual_G': 594, 'actual_V': 529, 'actual_L': 519, 'output_rows': 2262, 'camera_packets': 2457}",444,0.906437552861206,1.0,2262,0,"{'G_reason:disabled': 195, 'V_reason:disabled': 195, 'G_reason:warmup_or_core_invalid': 967, 'V_reason:warmup_or_core_invalid': 967, 'G_reason:not_ready_G': 594, 'V_reason:not_ready_V': 659, 'G_reason:accepted': 594, 'V_reason:accepted': 529, 'G_reason:time_or_token': 107, 'V_reason:time_or_token': 107}",0.1962864721485411,0.0,"{'count': 2262, 'total': 0.012422660843097044, 'maximum': 6.315929395393793e-05}",L_GV,/tmp/ltv_gain_scan_20261009/w1/results/w1_full_outdoor_forward_5_L_GV_4_20261009T025906_6540edc5,2.1261988558866647,1.8560722383039516,,-0.05179394341648935,-0.03172947949648952,w1_full_outdoor_forward_5_L_GV_4_20261009T025906_6540edc5,444,outdoor_forward_5,VALID_FULL_MATCHED,2.886579864025407e-15,1.266208149907295,"{'actual_opencv_threads': 4, 'verification': 'inferred from frozen num_opencv_threads=4 and original VioManager constructor; post-construction metadata was absent', 'cpu_affinity_per_worker': 4}"
