alpha,alpha_gravity,alpha_velocity,ate_rmse_m,audit,baseline_support,conditional_ate_rmse_m,coverage,estimated_rows,exit_code,gate_reason_counts,gt_coverage,historical_result_sha256,historical_reuse,initialization_delta_s,mode,output_dir,phase,position_error_max_m,position_error_p95_m,reason,recovered_from_retained_FINISH,relative_off_percent,relative_reference_percent,run_id,samples,sequence,status,svd_horn_difference_m,tail_position_rmse_m,threading
1,1,0,0.18543129333568317,"{'errors': [], 'actual_G': 2351, 'actual_V': 0, 'actual_L': 0, 'output_rows': 2784, 'camera_packets': 3682}",2762,0.18543129333568317,1.0,2784,0,"{'G_reason:disabled': 898, 'V_reason:disabled': 3682, 'G_reason:warmup_or_core_invalid': 35, 'G_reason:not_ready_G': 398, 'G_reason:accepted': 2351}",0.9920977011494253,8e6c44b0a9f793f9e61d5dd37ff533d79b58c5f6354f87d41d521eb4a0db24b3,True,0.0,G,/tmp/ltv_gain_scan_20261009/w0/results/w0_full_MH_01_easy_G_1_20261009T030459_e09aad91,,0.49163869554064193,0.41099866646158467,,,0.003559773363748242,0.0,w0_full_MH_01_easy_G_1_20261009T030459_e09aad91,2762,MH_01_easy,VALID_FULL_MATCHED,5.828670879282072e-16,0.24228925849562935,"{'actual_opencv_threads': 4, 'verification': 'inferred from frozen num_opencv_threads=4 and original VioManager constructor; post-construction metadata was absent', 'cpu_affinity_per_worker': 4}"
2,2,0,0.18543878957509446,"{'errors': [], 'actual_G': 2351, 'actual_V': 0, 'actual_L': 0, 'output_rows': 2784, 'camera_packets': 3682}",2762,0.18543878957509446,1.0,2784,0,"{'G_reason:disabled': 898, 'V_reason:disabled': 3682, 'G_reason:warmup_or_core_invalid': 35, 'G_reason:not_ready_G': 398, 'G_reason:accepted': 2351}",0.9920977011494253,8e6c44b0a9f793f9e61d5dd37ff533d79b58c5f6354f87d41d521eb4a0db24b3,True,0.0,G,/tmp/ltv_gain_scan_20261009/w0/results/w0_full_MH_01_easy_G_2_20261009T031721_5cd6cd51,,0.4917214754688629,0.41101294782600256,,,0.00760251400668821,0.004042596735676085,w0_full_MH_01_easy_G_2_20261009T031721_5cd6cd51,2762,MH_01_easy,VALID_FULL_MATCHED,1.1102230246251565e-16,0.2424893196784533,"{'actual_opencv_threads': 4, 'verification': 'inferred from frozen num_opencv_threads=4 and original VioManager constructor; post-construction metadata was absent', 'cpu_affinity_per_worker': 4}"
,3,0,0.18554912279182706,"{'errors': [], 'actual_G': 2351, 'actual_V': 0, 'actual_L': 0, 'output_rows': 2784, 'camera_packets': 3682}",2762,0.18554912279182706,1.0,2784,0,,0.9920977011494253,,False,0.0,G,/home/he/output/ltv_gv_independent_20261009T050259/w0/results/w0_single_full_MH_01_easy_G_G3_V0_20261009T051015_d96ead0e,single_full,0.4920548731539211,0.41126062821815146,,,0.06710549344464134,,w0_single_full_MH_01_easy_G_G3_V0_20261009T051015_d96ead0e,2762,MH_01_easy,VALID_FULL_MATCHED,8.326672684688674e-16,0.24324326769060578,"{'requested_opencv_threads': 1, 'actual_opencv_threads': 1}"
4,4,0,0.1855563865617889,"{'errors': [], 'actual_G': 2351, 'actual_V': 0, 'actual_L': 0, 'output_rows': 2784, 'camera_packets': 3682}",2762,0.1855563865617889,1.0,2784,0,"{'G_reason:disabled': 898, 'V_reason:disabled': 3682, 'G_reason:warmup_or_core_invalid': 35, 'G_reason:not_ready_G': 398, 'G_reason:accepted': 2351}",0.9920977011494253,8e6c44b0a9f793f9e61d5dd37ff533d79b58c5f6354f87d41d521eb4a0db24b3,True,0.0,G,/tmp/ltv_gain_scan_20261009/w0/results/w0_full_MH_01_easy_G_4_20261009T033317_3956cfb0,,0.4921351617470365,0.41127336559770633,,,0.07102286273270586,0.06746068792136128,w0_full_MH_01_easy_G_4_20261009T033317_3956cfb0,2762,MH_01_easy,VALID_FULL_MATCHED,1.3322676295501878e-15,0.2434346282036647,"{'actual_opencv_threads': 4, 'verification': 'inferred from frozen num_opencv_threads=4 and original VioManager constructor; post-construction metadata was absent', 'cpu_affinity_per_worker': 4}"
,5,0,0.18563807659447815,"{'errors': [], 'actual_G': 2351, 'actual_V': 0, 'actual_L': 0, 'output_rows': 2784, 'camera_packets': 3682}",2762,0.18563807659447815,1.0,2784,0,,0.9920977011494253,,False,0.0,G,/home/he/output/ltv_gv_independent_20261009T050259/w3/results/w3_single_full_MH_01_easy_G_G5_V0_20261009T051215_e51a1f0f,single_full,0.49241372402905836,0.41146150141345145,,,0.11507850145457965,,w3_single_full_MH_01_easy_G_G5_V0_20261009T051215_e51a1f0f,2762,MH_01_easy,VALID_FULL_MATCHED,2.498001805406602e-16,0.24402417982312746,"{'requested_opencv_threads': 1, 'actual_opencv_threads': 1}"
,6,0,0.18272257943213757,"{'errors': [], 'actual_G': 2351, 'actual_V': 0, 'actual_L': 0, 'output_rows': 2784, 'camera_packets': 3682}",2762,0.18272257943213757,1.0,2784,0,,0.9920977011494253,,False,0.0,G,/home/he/output/ltv_gv_independent_20261009T050259/w2/results/w2_single_full_MH_01_easy_G_G6_V0_20261009T051427_ed091201,single_full,0.4838979922550859,0.4042647468198874,,,-1.4572564022091172,,w2_single_full_MH_01_easy_G_G6_V0_20261009T051427_ed091201,2762,MH_01_easy,VALID_FULL_MATCHED,1.3322676295501878e-15,0.23957240276304254,"{'requested_opencv_threads': 1, 'actual_opencv_threads': 1}"
,8,0,0.1828308926657835,"{'errors': [], 'actual_G': 2351, 'actual_V': 0, 'actual_L': 0, 'output_rows': 2784, 'camera_packets': 3682}",2762,0.1828308926657835,1.0,2784,0,,0.9920977011494253,,False,0.0,G,/home/he/output/ltv_gv_independent_20261009T050259/w1/results/w1_single_full_MH_01_easy_G_G8_V0_20261009T051648_53e97d81,single_full,0.48433607101535475,0.40453310312325774,,,-1.3988428046964874,,w1_single_full_MH_01_easy_G_G8_V0_20261009T051648_53e97d81,2762,MH_01_easy,VALID_FULL_MATCHED,8.604228440844963e-16,0.24034824696366275,"{'requested_opencv_threads': 1, 'actual_opencv_threads': 1}"
,10,0,0.1827913265425924,"{'errors': [], 'actual_G': 2351, 'actual_V': 0, 'actual_L': 0, 'output_rows': 2784, 'camera_packets': 3682}",2762,0.1827913265425924,1.0,2784,0,,0.9920977011494253,,False,0.0,G,/home/he/output/ltv_gv_independent_20261009T050259/w0/results/w0_extra_single_full_MH_01_easy_G_G10_V0_20261009T065646_33936392,extra_single_full,0.48439280177596195,0.40448206860051183,,,-1.4201809137845856,,w0_extra_single_full_MH_01_easy_G_G10_V0_20261009T065646_33936392,2762,MH_01_easy,VALID_FULL_MATCHED,3.0531133177191805e-16,0.2405374022485972,"{'requested_opencv_threads': 1, 'actual_opencv_threads': 1}"
,16,0,0.18385035248110865,"{'errors': [], 'actual_G': 2351, 'actual_V': 0, 'actual_L': 0, 'output_rows': 2784, 'camera_packets': 3682}",2762,0.18385035248110865,1.0,2784,0,,0.9920977011494253,,False,0.0,G,/home/he/output/ltv_gv_independent_20261009T050259/w7/results/w7_extra_single_full_MH_01_easy_G_G16_V0_20261009T065646_de61190e,extra_single_full,0.48568112383272555,0.4051721606729136,,,-0.8490455792958485,,w7_extra_single_full_MH_01_easy_G_G16_V0_20261009T065646_de61190e,2762,MH_01_easy,VALID_FULL_MATCHED,8.049116928532385e-16,0.2454436961671943,"{'requested_opencv_threads': 1, 'actual_opencv_threads': 1}"
1,1,1,0.18540837667162194,"{'errors': [], 'actual_G': 2351, 'actual_V': 2344, 'actual_L': 0, 'output_rows': 2784, 'camera_packets': 3682}",2762,0.18540837667162194,1.0,2784,0,"{'G_reason:disabled': 898, 'V_reason:disabled': 898, 'G_reason:warmup_or_core_invalid': 35, 'V_reason:warmup_or_core_invalid': 35, 'G_reason:not_ready_G': 398, 'V_reason:not_ready_V': 405, 'G_reason:accepted': 2351, 'V_reason:accepted': 2344}",0.9920977011494253,8e6c44b0a9f793f9e61d5dd37ff533d79b58c5f6354f87d41d521eb4a0db24b3,True,0.0,GV,/tmp/ltv_gain_scan_20261009/w0/results/w0_full_MH_01_easy_GV_1_20261009T030955_a1e048b0,,0.49174265878541673,0.4110623646113545,,,-0.008799240818957443,0.0,w0_full_MH_01_easy_GV_1_20261009T030955_a1e048b0,2762,MH_01_easy,VALID_FULL_MATCHED,1.0269562977782698e-15,0.2421512398840327,"{'actual_opencv_threads': 4, 'verification': 'inferred from frozen num_opencv_threads=4 and original VioManager constructor; post-construction metadata was absent', 'cpu_affinity_per_worker': 4}"
,1,2,0.1853865885545393,"{'errors': [], 'actual_G': 2351, 'actual_V': 2344, 'actual_L': 0, 'output_rows': 2784, 'camera_packets': 3682}",2762,0.1853865885545393,1.0,2784,0,,0.9920977011494253,,False,0.0,GV,/home/he/output/ltv_gv_independent_20261009T050259/w0/results/w0_joint_full_MH_01_easy_GV_G1_V2_20261009T055238_7f551320,joint_full,0.491858744966936,0.4111379545693435,,,-0.02054962679657324,,w0_joint_full_MH_01_easy_GV_G1_V2_20261009T055238_7f551320,2762,MH_01_easy,VALID_FULL_MATCHED,5.273559366969494e-16,0.24202176166835246,"{'requested_opencv_threads': 1, 'actual_opencv_threads': 1}"
,1,3,0.18536364780623482,"{'errors': [], 'actual_G': 2351, 'actual_V': 2344, 'actual_L': 0, 'output_rows': 2784, 'camera_packets': 3682}",2762,0.18536364780623482,1.0,2784,0,,0.9920977011494253,,False,0.0,GV,/home/he/output/ltv_gv_independent_20261009T050259/w7/results/w7_joint_full_MH_01_easy_GV_G1_V3_20261009T055238_8e089acb,joint_full,0.4919672584523601,0.41120597920910273,,,-0.03292162967183376,,w7_joint_full_MH_01_easy_GV_G1_V3_20261009T055238_8e089acb,2762,MH_01_easy,VALID_FULL_MATCHED,7.494005416219807e-16,0.24188403701409106,"{'requested_opencv_threads': 1, 'actual_opencv_threads': 1}"
,1,4,0.18249277125278776,"{'errors': [], 'actual_G': 2351, 'actual_V': 2344, 'actual_L': 0, 'output_rows': 2784, 'camera_packets': 3682}",2762,0.18249277125278776,1.0,2784,0,,0.9920977011494253,,False,0.0,GV,/home/he/output/ltv_gv_independent_20261009T050259/w0/results/w0_joint_full_MH_01_easy_GV_G1_V4_20261009T055438_e8f61daf,joint_full,0.4836776704454995,0.404247844200789,,,-1.5811925274801353,,w0_joint_full_MH_01_easy_GV_G1_V4_20261009T055438_e8f61daf,2762,MH_01_easy,VALID_FULL_MATCHED,6.938893903907228e-16,0.237514185181885,"{'requested_opencv_threads': 1, 'actual_opencv_threads': 1}"
,1,5,0.18247121651551068,"{'errors': [], 'actual_G': 2351, 'actual_V': 2344, 'actual_L': 0, 'output_rows': 2784, 'camera_packets': 3682}",2762,0.18247121651551068,1.0,2784,0,,0.9920977011494253,,False,0.0,GV,/home/he/output/ltv_gv_independent_20261009T050259/w7/results/w7_joint_full_MH_01_easy_GV_G1_V5_20261009T055549_069e21c7,joint_full,0.4837897208281592,0.40432054475371343,,,-1.5928170511455342,,w7_joint_full_MH_01_easy_GV_G1_V5_20261009T055549_069e21c7,2762,MH_01_easy,VALID_FULL_MATCHED,1.915134717478395e-15,0.23737961741426722,"{'requested_opencv_threads': 1, 'actual_opencv_threads': 1}"
,1,6,0.18245160362964352,"{'errors': [], 'actual_G': 2351, 'actual_V': 2344, 'actual_L': 0, 'output_rows': 2784, 'camera_packets': 3682}",2762,0.18245160362964352,1.0,2784,0,,0.9920977011494253,,False,0.0,GV,/home/he/output/ltv_gv_independent_20261009T050259/w1/results/w1_joint_full_MH_01_easy_GV_G1_V6_20261009T055650_fa11f4c1,joint_full,0.4839042969158037,0.4043952484001769,,,-1.60339432949409,,w1_joint_full_MH_01_easy_GV_G1_V6_20261009T055650_fa11f4c1,2762,MH_01_easy,VALID_FULL_MATCHED,1.27675647831893e-15,0.23724634918761664,"{'requested_opencv_threads': 1, 'actual_opencv_threads': 1}"
,1,8,0.18240268153680952,"{'errors': [], 'actual_G': 2351, 'actual_V': 2344, 'actual_L': 0, 'output_rows': 2784, 'camera_packets': 3682}",2762,0.18240268153680952,1.0,2784,0,,0.9920977011494253,,False,0.0,GV,/home/he/output/ltv_gv_independent_20261009T050259/w6/results/w6_joint_full_MH_01_easy_GV_G1_V8_20261009T055832_6a630707,joint_full,0.484107921878869,0.4045240079286268,,,-1.6297781363853403,,w6_joint_full_MH_01_easy_GV_G1_V8_20261009T055832_6a630707,2762,MH_01_easy,VALID_FULL_MATCHED,1.4710455076283324e-15,0.23696566345445252,"{'requested_opencv_threads': 1, 'actual_opencv_threads': 1}"
,2,1,0.18541589413070647,"{'errors': [], 'actual_G': 2351, 'actual_V': 2344, 'actual_L': 0, 'output_rows': 2784, 'camera_packets': 3682}",2762,0.18541589413070647,1.0,2784,0,,0.9920977011494253,,False,0.0,GV,/home/he/output/ltv_gv_independent_20261009T050259/w3/results/w3_joint_full_MH_01_easy_GV_G2_V1_20261009T055927_e3a718a3,joint_full,0.4918271552293045,0.41107787679061575,,,-0.004745056353216981,,w3_joint_full_MH_01_easy_GV_G2_V1_20261009T055927_e3a718a3,2762,MH_01_easy,VALID_FULL_MATCHED,1.3877787807814457e-16,0.2423491816939987,"{'requested_opencv_threads': 1, 'actual_opencv_threads': 1}"
2,2,2,0.1853907258336261,"{'errors': [], 'actual_G': 2351, 'actual_V': 2344, 'actual_L': 0, 'output_rows': 2784, 'camera_packets': 3682}",2762,0.1853907258336261,1.0,2784,0,"{'G_reason:disabled': 898, 'V_reason:disabled': 898, 'G_reason:warmup_or_core_invalid': 35, 'V_reason:warmup_or_core_invalid': 35, 'G_reason:not_ready_G': 398, 'V_reason:not_ready_V': 405, 'G_reason:accepted': 2351, 'V_reason:accepted': 2344}",0.9920977011494253,8e6c44b0a9f793f9e61d5dd37ff533d79b58c5f6354f87d41d521eb4a0db24b3,True,0.0,GV,/tmp/ltv_gain_scan_20261009/w0/results/w0_full_MH_01_easy_GV_2_20261009T032343_17a22cc2,,0.491933059926291,0.41114458373109153,,,-0.018318381848581033,-0.009519978715477606,w0_full_MH_01_easy_GV_2_20261009T032343_17a22cc2,2762,MH_01_easy,VALID_FULL_MATCHED,8.604228440844963e-16,0.2422121288671352,"{'actual_opencv_threads': 4, 'verification': 'inferred from frozen num_opencv_threads=4 and original VioManager constructor; post-construction metadata was absent', 'cpu_affinity_per_worker': 4}"
,2,3,0.18252118083204374,"{'errors': [], 'actual_G': 2351, 'actual_V': 2344, 'actual_L': 0, 'output_rows': 2784, 'camera_packets': 3682}",2762,0.18252118083204374,1.0,2784,0,,0.9920977011494253,,False,0.0,GV,/home/he/output/ltv_gv_independent_20261009T050259/w2/results/w2_joint_full_MH_01_easy_GV_G2_V3_20261009T060053_ed454ffe,joint_full,0.48364889030140046,0.404188707236096,,,-1.5658711704095163,,w2_joint_full_MH_01_easy_GV_G2_V3_20261009T060053_ed454ffe,2762,MH_01_easy,VALID_FULL_MATCHED,3.608224830031759e-16,0.23784518256029583,"{'requested_opencv_threads': 1, 'actual_opencv_threads': 1}"
,2,4,0.18249948694468904,"{'errors': [], 'actual_G': 2351, 'actual_V': 2344, 'actual_L': 0, 'output_rows': 2784, 'camera_packets': 3682}",2762,0.18249948694468904,1.0,2784,0,,0.9920977011494253,,False,0.0,GV,/home/he/output/ltv_gv_independent_20261009T050259/w7/results/w7_joint_full_MH_01_easy_GV_G2_V4_20261009T060159_a4ebfb27,joint_full,0.4837599713636219,0.40426028990141893,,,-1.5775707380594417,,w7_joint_full_MH_01_easy_GV_G2_V4_20261009T060159_a4ebfb27,2762,MH_01_easy,VALID_FULL_MATCHED,4.163336342344337e-16,0.23771001074488593,"{'requested_opencv_threads': 1, 'actual_opencv_threads': 1}"
,2,5,0.18247632675174588,"{'errors': [], 'actual_G': 2351, 'actual_V': 2344, 'actual_L': 0, 'output_rows': 2784, 'camera_packets': 3682}",2762,0.18247632675174588,1.0,2784,0,,0.9920977011494253,,False,0.0,GV,/home/he/output/ltv_gv_independent_20261009T050259/w6/results/w6_joint_full_MH_01_easy_GV_G2_V5_20261009T060324_ba84278f,joint_full,0.4838662526022775,0.40432816852490194,,,-1.5900610879765908,,w6_joint_full_MH_01_easy_GV_G2_V5_20261009T060324_ba84278f,2762,MH_01_easy,VALID_FULL_MATCHED,2.498001805406602e-16,0.23757109410703656,"{'requested_opencv_threads': 1, 'actual_opencv_threads': 1}"
,2,6,0.18245418257289986,"{'errors': [], 'actual_G': 2351, 'actual_V': 2344, 'actual_L': 0, 'output_rows': 2784, 'camera_packets': 3682}",2762,0.18245418257289986,1.0,2784,0,,0.9920977011494253,,False,0.0,GV,/home/he/output/ltv_gv_independent_20261009T050259/w2/results/w2_joint_full_MH_01_easy_GV_G2_V6_20261009T060441_2a3aba40,joint_full,0.48397481374412704,0.404397845242561,,,-1.6020034989527754,,w2_joint_full_MH_01_easy_GV_G2_V6_20261009T060441_2a3aba40,2762,MH_01_easy,VALID_FULL_MATCHED,2.609024107869118e-15,0.23743485255403166,"{'requested_opencv_threads': 1, 'actual_opencv_threads': 1}"
,2,8,0.1824110522425738,"{'errors': [], 'actual_G': 2351, 'actual_V': 2344, 'actual_L': 0, 'output_rows': 2784, 'camera_packets': 3682}",2762,0.1824110522425738,1.0,2784,0,,0.9920977011494253,,False,0.0,GV,/home/he/output/ltv_gv_independent_20261009T050259/w3/results/w3_joint_full_MH_01_easy_GV_G2_V8_20261009T060555_bdf2bc98,joint_full,0.48419410915061095,0.4045391857028279,,,-1.6252637938534709,,w3_joint_full_MH_01_easy_GV_G2_V8_20261009T060555_bdf2bc98,2762,MH_01_easy,VALID_FULL_MATCHED,1.4710455076283324e-15,0.23716380869744122,"{'requested_opencv_threads': 1, 'actual_opencv_threads': 1}"
,3,1,0.18542052374771106,"{'errors': [], 'actual_G': 2351, 'actual_V': 2344, 'actual_L': 0, 'output_rows': 2784, 'camera_packets': 3682}",2762,0.18542052374771106,1.0,2784,0,,0.9920977011494253,,False,0.0,GV,/home/he/output/ltv_gv_independent_20261009T050259/w2/results/w2_joint_full_MH_01_easy_GV_G3_V1_20261009T060641_6ed318b5,joint_full,0.4919013838022433,0.4110852751774589,,,-0.0022482923361044627,,w2_joint_full_MH_01_easy_GV_G3_V1_20261009T060641_6ed318b5,2762,MH_01_easy,VALID_FULL_MATCHED,7.494005416219807e-16,0.24253716432898217,"{'requested_opencv_threads': 1, 'actual_opencv_threads': 1}"
,3,2,0.18540175547651105,"{'errors': [], 'actual_G': 2351, 'actual_V': 2344, 'actual_L': 0, 'output_rows': 2784, 'camera_packets': 3682}",2762,0.18540175547651105,1.0,2784,0,,0.9920977011494253,,False,0.0,GV,/home/he/output/ltv_gv_independent_20261009T050259/w7/results/w7_joint_full_MH_01_easy_GV_G3_V2_20261009T060841_a20e4365,joint_full,0.49202684655563433,0.4111683242009099,,,-0.01237006788450401,,w7_joint_full_MH_01_easy_GV_G3_V2_20261009T060841_a20e4365,2762,MH_01_easy,VALID_FULL_MATCHED,1.3877787807814457e-15,0.2424107894381156,"{'requested_opencv_threads': 1, 'actual_opencv_threads': 1}"
,3,3,0.18263557917180726,"{'errors': [], 'actual_G': 2351, 'actual_V': 2344, 'actual_L': 0, 'output_rows': 2784, 'camera_packets': 3682}",2762,0.18263557917180726,1.0,2784,0,,0.9920977011494253,,False,0.0,GV,/home/he/output/ltv_gv_independent_20261009T050259/w1/results/w1_joint_full_MH_01_easy_GV_G3_V3_20261009T060936_252b9a61,joint_full,0.48399188367717527,0.40444352029336705,,,-1.5041758599647848,,w1_joint_full_MH_01_easy_GV_G3_V3_20261009T060936_252b9a61,2762,MH_01_easy,VALID_FULL_MATCHED,4.440892098500626e-16,0.23860862165182173,"{'requested_opencv_threads': 1, 'actual_opencv_threads': 1}"
,3,4,0.1825075677407855,"{'errors': [], 'actual_G': 2351, 'actual_V': 2344, 'actual_L': 0, 'output_rows': 2784, 'camera_packets': 3682}",2762,0.1825075677407855,1.0,2784,0,,0.9920977011494253,,False,0.0,GV,/home/he/output/ltv_gv_independent_20261009T050259/w2/results/w2_joint_full_MH_01_easy_GV_G3_V4_20261009T061057_b863f5a4,joint_full,0.4838460054266842,0.4042763608355479,,,-1.5732127445357347,,w2_joint_full_MH_01_easy_GV_G3_V4_20261009T061057_b863f5a4,2762,MH_01_easy,VALID_FULL_MATCHED,3.608224830031759e-16,0.23790537477871268,"{'requested_opencv_threads': 1, 'actual_opencv_threads': 1}"
,3,5,0.18248399761113915,"{'errors': [], 'actual_G': 2351, 'actual_V': 2344, 'actual_L': 0, 'output_rows': 2784, 'camera_packets': 3682}",2762,0.18248399761113915,1.0,2784,0,,0.9920977011494253,,False,0.0,GV,/home/he/output/ltv_gv_independent_20261009T050259/w0/results/w0_joint_full_MH_01_easy_GV_G3_V5_20261009T061221_43deb69d,joint_full,0.48395149808452137,0.4043432441390638,,,-1.5859241743411023,,w0_joint_full_MH_01_easy_GV_G3_V5_20261009T061221_43deb69d,2762,MH_01_easy,VALID_FULL_MATCHED,8.326672684688674e-16,0.2377634457836692,"{'requested_opencv_threads': 1, 'actual_opencv_threads': 1}"
,3,6,0.18246101302996587,"{'errors': [], 'actual_G': 2351, 'actual_V': 2344, 'actual_L': 0, 'output_rows': 2784, 'camera_packets': 3682}",2762,0.18246101302996587,1.0,2784,0,,0.9920977011494253,,False,0.0,GV,/home/he/output/ltv_gv_independent_20261009T050259/w5/results/w5_joint_full_MH_01_easy_GV_G3_V6_20261009T061336_66be388b,joint_full,0.4840562445750463,0.40440947397774224,,,-1.5983198163920131,,w5_joint_full_MH_01_easy_GV_G3_V6_20261009T061336_66be388b,2762,MH_01_easy,VALID_FULL_MATCHED,6.938893903907228e-16,0.23762712498989252,"{'requested_opencv_threads': 1, 'actual_opencv_threads': 1}"
,3,8,0.1825188251188111,"{'errors': [], 'actual_G': 2351, 'actual_V': 2344, 'actual_L': 0, 'output_rows': 2784, 'camera_packets': 3682}",2762,0.1825188251188111,1.0,2784,0,,0.9920977011494253,,False,0.0,GV,/home/he/output/ltv_gv_independent_20261009T050259/w2/results/w2_joint_full_MH_01_easy_GV_G3_V8_20261009T061446_11190d1c,joint_full,0.4846141308494915,0.40483769280598897,,,-1.5671416124413473,,w2_joint_full_MH_01_easy_GV_G3_V8_20261009T061446_11190d1c,2762,MH_01_easy,VALID_FULL_MATCHED,8.326672684688674e-17,0.2374855193679645,"{'requested_opencv_threads': 1, 'actual_opencv_threads': 1}"
,4,1,0.1855330171500935,"{'errors': [], 'actual_G': 2351, 'actual_V': 2344, 'actual_L': 0, 'output_rows': 2784, 'camera_packets': 3682}",2762,0.1855330171500935,1.0,2784,0,,0.9920977011494253,,False,0.0,GV,/home/he/output/ltv_gv_independent_20261009T050259/w1/results/w1_joint_full_MH_01_easy_GV_G4_V1_20261009T061608_bc493aa1,joint_full,0.4922379018733171,0.41133589151349703,,,0.058419680619747894,,w1_joint_full_MH_01_easy_GV_G4_V1_20261009T061608_bc493aa1,2762,MH_01_easy,VALID_FULL_MATCHED,6.938893903907228e-16,0.243297689065985,"{'requested_opencv_threads': 1, 'actual_opencv_threads': 1}"
,4,2,0.18266205642830666,"{'errors': [], 'actual_G': 2351, 'actual_V': 2344, 'actual_L': 0, 'output_rows': 2784, 'camera_packets': 3682}",2762,0.18266205642830666,1.0,2784,0,,0.9920977011494253,,False,0.0,GV,/home/he/output/ltv_gv_independent_20261009T050259/w5/results/w5_joint_full_MH_01_easy_GV_G4_V2_20261009T061727_303b71c8,joint_full,0.48394461061047434,0.40436839769304844,,,-1.4898966093844668,,w5_joint_full_MH_01_easy_GV_G4_V2_20261009T061727_303b71c8,2762,MH_01_easy,VALID_FULL_MATCHED,3.0531133177191805e-16,0.23892282751986235,"{'requested_opencv_threads': 1, 'actual_opencv_threads': 1}"
,4,3,0.18264093823493793,"{'errors': [], 'actual_G': 2351, 'actual_V': 2344, 'actual_L': 0, 'output_rows': 2784, 'camera_packets': 3682}",2762,0.18264093823493793,1.0,2784,0,,0.9920977011494253,,False,0.0,GV,/home/he/output/ltv_gv_independent_20261009T050259/w2/results/w2_joint_full_MH_01_easy_GV_G4_V3_20261009T061838_b8da68eb,joint_full,0.4840673179582943,0.40445121438611514,,,-1.501285703829447,,w2_joint_full_MH_01_easy_GV_G4_V3_20261009T061838_b8da68eb,2762,MH_01_easy,VALID_FULL_MATCHED,1.27675647831893e-15,0.23879512182291376,"{'requested_opencv_threads': 1, 'actual_opencv_threads': 1}"
4,4,4,0.18261939861815216,"{'errors': [], 'actual_G': 2351, 'actual_V': 2344, 'actual_L': 0, 'output_rows': 2784, 'camera_packets': 3682}",2762,0.18261939861815216,1.0,2784,0,"{'G_reason:disabled': 898, 'V_reason:disabled': 898, 'G_reason:warmup_or_core_invalid': 35, 'V_reason:warmup_or_core_invalid': 35, 'G_reason:not_ready_G': 398, 'V_reason:not_ready_V': 405, 'G_reason:accepted': 2351, 'V_reason:accepted': 2344}",0.9920977011494253,8e6c44b0a9f793f9e61d5dd37ff533d79b58c5f6354f87d41d521eb4a0db24b3,True,0.0,GV,/tmp/ltv_gain_scan_20261009/w0/results/w0_full_MH_01_easy_GV_4_20261009T033936_b5df0b91,,0.48418092636084603,0.4045244354789913,,,-1.5129020729761078,-1.5042351934343112,w0_full_MH_01_easy_GV_4_20261009T033936_b5df0b91,2762,MH_01_easy,VALID_FULL_MATCHED,1.1102230246251565e-16,0.23865801578025256,"{'actual_opencv_threads': 4, 'verification': 'inferred from frozen num_opencv_threads=4 and original VioManager constructor; post-construction metadata was absent', 'cpu_affinity_per_worker': 4}"
,4,5,0.18249208555841956,"{'errors': [], 'actual_G': 2351, 'actual_V': 2344, 'actual_L': 0, 'output_rows': 2784, 'camera_packets': 3682}",2762,0.18249208555841956,1.0,2784,0,,0.9920977011494253,,False,0.0,GV,/home/he/output/ltv_gv_independent_20261009T050259/w1/results/w1_joint_full_MH_01_easy_GV_G4_V5_20261009T062000_9ffdc192,joint_full,0.48403428037928975,0.4043565079143298,,,-1.5815623241660304,,w1_joint_full_MH_01_easy_GV_G4_V5_20261009T062000_9ffdc192,2762,MH_01_easy,VALID_FULL_MATCHED,3.3306690738754696e-16,0.23795510867744132,"{'requested_opencv_threads': 1, 'actual_opencv_threads': 1}"
,4,6,0.18256993583257664,"{'errors': [], 'actual_G': 2351, 'actual_V': 2344, 'actual_L': 0, 'output_rows': 2784, 'camera_packets': 3682}",2762,0.18256993583257664,1.0,2784,0,,0.9920977011494253,,False,0.0,GV,/home/he/output/ltv_gv_independent_20261009T050259/w5/results/w5_joint_full_MH_01_easy_GV_G4_V6_20261009T062117_087df4b5,joint_full,0.48448098548237045,0.4047121050879776,,,-1.5395774768137138,,w5_joint_full_MH_01_easy_GV_G4_V6_20261009T062117_087df4b5,2762,MH_01_easy,VALID_FULL_MATCHED,1.582067810090848e-15,0.2379470796587584,"{'requested_opencv_threads': 1, 'actual_opencv_threads': 1}"
,4,8,0.18252483179921852,"{'errors': [], 'actual_G': 2351, 'actual_V': 2344, 'actual_L': 0, 'output_rows': 2784, 'camera_packets': 3682}",2762,0.18252483179921852,1.0,2784,0,,0.9920977011494253,,False,0.0,GV,/home/he/output/ltv_gv_independent_20261009T050259/w0/results/w0_joint_full_MH_01_easy_GV_G4_V8_20261009T062232_e30a2768,joint_full,0.48469378640549104,0.40484836530107565,,,-1.5639021946906584,,w0_joint_full_MH_01_easy_GV_G4_V8_20261009T062232_e30a2768,2762,MH_01_easy,VALID_FULL_MATCHED,1.4988010832439613e-15,0.2376718337504246,"{'requested_opencv_threads': 1, 'actual_opencv_threads': 1}"
,5,1,0.18269367629111385,"{'errors': [], 'actual_G': 2351, 'actual_V': 2344, 'actual_L': 0, 'output_rows': 2784, 'camera_packets': 3682}",2762,0.18269367629111385,1.0,2784,0,,0.9920977011494253,,False,0.0,GV,/home/he/output/ltv_gv_independent_20261009T050259/w1/results/w1_joint_full_MH_01_easy_GV_G5_V1_20261009T062350_8cd3d97c,joint_full,0.4839257838495362,0.40432005986245484,,,-1.4728439383741798,,w1_joint_full_MH_01_easy_GV_G5_V1_20261009T062350_8cd3d97c,2762,MH_01_easy,VALID_FULL_MATCHED,2.220446049250313e-16,0.2392511528241493,"{'requested_opencv_threads': 1, 'actual_opencv_threads': 1}"
,5,2,0.1826727530941115,"{'errors': [], 'actual_G': 2351, 'actual_V': 2344, 'actual_L': 0, 'output_rows': 2784, 'camera_packets': 3682}",2762,0.1826727530941115,1.0,2784,0,,0.9920977011494253,,False,0.0,GV,/home/he/output/ltv_gv_independent_20261009T050259/w5/results/w5_joint_full_MH_01_easy_GV_G5_V2_20261009T062506_3af5c2fc,joint_full,0.48403507344126184,0.4043890018233188,,,-1.4841278707916072,,w5_joint_full_MH_01_easy_GV_G5_V2_20261009T062506_3af5c2fc,2762,MH_01_easy,VALID_FULL_MATCHED,1.942890293094024e-15,0.23911322361535717,"{'requested_opencv_threads': 1, 'actual_opencv_threads': 1}"
,5,3,0.18264755804880306,"{'errors': [], 'actual_G': 2351, 'actual_V': 2344, 'actual_L': 0, 'output_rows': 2784, 'camera_packets': 3682}",2762,0.18264755804880306,1.0,2784,0,,0.9920977011494253,,False,0.0,GV,/home/he/output/ltv_gv_independent_20261009T050259/w0/results/w0_joint_full_MH_01_easy_GV_G5_V3_20261009T062621_66959f64,joint_full,0.48414796471637445,0.4044633111270017,,,-1.497715621673179,,w0_joint_full_MH_01_easy_GV_G5_V3_20261009T062621_66959f64,2762,MH_01_easy,VALID_FULL_MATCHED,4.718447854656915e-16,0.23897986639366878,"{'requested_opencv_threads': 1, 'actual_opencv_threads': 1}"
,5,4,0.18272500248734333,"{'errors': [], 'actual_G': 2351, 'actual_V': 2344, 'actual_L': 0, 'output_rows': 2784, 'camera_packets': 3682}",2762,0.18272500248734333,1.0,2784,0,,0.9920977011494253,,False,0.0,GV,/home/he/output/ltv_gv_independent_20261009T050259/w1/results/w1_joint_full_MH_01_easy_GV_G5_V4_20261009T062737_3d179c99,joint_full,0.4845950051616274,0.4048187674634184,,,-1.4559496424829454,,w1_joint_full_MH_01_easy_GV_G5_V4_20261009T062737_3d179c99,2762,MH_01_easy,VALID_FULL_MATCHED,1.3322676295501878e-15,0.23896822119410144,"{'requested_opencv_threads': 1, 'actual_opencv_threads': 1}"
,5,5,0.18270127616355156,"{'errors': [], 'actual_G': 2351, 'actual_V': 2344, 'actual_L': 0, 'output_rows': 2784, 'camera_packets': 3682}",2762,0.18270127616355156,1.0,2784,0,,0.9920977011494253,,False,0.0,GV,/home/he/output/ltv_gv_independent_20261009T050259/w5/results/w5_joint_full_MH_01_easy_GV_G5_V5_20261009T062852_86ff3196,joint_full,0.48469961016400603,0.404884900601676,,,-1.468745308181174,,w5_joint_full_MH_01_easy_GV_G5_V5_20261009T062852_86ff3196,2762,MH_01_easy,VALID_FULL_MATCHED,2.220446049250313e-16,0.23883073556564413,"{'requested_opencv_threads': 1, 'actual_opencv_threads': 1}"
,5,6,0.1825758525646422,"{'errors': [], 'actual_G': 2351, 'actual_V': 2344, 'actual_L': 0, 'output_rows': 2784, 'camera_packets': 3682}",2762,0.1825758525646422,1.0,2784,0,,0.9920977011494253,,False,0.0,GV,/home/he/output/ltv_gv_independent_20261009T050259/w0/results/w0_joint_full_MH_01_easy_GV_G5_V6_20261009T063008_1c1326f2,joint_full,0.4845578705826312,0.40472080696838225,,,-1.5363865684285272,,w0_joint_full_MH_01_easy_GV_G5_V6_20261009T063008_1c1326f2,2762,MH_01_easy,VALID_FULL_MATCHED,1.4432899320127035e-15,0.23812912200097602,"{'requested_opencv_threads': 1, 'actual_opencv_threads': 1}"
,5,8,0.18253361129747472,"{'errors': [], 'actual_G': 2351, 'actual_V': 2344, 'actual_L': 0, 'output_rows': 2784, 'camera_packets': 3682}",2762,0.18253361129747472,1.0,2784,0,,0.9920977011494253,,False,0.0,GV,/home/he/output/ltv_gv_independent_20261009T050259/w1/results/w1_joint_full_MH_01_easy_GV_G5_V8_20261009T063123_6c0f269c,joint_full,0.4847800402192224,0.4048644992496767,,,-1.559167389346594,,w1_joint_full_MH_01_easy_GV_G5_V8_20261009T063123_6c0f269c,2762,MH_01_easy,VALID_FULL_MATCHED,3.608224830031759e-16,0.23786172813147785,"{'requested_opencv_threads': 1, 'actual_opencv_threads': 1}"
,6,1,0.1827009898692409,"{'errors': [], 'actual_G': 2351, 'actual_V': 2344, 'actual_L': 0, 'output_rows': 2784, 'camera_packets': 3682}",2762,0.1827009898692409,1.0,2784,0,,0.9920977011494253,,False,0.0,GV,/home/he/output/ltv_gv_independent_20261009T050259/w5/results/w5_joint_full_MH_01_easy_GV_G6_V1_20261009T063238_25d63b57,joint_full,0.4840063989045644,0.4043325914996723,,,-1.4688997074181698,,w5_joint_full_MH_01_easy_GV_G6_V1_20261009T063238_25d63b57,2762,MH_01_easy,VALID_FULL_MATCHED,1.6375789613221059e-15,0.23943464724301888,"{'requested_opencv_threads': 1, 'actual_opencv_threads': 1}"
,6,2,0.18267734939842484,"{'errors': [], 'actual_G': 2351, 'actual_V': 2344, 'actual_L': 0, 'output_rows': 2784, 'camera_packets': 3682}",2762,0.18267734939842484,1.0,2784,0,,0.9920977011494253,,False,0.0,GV,/home/he/output/ltv_gv_independent_20261009T050259/w2/results/w2_joint_full_MH_01_easy_GV_G6_V2_20261009T063354_4fcd0c1e,joint_full,0.48410784681960417,0.4043947827698003,,,-1.4816490723921105,,w2_joint_full_MH_01_easy_GV_G6_V2_20261009T063354_4fcd0c1e,2762,MH_01_easy,VALID_FULL_MATCHED,6.938893903907228e-16,0.2392928608990377,"{'requested_opencv_threads': 1, 'actual_opencv_threads': 1}"
,6,3,0.18275596890575846,"{'errors': [], 'actual_G': 2351, 'actual_V': 2344, 'actual_L': 0, 'output_rows': 2784, 'camera_packets': 3682}",2762,0.18275596890575846,1.0,2784,0,,0.9920977011494253,,False,0.0,GV,/home/he/output/ltv_gv_independent_20261009T050259/w4/results/w4_joint_full_MH_01_easy_GV_G6_V3_20261009T063511_9089017f,joint_full,0.4845693082250329,0.40476412271235407,,,-1.439249375665852,,w4_joint_full_MH_01_easy_GV_G6_V3_20261009T063511_9089017f,2762,MH_01_easy,VALID_FULL_MATCHED,3.608224830031759e-16,0.2392911805398983,"{'requested_opencv_threads': 1, 'actual_opencv_threads': 1}"
,6,4,0.18273341185791903,"{'errors': [], 'actual_G': 2351, 'actual_V': 2344, 'actual_L': 0, 'output_rows': 2784, 'camera_packets': 3682}",2762,0.18273341185791903,1.0,2784,0,,0.9920977011494253,,False,0.0,GV,/home/he/output/ltv_gv_independent_20261009T050259/w5/results/w5_joint_full_MH_01_easy_GV_G6_V4_20261009T063624_28cdf2c0,joint_full,0.48467753044394873,0.40483274233400635,,,-1.451414447921695,,w5_joint_full_MH_01_easy_GV_G6_V4_20261009T063624_28cdf2c0,2762,MH_01_easy,VALID_FULL_MATCHED,4.440892098500626e-16,0.23915483166491588,"{'requested_opencv_threads': 1, 'actual_opencv_threads': 1}"
,6,5,0.1827074514475969,"{'errors': [], 'actual_G': 2351, 'actual_V': 2344, 'actual_L': 0, 'output_rows': 2784, 'camera_packets': 3682}",2762,0.1827074514475969,1.0,2784,0,,0.9920977011494253,,False,0.0,GV,/home/he/output/ltv_gv_independent_20261009T050259/w2/results/w2_joint_full_MH_01_easy_GV_G6_V5_20261009T063740_2a9433d8,joint_full,0.4847768791007335,0.40489424707326527,,,-1.465414962067324,,w2_joint_full_MH_01_easy_GV_G6_V5_20261009T063740_2a9433d8,2762,MH_01_easy,VALID_FULL_MATCHED,6.106226635438361e-16,0.23901210275537638,"{'requested_opencv_threads': 1, 'actual_opencv_threads': 1}"
,6,6,0.18268601250875624,"{'errors': [], 'actual_G': 2351, 'actual_V': 2344, 'actual_L': 0, 'output_rows': 2784, 'camera_packets': 3682}",2762,0.18268601250875624,1.0,2784,0,,0.9920977011494253,,False,0.0,GV,/home/he/output/ltv_gv_independent_20261009T050259/w3/results/w3_joint_full_MH_01_easy_GV_G6_V6_20261009T063855_b3252e86,joint_full,0.48488764725466466,0.4049654873095142,,,-1.4769770353466605,,w3_joint_full_MH_01_easy_GV_G6_V6_20261009T063855_b3252e86,2762,MH_01_easy,VALID_FULL_MATCHED,2.498001805406602e-16,0.23887530734280696,"{'requested_opencv_threads': 1, 'actual_opencv_threads': 1}"
,6,8,0.18254120216107658,"{'errors': [], 'actual_G': 2351, 'actual_V': 2344, 'actual_L': 0, 'output_rows': 2784, 'camera_packets': 3682}",2762,0.18254120216107658,1.0,2784,0,,0.9920977011494253,,False,0.0,GV,/home/he/output/ltv_gv_independent_20261009T050259/w0/results/w0_joint_full_MH_01_easy_GV_G6_V8_20261009T064014_a1ed28a3,joint_full,0.4848614829244414,0.4048772921514132,,,-1.5550736176412672,,w0_joint_full_MH_01_easy_GV_G6_V8_20261009T064014_a1ed28a3,2762,MH_01_easy,VALID_FULL_MATCHED,8.326672684688674e-17,0.23804374275233184,"{'requested_opencv_threads': 1, 'actual_opencv_threads': 1}"
,8,1,0.18290897974725312,"{'errors': [], 'actual_G': 2351, 'actual_V': 2344, 'actual_L': 0, 'output_rows': 2784, 'camera_packets': 3682}",2762,0.18290897974725312,1.0,2784,0,,0.9920977011494253,,False,0.0,GV,/home/he/output/ltv_gv_independent_20261009T050259/w2/results/w2_joint_full_MH_01_easy_GV_G8_V1_20261009T064126_d79d8a64,joint_full,0.4847827609079547,0.4048868432873073,,,-1.3567302465688935,,w2_joint_full_MH_01_easy_GV_G8_V1_20261009T064126_d79d8a64,2762,MH_01_easy,VALID_FULL_MATCHED,1.4432899320127035e-15,0.24033507186428713,"{'requested_opencv_threads': 1, 'actual_opencv_threads': 1}"
,8,2,0.1827894464191067,"{'errors': [], 'actual_G': 2351, 'actual_V': 2344, 'actual_L': 0, 'output_rows': 2784, 'camera_packets': 3682}",2762,0.1827894464191067,1.0,2784,0,,0.9920977011494253,,False,0.0,GV,/home/he/output/ltv_gv_independent_20261009T050259/w3/results/w3_joint_full_MH_01_easy_GV_G8_V2_20261009T064241_79d82177,joint_full,0.48459771470939095,0.40469886195015065,,,-1.42119486907768,,w3_joint_full_MH_01_easy_GV_G8_V2_20261009T064241_79d82177,2762,MH_01_easy,VALID_FULL_MATCHED,4.440892098500626e-16,0.23977033193063949,"{'requested_opencv_threads': 1, 'actual_opencv_threads': 1}"
,8,3,0.1828454255437584,"{'errors': [], 'actual_G': 2351, 'actual_V': 2344, 'actual_L': 0, 'output_rows': 2784, 'camera_packets': 3682}",2762,0.1828454255437584,1.0,2784,0,,0.9920977011494253,,False,0.0,GV,/home/he/output/ltv_gv_independent_20261009T050259/w1/results/w1_joint_full_MH_01_easy_GV_G8_V3_20261009T064358_3a895e18,joint_full,0.48492497654068645,0.4049618080985588,,,-1.3910051872960016,,w1_joint_full_MH_01_easy_GV_G8_V3_20261009T064358_3a895e18,2762,MH_01_easy,VALID_FULL_MATCHED,3.0531133177191805e-16,0.24005199014592535,"{'requested_opencv_threads': 1, 'actual_opencv_threads': 1}"
,8,4,0.18274551371077924,"{'errors': [], 'actual_G': 2351, 'actual_V': 2344, 'actual_L': 0, 'output_rows': 2784, 'camera_packets': 3682}",2762,0.18274551371077924,1.0,2784,0,,0.9920977011494253,,False,0.0,GV,/home/he/output/ltv_gv_independent_20261009T050259/w4/results/w4_joint_full_MH_01_easy_GV_G8_V4_20261009T064516_62495a9f,joint_full,0.48482953283899594,0.40485062517394543,,,-1.4448878884391725,,w4_joint_full_MH_01_easy_GV_G8_V4_20261009T064516_62495a9f,2762,MH_01_easy,VALID_FULL_MATCHED,6.38378239159465e-16,0.23950718700097023,"{'requested_opencv_threads': 1, 'actual_opencv_threads': 1}"
,8,5,0.1827256781043537,"{'errors': [], 'actual_G': 2351, 'actual_V': 2344, 'actual_L': 0, 'output_rows': 2784, 'camera_packets': 3682}",2762,0.1827256781043537,1.0,2784,0,,0.9920977011494253,,False,0.0,GV,/home/he/output/ltv_gv_independent_20261009T050259/w3/results/w3_joint_full_MH_01_easy_GV_G8_V5_20261009T064632_4f0c195a,joint_full,0.4849457375280877,0.40492617475871795,,,-1.455585280541316,,w3_joint_full_MH_01_easy_GV_G8_V5_20261009T064632_4f0c195a,2762,MH_01_easy,VALID_FULL_MATCHED,1.3877787807814457e-16,0.23937317585481496,"{'requested_opencv_threads': 1, 'actual_opencv_threads': 1}"
,8,6,0.18270493953199726,"{'errors': [], 'actual_G': 2351, 'actual_V': 2344, 'actual_L': 0, 'output_rows': 2784, 'camera_packets': 3682}",2762,0.18270493953199726,1.0,2784,0,,0.9920977011494253,,False,0.0,GV,/home/he/output/ltv_gv_independent_20261009T050259/w1/results/w1_joint_full_MH_01_easy_GV_G8_V6_20261009T064750_1443fcab,joint_full,0.48505796173656707,0.40499857183211996,,,-1.4667696444259248,,w1_joint_full_MH_01_easy_GV_G8_V6_20261009T064750_1443fcab,2762,MH_01_easy,VALID_FULL_MATCHED,4.996003610813204e-16,0.23923824619300435,"{'requested_opencv_threads': 1, 'actual_opencv_threads': 1}"
,8,8,0.18374279633925655,"{'errors': [], 'actual_G': 2351, 'actual_V': 2344, 'actual_L': 0, 'output_rows': 2784, 'camera_packets': 3682}",2762,0.18374279633925655,1.0,2784,0,,0.9920977011494253,,False,0.0,GV,/home/he/output/ltv_gv_independent_20261009T050259/w5/results/w5_joint_full_MH_01_easy_GV_G8_V8_20261009T064905_04bd1dda,joint_full,0.4863578536037991,0.40597217672734975,,,-0.907050875312565,,w5_joint_full_MH_01_easy_GV_G8_V8_20261009T064905_04bd1dda,2762,MH_01_easy,VALID_FULL_MATCHED,2.498001805406602e-16,0.24325526237253509,"{'requested_opencv_threads': 1, 'actual_opencv_threads': 1}"
1,0,0,0.18542469263686487,"{'errors': [], 'actual_G': 0, 'actual_V': 0, 'actual_L': 0, 'output_rows': 2784, 'camera_packets': 3682}",2762,0.18542469263686487,1.0,2784,0,,0.9920977011494253,8e6c44b0a9f793f9e61d5dd37ff533d79b58c5f6354f87d41d521eb4a0db24b3,True,0.0,OFF,/tmp/ltv_gain_scan_20261009/w0/results/w0_full_MH_01_easy_OFF_1_20261009T030414_c8afe709,,0.4915568578402394,0.41098539680658236,,,0.0,0.0,w0_full_MH_01_easy_OFF_1_20261009T030414_c8afe709,2762,MH_01_easy,VALID_FULL_MATCHED,2.7755575615628914e-16,0.2420913145351695,"{'actual_opencv_threads': 4, 'verification': 'inferred from frozen num_opencv_threads=4 and original VioManager constructor; post-construction metadata was absent', 'cpu_affinity_per_worker': 4}"
1,0,1,0.18540280638204792,"{'errors': [], 'actual_G': 0, 'actual_V': 2344, 'actual_L': 0, 'output_rows': 2784, 'camera_packets': 3682}",2762,0.18540280638204792,1.0,2784,0,"{'G_reason:disabled': 3682, 'V_reason:disabled': 898, 'V_reason:warmup_or_core_invalid': 35, 'V_reason:not_ready_V': 405, 'V_reason:accepted': 2344}",0.9920977011494253,8e6c44b0a9f793f9e61d5dd37ff533d79b58c5f6354f87d41d521eb4a0db24b3,True,0.0,V,/tmp/ltv_gain_scan_20261009/w0/results/w0_full_MH_01_easy_V_1_20261009T030726_452c0b95,,0.49166363363966675,0.41105169484108606,,,-0.011803311902913727,0.0,w0_full_MH_01_easy_V_1_20261009T030726_452c0b95,2762,MH_01_easy,VALID_FULL_MATCHED,2.220446049250313e-16,0.2419529879162189,"{'actual_opencv_threads': 4, 'verification': 'inferred from frozen num_opencv_threads=4 and original VioManager constructor; post-construction metadata was absent', 'cpu_affinity_per_worker': 4}"
2,0,2,0.18537949879655122,"{'errors': [], 'actual_G': 0, 'actual_V': 2344, 'actual_L': 0, 'output_rows': 2784, 'camera_packets': 3682}",2762,0.18537949879655122,1.0,2784,0,"{'G_reason:disabled': 3682, 'V_reason:disabled': 898, 'V_reason:warmup_or_core_invalid': 35, 'V_reason:not_ready_V': 405, 'V_reason:accepted': 2344}",0.9920977011494253,8e6c44b0a9f793f9e61d5dd37ff533d79b58c5f6354f87d41d521eb4a0db24b3,True,0.0,V,/tmp/ltv_gain_scan_20261009/w0/results/w0_full_MH_01_easy_V_2_20261009T032032_b1372558,,0.49177598008727885,0.4111237161783909,,,-0.02437315099244053,-0.012571322921983707,w0_full_MH_01_easy_V_2_20261009T032032_b1372558,2762,MH_01_easy,VALID_FULL_MATCHED,2.7755575615628914e-17,0.24182021578277535,"{'actual_opencv_threads': 4, 'verification': 'inferred from frozen num_opencv_threads=4 and original VioManager constructor; post-construction metadata was absent', 'cpu_affinity_per_worker': 4}"
,0,3,0.1853548306028302,"{'errors': [], 'actual_G': 0, 'actual_V': 2344, 'actual_L': 0, 'output_rows': 2784, 'camera_packets': 3682}",2762,0.1853548306028302,1.0,2784,0,,0.9920977011494253,,False,0.0,V,/home/he/output/ltv_gv_independent_20261009T050259/w2/results/w2_single_full_MH_01_easy_V_G0_V3_20261009T051913_ae4e9341,single_full,0.49187938389281055,0.4111878989893984,,,-0.037676769496652884,,w2_single_full_MH_01_easy_V_G0_V3_20261009T051913_ae4e9341,2762,MH_01_easy,VALID_FULL_MATCHED,1.6930901125533637e-15,0.24168069062929945,"{'requested_opencv_threads': 1, 'actual_opencv_threads': 1}"
4,0,4,0.18533477107695576,"{'errors': [], 'actual_G': 0, 'actual_V': 2344, 'actual_L': 0, 'output_rows': 2784, 'camera_packets': 3682}",2762,0.18533477107695576,1.0,2784,0,"{'G_reason:disabled': 3682, 'V_reason:disabled': 898, 'V_reason:warmup_or_core_invalid': 35, 'V_reason:not_ready_V': 405, 'V_reason:accepted': 2344}",0.9920977011494253,8e6c44b0a9f793f9e61d5dd37ff533d79b58c5f6354f87d41d521eb4a0db24b3,True,0.0,V,/tmp/ltv_gain_scan_20261009/w0/results/w0_full_MH_01_easy_V_4_20261009T033627_722d8b24,,0.4919958060198141,0.4112632318020874,,,-0.04849492191701943,-0.03669594135051746,w0_full_MH_01_easy_V_4_20261009T033627_722d8b24,2762,MH_01_easy,VALID_FULL_MATCHED,2.7755575615628914e-16,0.2415483404260386,"{'actual_opencv_threads': 4, 'verification': 'inferred from frozen num_opencv_threads=4 and original VioManager constructor; post-construction metadata was absent', 'cpu_affinity_per_worker': 4}"
,0,5,0.18246337403338078,"{'errors': [], 'actual_G': 0, 'actual_V': 2344, 'actual_L': 0, 'output_rows': 2784, 'camera_packets': 3682}",2762,0.18246337403338078,1.0,2784,0,,0.9920977011494253,,False,0.0,V,/home/he/output/ltv_gv_independent_20261009T050259/w1/results/w1_single_full_MH_01_easy_V_G0_V5_20261009T052134_7f457005,single_full,0.48370148905907545,0.4043035058773329,,True,-1.597046521351675,,w1_single_full_MH_01_easy_V_G0_V5_20261009T052134_7f457005,2762,MH_01_easy,VALID_FULL_MATCHED,2.7755575615628914e-17,0.23717699129836048,"{'requested_opencv_threads': 1, 'actual_opencv_threads': 1}"
,0,6,0.1824407559402084,"{'errors': [], 'actual_G': 0, 'actual_V': 2344, 'actual_L': 0, 'output_rows': 2784, 'camera_packets': 3682}",2762,0.1824407559402084,1.0,2784,0,,0.9920977011494253,,False,0.0,V,/home/he/output/ltv_gv_independent_20261009T050259/w0/results/w0_single_full_MH_01_easy_V_G0_V6_20261009T052355_2e1dabfe,single_full,0.48381095236366467,0.40437392718027126,,True,-1.6092445155080903,,w0_single_full_MH_01_easy_V_G0_V6_20261009T052355_2e1dabfe,2762,MH_01_easy,VALID_FULL_MATCHED,6.106226635438361e-16,0.23703923225984364,"{'requested_opencv_threads': 1, 'actual_opencv_threads': 1}"
,0,8,0.1823974779504933,"{'errors': [], 'actual_G': 0, 'actual_V': 2344, 'actual_L': 0, 'output_rows': 2784, 'camera_packets': 3682}",2762,0.1823974779504933,1.0,2784,0,,0.9920977011494253,,False,0.0,V,/home/he/output/ltv_gv_independent_20261009T050259/w2/results/w2_single_full_MH_01_easy_V_G0_V8_20261009T052613_74264d56,single_full,0.4840285757903491,0.4045146553145478,,True,-1.632584443486207,,w2_single_full_MH_01_easy_V_G0_V8_20261009T052613_74264d56,2762,MH_01_easy,VALID_FULL_MATCHED,1.1102230246251565e-15,0.23677030670663454,"{'requested_opencv_threads': 1, 'actual_opencv_threads': 1}"
,0,10,0.18235408458634308,"{'errors': [], 'actual_G': 0, 'actual_V': 2344, 'actual_L': 0, 'output_rows': 2784, 'camera_packets': 3682}",2762,0.18235408458634308,1.0,2784,0,,0.9920977011494253,,False,0.0,V,/home/he/output/ltv_gv_independent_20261009T050259/w0/results/w0_extra_single_full_MH_01_easy_V_G0_V10_20261009T065845_d81ea074,extra_single_full,0.48424332505964035,0.40465340274452355,,,-1.6559865931854323,,w0_extra_single_full_MH_01_easy_V_G0_V10_20261009T065845_d81ea074,2762,MH_01_easy,VALID_FULL_MATCHED,5.551115123125783e-17,0.23650126345102349,"{'requested_opencv_threads': 1, 'actual_opencv_threads': 1}"
,0,16,0.18214327757741033,"{'errors': [], 'actual_G': 0, 'actual_V': 2344, 'actual_L': 0, 'output_rows': 2784, 'camera_packets': 3682}",2762,0.18214327757741033,1.0,2784,0,,0.9920977011494253,,False,0.0,V,/home/he/output/ltv_gv_independent_20261009T050259/w7/results/w7_extra_single_full_MH_01_easy_V_G0_V16_20261009T065957_b73c0cbf,extra_single_full,0.48472255487625865,0.4049039678090694,,,-1.7696753397784204,,w7_extra_single_full_MH_01_easy_V_G0_V16_20261009T065957_b73c0cbf,2762,MH_01_easy,VALID_FULL_MATCHED,3.885780586188048e-16,0.23480603345142778,"{'requested_opencv_threads': 1, 'actual_opencv_threads': 1}"
1,1,0,0.09707838420440011,"{'errors': [], 'actual_G': 1499, 'actual_V': 0, 'actual_L': 0, 'output_rows': 2259, 'camera_packets': 3040}",2236,0.09707838420440011,1.0,2259,0,"{'G_reason:disabled': 781, 'V_reason:disabled': 3040, 'G_reason:warmup_or_core_invalid': 41, 'G_reason:not_ready_G': 719, 'G_reason:accepted': 1499}",0.9898185037627268,8e6c44b0a9f793f9e61d5dd37ff533d79b58c5f6354f87d41d521eb4a0db24b3,True,0.0,G,/tmp/ltv_gain_scan_20261009/w1/results/w1_full_MH_02_easy_G_1_20261009T030459_49c1d348,,0.3212116114326331,0.1664243820588271,,,-0.052862586707591586,0.0,w1_full_MH_02_easy_G_1_20261009T030459_49c1d348,2236,MH_02_easy,VALID_FULL_MATCHED,5.551115123125783e-17,0.17239204208631945,"{'actual_opencv_threads': 4, 'verification': 'inferred from frozen num_opencv_threads=4 and original VioManager constructor; post-construction metadata was absent', 'cpu_affinity_per_worker': 4}"
2,2,0,0.09703012748319025,"{'errors': [], 'actual_G': 1499, 'actual_V': 0, 'actual_L': 0, 'output_rows': 2259, 'camera_packets': 3040}",2236,0.09703012748319025,1.0,2259,0,"{'G_reason:disabled': 781, 'V_reason:disabled': 3040, 'G_reason:warmup_or_core_invalid': 41, 'G_reason:not_ready_G': 719, 'G_reason:accepted': 1499}",0.9898185037627268,8e6c44b0a9f793f9e61d5dd37ff533d79b58c5f6354f87d41d521eb4a0db24b3,True,0.0,G,/tmp/ltv_gain_scan_20261009/w1/results/w1_full_MH_02_easy_G_2_20261009T031721_46181c55,,0.3210612298457815,0.16616556698296092,,,-0.10254533725401194,-0.049709028024469415,w1_full_MH_02_easy_G_2_20261009T031721_46181c55,2236,MH_02_easy,VALID_FULL_MATCHED,8.326672684688674e-17,0.17237390983016773,"{'actual_opencv_threads': 4, 'verification': 'inferred from frozen num_opencv_threads=4 and original VioManager constructor; post-construction metadata was absent', 'cpu_affinity_per_worker': 4}"
,3,0,0.09698333159327084,"{'errors': [], 'actual_G': 1499, 'actual_V': 0, 'actual_L': 0, 'output_rows': 2259, 'camera_packets': 3040}",2236,0.09698333159327084,1.0,2259,0,,0.9898185037627268,,False,0.0,G,/home/he/output/ltv_gv_independent_20261009T050259/w1/results/w1_single_full_MH_02_easy_G_G3_V0_20261009T051015_d25265b5,single_full,0.32091192112229044,0.16577651595591086,,,-0.1507240876368443,,w1_single_full_MH_02_easy_G_G3_V0_20261009T051015_d25265b5,2236,MH_02_easy,VALID_FULL_MATCHED,6.38378239159465e-16,0.17235596557824526,"{'requested_opencv_threads': 1, 'actual_opencv_threads': 1}"
4,4,0,0.09693948971540448,"{'errors': [], 'actual_G': 1499, 'actual_V': 0, 'actual_L': 0, 'output_rows': 2259, 'camera_packets': 3040}",2236,0.09693948971540448,1.0,2259,0,"{'G_reason:disabled': 781, 'V_reason:disabled': 3040, 'G_reason:warmup_or_core_invalid': 41, 'G_reason:not_ready_G': 719, 'G_reason:accepted': 1499}",0.9898185037627268,8e6c44b0a9f793f9e61d5dd37ff533d79b58c5f6354f87d41d521eb4a0db24b3,True,0.0,G,/tmp/ltv_gain_scan_20261009/w1/results/w1_full_MH_02_easy_G_4_20261009T033317_38de5e79,,0.32076290828998955,0.16542170245762136,,,-0.19586153226447411,-0.14307457847999583,w1_full_MH_02_easy_G_4_20261009T033317_38de5e79,2236,MH_02_easy,VALID_FULL_MATCHED,1.3877787807814457e-16,0.17234230365034756,"{'actual_opencv_threads': 4, 'verification': 'inferred from frozen num_opencv_threads=4 and original VioManager constructor; post-construction metadata was absent', 'cpu_affinity_per_worker': 4}"
,5,0,0.09689646688209083,"{'errors': [], 'actual_G': 1499, 'actual_V': 0, 'actual_L': 0, 'output_rows': 2259, 'camera_packets': 3040}",2236,0.09689646688209083,1.0,2259,0,,0.9898185037627268,,False,0.0,G,/home/he/output/ltv_gv_independent_20261009T050259/w2/results/w2_single_full_MH_02_easy_G_G5_V0_20261009T051218_f5eb1856,single_full,0.32061876701679914,0.16514035525927503,,,-0.24015572883921976,,w2_single_full_MH_02_easy_G_G5_V0_20261009T051218_f5eb1856,2236,MH_02_easy,VALID_FULL_MATCHED,1.970645868709653e-15,0.1723261853994878,"{'requested_opencv_threads': 1, 'actual_opencv_threads': 1}"
,6,0,0.0968566544529141,"{'errors': [], 'actual_G': 1499, 'actual_V': 0, 'actual_L': 0, 'output_rows': 2259, 'camera_packets': 3040}",2236,0.0968566544529141,1.0,2259,0,,0.9898185037627268,,False,0.0,G,/home/he/output/ltv_gv_independent_20261009T050259/w1/results/w1_single_full_MH_02_easy_G_G6_V0_20261009T051439_a49c1afa,single_full,0.32047978623939377,0.16505276545427566,,,-0.2811446509591642,,w1_single_full_MH_02_easy_G_G6_V0_20261009T051439_a49c1afa,2236,MH_02_easy,VALID_FULL_MATCHED,1.8041124150158794e-16,0.17231731966477273,"{'requested_opencv_threads': 1, 'actual_opencv_threads': 1}"
,8,0,0.09665215421570926,"{'errors': [], 'actual_G': 1499, 'actual_V': 0, 'actual_L': 0, 'output_rows': 2259, 'camera_packets': 3040}",2236,0.09665215421570926,1.0,2259,0,,0.9898185037627268,,False,0.0,G,/home/he/output/ltv_gv_independent_20261009T050259/w2/results/w2_single_full_MH_02_easy_G_G8_V0_20261009T051703_5cd5369c,single_full,0.3200407965523092,0.16497294261720138,,,-0.49168805334962595,,w2_single_full_MH_02_easy_G_G8_V0_20261009T051703_5cd5369c,2236,MH_02_easy,VALID_FULL_MATCHED,3.191891195797325e-16,0.1721519898454418,"{'requested_opencv_threads': 1, 'actual_opencv_threads': 1}"
,10,0,0.09658328614098044,"{'errors': [], 'actual_G': 1499, 'actual_V': 0, 'actual_L': 0, 'output_rows': 2259, 'camera_packets': 3040}",2236,0.09658328614098044,1.0,2259,0,,0.9898185037627268,,False,0.0,G,/home/he/output/ltv_gv_independent_20261009T050259/w1/results/w1_extra_single_full_MH_02_easy_G_G10_V0_20261009T065646_230588e2,extra_single_full,0.3197819419824451,0.16448344282496422,,,-0.5625912413736223,,w1_extra_single_full_MH_02_easy_G_G10_V0_20261009T065646_230588e2,2236,MH_02_easy,VALID_FULL_MATCHED,1.6653345369377348e-16,0.17213884236694477,"{'requested_opencv_threads': 1, 'actual_opencv_threads': 1}"
,16,0,0.09605725610656184,"{'errors': [], 'actual_G': 1499, 'actual_V': 0, 'actual_L': 0, 'output_rows': 2259, 'camera_packets': 3040}",2236,0.09605725610656184,1.0,2259,0,,0.9898185037627268,,False,0.0,G,/home/he/output/ltv_gv_independent_20261009T050259/w4/results/w4_extra_single_full_MH_02_easy_G_G16_V0_20261009T065729_35df6ec0,extra_single_full,0.31119439839789037,0.16988585076848475,,,-1.1041659344881771,,w4_extra_single_full_MH_02_easy_G_G16_V0_20261009T065729_35df6ec0,2236,MH_02_easy,VALID_FULL_MATCHED,5.689893001203927e-16,0.1755724700832143,"{'requested_opencv_threads': 1, 'actual_opencv_threads': 1}"
1,1,1,0.09676577610571799,"{'errors': [], 'actual_G': 1499, 'actual_V': 1478, 'actual_L': 0, 'output_rows': 2259, 'camera_packets': 3040}",2236,0.09676577610571799,1.0,2259,0,"{'G_reason:disabled': 781, 'V_reason:disabled': 781, 'G_reason:warmup_or_core_invalid': 41, 'V_reason:warmup_or_core_invalid': 41, 'G_reason:not_ready_G': 719, 'V_reason:not_ready_V': 740, 'G_reason:accepted': 1499, 'V_reason:accepted': 1478}",0.9898185037627268,8e6c44b0a9f793f9e61d5dd37ff533d79b58c5f6354f87d41d521eb4a0db24b3,True,0.0,GV,/tmp/ltv_gain_scan_20261009/w1/results/w1_full_MH_02_easy_GV_1_20261009T030955_211c70eb,,0.318204028363303,0.16557568102699174,,,-0.3747085347170276,0.0,w1_full_MH_02_easy_GV_1_20261009T030955_211c70eb,2236,MH_02_easy,VALID_FULL_MATCHED,9.020562075079397e-16,0.17127955795734265,"{'actual_opencv_threads': 4, 'verification': 'inferred from frozen num_opencv_threads=4 and original VioManager constructor; post-construction metadata was absent', 'cpu_affinity_per_worker': 4}"
,1,2,0.09645999444541058,"{'errors': [], 'actual_G': 1499, 'actual_V': 1478, 'actual_L': 0, 'output_rows': 2259, 'camera_packets': 3040}",2236,0.09645999444541058,1.0,2259,0,,0.9898185037627268,,False,0.0,GV,/home/he/output/ltv_gv_independent_20261009T050259/w1/results/w1_joint_full_MH_02_easy_GV_G1_V2_20261009T055238_4030835a,joint_full,0.3152550084993836,0.16498864651671843,,,-0.6895263169831689,,w1_joint_full_MH_02_easy_GV_G1_V2_20261009T055238_4030835a,2236,MH_02_easy,VALID_FULL_MATCHED,2.7755575615628914e-16,0.17019765668923792,"{'requested_opencv_threads': 1, 'actual_opencv_threads': 1}"
,1,3,0.09616212096020074,"{'errors': [], 'actual_G': 1499, 'actual_V': 1478, 'actual_L': 0, 'output_rows': 2259, 'camera_packets': 3040}",2236,0.09616212096020074,1.0,2259,0,,0.9898185037627268,,False,0.0,GV,/home/he/output/ltv_gv_independent_20261009T050259/w4/results/w4_joint_full_MH_02_easy_GV_G1_V3_20261009T055321_f5ca2c43,joint_full,0.3123615978720228,0.16422133957916252,,,-0.9962022304940477,,w4_joint_full_MH_02_easy_GV_G1_V3_20261009T055321_f5ca2c43,2236,MH_02_easy,VALID_FULL_MATCHED,6.938893903907228e-17,0.16914613488232325,"{'requested_opencv_threads': 1, 'actual_opencv_threads': 1}"
,1,4,0.09587089391579615,"{'errors': [], 'actual_G': 1499, 'actual_V': 1478, 'actual_L': 0, 'output_rows': 2259, 'camera_packets': 3040}",2236,0.09587089391579615,1.0,2259,0,,0.9898185037627268,,False,0.0,GV,/home/he/output/ltv_gv_independent_20261009T050259/w2/results/w2_joint_full_MH_02_easy_GV_G1_V4_20261009T055451_5cb97521,joint_full,0.30952259306630514,0.1636246338447768,,,-1.2960352949204834,,w2_joint_full_MH_02_easy_GV_G1_V4_20261009T055451_5cb97521,2236,MH_02_easy,VALID_FULL_MATCHED,3.608224830031759e-16,0.1681215102174778,"{'requested_opencv_threads': 1, 'actual_opencv_threads': 1}"
,1,5,0.09558595744921952,"{'errors': [], 'actual_G': 1499, 'actual_V': 1478, 'actual_L': 0, 'output_rows': 2259, 'camera_packets': 3040}",2236,0.09558595744921952,1.0,2259,0,,0.9898185037627268,,False,0.0,GV,/home/he/output/ltv_gv_independent_20261009T050259/w6/results/w6_joint_full_MH_02_easy_GV_G1_V5_20261009T055556_27c8be80,joint_full,0.3067397408761038,0.16287062692266807,,,-1.5893918893095105,,w6_joint_full_MH_02_easy_GV_G1_V5_20261009T055556_27c8be80,2236,MH_02_easy,VALID_FULL_MATCHED,3.0531133177191805e-16,0.16712248296001708,"{'requested_opencv_threads': 1, 'actual_opencv_threads': 1}"
,1,6,0.09530716386578154,"{'errors': [], 'actual_G': 1499, 'actual_V': 1478, 'actual_L': 0, 'output_rows': 2259, 'camera_packets': 3040}",2236,0.09530716386578154,1.0,2259,0,,0.9898185037627268,,False,0.0,GV,/home/he/output/ltv_gv_independent_20261009T050259/w5/results/w5_joint_full_MH_02_easy_GV_G1_V6_20261009T055710_76f7885f,joint_full,0.3040114413485288,0.1621510975151694,,,-1.876424072860794,,w5_joint_full_MH_02_easy_GV_G1_V6_20261009T055710_76f7885f,2236,MH_02_easy,VALID_FULL_MATCHED,5.967448757360216e-16,0.16614907818644414,"{'requested_opencv_threads': 1, 'actual_opencv_threads': 1}"
,1,8,0.0946371763978378,"{'errors': [], 'actual_G': 1499, 'actual_V': 1478, 'actual_L': 0, 'output_rows': 2259, 'camera_packets': 3040}",2236,0.0946371763978378,1.0,2259,0,,0.9898185037627268,,False,0.0,GV,/home/he/output/ltv_gv_independent_20261009T050259/w4/results/w4_joint_full_MH_02_easy_GV_G1_V8_20261009T055832_8d73ca72,joint_full,0.29852212127783023,0.16086174314600216,,,-2.566210270607616,,w4_joint_full_MH_02_easy_GV_G1_V8_20261009T055832_8d73ca72,2236,MH_02_easy,VALID_FULL_MATCHED,7.355227538141662e-16,0.1641227833986727,"{'requested_opencv_threads': 1, 'actual_opencv_threads': 1}"
,2,1,0.096717468259391,"{'errors': [], 'actual_G': 1499, 'actual_V': 1478, 'actual_L': 0, 'output_rows': 2259, 'camera_packets': 3040}",2236,0.096717468259391,1.0,2259,0,,0.9898185037627268,,False,0.0,GV,/home/he/output/ltv_gv_independent_20261009T050259/w1/results/w1_joint_full_MH_02_easy_GV_G2_V1_20261009T055933_3050ccdb,joint_full,0.31805774729376607,0.16548711051324277,,,-0.42444392117358953,,w1_joint_full_MH_02_easy_GV_G2_V1_20261009T055933_3050ccdb,2236,MH_02_easy,VALID_FULL_MATCHED,3.0531133177191805e-16,0.17126255761933673,"{'requested_opencv_threads': 1, 'actual_opencv_threads': 1}"
2,2,2,0.09641154012796997,"{'errors': [], 'actual_G': 1499, 'actual_V': 1478, 'actual_L': 0, 'output_rows': 2259, 'camera_packets': 3040}",2236,0.09641154012796997,1.0,2259,0,"{'G_reason:disabled': 781, 'V_reason:disabled': 781, 'G_reason:warmup_or_core_invalid': 41, 'V_reason:warmup_or_core_invalid': 41, 'G_reason:not_ready_G': 719, 'V_reason:not_ready_V': 740, 'G_reason:accepted': 1499, 'V_reason:accepted': 1478}",0.9898185037627268,8e6c44b0a9f793f9e61d5dd37ff533d79b58c5f6354f87d41d521eb4a0db24b3,True,0.0,GV,/tmp/ltv_gain_scan_20261009/w1/results/w1_full_MH_02_easy_GV_2_20261009T032343_2594b0a5,,0.3151096298097356,0.16465933844039765,,,-0.7394125029059451,-0.3660756850242253,w1_full_MH_02_easy_GV_2_20261009T032343_2594b0a5,2236,MH_02_easy,VALID_FULL_MATCHED,5.551115123125783e-17,0.17018085582840847,"{'actual_opencv_threads': 4, 'verification': 'inferred from frozen num_opencv_threads=4 and original VioManager constructor; post-construction metadata was absent', 'cpu_affinity_per_worker': 4}"
,2,3,0.09611416651188785,"{'errors': [], 'actual_G': 1499, 'actual_V': 1478, 'actual_L': 0, 'output_rows': 2259, 'camera_packets': 3040}",2236,0.09611416651188785,1.0,2259,0,,0.9898185037627268,,False,0.0,GV,/home/he/output/ltv_gv_independent_20261009T050259/w5/results/w5_joint_full_MH_02_easy_GV_G2_V3_20261009T060107_d224415f,joint_full,0.3122264176350656,0.16406754778628171,,,-1.0455737757086303,,w5_joint_full_MH_02_easy_GV_G2_V3_20261009T060107_d224415f,2236,MH_02_easy,VALID_FULL_MATCHED,4.163336342344337e-17,0.16913202507352043,"{'requested_opencv_threads': 1, 'actual_opencv_threads': 1}"
,2,4,0.09582232809118929,"{'errors': [], 'actual_G': 1499, 'actual_V': 1478, 'actual_L': 0, 'output_rows': 2259, 'camera_packets': 3040}",2236,0.09582232809118929,1.0,2259,0,,0.9898185037627268,,False,0.0,GV,/home/he/output/ltv_gv_independent_20261009T050259/w4/results/w4_joint_full_MH_02_easy_GV_G2_V4_20261009T060216_0120389b,joint_full,0.30939007286508685,0.16328501887468053,,,-1.346036283146157,,w4_joint_full_MH_02_easy_GV_G2_V4_20261009T060216_0120389b,2236,MH_02_easy,VALID_FULL_MATCHED,3.885780586188048e-16,0.16810714864787968,"{'requested_opencv_threads': 1, 'actual_opencv_threads': 1}"
,2,5,0.09553843312049229,"{'errors': [], 'actual_G': 1499, 'actual_V': 1478, 'actual_L': 0, 'output_rows': 2259, 'camera_packets': 3040}",2236,0.09553843312049229,1.0,2259,0,,0.9898185037627268,,False,0.0,GV,/home/he/output/ltv_gv_independent_20261009T050259/w5/results/w5_joint_full_MH_02_easy_GV_G2_V5_20261009T060328_29f2d328,joint_full,0.3066201777125002,0.1627144273572028,,,-1.6383206045194165,,w5_joint_full_MH_02_easy_GV_G2_V5_20261009T060328_29f2d328,2236,MH_02_easy,VALID_FULL_MATCHED,6.938893903907228e-17,0.1671128570411336,"{'requested_opencv_threads': 1, 'actual_opencv_threads': 1}"
,2,6,0.09513112778460936,"{'errors': [], 'actual_G': 1499, 'actual_V': 1478, 'actual_L': 0, 'output_rows': 2259, 'camera_packets': 3040}",2236,0.09513112778460936,1.0,2259,0,,0.9898185037627268,,False,0.0,GV,/home/he/output/ltv_gv_independent_20261009T050259/w0/results/w0_joint_full_MH_02_easy_GV_G2_V6_20261009T060450_511380c8,joint_full,0.30372103526215766,0.1619060272522344,,,-2.0576621779117565,,w0_joint_full_MH_02_easy_GV_G2_V6_20261009T060450_511380c8,2236,MH_02_easy,VALID_FULL_MATCHED,1.3877787807814457e-16,0.1659946664341186,"{'requested_opencv_threads': 1, 'actual_opencv_threads': 1}"
,2,8,0.0945903150097693,"{'errors': [], 'actual_G': 1499, 'actual_V': 1478, 'actual_L': 0, 'output_rows': 2259, 'camera_packets': 3040}",2236,0.0945903150097693,1.0,2259,0,,0.9898185037627268,,False,0.0,GV,/home/he/output/ltv_gv_independent_20261009T050259/w4/results/w4_joint_full_MH_02_easy_GV_G2_V8_20261009T060620_cc5457ff,joint_full,0.2984135264551729,0.16067577721064075,,,-2.614456454668501,,w4_joint_full_MH_02_easy_GV_G2_V8_20261009T060620_cc5457ff,2236,MH_02_easy,VALID_FULL_MATCHED,4.579669976578771e-16,0.16411712253420113,"{'requested_opencv_threads': 1, 'actual_opencv_threads': 1}"
,3,1,0.09667054549527773,"{'errors': [], 'actual_G': 1499, 'actual_V': 1478, 'actual_L': 0, 'output_rows': 2259, 'camera_packets': 3040}",2236,0.09667054549527773,1.0,2259,0,,0.9898185037627268,,False,0.0,GV,/home/he/output/ltv_gv_independent_20261009T050259/w1/results/w1_joint_full_MH_02_easy_GV_G3_V1_20261009T060714_8f763de7,joint_full,0.3179110230915417,0.1651241454650545,,,-0.4727532949963531,,w1_joint_full_MH_02_easy_GV_G3_V1_20261009T060714_8f763de7,2236,MH_02_easy,VALID_FULL_MATCHED,3.3306690738754696e-16,0.17124635279908237,"{'requested_opencv_threads': 1, 'actual_opencv_threads': 1}"
,3,2,0.09636596000275165,"{'errors': [], 'actual_G': 1499, 'actual_V': 1478, 'actual_L': 0, 'output_rows': 2259, 'camera_packets': 3040}",2236,0.09636596000275165,1.0,2259,0,,0.9898185037627268,,False,0.0,GV,/home/he/output/ltv_gv_independent_20261009T050259/w4/results/w4_joint_full_MH_02_easy_GV_G3_V2_20261009T060841_16c57a48,joint_full,0.314972353844394,0.16449436987328095,,,-0.7863395616517832,,w4_joint_full_MH_02_easy_GV_G3_V2_20261009T060841_16c57a48,2236,MH_02_easy,VALID_FULL_MATCHED,1.0130785099704553e-15,0.17016828026741135,"{'requested_opencv_threads': 1, 'actual_opencv_threads': 1}"
,3,3,0.09606820726032061,"{'errors': [], 'actual_G': 1499, 'actual_V': 1478, 'actual_L': 0, 'output_rows': 2259, 'camera_packets': 3040}",2236,0.09606820726032061,1.0,2259,0,,0.9898185037627268,,False,0.0,GV,/home/he/output/ltv_gv_independent_20261009T050259/w5/results/w5_joint_full_MH_02_easy_GV_G3_V3_20261009T060949_6ed53b49,joint_full,0.31209465712166895,0.1638147759426794,,,-1.0928911643265926,,w5_joint_full_MH_02_easy_GV_G3_V3_20261009T060949_6ed53b49,2236,MH_02_easy,VALID_FULL_MATCHED,1.942890293094024e-16,0.16911961861432614,"{'requested_opencv_threads': 1, 'actual_opencv_threads': 1}"
,3,4,0.09577771369385077,"{'errors': [], 'actual_G': 1499, 'actual_V': 1478, 'actual_L': 0, 'output_rows': 2259, 'camera_packets': 3040}",2236,0.09577771369385077,1.0,2259,0,,0.9898185037627268,,False,0.0,GV,/home/he/output/ltv_gv_independent_20261009T050259/w4/results/w4_joint_full_MH_02_easy_GV_G3_V4_20261009T061110_4581524d,joint_full,0.3092625373337575,0.16315001731038625,,,-1.3919690758883219,,w4_joint_full_MH_02_easy_GV_G3_V4_20261009T061110_4581524d,2236,MH_02_easy,VALID_FULL_MATCHED,4.718447854656915e-16,0.1680989851001553,"{'requested_opencv_threads': 1, 'actual_opencv_threads': 1}"
,3,5,0.09536377778692019,"{'errors': [], 'actual_G': 1499, 'actual_V': 1478, 'actual_L': 0, 'output_rows': 2259, 'camera_packets': 3040}",2236,0.09536377778692019,1.0,2259,0,,0.9898185037627268,,False,0.0,GV,/home/he/output/ltv_gv_independent_20261009T050259/w6/results/w6_joint_full_MH_02_easy_GV_G3_V5_20261009T061225_4e884b8e,joint_full,0.3063236796030194,0.16229642181872395,,,-1.8181371596419305,,w6_joint_full_MH_02_easy_GV_G3_V5_20261009T061225_4e884b8e,2236,MH_02_easy,VALID_FULL_MATCHED,6.106226635438361e-16,0.16695690287379794,"{'requested_opencv_threads': 1, 'actual_opencv_threads': 1}"
,3,6,0.09508578094921913,"{'errors': [], 'actual_G': 1499, 'actual_V': 1478, 'actual_L': 0, 'output_rows': 2259, 'camera_packets': 3040}",2236,0.09508578094921913,1.0,2259,0,,0.9898185037627268,,False,0.0,GV,/home/he/output/ltv_gv_independent_20261009T050259/w7/results/w7_joint_full_MH_02_easy_GV_G3_V6_20261009T061337_3cdc30ef,joint_full,0.30360433990517893,0.16183119177386351,,,-2.104349052906107,,w7_joint_full_MH_02_easy_GV_G3_V6_20261009T061337_3cdc30ef,2236,MH_02_easy,VALID_FULL_MATCHED,3.469446951953614e-16,0.16598765995378809,"{'requested_opencv_threads': 1, 'actual_opencv_threads': 1}"
,3,8,0.09454596997919404,"{'errors': [], 'actual_G': 1499, 'actual_V': 1478, 'actual_L': 0, 'output_rows': 2259, 'camera_packets': 3040}",2236,0.09454596997919404,1.0,2259,0,,0.9898185037627268,,False,0.0,GV,/home/he/output/ltv_gv_independent_20261009T050259/w4/results/w4_joint_full_MH_02_easy_GV_G3_V8_20261009T061503_c1919b4e,joint_full,0.2983097470542173,0.16054789590757212,,,-2.660111920618269,,w4_joint_full_MH_02_easy_GV_G3_V8_20261009T061503_c1919b4e,2236,MH_02_easy,VALID_FULL_MATCHED,8.881784197001252e-16,0.16411454582782245,"{'requested_opencv_threads': 1, 'actual_opencv_threads': 1}"
,4,1,0.09662632571850317,"{'errors': [], 'actual_G': 1499, 'actual_V': 1478, 'actual_L': 0, 'output_rows': 2259, 'camera_packets': 3040}",2236,0.09662632571850317,1.0,2259,0,,0.9898185037627268,,False,0.0,GV,/home/he/output/ltv_gv_independent_20261009T050259/w7/results/w7_joint_full_MH_02_easy_GV_G4_V1_20261009T061616_7b6fb54e,joint_full,0.31776908623119277,0.16474667240771274,,,-0.5182798057834059,,w7_joint_full_MH_02_easy_GV_G4_V1_20261009T061616_7b6fb54e,2236,MH_02_easy,VALID_FULL_MATCHED,7.632783294297951e-16,0.17123228039353808,"{'requested_opencv_threads': 1, 'actual_opencv_threads': 1}"
,4,2,0.09632197922304651,"{'errors': [], 'actual_G': 1499, 'actual_V': 1478, 'actual_L': 0, 'output_rows': 2259, 'camera_packets': 3040}",2236,0.09632197922304651,1.0,2259,0,,0.9898185037627268,,False,0.0,GV,/home/he/output/ltv_gv_independent_20261009T050259/w6/results/w6_joint_full_MH_02_easy_GV_G4_V2_20261009T061730_455dd5d3,joint_full,0.3148367375794559,0.16411787996030386,,,-0.8316200127919449,,w6_joint_full_MH_02_easy_GV_G4_V2_20261009T061730_455dd5d3,2236,MH_02_easy,VALID_FULL_MATCHED,5.551115123125783e-16,0.17015623949634343,"{'requested_opencv_threads': 1, 'actual_opencv_threads': 1}"
,4,3,0.09602536187618482,"{'errors': [], 'actual_G': 1499, 'actual_V': 1478, 'actual_L': 0, 'output_rows': 2259, 'camera_packets': 3040}",2236,0.09602536187618482,1.0,2259,0,,0.9898185037627268,,False,0.0,GV,/home/he/output/ltv_gv_independent_20261009T050259/w7/results/w7_joint_full_MH_02_easy_GV_G4_V3_20261009T061855_294119b8,joint_full,0.3119675847458485,0.16351590464689442,,,-1.1370026679413225,,w7_joint_full_MH_02_easy_GV_G4_V3_20261009T061855_294119b8,2236,MH_02_easy,VALID_FULL_MATCHED,1.1102230246251565e-16,0.169111808899477,"{'requested_opencv_threads': 1, 'actual_opencv_threads': 1}"
4,4,4,0.09560485177644293,"{'errors': [], 'actual_G': 1499, 'actual_V': 1478, 'actual_L': 0, 'output_rows': 2259, 'camera_packets': 3040}",2236,0.09560485177644293,1.0,2259,0,"{'G_reason:disabled': 781, 'V_reason:disabled': 781, 'G_reason:warmup_or_core_invalid': 41, 'V_reason:warmup_or_core_invalid': 41, 'G_reason:not_ready_G': 719, 'V_reason:not_ready_V': 740, 'G_reason:accepted': 1499, 'V_reason:accepted': 1478}",0.9898185037627268,8e6c44b0a9f793f9e61d5dd37ff533d79b58c5f6354f87d41d521eb4a0db24b3,True,0.0,GV,/tmp/ltv_gain_scan_20261009/w1/results/w1_full_MH_02_easy_GV_4_20261009T033936_303e17d9,,0.3089706574565108,0.1628530508300382,,,-1.5699392177925042,-1.1997261593879371,w1_full_MH_02_easy_GV_4_20261009T033936_303e17d9,2236,MH_02_easy,VALID_FULL_MATCHED,1.8041124150158794e-16,0.16794309674401525,"{'actual_opencv_threads': 4, 'verification': 'inferred from frozen num_opencv_threads=4 and original VioManager constructor; post-construction metadata was absent', 'cpu_affinity_per_worker': 4}"
,4,5,0.09532047032252279,"{'errors': [], 'actual_G': 1499, 'actual_V': 1478, 'actual_L': 0, 'output_rows': 2259, 'camera_packets': 3040}",2236,0.09532047032252279,1.0,2259,0,,0.9898185037627268,,False,0.0,GV,/home/he/output/ltv_gv_independent_20261009T050259/w0/results/w0_joint_full_MH_02_easy_GV_G4_V5_20261009T062008_02914baf,joint_full,0.3062039376296926,0.1621783925169828,,,-1.8627243984039032,,w0_joint_full_MH_02_easy_GV_G4_V5_20261009T062008_02914baf,2236,MH_02_easy,VALID_FULL_MATCHED,6.938893903907228e-17,0.16694977454910911,"{'requested_opencv_threads': 1, 'actual_opencv_threads': 1}"
,4,6,0.09504289144887346,"{'errors': [], 'actual_G': 1499, 'actual_V': 1478, 'actual_L': 0, 'output_rows': 2259, 'camera_packets': 3040}",2236,0.09504289144887346,1.0,2259,0,,0.9898185037627268,,False,0.0,GV,/home/he/output/ltv_gv_independent_20261009T050259/w3/results/w3_joint_full_MH_02_easy_GV_G4_V6_20261009T062125_31676ebc,joint_full,0.30349023725973207,0.1616198065233358,,,-2.148505976404247,,w3_joint_full_MH_02_easy_GV_G4_V6_20261009T062125_31676ebc,2236,MH_02_easy,VALID_FULL_MATCHED,3.3306690738754696e-16,0.1659829013766464,"{'requested_opencv_threads': 1, 'actual_opencv_threads': 1}"
,4,8,0.09450328448070452,"{'errors': [], 'actual_G': 1499, 'actual_V': 1478, 'actual_L': 0, 'output_rows': 2259, 'camera_packets': 3040}",2236,0.09450328448070452,1.0,2259,0,,0.9898185037627268,,False,0.0,GV,/home/he/output/ltv_gv_independent_20261009T050259/w6/results/w6_joint_full_MH_02_easy_GV_G4_V8_20261009T062236_9c1d772b,joint_full,0.2982073516077465,0.16047456091154297,,,-2.704058813822674,,w6_joint_full_MH_02_easy_GV_G4_V8_20261009T062236_9c1d772b,2236,MH_02_easy,VALID_FULL_MATCHED,6.106226635438361e-16,0.16411248877052068,"{'requested_opencv_threads': 1, 'actual_opencv_threads': 1}"
,5,1,0.09658501862530318,"{'errors': [], 'actual_G': 1499, 'actual_V': 1478, 'actual_L': 0, 'output_rows': 2259, 'camera_packets': 3040}",2236,0.09658501862530318,1.0,2259,0,,0.9898185037627268,,False,0.0,GV,/home/he/output/ltv_gv_independent_20261009T050259/w2/results/w2_joint_full_MH_02_easy_GV_G5_V1_20261009T062359_3175ce83,joint_full,0.3176310168884305,0.16444395324777733,,,-0.5608075605873064,,w2_joint_full_MH_02_easy_GV_G5_V1_20261009T062359_3175ce83,2236,MH_02_easy,VALID_FULL_MATCHED,4.718447854656915e-16,0.17122292741197745,"{'requested_opencv_threads': 1, 'actual_opencv_threads': 1}"
,5,2,0.09628039475271342,"{'errors': [], 'actual_G': 1499, 'actual_V': 1478, 'actual_L': 0, 'output_rows': 2259, 'camera_packets': 3040}",2236,0.09628039475271342,1.0,2259,0,,0.9898185037627268,,False,0.0,GV,/home/he/output/ltv_gv_independent_20261009T050259/w6/results/w6_joint_full_MH_02_easy_GV_G5_V2_20261009T062514_bba16c2c,joint_full,0.31470682394593436,0.16375490348839605,,,-0.874433341471681,,w6_joint_full_MH_02_easy_GV_G5_V2_20261009T062514_bba16c2c,2236,MH_02_easy,VALID_FULL_MATCHED,9.159339953157541e-16,0.17014715508867367,"{'requested_opencv_threads': 1, 'actual_opencv_threads': 1}"
,5,3,0.09585390544891968,"{'errors': [], 'actual_G': 1499, 'actual_V': 1478, 'actual_L': 0, 'output_rows': 2259, 'camera_packets': 3040}",2236,0.09585390544891968,1.0,2259,0,,0.9898185037627268,,False,0.0,GV,/home/he/output/ltv_gv_independent_20261009T050259/w7/results/w7_joint_full_MH_02_easy_GV_G5_V3_20261009T062626_46314261,joint_full,0.3116646289486763,0.16306924353454205,,,-1.313525786210168,,w7_joint_full_MH_02_easy_GV_G5_V3_20261009T062626_46314261,2236,MH_02_easy,VALID_FULL_MATCHED,1.1379786002407855e-15,0.1689554479473018,"{'requested_opencv_threads': 1, 'actual_opencv_threads': 1}"
,5,4,0.0955636964393239,"{'errors': [], 'actual_G': 1499, 'actual_V': 1478, 'actual_L': 0, 'output_rows': 2259, 'camera_packets': 3040}",2236,0.0955636964393239,1.0,2259,0,,0.9898185037627268,,False,0.0,GV,/home/he/output/ltv_gv_independent_20261009T050259/w2/results/w2_joint_full_MH_02_easy_GV_G5_V4_20261009T062751_4f4c42e8,joint_full,0.3088523409335608,0.16249058595399477,,,-1.6123107319873209,,w2_joint_full_MH_02_easy_GV_G5_V4_20261009T062751_4f4c42e8,2236,MH_02_easy,VALID_FULL_MATCHED,1.4849232954361469e-15,0.1679389656330153,"{'requested_opencv_threads': 1, 'actual_opencv_threads': 1}"
,5,5,0.09527915613444954,"{'errors': [], 'actual_G': 1499, 'actual_V': 1478, 'actual_L': 0, 'output_rows': 2259, 'camera_packets': 3040}",2236,0.09527915613444954,1.0,2259,0,,0.9898185037627268,,False,0.0,GV,/home/he/output/ltv_gv_independent_20261009T050259/w3/results/w3_joint_full_MH_02_easy_GV_G5_V5_20261009T062902_2e4c6cd7,joint_full,0.3060866525841001,0.16193700342668868,,,-1.9052594577409265,,w3_joint_full_MH_02_easy_GV_G5_V5_20261009T062902_2e4c6cd7,2236,MH_02_easy,VALID_FULL_MATCHED,4.3021142204224816e-16,0.16694558536487092,"{'requested_opencv_threads': 1, 'actual_opencv_threads': 1}"
,5,6,0.09500181765106971,"{'errors': [], 'actual_G': 1499, 'actual_V': 1478, 'actual_L': 0, 'output_rows': 2259, 'camera_packets': 3040}",2236,0.09500181765106971,1.0,2259,0,,0.9898185037627268,,False,0.0,GV,/home/he/output/ltv_gv_independent_20261009T050259/w6/results/w6_joint_full_MH_02_easy_GV_G5_V6_20261009T063016_5928ec97,joint_full,0.3033807632454609,0.1613966278321385,,,-2.1907935417239677,,w6_joint_full_MH_02_easy_GV_G5_V6_20261009T063016_5928ec97,2236,MH_02_easy,VALID_FULL_MATCHED,4.996003610813204e-16,0.16597919762825897,"{'requested_opencv_threads': 1, 'actual_opencv_threads': 1}"
,5,8,0.09446243024645601,"{'errors': [], 'actual_G': 1499, 'actual_V': 1478, 'actual_L': 0, 'output_rows': 2259, 'camera_packets': 3040}",2236,0.09446243024645601,1.0,2259,0,,0.9898185037627268,,False,0.0,GV,/home/he/output/ltv_gv_independent_20261009T050259/w7/results/w7_joint_full_MH_02_easy_GV_G5_V8_20261009T063127_46b8912d,joint_full,0.2981045027960802,0.16036527391561115,,,-2.746120327287438,,w7_joint_full_MH_02_easy_GV_G5_V8_20261009T063127_46b8912d,2236,MH_02_easy,VALID_FULL_MATCHED,1.27675647831893e-15,0.1641104857312444,"{'requested_opencv_threads': 1, 'actual_opencv_threads': 1}"
,6,1,0.09654498177876882,"{'errors': [], 'actual_G': 1499, 'actual_V': 1478, 'actual_L': 0, 'output_rows': 2259, 'camera_packets': 3040}",2236,0.09654498177876882,1.0,2259,0,,0.9898185037627268,,False,0.0,GV,/home/he/output/ltv_gv_independent_20261009T050259/w3/results/w3_joint_full_MH_02_easy_GV_G6_V1_20261009T063252_96a5236d,joint_full,0.3175021313665634,0.164263939146509,,,-0.6020275317988211,,w3_joint_full_MH_02_easy_GV_G6_V1_20261009T063252_96a5236d,2236,MH_02_easy,VALID_FULL_MATCHED,9.43689570931383e-16,0.17121295007835638,"{'requested_opencv_threads': 1, 'actual_opencv_threads': 1}"
,6,2,0.09611196207205315,"{'errors': [], 'actual_G': 1499, 'actual_V': 1478, 'actual_L': 0, 'output_rows': 2259, 'camera_packets': 3040}",2236,0.09611196207205315,1.0,2259,0,,0.9898185037627268,,False,0.0,GV,/home/he/output/ltv_gv_independent_20261009T050259/w0/results/w0_joint_full_MH_02_easy_GV_G6_V2_20261009T063402_20443d77,joint_full,0.31441286222566994,0.16339072408670927,,,-1.0478433587150282,,w0_joint_full_MH_02_easy_GV_G6_V2_20261009T063402_20443d77,2236,MH_02_easy,VALID_FULL_MATCHED,6.38378239159465e-16,0.16999476913929779,"{'requested_opencv_threads': 1, 'actual_opencv_threads': 1}"
,6,3,0.09581439330295596,"{'errors': [], 'actual_G': 1499, 'actual_V': 1478, 'actual_L': 0, 'output_rows': 2259, 'camera_packets': 3040}",2236,0.09581439330295596,1.0,2259,0,,0.9898185037627268,,False,0.0,GV,/home/he/output/ltv_gv_independent_20261009T050259/w6/results/w6_joint_full_MH_02_easy_GV_G6_V3_20261009T063517_a6aecca2,joint_full,0.3115429657389024,0.16277574593158625,,,-1.3542055514791818,,w6_joint_full_MH_02_easy_GV_G6_V3_20261009T063517_a6aecca2,2236,MH_02_easy,VALID_FULL_MATCHED,3.3306690738754696e-16,0.1689492957090167,"{'requested_opencv_threads': 1, 'actual_opencv_threads': 1}"
,6,4,0.09552432845731774,"{'errors': [], 'actual_G': 1499, 'actual_V': 1478, 'actual_L': 0, 'output_rows': 2259, 'camera_packets': 3040}",2236,0.09552432845731774,1.0,2259,0,,0.9898185037627268,,False,0.0,GV,/home/he/output/ltv_gv_independent_20261009T050259/w7/results/w7_joint_full_MH_02_easy_GV_G6_V4_20261009T063629_3246214e,joint_full,0.3087354670901826,0.16215171988866986,,,-1.652842073124683,,w7_joint_full_MH_02_easy_GV_G6_V4_20261009T063629_3246214e,2236,MH_02_easy,VALID_FULL_MATCHED,4.3021142204224816e-16,0.16793358075537657,"{'requested_opencv_threads': 1, 'actual_opencv_threads': 1}"
,6,5,0.09524021948742258,"{'errors': [], 'actual_G': 1499, 'actual_V': 1478, 'actual_L': 0, 'output_rows': 2259, 'camera_packets': 3040}",2236,0.09524021948742258,1.0,2259,0,,0.9898185037627268,,False,0.0,GV,/home/he/output/ltv_gv_independent_20261009T050259/w0/results/w0_joint_full_MH_02_easy_GV_G6_V5_20261009T063753_961626c1,joint_full,0.3059767561172866,0.16159671274713694,,,-1.9453467175641115,,w0_joint_full_MH_02_easy_GV_G6_V5_20261009T063753_961626c1,2236,MH_02_easy,VALID_FULL_MATCHED,0.0,0.16694329831346463,"{'requested_opencv_threads': 1, 'actual_opencv_threads': 1}"
,6,6,0.09496265722024648,"{'errors': [], 'actual_G': 1499, 'actual_V': 1478, 'actual_L': 0, 'output_rows': 2259, 'camera_packets': 3040}",2236,0.09496265722024648,1.0,2259,0,,0.9898185037627268,,False,0.0,GV,/home/he/output/ltv_gv_independent_20261009T050259/w4/results/w4_joint_full_MH_02_easy_GV_G6_V6_20261009T063904_7ce8d3c2,joint_full,0.3032743808566267,0.16106974559590265,,,-2.2311111983550513,,w4_joint_full_MH_02_easy_GV_G6_V6_20261009T063904_7ce8d3c2,2236,MH_02_easy,VALID_FULL_MATCHED,2.498001805406602e-16,0.16597751062187044,"{'requested_opencv_threads': 1, 'actual_opencv_threads': 1}"
,6,8,0.09444859373423285,"{'errors': [], 'actual_G': 1499, 'actual_V': 1478, 'actual_L': 0, 'output_rows': 2259, 'camera_packets': 3040}",2236,0.09444859373423285,1.0,2259,0,,0.9898185037627268,,False,0.0,GV,/home/he/output/ltv_gv_independent_20261009T050259/w6/results/w6_joint_full_MH_02_easy_GV_G6_V8_20261009T064018_f37782b2,joint_full,0.2980395917861473,0.1601799833174666,,,-2.7603657208405186,,w6_joint_full_MH_02_easy_GV_G6_V8_20261009T064018_f37782b2,2236,MH_02_easy,VALID_FULL_MATCHED,3.885780586188048e-16,0.1642410641407114,"{'requested_opencv_threads': 1, 'actual_opencv_threads': 1}"
,8,1,0.09634109571737948,"{'errors': [], 'actual_G': 1499, 'actual_V': 1478, 'actual_L': 0, 'output_rows': 2259, 'camera_packets': 3040}",2236,0.09634109571737948,1.0,2259,0,,0.9898185037627268,,False,0.0,GV,/home/he/output/ltv_gv_independent_20261009T050259/w7/results/w7_joint_full_MH_02_easy_GV_G8_V1_20261009T064130_5e380050,joint_full,0.3170701380049504,0.16406649969186987,,,-0.8119386089282976,,w7_joint_full_MH_02_easy_GV_G8_V1_20261009T064130_5e380050,2236,MH_02_easy,VALID_FULL_MATCHED,1.3877787807814457e-16,0.17105147170771556,"{'requested_opencv_threads': 1, 'actual_opencv_threads': 1}"
,8,2,0.09603675675772018,"{'errors': [], 'actual_G': 1499, 'actual_V': 1478, 'actual_L': 0, 'output_rows': 2259, 'camera_packets': 3040}",2236,0.09603675675772018,1.0,2259,0,,0.9898185037627268,,False,0.0,GV,/home/he/output/ltv_gv_independent_20261009T050259/w4/results/w4_joint_full_MH_02_easy_GV_G8_V2_20261009T064253_e1af749a,joint_full,0.3141583341602311,0.16319263305793028,,,-1.1252710574499059,,w4_joint_full_MH_02_easy_GV_G8_V2_20261009T064253_e1af749a,2236,MH_02_easy,VALID_FULL_MATCHED,6.800116025829084e-16,0.16998133447977354,"{'requested_opencv_threads': 1, 'actual_opencv_threads': 1}"
,8,3,0.09574106105138716,"{'errors': [], 'actual_G': 1499, 'actual_V': 1478, 'actual_L': 0, 'output_rows': 2259, 'camera_packets': 3040}",2236,0.09574106105138716,1.0,2259,0,,0.9898185037627268,,False,0.0,GV,/home/he/output/ltv_gv_independent_20261009T050259/w7/results/w7_joint_full_MH_02_easy_GV_G8_V3_20261009T064407_01268cbd,joint_full,0.3113086625324556,0.16253698379275758,,,-1.4297048367674536,,w7_joint_full_MH_02_easy_GV_G8_V3_20261009T064407_01268cbd,2236,MH_02_easy,VALID_FULL_MATCHED,1.0547118733938987e-15,0.1689439446475433,"{'requested_opencv_threads': 1, 'actual_opencv_threads': 1}"
,8,4,0.09545079171538368,"{'errors': [], 'actual_G': 1499, 'actual_V': 1478, 'actual_L': 0, 'output_rows': 2259, 'camera_packets': 3040}",2236,0.09545079171538368,1.0,2259,0,,0.9898185037627268,,False,0.0,GV,/home/he/output/ltv_gv_independent_20261009T050259/w6/results/w6_joint_full_MH_02_easy_GV_G8_V4_20261009T064522_3d370303,joint_full,0.308510542947808,0.1618806495192274,,,-1.7285518916516973,,w6_joint_full_MH_02_easy_GV_G8_V4_20261009T064522_3d370303,2236,MH_02_easy,VALID_FULL_MATCHED,1.8041124150158794e-16,0.16792948463877438,"{'requested_opencv_threads': 1, 'actual_opencv_threads': 1}"
,8,5,0.09516726768635965,"{'errors': [], 'actual_G': 1499, 'actual_V': 1478, 'actual_L': 0, 'output_rows': 2259, 'camera_packets': 3040}",2236,0.09516726768635965,1.0,2259,0,,0.9898185037627268,,False,0.0,GV,/home/he/output/ltv_gv_independent_20261009T050259/w7/results/w7_joint_full_MH_02_easy_GV_G8_V5_20261009T064647_c56e2434,joint_full,0.3057575304827395,0.16129332918553316,,,-2.020454309693287,,w7_joint_full_MH_02_easy_GV_G8_V5_20261009T064647_c56e2434,2236,MH_02_easy,VALID_FULL_MATCHED,2.0816681711721685e-16,0.1669417379511181,"{'requested_opencv_threads': 1, 'actual_opencv_threads': 1}"
,8,6,0.09488990977271777,"{'errors': [], 'actual_G': 1499, 'actual_V': 1478, 'actual_L': 0, 'output_rows': 2259, 'camera_packets': 3040}",2236,0.09488990977271777,1.0,2259,0,,0.9898185037627268,,False,0.0,GV,/home/he/output/ltv_gv_independent_20261009T050259/w0/results/w0_joint_full_MH_02_easy_GV_G8_V6_20261009T064759_c2ec0f01,joint_full,0.3030660409438375,0.1608138642244223,,,-2.3060083981200297,,w0_joint_full_MH_02_easy_GV_G8_V6_20261009T064759_c2ec0f01,2236,MH_02_easy,VALID_FULL_MATCHED,1.1102230246251565e-15,0.16597877777637898,"{'requested_opencv_threads': 1, 'actual_opencv_threads': 1}"
,8,8,0.09437689673161354,"{'errors': [], 'actual_G': 1499, 'actual_V': 1478, 'actual_L': 0, 'output_rows': 2259, 'camera_packets': 3040}",2236,0.09437689673161354,1.0,2259,0,,0.9898185037627268,,False,0.0,GV,/home/he/output/ltv_gv_independent_20261009T050259/w4/results/w4_joint_full_MH_02_easy_GV_G8_V8_20261009T064913_8709c056,joint_full,0.29785500946773613,0.15971460016111994,,,-2.8341814341081184,,w4_joint_full_MH_02_easy_GV_G8_V8_20261009T064913_8709c056,2236,MH_02_easy,VALID_FULL_MATCHED,5.134781488891349e-16,0.16424782535263857,"{'requested_opencv_threads': 1, 'actual_opencv_threads': 1}"
1,0,0,0.0971297294918716,"{'errors': [], 'actual_G': 0, 'actual_V': 0, 'actual_L': 0, 'output_rows': 2259, 'camera_packets': 3040}",2236,0.0971297294918716,1.0,2259,0,,0.9898185037627268,8e6c44b0a9f793f9e61d5dd37ff533d79b58c5f6354f87d41d521eb4a0db24b3,True,0.0,OFF,/tmp/ltv_gain_scan_20261009/w1/results/w1_full_MH_02_easy_OFF_1_20261009T030414_362fcca5,,0.32137164088241116,0.1665454407916323,,,0.0,0.0,w1_full_MH_02_easy_OFF_1_20261009T030414_362fcca5,2236,MH_02_easy,VALID_FULL_MATCHED,9.159339953157541e-16,0.17241376479540516,"{'actual_opencv_threads': 4, 'verification': 'inferred from frozen num_opencv_threads=4 and original VioManager constructor; post-construction metadata was absent', 'cpu_affinity_per_worker': 4}"
1,0,1,0.09681698274424538,"{'errors': [], 'actual_G': 0, 'actual_V': 1478, 'actual_L': 0, 'output_rows': 2259, 'camera_packets': 3040}",2236,0.09681698274424538,1.0,2259,0,"{'G_reason:disabled': 3040, 'V_reason:disabled': 781, 'V_reason:warmup_or_core_invalid': 41, 'V_reason:not_ready_V': 740, 'V_reason:accepted': 1478}",0.9898185037627268,8e6c44b0a9f793f9e61d5dd37ff533d79b58c5f6354f87d41d521eb4a0db24b3,True,0.0,V,/tmp/ltv_gain_scan_20261009/w1/results/w1_full_MH_02_easy_V_1_20261009T030726_c034ed05,,0.31835760051406836,0.16590067973285516,,,-0.32198869415402953,0.0,w1_full_MH_02_easy_V_1_20261009T030726_c034ed05,2236,MH_02_easy,VALID_FULL_MATCHED,3.191891195797325e-16,0.17130097701777386,"{'actual_opencv_threads': 4, 'verification': 'inferred from frozen num_opencv_threads=4 and original VioManager constructor; post-construction metadata was absent', 'cpu_affinity_per_worker': 4}"
2,0,2,0.09651061554978684,"{'errors': [], 'actual_G': 0, 'actual_V': 1478, 'actual_L': 0, 'output_rows': 2259, 'camera_packets': 3040}",2236,0.09651061554978684,1.0,2259,0,"{'G_reason:disabled': 3040, 'V_reason:disabled': 781, 'V_reason:warmup_or_core_invalid': 41, 'V_reason:not_ready_V': 740, 'V_reason:accepted': 1478}",0.9898185037627268,8e6c44b0a9f793f9e61d5dd37ff533d79b58c5f6354f87d41d521eb4a0db24b3,True,0.0,V,/tmp/ltv_gain_scan_20261009/w1/results/w1_full_MH_02_easy_V_2_20261009T032032_48e298cd,,0.31539994818494466,0.16518912187929902,,,-0.6374093136299441,-0.31643951895078404,w1_full_MH_02_easy_V_2_20261009T032032_48e298cd,2236,MH_02_easy,VALID_FULL_MATCHED,2.7755575615628914e-17,0.1702153288472736,"{'actual_opencv_threads': 4, 'verification': 'inferred from frozen num_opencv_threads=4 and original VioManager constructor; post-construction metadata was absent', 'cpu_affinity_per_worker': 4}"
,0,3,0.0962124680921143,"{'errors': [], 'actual_G': 0, 'actual_V': 1478, 'actual_L': 0, 'output_rows': 2259, 'camera_packets': 3040}",2236,0.0962124680921143,1.0,2259,0,,0.9898185037627268,,False,0.0,V,/home/he/output/ltv_gv_independent_20261009T050259/w1/results/w1_single_full_MH_02_easy_V_G0_V3_20261009T051925_32707d09,single_full,0.3125007906171944,0.16456747724829593,,,-0.9443672957351934,,w1_single_full_MH_02_easy_V_G0_V3_20261009T051925_32707d09,2236,MH_02_easy,VALID_FULL_MATCHED,4.996003610813204e-16,0.16916153441992082,"{'requested_opencv_threads': 1, 'actual_opencv_threads': 1}"
4,0,4,0.09592054300319244,"{'errors': [], 'actual_G': 0, 'actual_V': 1478, 'actual_L': 0, 'output_rows': 2259, 'camera_packets': 3040}",2236,0.09592054300319244,1.0,2259,0,"{'G_reason:disabled': 3040, 'V_reason:disabled': 781, 'V_reason:warmup_or_core_invalid': 41, 'V_reason:not_ready_V': 740, 'V_reason:accepted': 1478}",0.9898185037627268,8e6c44b0a9f793f9e61d5dd37ff533d79b58c5f6354f87d41d521eb4a0db24b3,True,0.0,V,/tmp/ltv_gain_scan_20261009/w1/results/w1_full_MH_02_easy_V_4_20261009T033627_dab8a09e,,0.3096580009429937,0.16373951419288998,,,-1.2449190325196424,-0.9259116692584834,w1_full_MH_02_easy_V_4_20261009T033627_dab8a09e,2236,MH_02_easy,VALID_FULL_MATCHED,5.551115123125783e-17,0.16813434405474215,"{'actual_opencv_threads': 4, 'verification': 'inferred from frozen num_opencv_threads=4 and original VioManager constructor; post-construction metadata was absent', 'cpu_affinity_per_worker': 4}"
,0,5,0.09563519251022203,"{'errors': [], 'actual_G': 0, 'actual_V': 1478, 'actual_L': 0, 'output_rows': 2259, 'camera_packets': 3040}",2236,0.09563519251022203,1.0,2259,0,,0.9898185037627268,,False,0.0,V,/home/he/output/ltv_gv_independent_20261009T050259/w0/results/w0_single_full_MH_02_easy_V_G0_V5_20261009T052144_bc3d3eef,single_full,0.3068691129977883,0.16309200429852802,,True,-1.5387018881532488,,w0_single_full_MH_02_easy_V_G0_V5_20261009T052144_bc3d3eef,2236,MH_02_easy,VALID_FULL_MATCHED,1.1102230246251565e-16,0.16713323622062826,"{'requested_opencv_threads': 1, 'actual_opencv_threads': 1}"
,0,6,0.09535602760190745,"{'errors': [], 'actual_G': 0, 'actual_V': 1478, 'actual_L': 0, 'output_rows': 2259, 'camera_packets': 3040}",2236,0.09535602760190745,1.0,2259,0,,0.9898185037627268,,False,0.0,V,/home/he/output/ltv_gv_independent_20261009T050259/w2/results/w2_single_full_MH_02_easy_V_G0_V6_20261009T052403_cd3d2521,single_full,0.30412780015853974,0.16244905333390594,,True,-1.826116369563846,,w2_single_full_MH_02_easy_V_G0_V6_20261009T052403_cd3d2521,2236,MH_02_easy,VALID_FULL_MATCHED,1.5265566588595902e-16,0.16615795000528494,"{'requested_opencv_threads': 1, 'actual_opencv_threads': 1}"
,0,8,0.09468672178373093,"{'errors': [], 'actual_G': 0, 'actual_V': 1478, 'actual_L': 0, 'output_rows': 2259, 'camera_packets': 3040}",2236,0.09468672178373093,1.0,2259,0,,0.9898185037627268,,False,0.0,V,/home/he/output/ltv_gv_independent_20261009T050259/w3/results/w3_single_full_MH_02_easy_V_G0_V8_20261009T052617_38c84aea,single_full,0.29863611725826006,0.1607579490757203,,True,-2.5152007741822358,,w3_single_full_MH_02_easy_V_G0_V8_20261009T052617_38c84aea,2236,MH_02_easy,VALID_FULL_MATCHED,2.636779683484747e-16,0.16413211984926737,"{'requested_opencv_threads': 1, 'actual_opencv_threads': 1}"
,0,10,0.09416660601818161,"{'errors': [], 'actual_G': 0, 'actual_V': 1478, 'actual_L': 0, 'output_rows': 2259, 'camera_packets': 3040}",2236,0.09416660601818161,1.0,2259,0,,0.9898185037627268,,False,0.0,V,/home/he/output/ltv_gv_independent_20261009T050259/w2/results/w2_extra_single_full_MH_02_easy_V_G0_V10_20261009T065858_c7b3e8a3,extra_single_full,0.29350138906727186,0.15952005404892278,,,-3.050686426484861,,w2_extra_single_full_MH_02_easy_V_G0_V10_20261009T065858_c7b3e8a3,2236,MH_02_easy,VALID_FULL_MATCHED,6.522560269672795e-16,0.16233365174765318,"{'requested_opencv_threads': 1, 'actual_opencv_threads': 1}"
,0,16,0.09273717398022086,"{'errors': [], 'actual_G': 0, 'actual_V': 1478, 'actual_L': 0, 'output_rows': 2259, 'camera_packets': 3040}",2236,0.09273717398022086,1.0,2259,0,,0.9898185037627268,,False,0.0,V,/home/he/output/ltv_gv_independent_20261009T050259/w6/results/w6_extra_single_full_MH_02_easy_V_G0_V16_20261009T070003_fd5692fe,extra_single_full,0.2791269094287754,0.1562731051049784,,,-4.5223594615470875,,w6_extra_single_full_MH_02_easy_V_G0_V16_20261009T070003_fd5692fe,2236,MH_02_easy,VALID_FULL_MATCHED,2.636779683484747e-16,0.1574850541558055,"{'requested_opencv_threads': 1, 'actual_opencv_threads': 1}"
1,1,0,0.14923274232316647,"{'errors': [], 'actual_G': 2078, 'actual_V': 0, 'actual_L': 0, 'output_rows': 2311, 'camera_packets': 2700}",2289,0.14923274232316647,1.0,2311,0,"{'G_reason:disabled': 389, 'V_reason:disabled': 2700, 'G_reason:warmup_or_core_invalid': 111, 'G_reason:not_ready_G': 122, 'G_reason:accepted': 2078}",0.9904803115534401,8e6c44b0a9f793f9e61d5dd37ff533d79b58c5f6354f87d41d521eb4a0db24b3,True,0.0,G,/tmp/ltv_gain_scan_20261009/w2/results/w2_full_MH_03_medium_G_1_20261009T030459_09e45d4e,,0.29673883074174584,0.2538046220505144,,,-0.03275949896119901,0.0,w2_full_MH_03_medium_G_1_20261009T030459_09e45d4e,2289,MH_03_medium,VALID_FULL_MATCHED,2.7755575615628914e-17,0.08148961442535976,"{'actual_opencv_threads': 4, 'verification': 'inferred from frozen num_opencv_threads=4 and original VioManager constructor; post-construction metadata was absent', 'cpu_affinity_per_worker': 4}"
2,2,0,0.14918229529209817,"{'errors': [], 'actual_G': 2078, 'actual_V': 0, 'actual_L': 0, 'output_rows': 2311, 'camera_packets': 2700}",2289,0.14918229529209817,1.0,2311,0,"{'G_reason:disabled': 389, 'V_reason:disabled': 2700, 'G_reason:warmup_or_core_invalid': 111, 'G_reason:not_ready_G': 122, 'G_reason:accepted': 2078}",0.9904803115534401,8e6c44b0a9f793f9e61d5dd37ff533d79b58c5f6354f87d41d521eb4a0db24b3,True,0.0,G,/tmp/ltv_gain_scan_20261009/w2/results/w2_full_MH_03_medium_G_2_20261009T031721_bcc49caa,,0.29678457767673977,0.2537373014785819,,,-0.06655268944246728,-0.03380426458896579,w2_full_MH_03_medium_G_2_20261009T031721_bcc49caa,2289,MH_03_medium,VALID_FULL_MATCHED,5.551115123125783e-17,0.08147655550554123,"{'actual_opencv_threads': 4, 'verification': 'inferred from frozen num_opencv_threads=4 and original VioManager constructor; post-construction metadata was absent', 'cpu_affinity_per_worker': 4}"
,3,0,0.14913372894752838,"{'errors': [], 'actual_G': 2078, 'actual_V': 0, 'actual_L': 0, 'output_rows': 2311, 'camera_packets': 2700}",2289,0.14913372894752838,1.0,2311,0,,0.9904803115534401,,False,0.0,G,/home/he/output/ltv_gv_independent_20261009T050259/w2/results/w2_single_full_MH_03_medium_G_G3_V0_20261009T051015_7c8ebb21,single_full,0.2968393374245442,0.25362529919415744,,,-0.09908605559445505,,w2_single_full_MH_03_medium_G_G3_V0_20261009T051015_7c8ebb21,2289,MH_03_medium,VALID_FULL_MATCHED,9.71445146547012e-16,0.08146590318301906,"{'requested_opencv_threads': 1, 'actual_opencv_threads': 1}"
4,4,0,0.14908467330583033,"{'errors': [], 'actual_G': 2078, 'actual_V': 0, 'actual_L': 0, 'output_rows': 2311, 'camera_packets': 2700}",2289,0.14908467330583033,1.0,2311,0,"{'G_reason:disabled': 389, 'V_reason:disabled': 2700, 'G_reason:warmup_or_core_invalid': 111, 'G_reason:not_ready_G': 122, 'G_reason:accepted': 2078}",0.9904803115534401,8e6c44b0a9f793f9e61d5dd37ff533d79b58c5f6354f87d41d521eb4a0db24b3,True,0.0,G,/tmp/ltv_gain_scan_20261009/w2/results/w2_full_MH_03_medium_G_4_20261009T033317_cd69103d,,0.29688653332647347,0.25357797287744577,,,-0.13194718952002082,-0.09922019459743803,w2_full_MH_03_medium_G_4_20261009T033317_cd69103d,2289,MH_03_medium,VALID_FULL_MATCHED,1.942890293094024e-16,0.08145355020175846,"{'actual_opencv_threads': 4, 'verification': 'inferred from frozen num_opencv_threads=4 and original VioManager constructor; post-construction metadata was absent', 'cpu_affinity_per_worker': 4}"
,5,0,0.14903792875815197,"{'errors': [], 'actual_G': 2078, 'actual_V': 0, 'actual_L': 0, 'output_rows': 2311, 'camera_packets': 2700}",2289,0.14903792875815197,1.0,2311,0,,0.9904803115534401,,False,0.0,G,/home/he/output/ltv_gv_independent_20261009T050259/w1/results/w1_single_full_MH_03_medium_G_G5_V0_20261009T051231_7396014f,single_full,0.29694353229177073,0.25362095664827344,,,-0.16326018000140108,,w1_single_full_MH_03_medium_G_G5_V0_20261009T051231_7396014f,2289,MH_03_medium,VALID_FULL_MATCHED,2.498001805406602e-16,0.08144150527142595,"{'requested_opencv_threads': 1, 'actual_opencv_threads': 1}"
,6,0,0.1489904510001458,"{'errors': [], 'actual_G': 2078, 'actual_V': 0, 'actual_L': 0, 'output_rows': 2311, 'camera_packets': 2700}",2289,0.1489904510001458,1.0,2311,0,,0.9904803115534401,,False,0.0,G,/home/he/output/ltv_gv_independent_20261009T050259/w3/results/w3_single_full_MH_03_medium_G_G6_V0_20261009T051512_92c8daa3,single_full,0.29699305310809115,0.2536613876757973,,,-0.19506432954101705,,w3_single_full_MH_03_medium_G_G6_V0_20261009T051512_92c8daa3,2289,MH_03_medium,VALID_FULL_MATCHED,4.718447854656915e-16,0.08143170344643295,"{'requested_opencv_threads': 1, 'actual_opencv_threads': 1}"
,8,0,0.14889540394453707,"{'errors': [], 'actual_G': 2078, 'actual_V': 0, 'actual_L': 0, 'output_rows': 2311, 'camera_packets': 2700}",2289,0.14889540394453707,1.0,2311,0,,0.9904803115534401,,False,0.0,G,/home/he/output/ltv_gv_independent_20261009T050259/w3/results/w3_single_full_MH_03_medium_G_G8_V0_20261009T051725_aea6ece6,single_full,0.2970932858280932,0.253650674509074,,,-0.25873394868114463,,w3_single_full_MH_03_medium_G_G8_V0_20261009T051725_aea6ece6,2289,MH_03_medium,VALID_FULL_MATCHED,4.440892098500626e-16,0.08140909132414897,"{'requested_opencv_threads': 1, 'actual_opencv_threads': 1}"
,10,0,0.1488038778392777,"{'errors': [], 'actual_G': 2078, 'actual_V': 0, 'actual_L': 0, 'output_rows': 2311, 'camera_packets': 2700}",2289,0.1488038778392777,1.0,2311,0,,0.9904803115534401,,False,0.0,G,/home/he/output/ltv_gv_independent_20261009T050259/w2/results/w2_extra_single_full_MH_03_medium_G_G10_V0_20261009T065646_67ae73f5,extra_single_full,0.2971989256505651,0.2537258373511524,,,-0.3200449722149279,,w2_extra_single_full_MH_03_medium_G_G10_V0_20261009T065646_67ae73f5,2289,MH_03_medium,VALID_FULL_MATCHED,1.6653345369377348e-16,0.08138977160033165,"{'requested_opencv_threads': 1, 'actual_opencv_threads': 1}"
,16,0,0.14853734488464262,"{'errors': [], 'actual_G': 2078, 'actual_V': 0, 'actual_L': 0, 'output_rows': 2311, 'camera_packets': 2700}",2289,0.14853734488464262,1.0,2311,0,,0.9904803115534401,,False,0.0,G,/home/he/output/ltv_gv_independent_20261009T050259/w5/results/w5_extra_single_full_MH_03_medium_G_G16_V0_20261009T065735_00d18cdc,extra_single_full,0.2975179746346843,0.2539571730744925,,,-0.49858865882599357,,w5_extra_single_full_MH_03_medium_G_G16_V0_20261009T065735_00d18cdc,2289,MH_03_medium,VALID_FULL_MATCHED,3.0531133177191805e-16,0.08133747026185158,"{'requested_opencv_threads': 1, 'actual_opencv_threads': 1}"
1,1,1,0.1489613487074637,"{'errors': [], 'actual_G': 2078, 'actual_V': 1924, 'actual_L': 0, 'output_rows': 2311, 'camera_packets': 2700}",2289,0.1489613487074637,1.0,2311,0,"{'G_reason:disabled': 389, 'V_reason:disabled': 389, 'G_reason:warmup_or_core_invalid': 111, 'V_reason:warmup_or_core_invalid': 111, 'G_reason:not_ready_G': 122, 'V_reason:not_ready_V': 276, 'G_reason:accepted': 2078, 'V_reason:accepted': 1924}",0.9904803115534401,8e6c44b0a9f793f9e61d5dd37ff533d79b58c5f6354f87d41d521eb4a0db24b3,True,0.0,GV,/tmp/ltv_gain_scan_20261009/w2/results/w2_full_MH_03_medium_GV_1_20261009T030955_f0882b1d,,0.2963011213670644,0.25348625210842424,,,-0.21455921951216705,0.0,w2_full_MH_03_medium_GV_1_20261009T030955_f0882b1d,2289,MH_03_medium,VALID_FULL_MATCHED,4.996003610813204e-16,0.0812876021728715,"{'actual_opencv_threads': 4, 'verification': 'inferred from frozen num_opencv_threads=4 and original VioManager constructor; post-construction metadata was absent', 'cpu_affinity_per_worker': 4}"
,1,2,0.14868952293389873,"{'errors': [], 'actual_G': 2078, 'actual_V': 1924, 'actual_L': 0, 'output_rows': 2311, 'camera_packets': 2700}",2289,0.14868952293389873,1.0,2311,0,,0.9904803115534401,,False,0.0,GV,/home/he/output/ltv_gv_independent_20261009T050259/w2/results/w2_joint_full_MH_03_medium_GV_G1_V2_20261009T055238_df9e7e9c,joint_full,0.2958584079860977,0.2532168968402547,,,-0.39664843168722985,,w2_joint_full_MH_03_medium_GV_G1_V2_20261009T055238_df9e7e9c,2289,MH_03_medium,VALID_FULL_MATCHED,1.1102230246251565e-16,0.08108653939886674,"{'requested_opencv_threads': 1, 'actual_opencv_threads': 1}"
,1,3,0.14842109058413233,"{'errors': [], 'actual_G': 2078, 'actual_V': 1924, 'actual_L': 0, 'output_rows': 2311, 'camera_packets': 2700}",2289,0.14842109058413233,1.0,2311,0,,0.9904803115534401,,False,0.0,GV,/home/he/output/ltv_gv_independent_20261009T050259/w5/results/w5_joint_full_MH_03_medium_GV_G1_V3_20261009T055328_555aeb55,joint_full,0.295424190506263,0.2529860224809383,,,-0.5764644750676173,,w5_joint_full_MH_03_medium_GV_G1_V3_20261009T055328_555aeb55,2289,MH_03_medium,VALID_FULL_MATCHED,8.326672684688674e-17,0.08088783601454973,"{'requested_opencv_threads': 1, 'actual_opencv_threads': 1}"
,1,4,0.14547883753307403,"{'errors': [], 'actual_G': 2078, 'actual_V': 1928, 'actual_L': 0, 'output_rows': 2311, 'camera_packets': 2700}",2289,0.14547883753307403,1.0,2311,0,,0.9904803115534401,,False,0.0,GV,/home/he/output/ltv_gv_independent_20261009T050259/w5/results/w5_joint_full_MH_03_medium_GV_G1_V4_20261009T055457_b52bcffe,joint_full,0.2906400242722369,0.24910070259153116,,,-2.547405394541702,,w5_joint_full_MH_03_medium_GV_G1_V4_20261009T055457_b52bcffe,2289,MH_03_medium,VALID_FULL_MATCHED,2.220446049250313e-16,0.07990773447969461,"{'requested_opencv_threads': 1, 'actual_opencv_threads': 1}"
,1,5,0.14521960694233418,"{'errors': [], 'actual_G': 2078, 'actual_V': 1928, 'actual_L': 0, 'output_rows': 2311, 'camera_packets': 2700}",2289,0.14521960694233418,1.0,2311,0,,0.9904803115534401,,False,0.0,GV,/home/he/output/ltv_gv_independent_20261009T050259/w3/results/w3_joint_full_MH_03_medium_GV_G1_V5_20261009T055612_61345ead,joint_full,0.2902128896406459,0.2488688815037936,,,-2.7210574122309428,,w3_joint_full_MH_03_medium_GV_G1_V5_20261009T055612_61345ead,2289,MH_03_medium,VALID_FULL_MATCHED,1.1102230246251565e-16,0.07972617630695072,"{'requested_opencv_threads': 1, 'actual_opencv_threads': 1}"
,1,6,0.1449616258361697,"{'errors': [], 'actual_G': 2078, 'actual_V': 1928, 'actual_L': 0, 'output_rows': 2311, 'camera_packets': 2700}",2289,0.1449616258361697,1.0,2311,0,,0.9904803115534401,,False,0.0,GV,/home/he/output/ltv_gv_independent_20261009T050259/w2/results/w2_joint_full_MH_03_medium_GV_G1_V6_20261009T055717_3cf65afa,joint_full,0.2897860773711762,0.24863807566218016,,,-2.8938724317983056,,w2_joint_full_MH_03_medium_GV_G1_V6_20261009T055717_3cf65afa,2289,MH_03_medium,VALID_FULL_MATCHED,5.551115123125783e-17,0.07954461526313152,"{'requested_opencv_threads': 1, 'actual_opencv_threads': 1}"
,1,8,0.14444875671900434,"{'errors': [], 'actual_G': 2078, 'actual_V': 1928, 'actual_L': 0, 'output_rows': 2311, 'camera_packets': 2700}",2289,0.14444875671900434,1.0,2311,0,,0.9904803115534401,,False,0.0,GV,/home/he/output/ltv_gv_independent_20261009T050259/w5/results/w5_joint_full_MH_03_medium_GV_G1_V8_20261009T055847_a92289c4,joint_full,0.2889304854643519,0.2480135783877535,,,-3.237430484696635,,w5_joint_full_MH_03_medium_GV_G1_V8_20261009T055847_a92289c4,2289,MH_03_medium,VALID_FULL_MATCHED,8.326672684688674e-17,0.07918555887214454,"{'requested_opencv_threads': 1, 'actual_opencv_threads': 1}"
,2,1,0.14891162212310333,"{'errors': [], 'actual_G': 2078, 'actual_V': 1924, 'actual_L': 0, 'output_rows': 2311, 'camera_packets': 2700}",2289,0.14891162212310333,1.0,2311,0,,0.9904803115534401,,False,0.0,GV,/home/he/output/ltv_gv_independent_20261009T050259/w0/results/w0_joint_full_MH_03_medium_GV_G2_V1_20261009T060006_b355dced,joint_full,0.29634952028153905,0.25343690045160894,,,-0.24786980096139777,,w0_joint_full_MH_03_medium_GV_G2_V1_20261009T060006_b355dced,2289,MH_03_medium,VALID_FULL_MATCHED,1.942890293094024e-16,0.08127473916824217,"{'requested_opencv_threads': 1, 'actual_opencv_threads': 1}"
2,2,2,0.14864199457359029,"{'errors': [], 'actual_G': 2078, 'actual_V': 1924, 'actual_L': 0, 'output_rows': 2311, 'camera_packets': 2700}",2289,0.14864199457359029,1.0,2311,0,"{'G_reason:disabled': 389, 'V_reason:disabled': 389, 'G_reason:warmup_or_core_invalid': 111, 'V_reason:warmup_or_core_invalid': 111, 'G_reason:not_ready_G': 122, 'V_reason:not_ready_V': 276, 'G_reason:accepted': 2078, 'V_reason:accepted': 1924}",0.9904803115534401,8e6c44b0a9f793f9e61d5dd37ff533d79b58c5f6354f87d41d521eb4a0db24b3,True,0.0,GV,/tmp/ltv_gain_scan_20261009/w2/results/w2_full_MH_03_medium_GV_2_20261009T032343_9018bb73,,0.29591554856199864,0.25311581036838277,,,-0.42848647842957943,-0.21438724652028673,w2_full_MH_03_medium_GV_2_20261009T032343_9018bb73,2289,MH_03_medium,VALID_FULL_MATCHED,6.661338147750939e-16,0.08107674569449372,"{'actual_opencv_threads': 4, 'verification': 'inferred from frozen num_opencv_threads=4 and original VioManager constructor; post-construction metadata was absent', 'cpu_affinity_per_worker': 4}"
,2,3,0.14837190033116537,"{'errors': [], 'actual_G': 2078, 'actual_V': 1924, 'actual_L': 0, 'output_rows': 2311, 'camera_packets': 2700}",2289,0.14837190033116537,1.0,2311,0,,0.9904803115534401,,False,0.0,GV,/home/he/output/ltv_gv_independent_20261009T050259/w1/results/w1_joint_full_MH_03_medium_GV_G2_V3_20261009T060111_35831023,joint_full,0.29547520630979496,0.25287923363695947,,,-0.6094157816783796,,w1_joint_full_MH_03_medium_GV_G2_V3_20261009T060111_35831023,2289,MH_03_medium,VALID_FULL_MATCHED,1.6653345369377348e-16,0.0808759455697997,"{'requested_opencv_threads': 1, 'actual_opencv_threads': 1}"
,2,4,0.14542852185277963,"{'errors': [], 'actual_G': 2078, 'actual_V': 1928, 'actual_L': 0, 'output_rows': 2311, 'camera_packets': 2700}",2289,0.14542852185277963,1.0,2311,0,,0.9904803115534401,,False,0.0,GV,/home/he/output/ltv_gv_independent_20261009T050259/w0/results/w0_joint_full_MH_03_medium_GV_G2_V4_20261009T060228_26f2f596,joint_full,0.29069318404641825,0.24898222962133784,,,-2.5811105964609338,,w0_joint_full_MH_03_medium_GV_G2_V4_20261009T060228_26f2f596,2289,MH_03_medium,VALID_FULL_MATCHED,8.326672684688674e-17,0.0798917793319885,"{'requested_opencv_threads': 1, 'actual_opencv_threads': 1}"
,2,5,0.14516808925989338,"{'errors': [], 'actual_G': 2078, 'actual_V': 1928, 'actual_L': 0, 'output_rows': 2311, 'camera_packets': 2700}",2289,0.14516808925989338,1.0,2311,0,,0.9904803115534401,,False,0.0,GV,/home/he/output/ltv_gv_independent_20261009T050259/w3/results/w3_joint_full_MH_03_medium_GV_G2_V5_20261009T060341_5066a227,joint_full,0.2902604110604997,0.2487488021911268,,,-2.755567804993564,,w3_joint_full_MH_03_medium_GV_G2_V5_20261009T060341_5066a227,2289,MH_03_medium,VALID_FULL_MATCHED,2.498001805406602e-16,0.07971013311047213,"{'requested_opencv_threads': 1, 'actual_opencv_threads': 1}"
,2,6,0.14491131985532746,"{'errors': [], 'actual_G': 2078, 'actual_V': 1928, 'actual_L': 0, 'output_rows': 2311, 'camera_packets': 2700}",2289,0.14491131985532746,1.0,2311,0,,0.9904803115534401,,False,0.0,GV,/home/he/output/ltv_gv_independent_20261009T050259/w5/results/w5_joint_full_MH_03_medium_GV_G2_V6_20261009T060507_ac94546e,joint_full,0.28983698842958383,0.24852058342438949,,,-2.9275711362998003,,w5_joint_full_MH_03_medium_GV_G2_V6_20261009T060507_ac94546e,2289,MH_03_medium,VALID_FULL_MATCHED,1.1102230246251565e-16,0.07952892973077788,"{'requested_opencv_threads': 1, 'actual_opencv_threads': 1}"
,2,8,0.14439747756765267,"{'errors': [], 'actual_G': 2078, 'actual_V': 1928, 'actual_L': 0, 'output_rows': 2311, 'camera_packets': 2700}",2289,0.14439747756765267,1.0,2311,0,,0.9904803115534401,,False,0.0,GV,/home/he/output/ltv_gv_independent_20261009T050259/w0/results/w0_joint_full_MH_03_medium_GV_G2_V8_20261009T060628_06f059ce,joint_full,0.28897982878157763,0.2479743067423665,,,-3.2717810915142698,,w0_joint_full_MH_03_medium_GV_G2_V8_20261009T060628_06f059ce,2289,MH_03_medium,VALID_FULL_MATCHED,2.7755575615628914e-16,0.07916990303159144,"{'requested_opencv_threads': 1, 'actual_opencv_threads': 1}"
,3,1,0.14886194006218695,"{'errors': [], 'actual_G': 2078, 'actual_V': 1924, 'actual_L': 0, 'output_rows': 2311, 'camera_packets': 2700}",2289,0.14886194006218695,1.0,2311,0,,0.9904803115534401,,False,0.0,GV,/home/he/output/ltv_gv_independent_20261009T050259/w5/results/w5_joint_full_MH_03_medium_GV_G3_V1_20261009T060728_4ed9893f,joint_full,0.2963995020787126,0.2533831346765039,,,-0.2811505572813511,,w5_joint_full_MH_03_medium_GV_G3_V1_20261009T060728_4ed9893f,2289,MH_03_medium,VALID_FULL_MATCHED,2.498001805406602e-16,0.08126388360791252,"{'requested_opencv_threads': 1, 'actual_opencv_threads': 1}"
,3,2,0.14859146995412906,"{'errors': [], 'actual_G': 2078, 'actual_V': 1924, 'actual_L': 0, 'output_rows': 2311, 'camera_packets': 2700}",2289,0.14859146995412906,1.0,2311,0,,0.9904803115534401,,False,0.0,GV,/home/he/output/ltv_gv_independent_20261009T050259/w2/results/w2_joint_full_MH_03_medium_GV_G3_V2_20261009T060842_2d2d2a94,joint_full,0.2959597059429038,0.25306578934933943,,,-0.46233164341332733,,w2_joint_full_MH_03_medium_GV_G3_V2_20261009T060842_2d2d2a94,2289,MH_03_medium,VALID_FULL_MATCHED,0.0,0.08106288883208694,"{'requested_opencv_threads': 1, 'actual_opencv_threads': 1}"
,3,3,0.1483234757565304,"{'errors': [], 'actual_G': 2078, 'actual_V': 1924, 'actual_L': 0, 'output_rows': 2311, 'camera_packets': 2700}",2289,0.1483234757565304,1.0,2311,0,,0.9904803115534401,,False,0.0,GV,/home/he/output/ltv_gv_independent_20261009T050259/w6/results/w6_joint_full_MH_03_medium_GV_G3_V3_20261009T060958_5ff8e1a7,joint_full,0.2955269390971841,0.25277378657476673,,,-0.6418541797359012,,w6_joint_full_MH_03_medium_GV_G3_V3_20261009T060958_5ff8e1a7,2289,MH_03_medium,VALID_FULL_MATCHED,5.551115123125783e-17,0.08086362589770821,"{'requested_opencv_threads': 1, 'actual_opencv_threads': 1}"
,3,4,0.1453781478734645,"{'errors': [], 'actual_G': 2078, 'actual_V': 1928, 'actual_L': 0, 'output_rows': 2311, 'camera_packets': 2700}",2289,0.1453781478734645,1.0,2311,0,,0.9904803115534401,,False,0.0,GV,/home/he/output/ltv_gv_independent_20261009T050259/w3/results/w3_joint_full_MH_03_medium_GV_G3_V4_20261009T061126_39f3617f,joint_full,0.2907425996395442,0.2488650900097322,,,-2.6148548514199677,,w3_joint_full_MH_03_medium_GV_G3_V4_20261009T061126_39f3617f,2289,MH_03_medium,VALID_FULL_MATCHED,3.608224830031759e-16,0.07987821015644762,"{'requested_opencv_threads': 1, 'actual_opencv_threads': 1}"
,3,5,0.14511803840322507,"{'errors': [], 'actual_G': 2078, 'actual_V': 1928, 'actual_L': 0, 'output_rows': 2311, 'camera_packets': 2700}",2289,0.14511803840322507,1.0,2311,0,,0.9904803115534401,,False,0.0,GV,/home/he/output/ltv_gv_independent_20261009T050259/w1/results/w1_joint_full_MH_03_medium_GV_G3_V5_20261009T061228_13fd968a,joint_full,0.2903106814684342,0.24863206811537966,,,-2.78909560826216,,w1_joint_full_MH_03_medium_GV_G3_V5_20261009T061228_13fd968a,2289,MH_03_medium,VALID_FULL_MATCHED,2.498001805406602e-16,0.07969645218080063,"{'requested_opencv_threads': 1, 'actual_opencv_threads': 1}"
,3,6,0.14486112881553656,"{'errors': [], 'actual_G': 2078, 'actual_V': 1928, 'actual_L': 0, 'output_rows': 2311, 'camera_packets': 2700}",2289,0.14486112881553656,1.0,2311,0,,0.9904803115534401,,False,0.0,GV,/home/he/output/ltv_gv_independent_20261009T050259/w3/results/w3_joint_full_MH_03_medium_GV_G3_V6_20261009T061348_57477765,joint_full,0.2898880742088644,0.24840257841017466,,,-2.961192844697469,,w3_joint_full_MH_03_medium_GV_G3_V6_20261009T061348_57477765,2289,MH_03_medium,VALID_FULL_MATCHED,2.7755575615628914e-16,0.07951485149221377,"{'requested_opencv_threads': 1, 'actual_opencv_threads': 1}"
,3,8,0.14434774335800327,"{'errors': [], 'actual_G': 2078, 'actual_V': 1928, 'actual_L': 0, 'output_rows': 2311, 'camera_packets': 2700}",2289,0.14434774335800327,1.0,2311,0,,0.9904803115534401,,False,0.0,GV,/home/he/output/ltv_gv_independent_20261009T050259/w6/results/w6_joint_full_MH_03_medium_GV_G3_V8_20261009T061503_6743da84,joint_full,0.28903216423271394,0.24794277941958343,,,-3.3050967809518106,,w6_joint_full_MH_03_medium_GV_G3_V8_20261009T061503_6743da84,2289,MH_03_medium,VALID_FULL_MATCHED,1.942890293094024e-16,0.07915479429755856,"{'requested_opencv_threads': 1, 'actual_opencv_threads': 1}"
,4,1,0.1488141826316665,"{'errors': [], 'actual_G': 2078, 'actual_V': 1924, 'actual_L': 0, 'output_rows': 2311, 'camera_packets': 2700}",2289,0.1488141826316665,1.0,2311,0,,0.9904803115534401,,False,0.0,GV,/home/he/output/ltv_gv_independent_20261009T050259/w0/results/w0_joint_full_MH_03_medium_GV_G4_V1_20261009T061619_4b4335cb,joint_full,0.29645262469039296,0.25327268136774495,,,-0.3131420523663331,,w0_joint_full_MH_03_medium_GV_G4_V1_20261009T061619_4b4335cb,2289,MH_03_medium,VALID_FULL_MATCHED,5.828670879282072e-16,0.08125082968885734,"{'requested_opencv_threads': 1, 'actual_opencv_threads': 1}"
,4,2,0.14854437698759124,"{'errors': [], 'actual_G': 2078, 'actual_V': 1924, 'actual_L': 0, 'output_rows': 2311, 'camera_packets': 2700}",2289,0.14854437698759124,1.0,2311,0,,0.9904803115534401,,False,0.0,GV,/home/he/output/ltv_gv_independent_20261009T050259/w3/results/w3_joint_full_MH_03_medium_GV_G4_V2_20261009T061738_c0240868,joint_full,0.2960153098456167,0.25301918779172317,,,-0.4938780308783475,,w3_joint_full_MH_03_medium_GV_G4_V2_20261009T061738_c0240868,2289,MH_03_medium,VALID_FULL_MATCHED,3.3306690738754696e-16,0.08105241172689057,"{'requested_opencv_threads': 1, 'actual_opencv_threads': 1}"
,4,3,0.14827399760727286,"{'errors': [], 'actual_G': 2078, 'actual_V': 1924, 'actual_L': 0, 'output_rows': 2311, 'camera_packets': 2700}",2289,0.14827399760727286,1.0,2311,0,,0.9904803115534401,,False,0.0,GV,/home/he/output/ltv_gv_independent_20261009T050259/w4/results/w4_joint_full_MH_03_medium_GV_G4_V3_20261009T061858_126bd320,joint_full,0.2955727503775371,0.2526959195892222,,,-0.6749983407918103,,w4_joint_full_MH_03_medium_GV_G4_V3_20261009T061858_126bd320,2289,MH_03_medium,VALID_FULL_MATCHED,1.6653345369377348e-16,0.08085126915238595,"{'requested_opencv_threads': 1, 'actual_opencv_threads': 1}"
4,4,4,0.14532818674830872,"{'errors': [], 'actual_G': 2078, 'actual_V': 1928, 'actual_L': 0, 'output_rows': 2311, 'camera_packets': 2700}",2289,0.14532818674830872,1.0,2311,0,"{'G_reason:disabled': 389, 'V_reason:disabled': 389, 'G_reason:warmup_or_core_invalid': 111, 'V_reason:warmup_or_core_invalid': 111, 'G_reason:not_ready_G': 122, 'V_reason:not_ready_V': 272, 'G_reason:accepted': 2078, 'V_reason:accepted': 1928}",0.9904803115534401,8e6c44b0a9f793f9e61d5dd37ff533d79b58c5f6354f87d41d521eb4a0db24b3,True,0.0,GV,/tmp/ltv_gain_scan_20261009/w2/results/w2_full_MH_03_medium_GV_4_20261009T033936_39c9d14a,,0.2907931032754571,0.2487475447928885,,,-2.6483225458173276,-2.438996417983519,w2_full_MH_03_medium_GV_4_20261009T033936_39c9d14a,2289,MH_03_medium,VALID_FULL_MATCHED,2.220446049250313e-16,0.07986365044333253,"{'actual_opencv_threads': 4, 'verification': 'inferred from frozen num_opencv_threads=4 and original VioManager constructor; post-construction metadata was absent', 'cpu_affinity_per_worker': 4}"
,4,5,0.1450682052419731,"{'errors': [], 'actual_G': 2078, 'actual_V': 1928, 'actual_L': 0, 'output_rows': 2311, 'camera_packets': 2700}",2289,0.1450682052419731,1.0,2311,0,,0.9904803115534401,,False,0.0,GV,/home/he/output/ltv_gv_independent_20261009T050259/w6/results/w6_joint_full_MH_03_medium_GV_G4_V5_20261009T062009_a317f346,joint_full,0.2903609894710922,0.24851465272815668,,,-2.822477582876104,,w6_joint_full_MH_03_medium_GV_G4_V5_20261009T062009_a317f346,2289,MH_03_medium,VALID_FULL_MATCHED,2.498001805406602e-16,0.0796812329691135,"{'requested_opencv_threads': 1, 'actual_opencv_threads': 1}"
,4,6,0.14481067228472153,"{'errors': [], 'actual_G': 2078, 'actual_V': 1928, 'actual_L': 0, 'output_rows': 2311, 'camera_packets': 2700}",2289,0.14481067228472153,1.0,2311,0,,0.9904803115534401,,False,0.0,GV,/home/he/output/ltv_gv_independent_20261009T050259/w7/results/w7_joint_full_MH_03_medium_GV_G4_V6_20261009T062133_8af02a13,joint_full,0.2899361347953809,0.24828479672893702,,,-2.994992398818852,,w7_joint_full_MH_03_medium_GV_G4_V6_20261009T062133_8af02a13,2289,MH_03_medium,VALID_FULL_MATCHED,3.3306690738754696e-16,0.07950003128602721,"{'requested_opencv_threads': 1, 'actual_opencv_threads': 1}"
,4,8,0.1442981790646335,"{'errors': [], 'actual_G': 2078, 'actual_V': 1928, 'actual_L': 0, 'output_rows': 2311, 'camera_packets': 2700}",2289,0.1442981790646335,1.0,2311,0,,0.9904803115534401,,False,0.0,GV,/home/he/output/ltv_gv_independent_20261009T050259/w4/results/w4_joint_full_MH_03_medium_GV_G4_V8_20261009T062244_5a6fd40f,joint_full,0.28908322018551946,0.2478260195145989,,,-3.3382986477702215,,w4_joint_full_MH_03_medium_GV_G4_V8_20261009T062244_5a6fd40f,2289,MH_03_medium,VALID_FULL_MATCHED,5.273559366969494e-16,0.07914158661768618,"{'requested_opencv_threads': 1, 'actual_opencv_threads': 1}"
,5,1,0.14876637737783083,"{'errors': [], 'actual_G': 2078, 'actual_V': 1924, 'actual_L': 0, 'output_rows': 2311, 'camera_packets': 2700}",2289,0.14876637737783083,1.0,2311,0,,0.9904803115534401,,False,0.0,GV,/home/he/output/ltv_gv_independent_20261009T050259/w7/results/w7_joint_full_MH_03_medium_GV_G5_V1_20261009T062401_9493f144,joint_full,0.29650479211778336,0.2532077291112732,,,-0.3451655830808864,,w7_joint_full_MH_03_medium_GV_G5_V1_20261009T062401_9493f144,2289,MH_03_medium,VALID_FULL_MATCHED,3.608224830031759e-16,0.08124064386115946,"{'requested_opencv_threads': 1, 'actual_opencv_threads': 1}"
,5,2,0.14849492712807436,"{'errors': [], 'actual_G': 2078, 'actual_V': 1924, 'actual_L': 0, 'output_rows': 2311, 'camera_packets': 2700}",2289,0.14849492712807436,1.0,2311,0,,0.9904803115534401,,False,0.0,GV,/home/he/output/ltv_gv_independent_20261009T050259/w3/results/w3_joint_full_MH_03_medium_GV_G5_V2_20261009T062518_63db69e1,joint_full,0.29606332902369287,0.2529191408631078,,,-0.5270032413523418,,w3_joint_full_MH_03_medium_GV_G5_V2_20261009T062518_63db69e1,2289,MH_03_medium,VALID_FULL_MATCHED,6.38378239159465e-16,0.0810393695903359,"{'requested_opencv_threads': 1, 'actual_opencv_threads': 1}"
,5,3,0.14822766811675284,"{'errors': [], 'actual_G': 2078, 'actual_V': 1924, 'actual_L': 0, 'output_rows': 2311, 'camera_packets': 2700}",2289,0.14822766811675284,1.0,2311,0,,0.9904803115534401,,False,0.0,GV,/home/he/output/ltv_gv_independent_20261009T050259/w4/results/w4_joint_full_MH_03_medium_GV_G5_V3_20261009T062629_93dc2fd6,joint_full,0.2956323560074551,0.25265690611666436,,,-0.7060332949781811,,w4_joint_full_MH_03_medium_GV_G5_V3_20261009T062629_93dc2fd6,2289,MH_03_medium,VALID_FULL_MATCHED,1.3877787807814457e-16,0.08083981550728901,"{'requested_opencv_threads': 1, 'actual_opencv_threads': 1}"
,5,4,0.14527970791128625,"{'errors': [], 'actual_G': 2078, 'actual_V': 1924, 'actual_L': 0, 'output_rows': 2311, 'camera_packets': 2700}",2289,0.14527970791128625,1.0,2311,0,,0.9904803115534401,,False,0.0,GV,/home/he/output/ltv_gv_independent_20261009T050259/w6/results/w6_joint_full_MH_03_medium_GV_G5_V4_20261009T062751_e4bd85e3,joint_full,0.29084741215356774,0.24863404250196217,,,-2.680797292876125,,w6_joint_full_MH_03_medium_GV_G5_V4_20261009T062751_e4bd85e3,2289,MH_03_medium,VALID_FULL_MATCHED,4.996003610813204e-16,0.07984861432070664,"{'requested_opencv_threads': 1, 'actual_opencv_threads': 1}"
,5,5,0.14501970350029136,"{'errors': [], 'actual_G': 2078, 'actual_V': 1928, 'actual_L': 0, 'output_rows': 2311, 'camera_packets': 2700}",2289,0.14501970350029136,1.0,2311,0,,0.9904803115534401,,False,0.0,GV,/home/he/output/ltv_gv_independent_20261009T050259/w7/results/w7_joint_full_MH_03_medium_GV_G5_V5_20261009T062903_3ebc3d8f,joint_full,0.2904157467060844,0.248400286310582,,,-2.854967673186981,,w7_joint_full_MH_03_medium_GV_G5_V5_20261009T062903_3ebc3d8f,2289,MH_03_medium,VALID_FULL_MATCHED,3.608224830031759e-16,0.07966783213878474,"{'requested_opencv_threads': 1, 'actual_opencv_threads': 1}"
,5,6,0.14476207490054224,"{'errors': [], 'actual_G': 2078, 'actual_V': 1928, 'actual_L': 0, 'output_rows': 2311, 'camera_packets': 2700}",2289,0.14476207490054224,1.0,2311,0,,0.9904803115534401,,False,0.0,GV,/home/he/output/ltv_gv_independent_20261009T050259/w2/results/w2_joint_full_MH_03_medium_GV_G5_V6_20261009T063018_3f9eb1e0,joint_full,0.28998928995476975,0.24816991590156504,,,-3.027546557620353,,w2_joint_full_MH_03_medium_GV_G5_V6_20261009T063018_3f9eb1e0,2289,MH_03_medium,VALID_FULL_MATCHED,6.661338147750939e-16,0.07948568278803783,"{'requested_opencv_threads': 1, 'actual_opencv_threads': 1}"
,5,8,0.1442485470644878,"{'errors': [], 'actual_G': 2078, 'actual_V': 1928, 'actual_L': 0, 'output_rows': 2311, 'camera_packets': 2700}",2289,0.1442485470644878,1.0,2311,0,,0.9904803115534401,,False,0.0,GV,/home/he/output/ltv_gv_independent_20261009T050259/w4/results/w4_joint_full_MH_03_medium_GV_G5_V8_20261009T063135_fb5805d6,joint_full,0.2891320357506394,0.24771011586580863,,,-3.3715458696457534,,w4_joint_full_MH_03_medium_GV_G5_V8_20261009T063135_fb5805d6,2289,MH_03_medium,VALID_FULL_MATCHED,8.326672684688674e-17,0.0791269874347794,"{'requested_opencv_threads': 1, 'actual_opencv_threads': 1}"
,6,1,0.14871837449418068,"{'errors': [], 'actual_G': 2078, 'actual_V': 1924, 'actual_L': 0, 'output_rows': 2311, 'camera_packets': 2700}",2289,0.14871837449418068,1.0,2311,0,,0.9904803115534401,,False,0.0,GV,/home/he/output/ltv_gv_independent_20261009T050259/w6/results/w6_joint_full_MH_03_medium_GV_G6_V1_20261009T063252_39c9d15d,joint_full,0.29655497349056364,0.25324863120780877,,,-0.37732150101078554,,w6_joint_full_MH_03_medium_GV_G6_V1_20261009T063252_39c9d15d,2289,MH_03_medium,VALID_FULL_MATCHED,4.163336342344337e-16,0.08122895390081933,"{'requested_opencv_threads': 1, 'actual_opencv_threads': 1}"
,6,2,0.1484480195247578,"{'errors': [], 'actual_G': 2078, 'actual_V': 1924, 'actual_L': 0, 'output_rows': 2311, 'camera_packets': 2700}",2289,0.1484480195247578,1.0,2311,0,,0.9904803115534401,,False,0.0,GV,/home/he/output/ltv_gv_independent_20261009T050259/w7/results/w7_joint_full_MH_03_medium_GV_G6_V2_20261009T063404_a33e13d4,joint_full,0.29611532889631426,0.2528348128327916,,,-0.558425458682621,,w7_joint_full_MH_03_medium_GV_G6_V2_20261009T063404_a33e13d4,2289,MH_03_medium,VALID_FULL_MATCHED,0.0,0.08102808344139001,"{'requested_opencv_threads': 1, 'actual_opencv_threads': 1}"
,6,3,0.1454918718141037,"{'errors': [], 'actual_G': 2078, 'actual_V': 1924, 'actual_L': 0, 'output_rows': 2311, 'camera_packets': 2700}",2289,0.1454918718141037,1.0,2311,0,,0.9904803115534401,,False,0.0,GV,/home/he/output/ltv_gv_independent_20261009T050259/w3/results/w3_joint_full_MH_03_medium_GV_G6_V3_20261009T063519_1ab3ad35,joint_full,0.29132777946883776,0.2487515486574702,,,-2.538674059271928,,w3_joint_full_MH_03_medium_GV_G6_V3_20261009T063519_1ab3ad35,2289,MH_03_medium,VALID_FULL_MATCHED,4.996003610813204e-16,0.08001791157133421,"{'requested_opencv_threads': 1, 'actual_opencv_threads': 1}"
,6,4,0.1452312094200235,"{'errors': [], 'actual_G': 2078, 'actual_V': 1924, 'actual_L': 0, 'output_rows': 2311, 'camera_packets': 2700}",2289,0.1452312094200235,1.0,2311,0,,0.9904803115534401,,False,0.0,GV,/home/he/output/ltv_gv_independent_20261009T050259/w1/results/w1_joint_full_MH_03_medium_GV_G6_V4_20261009T063639_3b832cff,joint_full,0.29090036088188176,0.24851986440031987,,,-2.7132852058135093,,w1_joint_full_MH_03_medium_GV_G6_V4_20261009T063639_3b832cff,2289,MH_03_medium,VALID_FULL_MATCHED,8.326672684688674e-17,0.07983555704748721,"{'requested_opencv_threads': 1, 'actual_opencv_threads': 1}"
,6,5,0.14497097060110062,"{'errors': [], 'actual_G': 2078, 'actual_V': 1924, 'actual_L': 0, 'output_rows': 2311, 'camera_packets': 2700}",2289,0.14497097060110062,1.0,2311,0,,0.9904803115534401,,False,0.0,GV,/home/he/output/ltv_gv_independent_20261009T050259/w6/results/w6_joint_full_MH_03_medium_GV_G6_V5_20261009T063754_ad4ca177,joint_full,0.2904694673961422,0.24828582626938656,,,-2.8876126100679467,,w6_joint_full_MH_03_medium_GV_G6_V5_20261009T063754_ad4ca177,2289,MH_03_medium,VALID_FULL_MATCHED,2.498001805406602e-16,0.07965302350312783,"{'requested_opencv_threads': 1, 'actual_opencv_threads': 1}"
,6,6,0.14471183959826392,"{'errors': [], 'actual_G': 2078, 'actual_V': 1924, 'actual_L': 0, 'output_rows': 2311, 'camera_packets': 2700}",2289,0.14471183959826392,1.0,2311,0,,0.9904803115534401,,False,0.0,GV,/home/he/output/ltv_gv_independent_20261009T050259/w7/results/w7_joint_full_MH_03_medium_GV_G6_V6_20261009T063906_3b166261,joint_full,0.29003731286549717,0.24805442263757463,,,-3.061197916339109,,w7_joint_full_MH_03_medium_GV_G6_V6_20261009T063906_3b166261,2289,MH_03_medium,VALID_FULL_MATCHED,3.608224830031759e-16,0.07947116261143738,"{'requested_opencv_threads': 1, 'actual_opencv_threads': 1}"
,6,8,0.1442001571489698,"{'errors': [], 'actual_G': 2078, 'actual_V': 1928, 'actual_L': 0, 'output_rows': 2311, 'camera_packets': 2700}",2289,0.1442001571489698,1.0,2311,0,,0.9904803115534401,,False,0.0,GV,/home/he/output/ltv_gv_independent_20261009T050259/w1/results/w1_joint_full_MH_03_medium_GV_G6_V8_20261009T064021_66214b16,joint_full,0.28918843181626985,0.24759650483601886,,,-3.403961050437221,,w1_joint_full_MH_03_medium_GV_G6_V8_20261009T064021_66214b16,2289,MH_03_medium,VALID_FULL_MATCHED,4.718447854656915e-16,0.07911287976186546,"{'requested_opencv_threads': 1, 'actual_opencv_threads': 1}"
,8,1,0.14862417926224525,"{'errors': [], 'actual_G': 2078, 'actual_V': 1924, 'actual_L': 0, 'output_rows': 2311, 'camera_packets': 2700}",2289,0.14862417926224525,1.0,2311,0,,0.9904803115534401,,False,0.0,GV,/home/he/output/ltv_gv_independent_20261009T050259/w5/results/w5_joint_full_MH_03_medium_GV_G8_V1_20261009T064140_3f783048,joint_full,0.2966557258551027,0.25333040808055274,,,-0.4404205050118515,,w5_joint_full_MH_03_medium_GV_G8_V1_20261009T064140_3f783048,2289,MH_03_medium,VALID_FULL_MATCHED,1.6653345369377348e-16,0.08120838221642562,"{'requested_opencv_threads': 1, 'actual_opencv_threads': 1}"
,8,2,0.14835461166203726,"{'errors': [], 'actual_G': 2078, 'actual_V': 1924, 'actual_L': 0, 'output_rows': 2311, 'camera_packets': 2700}",2289,0.14835461166203726,1.0,2311,0,,0.9904803115534401,,False,0.0,GV,/home/he/output/ltv_gv_independent_20261009T050259/w6/results/w6_joint_full_MH_03_medium_GV_G8_V2_20261009T064255_d6b1250d,joint_full,0.29622196339552187,0.2529221070055469,,,-0.6209970239565044,,w6_joint_full_MH_03_medium_GV_G8_V2_20261009T064255_d6b1250d,2289,MH_03_medium,VALID_FULL_MATCHED,1.3877787807814457e-16,0.08100756582041226,"{'requested_opencv_threads': 1, 'actual_opencv_threads': 1}"
,8,3,0.14539619150465827,"{'errors': [], 'actual_G': 2078, 'actual_V': 1924, 'actual_L': 0, 'output_rows': 2311, 'camera_packets': 2700}",2289,0.14539619150465827,1.0,2311,0,,0.9904803115534401,,False,0.0,GV,/home/he/output/ltv_gv_independent_20261009T050259/w0/results/w0_joint_full_MH_03_medium_GV_G8_V3_20261009T064409_7627dd71,joint_full,0.2914332034642623,0.24852503172089366,,,-2.602767879144463,,w0_joint_full_MH_03_medium_GV_G8_V3_20261009T064409_7627dd71,2289,MH_03_medium,VALID_FULL_MATCHED,1.6653345369377348e-16,0.07999239664657738,"{'requested_opencv_threads': 1, 'actual_opencv_threads': 1}"
,8,4,0.14513439013651042,"{'errors': [], 'actual_G': 2078, 'actual_V': 1924, 'actual_L': 0, 'output_rows': 2311, 'camera_packets': 2700}",2289,0.14513439013651042,1.0,2311,0,,0.9904803115534401,,False,0.0,GV,/home/he/output/ltv_gv_independent_20261009T050259/w5/results/w5_joint_full_MH_03_medium_GV_G8_V4_20261009T064526_352bc5b1,joint_full,0.29100196394068745,0.24829069244556107,,,-2.778141995613237,,w5_joint_full_MH_03_medium_GV_G8_V4_20261009T064526_352bc5b1,2289,MH_03_medium,VALID_FULL_MATCHED,2.7755575615628914e-17,0.07980921304332232,"{'requested_opencv_threads': 1, 'actual_opencv_threads': 1}"
,8,5,0.1448749419072764,"{'errors': [], 'actual_G': 2078, 'actual_V': 1924, 'actual_L': 0, 'output_rows': 2311, 'camera_packets': 2700}",2289,0.1448749419072764,1.0,2311,0,,0.9904803115534401,,False,0.0,GV,/home/he/output/ltv_gv_independent_20261009T050259/w2/results/w2_joint_full_MH_03_medium_GV_G8_V5_20261009T064647_961daa6e,joint_full,0.2905743610050561,0.2480592798460598,,,-2.9519398038263978,,w2_joint_full_MH_03_medium_GV_G8_V5_20261009T064647_961daa6e,2289,MH_03_medium,VALID_FULL_MATCHED,1.1102230246251565e-16,0.07962613784706445,"{'requested_opencv_threads': 1, 'actual_opencv_threads': 1}"
,8,6,0.14461700263569122,"{'errors': [], 'actual_G': 2078, 'actual_V': 1924, 'actual_L': 0, 'output_rows': 2311, 'camera_packets': 2700}",2289,0.14461700263569122,1.0,2311,0,,0.9904803115534401,,False,0.0,GV,/home/he/output/ltv_gv_independent_20261009T050259/w6/results/w6_joint_full_MH_03_medium_GV_G8_V6_20261009T064801_15b55367,joint_full,0.2901469621149336,0.24782887758995306,,,-3.124726799466937,,w6_joint_full_MH_03_medium_GV_G8_V6_20261009T064801_15b55367,2289,MH_03_medium,VALID_FULL_MATCHED,8.604228440844963e-16,0.07944434552485932,"{'requested_opencv_threads': 1, 'actual_opencv_threads': 1}"
,8,8,0.14410227176745605,"{'errors': [], 'actual_G': 2078, 'actual_V': 1924, 'actual_L': 0, 'output_rows': 2311, 'camera_packets': 2700}",2289,0.14410227176745605,1.0,2311,0,,0.9904803115534401,,False,0.0,GV,/home/he/output/ltv_gv_independent_20261009T050259/w7/results/w7_joint_full_MH_03_medium_GV_G8_V8_20261009T064925_50c81275,joint_full,0.28928797650868593,0.2473675389328533,,,-3.4695319923296664,,w7_joint_full_MH_03_medium_GV_G8_V8_20261009T064925_50c81275,2289,MH_03_medium,VALID_FULL_MATCHED,1.1102230246251565e-16,0.07908529144688257,"{'requested_opencv_threads': 1, 'actual_opencv_threads': 1}"
1,0,0,0.14928164624251655,"{'errors': [], 'actual_G': 0, 'actual_V': 0, 'actual_L': 0, 'output_rows': 2311, 'camera_packets': 2700}",2289,0.14928164624251655,1.0,2311,0,,0.9904803115534401,8e6c44b0a9f793f9e61d5dd37ff533d79b58c5f6354f87d41d521eb4a0db24b3,True,0.0,OFF,/tmp/ltv_gain_scan_20261009/w2/results/w2_full_MH_03_medium_OFF_1_20261009T030414_f4580a40,,0.2966869879767684,0.25385779084292354,,,0.0,0.0,w2_full_MH_03_medium_OFF_1_20261009T030414_f4580a40,2289,MH_03_medium,VALID_FULL_MATCHED,5.828670879282072e-16,0.08150257075098602,"{'actual_opencv_threads': 4, 'verification': 'inferred from frozen num_opencv_threads=4 and original VioManager constructor; post-construction metadata was absent', 'cpu_affinity_per_worker': 4}"
1,0,1,0.14901029150452402,"{'errors': [], 'actual_G': 0, 'actual_V': 1924, 'actual_L': 0, 'output_rows': 2311, 'camera_packets': 2700}",2289,0.14901029150452402,1.0,2311,0,"{'G_reason:disabled': 2700, 'V_reason:disabled': 389, 'V_reason:warmup_or_core_invalid': 111, 'V_reason:not_ready_V': 276, 'V_reason:accepted': 1924}",0.9904803115534401,8e6c44b0a9f793f9e61d5dd37ff533d79b58c5f6354f87d41d521eb4a0db24b3,True,0.0,V,/tmp/ltv_gain_scan_20261009/w2/results/w2_full_MH_03_medium_V_1_20261009T030726_e3665da4,,0.29624834888663404,0.2535578708510852,,,-0.1817736773559564,0.0,w2_full_MH_03_medium_V_1_20261009T030726_e3665da4,2289,MH_03_medium,VALID_FULL_MATCHED,2.498001805406602e-16,0.08130116459342883,"{'actual_opencv_threads': 4, 'verification': 'inferred from frozen num_opencv_threads=4 and original VioManager constructor; post-construction metadata was absent', 'cpu_affinity_per_worker': 4}"
2,0,2,0.14873999277779218,"{'errors': [], 'actual_G': 0, 'actual_V': 1924, 'actual_L': 0, 'output_rows': 2311, 'camera_packets': 2700}",2289,0.14873999277779218,1.0,2311,0,"{'G_reason:disabled': 2700, 'V_reason:disabled': 389, 'V_reason:warmup_or_core_invalid': 111, 'V_reason:not_ready_V': 276, 'V_reason:accepted': 1924}",0.9904803115534401,8e6c44b0a9f793f9e61d5dd37ff533d79b58c5f6354f87d41d521eb4a0db24b3,True,0.0,V,/tmp/ltv_gain_scan_20261009/w2/results/w2_full_MH_03_medium_V_2_20261009T032032_c1176cea,,0.29581007920793634,0.25332560388507214,,,-0.3628399594712617,-0.1813960123174696,w2_full_MH_03_medium_V_2_20261009T032032_c1176cea,2289,MH_03_medium,VALID_FULL_MATCHED,4.718447854656915e-16,0.08110118160674383,"{'actual_opencv_threads': 4, 'verification': 'inferred from frozen num_opencv_threads=4 and original VioManager constructor; post-construction metadata was absent', 'cpu_affinity_per_worker': 4}"
,0,3,0.1484718229329875,"{'errors': [], 'actual_G': 0, 'actual_V': 1924, 'actual_L': 0, 'output_rows': 2311, 'camera_packets': 2700}",2289,0.1484718229329875,1.0,2311,0,,0.9904803115534401,,False,0.0,V,/home/he/output/ltv_gv_independent_20261009T050259/w3/results/w3_single_full_MH_03_medium_V_G0_V3_20261009T051937_8578e50b,single_full,0.2953759081747345,0.2530953736743454,,,-0.5424801574156368,,w3_single_full_MH_03_medium_V_G0_V3_20261009T051937_8578e50b,2289,MH_03_medium,VALID_FULL_MATCHED,2.498001805406602e-16,0.08090152163831005,"{'requested_opencv_threads': 1, 'actual_opencv_threads': 1}"
4,0,4,0.14552968387586382,"{'errors': [], 'actual_G': 0, 'actual_V': 1928, 'actual_L': 0, 'output_rows': 2311, 'camera_packets': 2700}",2289,0.14552968387586382,1.0,2311,0,"{'G_reason:disabled': 2700, 'V_reason:disabled': 389, 'V_reason:warmup_or_core_invalid': 111, 'V_reason:not_ready_V': 272, 'V_reason:accepted': 1928}",0.9904803115534401,8e6c44b0a9f793f9e61d5dd37ff533d79b58c5f6354f87d41d521eb4a0db24b3,True,0.0,V,/tmp/ltv_gain_scan_20261009/w2/results/w2_full_MH_03_medium_V_4_20261009T033627_fe3cee56,,0.2905901495314478,0.2492193493408397,,,-2.5133447152354216,-2.3358169382243887,w2_full_MH_03_medium_V_4_20261009T033627_fe3cee56,2289,MH_03_medium,VALID_FULL_MATCHED,1.3877787807814457e-16,0.07992262311973844,"{'actual_opencv_threads': 4, 'verification': 'inferred from frozen num_opencv_threads=4 and original VioManager constructor; post-construction metadata was absent', 'cpu_affinity_per_worker': 4}"
,0,5,0.14527160729002167,"{'errors': [], 'actual_G': 0, 'actual_V': 1928, 'actual_L': 0, 'output_rows': 2311, 'camera_packets': 2700}",2289,0.14527160729002167,1.0,2311,0,,0.9904803115534401,,False,0.0,V,/home/he/output/ltv_gv_independent_20261009T050259/w3/results/w3_single_full_MH_03_medium_V_G0_V5_20261009T052150_62257159,single_full,0.29016433843777556,0.24898953917869804,,True,-2.686223694224499,,w3_single_full_MH_03_medium_V_G0_V5_20261009T052150_62257159,2289,MH_03_medium,VALID_FULL_MATCHED,2.7755575615628914e-17,0.07974075649040023,"{'requested_opencv_threads': 1, 'actual_opencv_threads': 1}"
,0,6,0.14501280760347798,"{'errors': [], 'actual_G': 0, 'actual_V': 1928, 'actual_L': 0, 'output_rows': 2311, 'camera_packets': 2700}",2289,0.14501280760347798,1.0,2311,0,,0.9904803115534401,,False,0.0,V,/home/he/output/ltv_gv_independent_20261009T050259/w3/results/w3_single_full_MH_03_medium_V_G0_V6_20261009T052404_ea9b7c39,single_full,0.2897359209180432,0.24870906395430478,,True,-2.8595870600888196,,w3_single_full_MH_03_medium_V_G0_V6_20261009T052404_ea9b7c39,2289,MH_03_medium,VALID_FULL_MATCHED,1.3877787807814457e-16,0.07955977818164563,"{'requested_opencv_threads': 1, 'actual_opencv_threads': 1}"
,0,8,0.14449939258796954,"{'errors': [], 'actual_G': 0, 'actual_V': 1928, 'actual_L': 0, 'output_rows': 2311, 'camera_packets': 2700}",2289,0.14449939258796954,1.0,2311,0,,0.9904803115534401,,False,0.0,V,/home/he/output/ltv_gv_independent_20261009T050259/w1/results/w1_single_full_MH_03_medium_V_G0_V8_20261009T052625_9caade1f,single_full,0.28887898408977003,0.2480613412611303,,True,-3.2035107964832887,,w1_single_full_MH_03_medium_V_G0_V8_20261009T052625_9caade1f,2289,MH_03_medium,VALID_FULL_MATCHED,3.3306690738754696e-16,0.07920048819538351,"{'requested_opencv_threads': 1, 'actual_opencv_threads': 1}"
,0,10,0.14399103374594543,"{'errors': [], 'actual_G': 0, 'actual_V': 1928, 'actual_L': 0, 'output_rows': 2311, 'camera_packets': 2700}",2289,0.14399103374594543,1.0,2311,0,,0.9904803115534401,,False,0.0,V,/home/he/output/ltv_gv_independent_20261009T050259/w5/results/w5_extra_single_full_MH_03_medium_V_G0_V10_20261009T065905_969210e2,extra_single_full,0.2880263844275122,0.24757865121119635,,,-3.544047530113792,,w5_extra_single_full_MH_03_medium_V_G0_V10_20261009T065905_969210e2,2289,MH_03_medium,VALID_FULL_MATCHED,5.273559366969494e-16,0.07884576622863425,"{'requested_opencv_threads': 1, 'actual_opencv_threads': 1}"
,0,16,0.14245187380806604,"{'errors': [], 'actual_G': 0, 'actual_V': 1928, 'actual_L': 0, 'output_rows': 2311, 'camera_packets': 2700}",2289,0.14245187380806604,1.0,2311,0,,0.9904803115534401,,False,0.0,V,/home/he/output/ltv_gv_independent_20261009T050259/w3/results/w3_extra_single_full_MH_03_medium_V_G0_V16_20261009T070019_99cf73fe,extra_single_full,0.2852332669565114,0.24573734075128442,,,-4.57509185245396,,w3_extra_single_full_MH_03_medium_V_G0_V16_20261009T070019_99cf73fe,2289,MH_03_medium,VALID_FULL_MATCHED,2.220446049250313e-16,0.0778079684240906,"{'requested_opencv_threads': 1, 'actual_opencv_threads': 1}"
1,1,0,0.2762209201387293,"{'errors': [], 'actual_G': 1638, 'actual_V': 0, 'actual_L': 0, 'output_rows': 1849, 'camera_packets': 2273}",1826,0.2762209201387293,1.0,1849,0,"{'G_reason:disabled': 424, 'V_reason:disabled': 2273, 'G_reason:warmup_or_core_invalid': 98, 'G_reason:not_ready_G': 108, 'G_reason:accepted': 1638, 'G_reason:time_or_token': 5}",0.9875608436992969,8e6c44b0a9f793f9e61d5dd37ff533d79b58c5f6354f87d41d521eb4a0db24b3,True,0.0,G,/tmp/ltv_gain_scan_20261009/w2/results/w2_full_MH_05_difficult_G_1_20261009T023803_2576dc75,,0.6077321888190201,0.5043553004305859,,,-0.007767639452860298,0.0,w2_full_MH_05_difficult_G_1_20261009T023803_2576dc75,1826,MH_05_difficult,VALID_FULL_MATCHED,0.0,0.4754146100401789,"{'actual_opencv_threads': 4, 'verification': 'inferred from frozen num_opencv_threads=4 and original VioManager constructor; post-construction metadata was absent', 'cpu_affinity_per_worker': 4}"
2,2,0,0.2762005764746849,"{'errors': [], 'actual_G': 1638, 'actual_V': 0, 'actual_L': 0, 'output_rows': 1849, 'camera_packets': 2273}",1826,0.2762005764746849,1.0,1849,0,"{'G_reason:disabled': 424, 'V_reason:disabled': 2273, 'G_reason:warmup_or_core_invalid': 98, 'G_reason:not_ready_G': 108, 'G_reason:accepted': 1638, 'G_reason:time_or_token': 5}",0.9875608436992969,8e6c44b0a9f793f9e61d5dd37ff533d79b58c5f6354f87d41d521eb4a0db24b3,True,0.0,G,/tmp/ltv_gain_scan_20261009/w2/results/w2_full_MH_05_difficult_G_2_20261009T024211_60bff99d,,0.6076944517199897,0.5043434901727113,,,-0.015132064932188438,-0.007364997565784126,w2_full_MH_05_difficult_G_2_20261009T024211_60bff99d,1826,MH_05_difficult,VALID_FULL_MATCHED,1.6653345369377348e-16,0.47539374857044975,"{'actual_opencv_threads': 4, 'verification': 'inferred from frozen num_opencv_threads=4 and original VioManager constructor; post-construction metadata was absent', 'cpu_affinity_per_worker': 4}"
,3,0,0.2765330771851998,"{'errors': [], 'actual_G': 1638, 'actual_V': 0, 'actual_L': 0, 'output_rows': 1849, 'camera_packets': 2273}",1826,0.2765330771851998,1.0,1849,0,,0.9875608436992969,,False,0.0,G,/home/he/output/ltv_gv_independent_20261009T050259/w2/results/w2_single_representative_MH_05_difficult_G_G3_V0_20261009T050334_49838953,single_representative,0.6080985273547848,0.5046128803620873,,,0.10523350437066092,,w2_single_representative_MH_05_difficult_G_G3_V0_20261009T050334_49838953,1826,MH_05_difficult,VALID_FULL_MATCHED,1.0547118733938987e-15,0.47568046701763755,"{'requested_opencv_threads': 1, 'actual_opencv_threads': 1}"
4,4,0,0.2764898504384778,"{'errors': [], 'actual_G': 1638, 'actual_V': 0, 'actual_L': 0, 'output_rows': 1849, 'camera_packets': 2273}",1826,0.2764898504384778,1.0,1849,0,"{'G_reason:disabled': 424, 'V_reason:disabled': 2273, 'G_reason:warmup_or_core_invalid': 98, 'G_reason:not_ready_G': 108, 'G_reason:accepted': 1638, 'G_reason:time_or_token': 5}",0.9875608436992969,8e6c44b0a9f793f9e61d5dd37ff533d79b58c5f6354f87d41d521eb4a0db24b3,True,0.0,G,/tmp/ltv_gain_scan_20261009/w2/results/w2_full_MH_05_difficult_G_4_20261009T025359_0dce2665,,0.6082029728562661,0.5048126810414499,,,0.08958538148320372,0.09736058355516164,w2_full_MH_05_difficult_G_4_20261009T025359_0dce2665,1826,MH_05_difficult,VALID_FULL_MATCHED,7.216449660063518e-16,0.4758463698935304,"{'actual_opencv_threads': 4, 'verification': 'inferred from frozen num_opencv_threads=4 and original VioManager constructor; post-construction metadata was absent', 'cpu_affinity_per_worker': 4}"
,5,0,0.27647574713499556,"{'errors': [], 'actual_G': 1638, 'actual_V': 0, 'actual_L': 0, 'output_rows': 1849, 'camera_packets': 2273}",1826,0.27647574713499556,1.0,1849,0,,0.9875608436992969,,False,0.0,G,/home/he/output/ltv_gv_independent_20261009T050259/w0/results/w0_single_representative_MH_05_difficult_G_G5_V0_20261009T050430_5fd40d90,single_representative,0.608109711959589,0.504733918569869,,,0.08447997238478777,,w0_single_representative_MH_05_difficult_G_G5_V0_20261009T050430_5fd40d90,1826,MH_05_difficult,VALID_FULL_MATCHED,4.996003610813204e-16,0.4757652909229677,"{'requested_opencv_threads': 1, 'actual_opencv_threads': 1}"
,6,0,0.27654875288737607,"{'errors': [], 'actual_G': 1638, 'actual_V': 0, 'actual_L': 0, 'output_rows': 1849, 'camera_packets': 2273}",1826,0.27654875288737607,1.0,1849,0,,0.9875608436992969,,False,0.0,G,/home/he/output/ltv_gv_independent_20261009T050259/w3/results/w3_single_representative_MH_05_difficult_G_G6_V0_20261009T050502_c9c72c66,single_representative,0.6082631345606154,0.5048834784744518,,,0.11090812327221311,,w3_single_representative_MH_05_difficult_G_G6_V0_20261009T050502_c9c72c66,1826,MH_05_difficult,VALID_FULL_MATCHED,5.551115123125783e-17,0.4759059265436986,"{'requested_opencv_threads': 1, 'actual_opencv_threads': 1}"
,8,0,0.2764235024458151,"{'errors': [], 'actual_G': 1638, 'actual_V': 0, 'actual_L': 0, 'output_rows': 1849, 'camera_packets': 2273}",1826,0.2764235024458151,1.0,1849,0,,0.9875608436992969,,False,0.0,G,/home/he/output/ltv_gv_independent_20261009T050259/w0/results/w0_single_representative_MH_05_difficult_G_G8_V0_20261009T050541_df6bbd9d,single_representative,0.6080031868252781,0.5046992514837211,,,0.06556734586282698,,w0_single_representative_MH_05_difficult_G_G8_V0_20261009T050541_df6bbd9d,1826,MH_05_difficult,VALID_FULL_MATCHED,5.551115123125783e-16,0.4757061440907079,"{'requested_opencv_threads': 1, 'actual_opencv_threads': 1}"
,10,0,0.2763877321931446,"{'errors': [], 'actual_G': 1638, 'actual_V': 0, 'actual_L': 0, 'output_rows': 1849, 'camera_packets': 2273}",1826,0.2763877321931446,1.0,1849,0,,0.9875608436992969,,False,0.0,G,/home/he/output/ltv_gv_independent_20261009T050259/w2/results/w2_extra_single_representative_MH_05_difficult_G_G10_V0_20261009T065243_c461885d,extra_single_representative,0.6079308833290944,0.50467263703209,,,0.05261848082094289,,w2_extra_single_representative_MH_05_difficult_G_G10_V0_20261009T065243_c461885d,1826,MH_05_difficult,VALID_FULL_MATCHED,1.3322676295501878e-15,0.47566334226896984,"{'requested_opencv_threads': 1, 'actual_opencv_threads': 1}"
,16,0,0.2762901580354305,"{'errors': [], 'actual_G': 1638, 'actual_V': 0, 'actual_L': 0, 'output_rows': 1849, 'camera_packets': 2273}",1826,0.2762901580354305,1.0,1849,0,,0.9875608436992969,,False,0.0,G,/home/he/output/ltv_gv_independent_20261009T050259/w5/results/w5_extra_single_representative_MH_05_difficult_G_G16_V0_20261009T065243_96fc6216,extra_single_representative,0.6077422304828434,0.5046106015107963,,,0.01729654414202031,,w5_extra_single_representative_MH_05_difficult_G_G16_V0_20261009T065243_96fc6216,1826,MH_05_difficult,VALID_FULL_MATCHED,4.996003610813204e-16,0.47555667529901896,"{'requested_opencv_threads': 1, 'actual_opencv_threads': 1}"
1,1,1,0.2757726485643375,"{'errors': [], 'actual_G': 1638, 'actual_V': 1576, 'actual_L': 0, 'output_rows': 1849, 'camera_packets': 2273}",1826,0.2757726485643375,1.0,1849,0,"{'G_reason:disabled': 424, 'V_reason:disabled': 424, 'G_reason:warmup_or_core_invalid': 98, 'V_reason:warmup_or_core_invalid': 98, 'G_reason:not_ready_G': 108, 'V_reason:not_ready_V': 170, 'G_reason:accepted': 1638, 'V_reason:accepted': 1576, 'G_reason:time_or_token': 5, 'V_reason:time_or_token': 5}",0.9875608436992969,8e6c44b0a9f793f9e61d5dd37ff533d79b58c5f6354f87d41d521eb4a0db24b3,True,0.0,GV,/tmp/ltv_gain_scan_20261009/w0/results/w0_full_MH_05_difficult_GV_1_20261009T023859_c1ff7627,,0.6068418389816442,0.503231499132671,,,-0.17004237014560664,0.0,w0_full_MH_05_difficult_GV_1_20261009T023859_c1ff7627,1826,MH_05_difficult,VALID_FULL_MATCHED,8.881784197001252e-16,0.47452909145487404,"{'actual_opencv_threads': 4, 'verification': 'inferred from frozen num_opencv_threads=4 and original VioManager constructor; post-construction metadata was absent', 'cpu_affinity_per_worker': 4}"
,1,2,0.27532027130624964,"{'errors': [], 'actual_G': 1638, 'actual_V': 1576, 'actual_L': 0, 'output_rows': 1849, 'camera_packets': 2273}",1826,0.27532027130624964,1.0,1849,0,,0.9875608436992969,,False,0.0,GV,/home/he/output/ltv_gv_independent_20261009T050259/w2/results/w2_joint_representative_MH_05_difficult_GV_G1_V2_20261009T053306_8d9faf5a,joint_representative,0.6060123982449541,0.5021688298433993,,,-0.3338033621900438,,w2_joint_representative_MH_05_difficult_GV_G1_V2_20261009T053306_8d9faf5a,1826,MH_05_difficult,VALID_FULL_MATCHED,6.661338147750939e-16,0.47369868280205507,"{'requested_opencv_threads': 1, 'actual_opencv_threads': 1}"
,1,3,0.2748383124030991,"{'errors': [], 'actual_G': 1638, 'actual_V': 1576, 'actual_L': 0, 'output_rows': 1849, 'camera_packets': 2273}",1826,0.2748383124030991,1.0,1849,0,,0.9875608436992969,,False,0.0,GV,/home/he/output/ltv_gv_independent_20261009T050259/w5/results/w5_joint_representative_MH_05_difficult_GV_G1_V3_20261009T053306_806dc69b,joint_representative,0.6053257770562878,0.5013096657110977,,,-0.5082729375135209,,w5_joint_representative_MH_05_difficult_GV_G1_V3_20261009T053306_806dc69b,1826,MH_05_difficult,VALID_FULL_MATCHED,1.1102230246251565e-16,0.47304772664370087,"{'requested_opencv_threads': 1, 'actual_opencv_threads': 1}"
,1,4,0.2743837672845749,"{'errors': [], 'actual_G': 1638, 'actual_V': 1576, 'actual_L': 0, 'output_rows': 1849, 'camera_packets': 2273}",1826,0.2743837672845749,1.0,1849,0,,0.9875608436992969,,False,0.0,GV,/home/he/output/ltv_gv_independent_20261009T050259/w1/results/w1_joint_representative_MH_05_difficult_GV_G1_V4_20261009T053350_5edaf352,joint_representative,0.6045186152697126,0.5002482642391877,,,-0.6728186970707428,,w1_joint_representative_MH_05_difficult_GV_G1_V4_20261009T053350_5edaf352,1826,MH_05_difficult,VALID_FULL_MATCHED,3.885780586188048e-16,0.4722179003461825,"{'requested_opencv_threads': 1, 'actual_opencv_threads': 1}"
,1,5,0.27396861408565854,"{'errors': [], 'actual_G': 1638, 'actual_V': 1576, 'actual_L': 0, 'output_rows': 1849, 'camera_packets': 2273}",1826,0.27396861408565854,1.0,1849,0,,0.9875608436992969,,False,0.0,GV,/home/he/output/ltv_gv_independent_20261009T050259/w0/results/w0_joint_representative_MH_05_difficult_GV_G1_V5_20261009T053409_ffc32f85,joint_representative,0.6038092485624129,0.4992559963475825,,,-0.8231045447553487,,w0_joint_representative_MH_05_difficult_GV_G1_V5_20261009T053409_ffc32f85,1826,MH_05_difficult,VALID_FULL_MATCHED,2.220446049250313e-16,0.4714533199142127,"{'requested_opencv_threads': 1, 'actual_opencv_threads': 1}"
,1,6,0.27351801646891455,"{'errors': [], 'actual_G': 1638, 'actual_V': 1576, 'actual_L': 0, 'output_rows': 1849, 'camera_packets': 2273}",1826,0.27351801646891455,1.0,1849,0,,0.9875608436992969,,False,0.0,GV,/home/he/output/ltv_gv_independent_20261009T050259/w5/results/w5_joint_representative_MH_05_difficult_GV_G1_V6_20261009T053422_9cf971a8,joint_representative,0.6030227062874229,0.4981998184962245,,,-0.9862213049628754,,w5_joint_representative_MH_05_difficult_GV_G1_V6_20261009T053422_9cf971a8,1826,MH_05_difficult,VALID_FULL_MATCHED,4.440892098500626e-16,0.47062806244246613,"{'requested_opencv_threads': 1, 'actual_opencv_threads': 1}"
,1,8,0.2726226440292934,"{'errors': [], 'actual_G': 1638, 'actual_V': 1576, 'actual_L': 0, 'output_rows': 1849, 'camera_packets': 2273}",1826,0.2726226440292934,1.0,1849,0,,0.9875608436992969,,False,0.0,GV,/home/he/output/ltv_gv_independent_20261009T050259/w3/results/w3_joint_representative_MH_05_difficult_GV_G1_V8_20261009T053452_349aaab4,joint_representative,0.6014902195705192,0.49610107702240286,,,-1.3103469685326719,,w3_joint_representative_MH_05_difficult_GV_G1_V8_20261009T053452_349aaab4,1826,MH_05_difficult,VALID_FULL_MATCHED,1.1102230246251565e-16,0.4689917959280402,"{'requested_opencv_threads': 1, 'actual_opencv_threads': 1}"
,2,1,0.2757556415040098,"{'errors': [], 'actual_G': 1638, 'actual_V': 1576, 'actual_L': 0, 'output_rows': 1849, 'camera_packets': 2273}",1826,0.2757556415040098,1.0,1849,0,,0.9875608436992969,,False,0.0,GV,/home/he/output/ltv_gv_independent_20261009T050259/w0/results/w0_joint_representative_MH_05_difficult_GV_G2_V1_20261009T053525_ab0f53e3,joint_representative,0.60680253678853,0.5032190602701373,,,-0.1761989419476362,,w0_joint_representative_MH_05_difficult_GV_G2_V1_20261009T053525_ab0f53e3,1826,MH_05_difficult,VALID_FULL_MATCHED,0.0,0.4745075678175299,"{'requested_opencv_threads': 1, 'actual_opencv_threads': 1}"
2,2,2,0.275270619527056,"{'errors': [], 'actual_G': 1638, 'actual_V': 1576, 'actual_L': 0, 'output_rows': 1849, 'camera_packets': 2273}",1826,0.275270619527056,1.0,1849,0,"{'G_reason:disabled': 424, 'V_reason:disabled': 424, 'G_reason:warmup_or_core_invalid': 98, 'V_reason:warmup_or_core_invalid': 98, 'G_reason:not_ready_G': 108, 'V_reason:not_ready_V': 170, 'G_reason:accepted': 1638, 'V_reason:accepted': 1576, 'G_reason:time_or_token': 5, 'V_reason:time_or_token': 5}",0.9875608436992969,8e6c44b0a9f793f9e61d5dd37ff533d79b58c5f6354f87d41d521eb4a0db24b3,True,0.0,GV,/tmp/ltv_gain_scan_20261009/w0/results/w0_full_MH_05_difficult_GV_2_20261009T024307_82c06f50,,0.6060994538579476,0.5023551294010244,,,-0.35177735286298084,-0.18204453556036615,w0_full_MH_05_difficult_GV_2_20261009T024307_82c06f50,1826,MH_05_difficult,VALID_FULL_MATCHED,2.7755575615628914e-16,0.4738516497675868,"{'actual_opencv_threads': 4, 'verification': 'inferred from frozen num_opencv_threads=4 and original VioManager constructor; post-construction metadata was absent', 'cpu_affinity_per_worker': 4}"
,2,3,0.27481729281664025,"{'errors': [], 'actual_G': 1638, 'actual_V': 1576, 'actual_L': 0, 'output_rows': 1849, 'camera_packets': 2273}",1826,0.27481729281664025,1.0,1849,0,,0.9875608436992969,,False,0.0,GV,/home/he/output/ltv_gv_independent_20261009T050259/w7/results/w7_joint_representative_MH_05_difficult_GV_G2_V3_20261009T053548_4007cab2,joint_representative,0.6052873551426996,0.5012939207152641,,,-0.5158820475413162,,w7_joint_representative_MH_05_difficult_GV_G2_V3_20261009T053548_4007cab2,1826,MH_05_difficult,VALID_FULL_MATCHED,5.551115123125783e-16,0.4730235828903187,"{'requested_opencv_threads': 1, 'actual_opencv_threads': 1}"
,2,4,0.2743634971923654,"{'errors': [], 'actual_G': 1638, 'actual_V': 1576, 'actual_L': 0, 'output_rows': 1849, 'camera_packets': 2273}",1826,0.2743634971923654,1.0,1849,0,,0.9875608436992969,,False,0.0,GV,/home/he/output/ltv_gv_independent_20261009T050259/w3/results/w3_joint_representative_MH_05_difficult_GV_G2_V4_20261009T053608_248bb7b4,joint_representative,0.6044839112372241,0.5002341230518066,,,-0.6801564894767798,,w3_joint_representative_MH_05_difficult_GV_G2_V4_20261009T053608_248bb7b4,1826,MH_05_difficult,VALID_FULL_MATCHED,8.881784197001252e-16,0.47219597070477504,"{'requested_opencv_threads': 1, 'actual_opencv_threads': 1}"
,2,5,0.2739463052514087,"{'errors': [], 'actual_G': 1638, 'actual_V': 1576, 'actual_L': 0, 'output_rows': 1849, 'camera_packets': 2273}",1826,0.2739463052514087,1.0,1849,0,,0.9875608436992969,,False,0.0,GV,/home/he/output/ltv_gv_independent_20261009T050259/w4/results/w4_joint_representative_MH_05_difficult_GV_G2_V5_20261009T053635_65d7ef4e,joint_representative,0.6037664972335486,0.4992320937074722,,,-0.8311803636936288,,w4_joint_representative_MH_05_difficult_GV_G2_V5_20261009T053635_65d7ef4e,1826,MH_05_difficult,VALID_FULL_MATCHED,4.440892098500626e-16,0.4714232736226339,"{'requested_opencv_threads': 1, 'actual_opencv_threads': 1}"
,2,6,0.2734935465760312,"{'errors': [], 'actual_G': 1638, 'actual_V': 1576, 'actual_L': 0, 'output_rows': 1849, 'camera_packets': 2273}",1826,0.2734935465760312,1.0,1849,0,,0.9875608436992969,,False,0.0,GV,/home/he/output/ltv_gv_independent_20261009T050259/w1/results/w1_joint_representative_MH_05_difficult_GV_G2_V6_20261009T053650_86530d59,joint_representative,0.6029849408712848,0.4981783674746566,,,-0.9950794291549214,,w1_joint_representative_MH_05_difficult_GV_G2_V6_20261009T053650_86530d59,1826,MH_05_difficult,VALID_FULL_MATCHED,5.551115123125783e-16,0.4705993441089958,"{'requested_opencv_threads': 1, 'actual_opencv_threads': 1}"
,2,8,0.27259658412623916,"{'errors': [], 'actual_G': 1638, 'actual_V': 1576, 'actual_L': 0, 'output_rows': 1849, 'camera_packets': 2273}",1826,0.27259658412623916,1.0,1849,0,,0.9875608436992969,,False,0.0,GV,/home/he/output/ltv_gv_independent_20261009T050259/w2/results/w2_joint_representative_MH_05_difficult_GV_G2_V8_20261009T053733_350b6a09,joint_representative,0.6014424692047632,0.49607255784672405,,,-1.3197806778990295,,w2_joint_representative_MH_05_difficult_GV_G2_V8_20261009T053733_350b6a09,1826,MH_05_difficult,VALID_FULL_MATCHED,2.7755575615628914e-16,0.4689559594962709,"{'requested_opencv_threads': 1, 'actual_opencv_threads': 1}"
,3,1,0.2760568109538437,"{'errors': [], 'actual_G': 1638, 'actual_V': 1576, 'actual_L': 0, 'output_rows': 1849, 'camera_packets': 2273}",1826,0.2760568109538437,1.0,1849,0,,0.9875608436992969,,False,0.0,GV,/home/he/output/ltv_gv_independent_20261009T050259/w4/results/w4_joint_representative_MH_05_difficult_GV_G3_V1_20261009T053751_f24a2ab6,joint_representative,0.6073415285039439,0.5036927811204581,,,-0.06717531841988755,,w4_joint_representative_MH_05_difficult_GV_G3_V1_20261009T053751_f24a2ab6,1826,MH_05_difficult,VALID_FULL_MATCHED,5.551115123125783e-16,0.4749733322087589,"{'requested_opencv_threads': 1, 'actual_opencv_threads': 1}"
,3,2,0.27560134197766073,"{'errors': [], 'actual_G': 1638, 'actual_V': 1576, 'actual_L': 0, 'output_rows': 1849, 'camera_packets': 2273}",1826,0.27560134197766073,1.0,1849,0,,0.9875608436992969,,False,0.0,GV,/home/he/output/ltv_gv_independent_20261009T050259/w1/results/w1_joint_representative_MH_05_difficult_GV_G3_V2_20261009T053806_f6ded09c,joint_representative,0.6065137089657184,0.5026289965014963,,,-0.2320555153167536,,w1_joint_representative_MH_05_difficult_GV_G3_V2_20261009T053806_f6ded09c,1826,MH_05_difficult,VALID_FULL_MATCHED,1.6653345369377348e-16,0.4741426361448635,"{'requested_opencv_threads': 1, 'actual_opencv_threads': 1}"
,3,3,0.27514817771787303,"{'errors': [], 'actual_G': 1638, 'actual_V': 1576, 'actual_L': 0, 'output_rows': 1849, 'camera_packets': 2273}",1826,0.27514817771787303,1.0,1849,0,,0.9875608436992969,,False,0.0,GV,/home/he/output/ltv_gv_independent_20261009T050259/w5/results/w5_joint_representative_MH_05_difficult_GV_G3_V3_20261009T053849_43cf4690,joint_representative,0.6056975668111715,0.50156729210727,,,-0.3961014027152543,,w5_joint_representative_MH_05_difficult_GV_G3_V3_20261009T053849_43cf4690,1826,MH_05_difficult,VALID_FULL_MATCHED,3.3306690738754696e-16,0.4733126980082931,"{'requested_opencv_threads': 1, 'actual_opencv_threads': 1}"
,3,4,0.27469571652555663,"{'errors': [], 'actual_G': 1638, 'actual_V': 1576, 'actual_L': 0, 'output_rows': 1849, 'camera_packets': 2273}",1826,0.27469571652555663,1.0,1849,0,,0.9875608436992969,,False,0.0,GV,/home/he/output/ltv_gv_independent_20261009T050259/w4/results/w4_joint_representative_MH_05_difficult_GV_G3_V4_20261009T053907_4b5c53f9,joint_representative,0.6049025439337866,0.5005128061588556,,,-0.5598927790292141,,w4_joint_representative_MH_05_difficult_GV_G3_V4_20261009T053907_4b5c53f9,1826,MH_05_difficult,VALID_FULL_MATCHED,1.6653345369377348e-16,0.4724903569742419,"{'requested_opencv_threads': 1, 'actual_opencv_threads': 1}"
,3,5,0.27424510917795386,"{'errors': [], 'actual_G': 1638, 'actual_V': 1576, 'actual_L': 0, 'output_rows': 1849, 'camera_packets': 2273}",1826,0.27424510917795386,1.0,1849,0,,0.9875608436992969,,False,0.0,GV,/home/he/output/ltv_gv_independent_20261009T050259/w0/results/w0_joint_representative_MH_05_difficult_GV_G3_V5_20261009T053927_69b0a65e,joint_representative,0.6041094116777306,0.49945499104706176,,,-0.7230130618167685,,w0_joint_representative_MH_05_difficult_GV_G3_V5_20261009T053927_69b0a65e,1826,MH_05_difficult,VALID_FULL_MATCHED,2.220446049250313e-16,0.47166406803778577,"{'requested_opencv_threads': 1, 'actual_opencv_threads': 1}"
,3,6,0.27382263406254065,"{'errors': [], 'actual_G': 1638, 'actual_V': 1576, 'actual_L': 0, 'output_rows': 1849, 'camera_packets': 2273}",1826,0.27382263406254065,1.0,1849,0,,0.9875608436992969,,False,0.0,GV,/home/he/output/ltv_gv_independent_20261009T050259/w7/results/w7_joint_representative_MH_05_difficult_GV_G3_V6_20261009T054002_3145c89b,joint_representative,0.603399440588749,0.4984518200442323,,,-0.8759494501458187,,w7_joint_representative_MH_05_difficult_GV_G3_V6_20261009T054002_3145c89b,1826,MH_05_difficult,VALID_FULL_MATCHED,1.1102230246251565e-16,0.47088878804301865,"{'requested_opencv_threads': 1, 'actual_opencv_threads': 1}"
,3,8,0.2729241544119357,"{'errors': [], 'actual_G': 1638, 'actual_V': 1576, 'actual_L': 0, 'output_rows': 1849, 'camera_packets': 2273}",1826,0.2729241544119357,1.0,1849,0,,0.9875608436992969,,False,0.0,GV,/home/he/output/ltv_gv_independent_20261009T050259/w3/results/w3_joint_representative_MH_05_difficult_GV_G3_V8_20261009T054009_58678ea3,joint_representative,0.601861253308139,0.49634794325251597,,,-1.2011999270083007,,w3_joint_representative_MH_05_difficult_GV_G3_V8_20261009T054009_58678ea3,1826,MH_05_difficult,VALID_FULL_MATCHED,4.440892098500626e-16,0.46924766516339134,"{'requested_opencv_threads': 1, 'actual_opencv_threads': 1}"
,4,1,0.2760360718792044,"{'errors': [], 'actual_G': 1638, 'actual_V': 1576, 'actual_L': 0, 'output_rows': 1849, 'camera_packets': 2273}",1826,0.2760360718792044,1.0,1849,0,,0.9875608436992969,,False,0.0,GV,/home/he/output/ltv_gv_independent_20261009T050259/w0/results/w0_joint_representative_MH_05_difficult_GV_G4_V1_20261009T054042_af7a3977,joint_representative,0.6073009615813032,0.5036762401787264,,,-0.07468288290570779,,w0_joint_representative_MH_05_difficult_GV_G4_V1_20261009T054042_af7a3977,1826,MH_05_difficult,VALID_FULL_MATCHED,1.2212453270876722e-15,0.474948581431986,"{'requested_opencv_threads': 1, 'actual_opencv_threads': 1}"
,4,2,0.2755835358901111,"{'errors': [], 'actual_G': 1638, 'actual_V': 1576, 'actual_L': 0, 'output_rows': 1849, 'camera_packets': 2273}",1826,0.2755835358901111,1.0,1849,0,,0.9875608436992969,,False,0.0,GV,/home/he/output/ltv_gv_independent_20261009T050259/w5/results/w5_joint_representative_MH_05_difficult_GV_G4_V2_20261009T054105_bd55e468,joint_representative,0.6064776340134574,0.5026162868229388,,,-0.23850133572312915,,w5_joint_representative_MH_05_difficult_GV_G4_V2_20261009T054105_bd55e468,1826,MH_05_difficult,VALID_FULL_MATCHED,6.106226635438361e-16,0.47412130482461706,"{'requested_opencv_threads': 1, 'actual_opencv_threads': 1}"
,4,3,0.27512816309621163,"{'errors': [], 'actual_G': 1638, 'actual_V': 1576, 'actual_L': 0, 'output_rows': 1849, 'camera_packets': 2273}",1826,0.27512816309621163,1.0,1849,0,,0.9875608436992969,,False,0.0,GV,/home/he/output/ltv_gv_independent_20261009T050259/w3/results/w3_joint_representative_MH_05_difficult_GV_G4_V3_20261009T054125_8d1c0cb1,joint_representative,0.6056617981941737,0.5015511891171571,,,-0.4033467145430847,,w3_joint_representative_MH_05_difficult_GV_G4_V3_20261009T054125_8d1c0cb1,1826,MH_05_difficult,VALID_FULL_MATCHED,3.885780586188048e-16,0.4732889578713208,"{'requested_opencv_threads': 1, 'actual_opencv_threads': 1}"
4,4,4,0.27476243304896025,"{'errors': [], 'actual_G': 1638, 'actual_V': 1576, 'actual_L': 0, 'output_rows': 1849, 'camera_packets': 2273}",1826,0.27476243304896025,1.0,1849,0,"{'G_reason:disabled': 424, 'V_reason:disabled': 424, 'G_reason:warmup_or_core_invalid': 98, 'V_reason:warmup_or_core_invalid': 98, 'G_reason:not_ready_G': 108, 'V_reason:not_ready_V': 170, 'G_reason:accepted': 1638, 'V_reason:accepted': 1576, 'G_reason:time_or_token': 5, 'V_reason:time_or_token': 5}",0.9875608436992969,8e6c44b0a9f793f9e61d5dd37ff533d79b58c5f6354f87d41d521eb4a0db24b3,True,0.0,GV,/tmp/ltv_gain_scan_20261009/w0/results/w0_full_MH_05_difficult_GV_4_20261009T025455_b92e8235,,0.6050463364178216,0.5006508698681487,,,-0.535741334934714,-0.36632186717441284,w0_full_MH_05_difficult_GV_4_20261009T025455_b92e8235,1826,MH_05_difficult,VALID_FULL_MATCHED,4.996003610813204e-16,0.47261969654589003,"{'actual_opencv_threads': 4, 'verification': 'inferred from frozen num_opencv_threads=4 and original VioManager constructor; post-construction metadata was absent', 'cpu_affinity_per_worker': 4}"
,4,5,0.2743116614652614,"{'errors': [], 'actual_G': 1638, 'actual_V': 1576, 'actual_L': 0, 'output_rows': 1849, 'camera_packets': 2273}",1826,0.2743116614652614,1.0,1849,0,,0.9875608436992969,,False,0.0,GV,/home/he/output/ltv_gv_independent_20261009T050259/w7/results/w7_joint_representative_MH_05_difficult_GV_G4_V5_20261009T054203_9ebc3b5a,joint_representative,0.6042588857702166,0.49959703381567866,,,-0.6989210713431948,,w7_joint_representative_MH_05_difficult_GV_G4_V5_20261009T054203_9ebc3b5a,1826,MH_05_difficult,VALID_FULL_MATCHED,7.771561172376096e-16,0.47179698122949715,"{'requested_opencv_threads': 1, 'actual_opencv_threads': 1}"
,4,6,0.27379986208660884,"{'errors': [], 'actual_G': 1638, 'actual_V': 1576, 'actual_L': 0, 'output_rows': 1849, 'camera_packets': 2273}",1826,0.27379986208660884,1.0,1849,0,,0.9875608436992969,,False,0.0,GV,/home/he/output/ltv_gv_independent_20261009T050259/w2/results/w2_joint_representative_MH_05_difficult_GV_G4_V6_20261009T054216_ddacc282,joint_representative,0.603359103007902,0.4984311899979743,,,-0.884192926807692,,w2_joint_representative_MH_05_difficult_GV_G4_V6_20261009T054216_ddacc282,1826,MH_05_difficult,VALID_FULL_MATCHED,6.661338147750939e-16,0.47086069265353736,"{'requested_opencv_threads': 1, 'actual_opencv_threads': 1}"
,4,8,0.2729020929946545,"{'errors': [], 'actual_G': 1638, 'actual_V': 1576, 'actual_L': 0, 'output_rows': 1849, 'camera_packets': 2273}",1826,0.2729020929946545,1.0,1849,0,,0.9875608436992969,,False,0.0,GV,/home/he/output/ltv_gv_independent_20261009T050259/w0/results/w0_joint_representative_MH_05_difficult_GV_G4_V8_20261009T054242_b147b966,joint_representative,0.6018256145502991,0.4963306913438654,,,-1.209186180771682,,w0_joint_representative_MH_05_difficult_GV_G4_V8_20261009T054242_b147b966,1826,MH_05_difficult,VALID_FULL_MATCHED,9.43689570931383e-16,0.4692224629909025,"{'requested_opencv_threads': 1, 'actual_opencv_threads': 1}"
,5,1,0.2760193049288103,"{'errors': [], 'actual_G': 1638, 'actual_V': 1576, 'actual_L': 0, 'output_rows': 1849, 'camera_packets': 2273}",1826,0.2760193049288103,1.0,1849,0,,0.9875608436992969,,False,0.0,GV,/home/he/output/ltv_gv_independent_20261009T050259/w6/results/w6_joint_representative_MH_05_difficult_GV_G5_V1_20261009T054315_d41b8392,joint_representative,0.607266867975314,0.503664760592989,,,-0.08075253468640131,,w6_joint_representative_MH_05_difficult_GV_G5_V1_20261009T054315_d41b8392,1826,MH_05_difficult,VALID_FULL_MATCHED,3.3306690738754696e-16,0.4749301299095964,"{'requested_opencv_threads': 1, 'actual_opencv_threads': 1}"
,5,2,0.27556473430519474,"{'errors': [], 'actual_G': 1638, 'actual_V': 1576, 'actual_L': 0, 'output_rows': 1849, 'camera_packets': 2273}",1826,0.27556473430519474,1.0,1849,0,,0.9875608436992969,,False,0.0,GV,/home/he/output/ltv_gv_independent_20261009T050259/w2/results/w2_joint_representative_MH_05_difficult_GV_G5_V2_20261009T054332_6b4064d7,joint_representative,0.6064461639679503,0.5026062811471745,,,-0.24530752711064974,,w2_joint_representative_MH_05_difficult_GV_G5_V2_20261009T054332_6b4064d7,1826,MH_05_difficult,VALID_FULL_MATCHED,2.220446049250313e-16,0.47410302497777174,"{'requested_opencv_threads': 1, 'actual_opencv_threads': 1}"
,5,3,0.27510555542021276,"{'errors': [], 'actual_G': 1638, 'actual_V': 1576, 'actual_L': 0, 'output_rows': 1849, 'camera_packets': 2273}",1826,0.27510555542021276,1.0,1849,0,,0.9875608436992969,,False,0.0,GV,/home/he/output/ltv_gv_independent_20261009T050259/w0/results/w0_joint_representative_MH_05_difficult_GV_G5_V3_20261009T054357_397b9062,joint_representative,0.6056202497259221,0.5015328008690714,,,-0.4115307144750058,,w0_joint_representative_MH_05_difficult_GV_G5_V3_20261009T054357_397b9062,1826,MH_05_difficult,VALID_FULL_MATCHED,3.3306690738754696e-16,0.4732631203128215,"{'requested_opencv_threads': 1, 'actual_opencv_threads': 1}"
,5,4,0.2746549061199401,"{'errors': [], 'actual_G': 1638, 'actual_V': 1576, 'actual_L': 0, 'output_rows': 1849, 'camera_packets': 2273}",1826,0.2746549061199401,1.0,1849,0,,0.9875608436992969,,False,0.0,GV,/home/he/output/ltv_gv_independent_20261009T050259/w5/results/w5_joint_representative_MH_05_difficult_GV_G5_V4_20261009T054422_e41f401c,joint_representative,0.604828776765249,0.5004801796567093,,,-0.5746661841684375,,w5_joint_representative_MH_05_difficult_GV_G5_V4_20261009T054422_e41f401c,1826,MH_05_difficult,VALID_FULL_MATCHED,1.1102230246251565e-16,0.472442288700057,"{'requested_opencv_threads': 1, 'actual_opencv_threads': 1}"
,5,5,0.27422948951313697,"{'errors': [], 'actual_G': 1638, 'actual_V': 1576, 'actual_L': 0, 'output_rows': 1849, 'camera_packets': 2273}",1826,0.27422948951313697,1.0,1849,0,,0.9875608436992969,,False,0.0,GV,/home/he/output/ltv_gv_independent_20261009T050259/w3/results/w3_joint_representative_MH_05_difficult_GV_G5_V5_20261009T054449_f3aacb5e,joint_representative,0.6040992670914785,0.49946859507854424,,,-0.7286673951416245,,w3_joint_representative_MH_05_difficult_GV_G5_V5_20261009T054449_f3aacb5e,1826,MH_05_difficult,VALID_FULL_MATCHED,2.220446049250313e-16,0.4716589955769554,"{'requested_opencv_threads': 1, 'actual_opencv_threads': 1}"
,5,6,0.2737816227689105,"{'errors': [], 'actual_G': 1638, 'actual_V': 1576, 'actual_L': 0, 'output_rows': 1849, 'camera_packets': 2273}",1826,0.2737816227689105,1.0,1849,0,,0.9875608436992969,,False,0.0,GV,/home/he/output/ltv_gv_independent_20261009T050259/w6/results/w6_joint_representative_MH_05_difficult_GV_G5_V6_20261009T054516_99b56c89,joint_representative,0.6033307422022586,0.49842078232520953,,,-0.8907955769345333,,w6_joint_representative_MH_05_difficult_GV_G5_V6_20261009T054516_99b56c89,1826,MH_05_difficult,VALID_FULL_MATCHED,5.551115123125783e-17,0.47084314616175205,"{'requested_opencv_threads': 1, 'actual_opencv_threads': 1}"
,5,8,0.2728790231923572,"{'errors': [], 'actual_G': 1638, 'actual_V': 1576, 'actual_L': 0, 'output_rows': 1849, 'camera_packets': 2273}",1826,0.2728790231923572,1.0,1849,0,,0.9875608436992969,,False,0.0,GV,/home/he/output/ltv_gv_independent_20261009T050259/w5/results/w5_joint_representative_MH_05_difficult_GV_G5_V8_20261009T054537_22b8a431,joint_representative,0.6017898540503236,0.49631013614391173,,,-1.2175374708574105,,w5_joint_representative_MH_05_difficult_GV_G5_V8_20261009T054537_22b8a431,1826,MH_05_difficult,VALID_FULL_MATCHED,1.1102230246251565e-16,0.4691951717143933,"{'requested_opencv_threads': 1, 'actual_opencv_threads': 1}"
,6,1,0.2759970860938817,"{'errors': [], 'actual_G': 1638, 'actual_V': 1576, 'actual_L': 0, 'output_rows': 1849, 'camera_packets': 2273}",1826,0.2759970860938817,1.0,1849,0,,0.9875608436992969,,False,0.0,GV,/home/he/output/ltv_gv_independent_20261009T050259/w0/results/w0_joint_representative_MH_05_difficult_GV_G6_V1_20261009T054557_958b4fb7,joint_representative,0.6072281495266404,0.5036496142364841,,,-0.0887957737859213,,w0_joint_representative_MH_05_difficult_GV_G6_V1_20261009T054557_958b4fb7,1826,MH_05_difficult,VALID_FULL_MATCHED,1.6653345369377348e-16,0.4749057051407443,"{'requested_opencv_threads': 1, 'actual_opencv_threads': 1}"
,6,2,0.27563093687444346,"{'errors': [], 'actual_G': 1638, 'actual_V': 1576, 'actual_L': 0, 'output_rows': 1849, 'camera_packets': 2273}",1826,0.27563093687444346,1.0,1849,0,,0.9875608436992969,,False,0.0,GV,/home/he/output/ltv_gv_independent_20261009T050259/w2/results/w2_joint_representative_MH_05_difficult_GV_G6_V2_20261009T054631_bcc306fd,joint_representative,0.6065881262193442,0.502744965605866,,,-0.22134213490263566,,w2_joint_representative_MH_05_difficult_GV_G6_V2_20261009T054631_bcc306fd,1826,MH_05_difficult,VALID_FULL_MATCHED,6.661338147750939e-16,0.47423200510010644,"{'requested_opencv_threads': 1, 'actual_opencv_threads': 1}"
,6,3,0.27508935778126553,"{'errors': [], 'actual_G': 1638, 'actual_V': 1576, 'actual_L': 0, 'output_rows': 1849, 'camera_packets': 2273}",1826,0.27508935778126553,1.0,1849,0,,0.9875608436992969,,False,0.0,GV,/home/he/output/ltv_gv_independent_20261009T050259/w1/results/w1_joint_representative_MH_05_difficult_GV_G6_V3_20261009T054700_ca4a6d79,joint_representative,0.6055944457110685,0.5015259171180554,,,-0.4173942749775561,,w1_joint_representative_MH_05_difficult_GV_G6_V3_20261009T054700_ca4a6d79,1826,MH_05_difficult,VALID_FULL_MATCHED,7.216449660063518e-16,0.47324722111861806,"{'requested_opencv_threads': 1, 'actual_opencv_threads': 1}"
,6,4,0.2746319684713479,"{'errors': [], 'actual_G': 1638, 'actual_V': 1576, 'actual_L': 0, 'output_rows': 1849, 'camera_packets': 2273}",1826,0.2746319684713479,1.0,1849,0,,0.9875608436992969,,False,0.0,GV,/home/he/output/ltv_gv_independent_20261009T050259/w7/results/w7_joint_representative_MH_05_difficult_GV_G6_V4_20261009T054714_541ab3c0,joint_representative,0.6047856792104438,0.5004582248547209,,,-0.5829696344888613,,w7_joint_representative_MH_05_difficult_GV_G6_V4_20261009T054714_541ab3c0,1826,MH_05_difficult,VALID_FULL_MATCHED,6.106226635438361e-16,0.4724126503669825,"{'requested_opencv_threads': 1, 'actual_opencv_threads': 1}"
,6,5,0.27421089393374476,"{'errors': [], 'actual_G': 1638, 'actual_V': 1576, 'actual_L': 0, 'output_rows': 1849, 'camera_packets': 2273}",1826,0.27421089393374476,1.0,1849,0,,0.9875608436992969,,False,0.0,GV,/home/he/output/ltv_gv_independent_20261009T050259/w5/results/w5_joint_representative_MH_05_difficult_GV_G6_V5_20261009T054736_44140210,joint_representative,0.6040693555031795,0.49945312566077443,,,-0.7353990123360465,,w5_joint_representative_MH_05_difficult_GV_G6_V5_20261009T054736_44140210,1826,MH_05_difficult,VALID_FULL_MATCHED,7.216449660063518e-16,0.471638084925271,"{'requested_opencv_threads': 1, 'actual_opencv_threads': 1}"
,6,6,0.27376047456698366,"{'errors': [], 'actual_G': 1638, 'actual_V': 1576, 'actual_L': 0, 'output_rows': 1849, 'camera_packets': 2273}",1826,0.27376047456698366,1.0,1849,0,,0.9875608436992969,,False,0.0,GV,/home/he/output/ltv_gv_independent_20261009T050259/w3/results/w3_joint_representative_MH_05_difficult_GV_G6_V6_20261009T054807_a281fee4,joint_representative,0.6032983388093867,0.4984033183105228,,,-0.89845124588247,,w3_joint_representative_MH_05_difficult_GV_G6_V6_20261009T054807_a281fee4,1826,MH_05_difficult,VALID_FULL_MATCHED,0.0,0.47081837555170614,"{'requested_opencv_threads': 1, 'actual_opencv_threads': 1}"
,6,8,0.2728569156648778,"{'errors': [], 'actual_G': 1638, 'actual_V': 1576, 'actual_L': 0, 'output_rows': 1849, 'camera_packets': 2273}",1826,0.2728569156648778,1.0,1849,0,,0.9875608436992969,,False,0.0,GV,/home/he/output/ltv_gv_independent_20261009T050259/w0/results/w0_joint_representative_MH_05_difficult_GV_G6_V8_20261009T054839_4501282d,joint_representative,0.6017552454014764,0.4962927120471511,,,-1.225540416555826,,w0_joint_representative_MH_05_difficult_GV_G6_V8_20261009T054839_4501282d,1826,MH_05_difficult,VALID_FULL_MATCHED,3.885780586188048e-16,0.4691704400707353,"{'requested_opencv_threads': 1, 'actual_opencv_threads': 1}"
,8,1,0.27596160023210403,"{'errors': [], 'actual_G': 1638, 'actual_V': 1576, 'actual_L': 0, 'output_rows': 1849, 'camera_packets': 2273}",1826,0.27596160023210403,1.0,1849,0,,0.9875608436992969,,False,0.0,GV,/home/he/output/ltv_gv_independent_20261009T050259/w5/results/w5_joint_representative_MH_05_difficult_GV_G8_V1_20261009T054852_dbcd64ae,joint_representative,0.6071589161826234,0.5036251922007892,,,-0.10164168905766324,,w5_joint_representative_MH_05_difficult_GV_G8_V1_20261009T054852_dbcd64ae,1826,MH_05_difficult,VALID_FULL_MATCHED,1.2212453270876722e-15,0.4748653160357287,"{'requested_opencv_threads': 1, 'actual_opencv_threads': 1}"
,8,2,0.27550559338047464,"{'errors': [], 'actual_G': 1638, 'actual_V': 1576, 'actual_L': 0, 'output_rows': 1849, 'camera_packets': 2273}",1826,0.27550559338047464,1.0,1849,0,,0.9875608436992969,,False,0.0,GV,/home/he/output/ltv_gv_independent_20261009T050259/w1/results/w1_joint_representative_MH_05_difficult_GV_G8_V2_20261009T054917_ee5f44a5,joint_representative,0.6063353961449434,0.5025590230038808,,,-0.2667165973710084,,w1_joint_representative_MH_05_difficult_GV_G8_V2_20261009T054917_ee5f44a5,1826,MH_05_difficult,VALID_FULL_MATCHED,0.0,0.474032384113101,"{'requested_opencv_threads': 1, 'actual_opencv_threads': 1}"
,8,3,0.27504879011084726,"{'errors': [], 'actual_G': 1638, 'actual_V': 1576, 'actual_L': 0, 'output_rows': 1849, 'camera_packets': 2273}",1826,0.27504879011084726,1.0,1849,0,,0.9875608436992969,,False,0.0,GV,/home/he/output/ltv_gv_independent_20261009T050259/w0/results/w0_joint_representative_MH_05_difficult_GV_G8_V3_20261009T054955_843c2385,joint_representative,0.6055201950213223,0.5014918987520678,,,-0.43207980974716564,,w0_joint_representative_MH_05_difficult_GV_G8_V3_20261009T054955_843c2385,1826,MH_05_difficult,VALID_FULL_MATCHED,3.885780586188048e-16,0.47319897888228685,"{'requested_opencv_threads': 1, 'actual_opencv_threads': 1}"
,8,4,0.2745935475096703,"{'errors': [], 'actual_G': 1638, 'actual_V': 1576, 'actual_L': 0, 'output_rows': 1849, 'camera_packets': 2273}",1826,0.2745935475096703,1.0,1849,0,,0.9875608436992969,,False,0.0,GV,/home/he/output/ltv_gv_independent_20261009T050259/w5/results/w5_joint_representative_MH_05_difficult_GV_G8_V4_20261009T055008_2249e058,joint_representative,0.604716498612722,0.5004278216545432,,,-0.5968780586793732,,w5_joint_representative_MH_05_difficult_GV_G8_V4_20261009T055008_2249e058,1826,MH_05_difficult,VALID_FULL_MATCHED,2.220446049250313e-16,0.4723675408655756,"{'requested_opencv_threads': 1, 'actual_opencv_threads': 1}"
,8,5,0.2741720907858848,"{'errors': [], 'actual_G': 1638, 'actual_V': 1576, 'actual_L': 0, 'output_rows': 1849, 'camera_packets': 2273}",1826,0.2741720907858848,1.0,1849,0,,0.9875608436992969,,False,0.0,GV,/home/he/output/ltv_gv_independent_20261009T050259/w2/results/w2_joint_representative_MH_05_difficult_GV_G8_V5_20261009T055031_7f7c9f62,joint_representative,0.604005403646887,0.49942696337022896,,,-0.7494457882833094,,w2_joint_representative_MH_05_difficult_GV_G8_V5_20261009T055031_7f7c9f62,1826,MH_05_difficult,VALID_FULL_MATCHED,6.106226635438361e-16,0.47159523567264344,"{'requested_opencv_threads': 1, 'actual_opencv_threads': 1}"
,8,6,0.2737157439030117,"{'errors': [], 'actual_G': 1638, 'actual_V': 1576, 'actual_L': 0, 'output_rows': 1849, 'camera_packets': 2273}",1826,0.2737157439030117,1.0,1849,0,,0.9875608436992969,,False,0.0,GV,/home/he/output/ltv_gv_independent_20261009T050259/w3/results/w3_joint_representative_MH_05_difficult_GV_G8_V6_20261009T055106_8f8eb2d2,joint_representative,0.6032226913961763,0.49836295308330336,,,-0.9146437882260439,,w3_joint_representative_MH_05_difficult_GV_G8_V6_20261009T055106_8f8eb2d2,1826,MH_05_difficult,VALID_FULL_MATCHED,6.661338147750939e-16,0.4707646276925827,"{'requested_opencv_threads': 1, 'actual_opencv_threads': 1}"
,8,8,0.27281045282919897,"{'errors': [], 'actual_G': 1638, 'actual_V': 1576, 'actual_L': 0, 'output_rows': 1849, 'camera_packets': 2273}",1826,0.27281045282919897,1.0,1849,0,,0.9875608436992969,,False,0.0,GV,/home/he/output/ltv_gv_independent_20261009T050259/w4/results/w4_joint_representative_MH_05_difficult_GV_G8_V8_20261009T055127_e8bbe404,joint_representative,0.60168266567561,0.496250055651587,,,-1.242360006683163,,w4_joint_representative_MH_05_difficult_GV_G8_V8_20261009T055127_e8bbe404,1826,MH_05_difficult,VALID_FULL_MATCHED,4.440892098500626e-16,0.46911440754276756,"{'requested_opencv_threads': 1, 'actual_opencv_threads': 1}"
1,0,0,0.2762423776506412,"{'errors': [], 'actual_G': 0, 'actual_V': 0, 'actual_L': 0, 'output_rows': 1849, 'camera_packets': 2273}",1826,0.2762423776506412,1.0,1849,0,,0.9875608436992969,8e6c44b0a9f793f9e61d5dd37ff533d79b58c5f6354f87d41d521eb4a0db24b3,True,0.0,OFF,/tmp/ltv_gain_scan_20261009/w2/results/w2_full_MH_05_difficult_OFF_1_20261009T023612_d6361de6,,0.6077776810779352,0.5043733178359278,,,0.0,0.0,w2_full_MH_05_difficult_OFF_1_20261009T023612_d6361de6,1826,MH_05_difficult,VALID_FULL_MATCHED,7.771561172376096e-16,0.4754416672641789,"{'actual_opencv_threads': 4, 'verification': 'inferred from frozen num_opencv_threads=4 and original VioManager constructor; post-construction metadata was absent', 'cpu_affinity_per_worker': 4}"
1,0,1,0.2757957431498765,"{'errors': [], 'actual_G': 0, 'actual_V': 1576, 'actual_L': 0, 'output_rows': 1849, 'camera_packets': 2273}",1826,0.2757957431498765,1.0,1849,0,"{'G_reason:disabled': 2273, 'V_reason:disabled': 424, 'V_reason:warmup_or_core_invalid': 98, 'V_reason:not_ready_V': 170, 'V_reason:accepted': 1576, 'V_reason:time_or_token': 5}",0.9875608436992969,8e6c44b0a9f793f9e61d5dd37ff533d79b58c5f6354f87d41d521eb4a0db24b3,True,0.0,V,/tmp/ltv_gain_scan_20261009/w3/results/w3_full_MH_05_difficult_V_1_20261009T023851_9cfe9fc6,,0.6068843171789863,0.5032498706955079,,,-0.16168210850312503,0.0,w3_full_MH_05_difficult_V_1_20261009T023851_9cfe9fc6,1826,MH_05_difficult,VALID_FULL_MATCHED,1.1102230246251565e-16,0.4745556138138261,"{'actual_opencv_threads': 4, 'verification': 'inferred from frozen num_opencv_threads=4 and original VioManager constructor; post-construction metadata was absent', 'cpu_affinity_per_worker': 4}"
2,0,2,0.275343541196329,"{'errors': [], 'actual_G': 0, 'actual_V': 1576, 'actual_L': 0, 'output_rows': 1849, 'camera_packets': 2273}",1826,0.275343541196329,1.0,1849,0,"{'G_reason:disabled': 2273, 'V_reason:disabled': 424, 'V_reason:warmup_or_core_invalid': 98, 'V_reason:not_ready_V': 170, 'V_reason:accepted': 1576, 'V_reason:time_or_token': 5}",0.9875608436992969,8e6c44b0a9f793f9e61d5dd37ff533d79b58c5f6354f87d41d521eb4a0db24b3,True,0.0,V,/tmp/ltv_gain_scan_20261009/w3/results/w3_full_MH_05_difficult_V_2_20261009T024259_02cb520b,,0.6060581133335772,0.5021890531277217,,,-0.32537964013941156,-0.16396262987342647,w3_full_MH_05_difficult_V_2_20261009T024259_02cb520b,1826,MH_05_difficult,VALID_FULL_MATCHED,1.1102230246251565e-16,0.4737275185031312,"{'actual_opencv_threads': 4, 'verification': 'inferred from frozen num_opencv_threads=4 and original VioManager constructor; post-construction metadata was absent', 'cpu_affinity_per_worker': 4}"
,0,3,0.27485975895017284,"{'errors': [], 'actual_G': 0, 'actual_V': 1576, 'actual_L': 0, 'output_rows': 1849, 'camera_packets': 2273}",1826,0.27485975895017284,1.0,1849,0,,0.9875608436992969,,False,0.0,V,/home/he/output/ltv_gv_independent_20261009T050259/w0/results/w0_single_representative_MH_05_difficult_V_G0_V3_20261009T050652_608e0d3f,single_representative,0.6053592482403161,0.501324487433076,,,-0.5005092673423639,,w0_single_representative_MH_05_difficult_V_G0_V3_20261009T050652_608e0d3f,1826,MH_05_difficult,VALID_FULL_MATCHED,1.1657341758564144e-15,0.47307010016595874,"{'requested_opencv_threads': 1, 'actual_opencv_threads': 1}"
4,0,4,0.2744111052035264,"{'errors': [], 'actual_G': 0, 'actual_V': 1576, 'actual_L': 0, 'output_rows': 1849, 'camera_packets': 2273}",1826,0.2744111052035264,1.0,1849,0,"{'G_reason:disabled': 2273, 'V_reason:disabled': 424, 'V_reason:warmup_or_core_invalid': 98, 'V_reason:not_ready_V': 170, 'V_reason:accepted': 1576, 'V_reason:time_or_token': 5}",0.9875608436992969,8e6c44b0a9f793f9e61d5dd37ff533d79b58c5f6354f87d41d521eb4a0db24b3,True,0.0,V,/tmp/ltv_gain_scan_20261009/w3/results/w3_full_MH_05_difficult_V_4_20261009T025448_444d4487,,0.6045700491224709,0.5002759751535684,,,-0.6629223447500054,-0.5020519644487798,w3_full_MH_05_difficult_V_4_20261009T025448_444d4487,1826,MH_05_difficult,VALID_FULL_MATCHED,1.1102230246251565e-16,0.47225349417672097,"{'actual_opencv_threads': 4, 'verification': 'inferred from frozen num_opencv_threads=4 and original VioManager constructor; post-construction metadata was absent', 'cpu_affinity_per_worker': 4}"
,0,5,0.2739874872074319,"{'errors': [], 'actual_G': 0, 'actual_V': 1576, 'actual_L': 0, 'output_rows': 1849, 'camera_packets': 2273}",1826,0.2739874872074319,1.0,1849,0,,0.9875608436992969,,False,0.0,V,/home/he/output/ltv_gv_independent_20261009T050259/w2/results/w2_single_representative_MH_05_difficult_V_G0_V5_20261009T050717_9c519574,single_representative,0.6038373773524333,0.4992640590348512,,,-0.8162724569584445,,w2_single_representative_MH_05_difficult_V_G0_V5_20261009T050717_9c519574,1826,MH_05_difficult,VALID_FULL_MATCHED,2.220446049250313e-16,0.4714699839116749,"{'requested_opencv_threads': 1, 'actual_opencv_threads': 1}"
,0,6,0.27354199642020227,"{'errors': [], 'actual_G': 0, 'actual_V': 1576, 'actual_L': 0, 'output_rows': 1849, 'camera_packets': 2273}",1826,0.27354199642020227,1.0,1849,0,,0.9875608436992969,,False,0.0,V,/home/he/output/ltv_gv_independent_20261009T050259/w3/results/w3_single_representative_MH_05_difficult_V_G0_V6_20261009T050823_2cf935e9,single_representative,0.6030670609052446,0.4982195375722871,,,-0.9775405400883286,,w3_single_representative_MH_05_difficult_V_G0_V6_20261009T050823_2cf935e9,1826,MH_05_difficult,VALID_FULL_MATCHED,6.661338147750939e-16,0.47065649619319844,"{'requested_opencv_threads': 1, 'actual_opencv_threads': 1}"
,0,8,0.2726451207712245,"{'errors': [], 'actual_G': 0, 'actual_V': 1576, 'actual_L': 0, 'output_rows': 1849, 'camera_packets': 2273}",1826,0.2726451207712245,1.0,1849,0,,0.9875608436992969,,False,0.0,V,/home/he/output/ltv_gv_independent_20261009T050259/w1/results/w1_single_representative_MH_05_difficult_V_G0_V8_20261009T050845_62556a96,single_representative,0.6015261635733857,0.49611911303835377,,,-1.3022103668561935,,w1_single_representative_MH_05_difficult_V_G0_V8_20261009T050845_62556a96,1826,MH_05_difficult,VALID_FULL_MATCHED,7.771561172376096e-16,0.46901751052903023,"{'requested_opencv_threads': 1, 'actual_opencv_threads': 1}"
,0,10,0.2717972789324989,"{'errors': [], 'actual_G': 0, 'actual_V': 1576, 'actual_L': 0, 'output_rows': 1849, 'camera_packets': 2273}",1826,0.2717972789324989,1.0,1849,0,,0.9875608436992969,,False,0.0,V,/home/he/output/ltv_gv_independent_20261009T050259/w1/results/w1_extra_single_representative_MH_05_difficult_V_G0_V10_20261009T065329_fb8b56dd,extra_single_representative,0.5999979136387276,0.493997614845729,,,-1.6091299082879873,,w1_extra_single_representative_MH_05_difficult_V_G0_V10_20261009T065329_fb8b56dd,1826,MH_05_difficult,VALID_FULL_MATCHED,5.551115123125783e-16,0.4675913625241301,"{'requested_opencv_threads': 1, 'actual_opencv_threads': 1}"
,0,16,0.2676280166406475,"{'errors': [], 'actual_G': 0, 'actual_V': 1576, 'actual_L': 0, 'output_rows': 1849, 'camera_packets': 2273}",1826,0.2676280166406475,1.0,1849,0,,0.9875608436992969,,False,0.0,V,/home/he/output/ltv_gv_independent_20261009T050259/w0/results/w0_extra_single_representative_MH_05_difficult_V_G0_V16_20261009T065347_02295d22,extra_single_representative,0.595384958339319,0.48859234903257975,,,-3.1184067713492247,,w0_extra_single_representative_MH_05_difficult_V_G0_V16_20261009T065347_02295d22,1826,MH_05_difficult,VALID_FULL_MATCHED,5.551115123125783e-16,0.46346949975658036,"{'requested_opencv_threads': 1, 'actual_opencv_threads': 1}"
1,1,0,0.06424086900111257,"{'errors': [], 'actual_G': 2426, 'actual_V': 0, 'actual_L': 0, 'output_rows': 2800, 'camera_packets': 2912}",2780,0.06424086900111257,1.0,2800,0,"{'G_reason:disabled': 112, 'V_reason:disabled': 2912, 'G_reason:warmup_or_core_invalid': 22, 'G_reason:not_ready_G': 352, 'G_reason:accepted': 2426}",0.9928571428571429,8e6c44b0a9f793f9e61d5dd37ff533d79b58c5f6354f87d41d521eb4a0db24b3,True,0.0,G,/tmp/ltv_gain_scan_20261009/w3/results/w3_full_V1_01_easy_G_1_20261009T030459_b7b56e22,,0.13019720743905155,0.10405562860911176,,,-0.0030593506436416007,0.0,w3_full_V1_01_easy_G_1_20261009T030459_b7b56e22,2780,V1_01_easy,VALID_FULL_MATCHED,2.7755575615628914e-17,0.07799476520065846,"{'actual_opencv_threads': 4, 'verification': 'inferred from frozen num_opencv_threads=4 and original VioManager constructor; post-construction metadata was absent', 'cpu_affinity_per_worker': 4}"
2,2,0,0.06423874922447485,"{'errors': [], 'actual_G': 2426, 'actual_V': 0, 'actual_L': 0, 'output_rows': 2800, 'camera_packets': 2912}",2780,0.06423874922447485,1.0,2800,0,"{'G_reason:disabled': 112, 'V_reason:disabled': 2912, 'G_reason:warmup_or_core_invalid': 22, 'G_reason:not_ready_G': 352, 'G_reason:accepted': 2426}",0.9928571428571429,8e6c44b0a9f793f9e61d5dd37ff533d79b58c5f6354f87d41d521eb4a0db24b3,True,0.0,G,/tmp/ltv_gain_scan_20261009/w3/results/w3_full_V1_01_easy_G_2_20261009T031721_84ae953f,,0.13019048819906834,0.10405368088087687,,,-0.0063589818897313855,-0.0032997321964711723,w3_full_V1_01_easy_G_2_20261009T031721_84ae953f,2780,V1_01_easy,VALID_FULL_MATCHED,5.551115123125783e-17,0.0779977811241725,"{'actual_opencv_threads': 4, 'verification': 'inferred from frozen num_opencv_threads=4 and original VioManager constructor; post-construction metadata was absent', 'cpu_affinity_per_worker': 4}"
,3,0,0.0642366046329572,"{'errors': [], 'actual_G': 2426, 'actual_V': 0, 'actual_L': 0, 'output_rows': 2800, 'camera_packets': 2912}",2780,0.0642366046329572,1.0,2800,0,,0.9928571428571429,,False,0.0,G,/home/he/output/ltv_gv_independent_20261009T050259/w3/results/w3_single_full_V1_01_easy_G_G3_V0_20261009T051015_b9e76ba8,single_full,0.1301832729574572,0.1040515144285337,,,-0.009697239824935089,,w3_single_full_V1_01_easy_G_G3_V0_20261009T051015_b9e76ba8,2780,V1_01_easy,VALID_FULL_MATCHED,1.3877787807814457e-17,0.0780010398739231,"{'requested_opencv_threads': 1, 'actual_opencv_threads': 1}"
4,4,0,0.06423438006398278,"{'errors': [], 'actual_G': 2426, 'actual_V': 0, 'actual_L': 0, 'output_rows': 2800, 'camera_packets': 2912}",2780,0.06423438006398278,1.0,2800,0,"{'G_reason:disabled': 112, 'V_reason:disabled': 2912, 'G_reason:warmup_or_core_invalid': 22, 'G_reason:not_ready_G': 352, 'G_reason:accepted': 2426}",0.9928571428571429,8e6c44b0a9f793f9e61d5dd37ff533d79b58c5f6354f87d41d521eb4a0db24b3,True,0.0,G,/tmp/ltv_gain_scan_20261009/w3/results/w3_full_V1_01_easy_G_4_20261009T033317_fcbbda51,,0.13017654625925687,0.10404970201523352,,,-0.013159990176303538,-0.010100948556091005,w3_full_V1_01_easy_G_4_20261009T033317_fcbbda51,2780,V1_01_easy,VALID_FULL_MATCHED,2.7755575615628914e-17,0.07800423082222749,"{'actual_opencv_threads': 4, 'verification': 'inferred from frozen num_opencv_threads=4 and original VioManager constructor; post-construction metadata was absent', 'cpu_affinity_per_worker': 4}"
,5,0,0.06423253221705168,"{'errors': [], 'actual_G': 2426, 'actual_V': 0, 'actual_L': 0, 'output_rows': 2800, 'camera_packets': 2912}",2780,0.06423253221705168,1.0,2800,0,,0.9928571428571429,,False,0.0,G,/home/he/output/ltv_gv_independent_20261009T050259/w0/results/w0_single_full_V1_01_easy_G_G5_V0_20261009T051304_03e71395,single_full,0.1301710438782861,0.10404844631058296,,,-0.01603633731749321,,w0_single_full_V1_01_easy_G_G5_V0_20261009T051304_03e71395,2780,V1_01_easy,VALID_FULL_MATCHED,3.0531133177191805e-16,0.07800682089202768,"{'requested_opencv_threads': 1, 'actual_opencv_threads': 1}"
,6,0,0.06423050509908261,"{'errors': [], 'actual_G': 2426, 'actual_V': 0, 'actual_L': 0, 'output_rows': 2800, 'camera_packets': 2912}",2780,0.06423050509908261,1.0,2800,0,,0.9928571428571429,,False,0.0,G,/home/he/output/ltv_gv_independent_20261009T050259/w0/results/w0_single_full_V1_01_easy_G_G6_V0_20261009T051517_6a10289a,single_full,0.1301635909636429,0.10404639721919816,,,-0.01919173665118068,,w0_single_full_V1_01_easy_G_G6_V0_20261009T051517_6a10289a,2780,V1_01_easy,VALID_FULL_MATCHED,5.551115123125783e-17,0.07801076441186255,"{'requested_opencv_threads': 1, 'actual_opencv_threads': 1}"
,8,0,0.0642266503850413,"{'errors': [], 'actual_G': 2426, 'actual_V': 0, 'actual_L': 0, 'output_rows': 2800, 'camera_packets': 2912}",2780,0.0642266503850413,1.0,2800,0,,0.9928571428571429,,False,0.0,G,/home/he/output/ltv_gv_independent_20261009T050259/w0/results/w0_single_full_V1_01_easy_G_G8_V0_20261009T051730_d9280351,single_full,0.1301506433617462,0.1040430437920977,,,-0.025191960764003873,,w0_single_full_V1_01_easy_G_G8_V0_20261009T051730_d9280351,2780,V1_01_easy,VALID_FULL_MATCHED,3.0531133177191805e-16,0.07801732294437984,"{'requested_opencv_threads': 1, 'actual_opencv_threads': 1}"
,10,0,0.06422281257562433,"{'errors': [], 'actual_G': 2426, 'actual_V': 0, 'actual_L': 0, 'output_rows': 2800, 'camera_packets': 2912}",2780,0.06422281257562433,1.0,2800,0,,0.9928571428571429,,False,0.0,G,/home/he/output/ltv_gv_independent_20261009T050259/w3/results/w3_extra_single_full_V1_01_easy_G_G10_V0_20261009T065646_f88dc274,extra_single_full,0.13013791009309633,0.10403979211191791,,,-0.031165871242799792,,w3_extra_single_full_V1_01_easy_G_G10_V0_20261009T065646_f88dc274,2780,V1_01_easy,VALID_FULL_MATCHED,8.326672684688674e-17,0.07802338309307356,"{'requested_opencv_threads': 1, 'actual_opencv_threads': 1}"
,16,0,0.06421180453163426,"{'errors': [], 'actual_G': 2426, 'actual_V': 0, 'actual_L': 0, 'output_rows': 2800, 'camera_packets': 2912}",2780,0.06421180453163426,1.0,2800,0,,0.9928571428571429,,False,0.0,G,/home/he/output/ltv_gv_independent_20261009T050259/w3/results/w3_extra_single_full_V1_01_easy_G_G16_V0_20261009T065808_ff82a8a8,extra_single_full,0.1300997332757553,0.10403031715036151,,,-0.04830092465437641,,w3_extra_single_full_V1_01_easy_G_G16_V0_20261009T065808_ff82a8a8,2780,V1_01_easy,VALID_FULL_MATCHED,0.0,0.07804311081876941,"{'requested_opencv_threads': 1, 'actual_opencv_threads': 1}"
1,1,1,0.06424216418777416,"{'errors': [], 'actual_G': 2426, 'actual_V': 2407, 'actual_L': 0, 'output_rows': 2800, 'camera_packets': 2912}",2780,0.06424216418777416,1.0,2800,0,"{'G_reason:disabled': 112, 'V_reason:disabled': 112, 'G_reason:warmup_or_core_invalid': 22, 'V_reason:warmup_or_core_invalid': 22, 'G_reason:not_ready_G': 352, 'V_reason:not_ready_V': 371, 'G_reason:accepted': 2426, 'V_reason:accepted': 2407}",0.9928571428571429,8e6c44b0a9f793f9e61d5dd37ff533d79b58c5f6354f87d41d521eb4a0db24b3,True,0.0,GV,/tmp/ltv_gain_scan_20261009/w3/results/w3_full_V1_01_easy_GV_1_20261009T030955_8f299c43,,0.13020682674881995,0.10405677363024259,,,-0.0010432710708996318,0.0,w3_full_V1_01_easy_GV_1_20261009T030955_8f299c43,2780,V1_01_easy,VALID_FULL_MATCHED,4.163336342344337e-17,0.07797988952802747,"{'actual_opencv_threads': 4, 'verification': 'inferred from frozen num_opencv_threads=4 and original VioManager constructor; post-construction metadata was absent', 'cpu_affinity_per_worker': 4}"
,1,2,0.06424301580655553,"{'errors': [], 'actual_G': 2426, 'actual_V': 2407, 'actual_L': 0, 'output_rows': 2800, 'camera_packets': 2912}",2780,0.06424301580655553,1.0,2800,0,,0.9928571428571429,,False,0.0,GV,/home/he/output/ltv_gv_independent_20261009T050259/w3/results/w3_joint_full_V1_01_easy_GV_G1_V2_20261009T055238_33cddee1,joint_full,0.1302160832296194,0.10405745171471759,,,0.0002823534740459266,,w3_joint_full_V1_01_easy_GV_G1_V2_20261009T055238_33cddee1,2780,V1_01_easy,VALID_FULL_MATCHED,9.71445146547012e-17,0.07796377535007529,"{'requested_opencv_threads': 1, 'actual_opencv_threads': 1}"
,1,3,0.06424407141143106,"{'errors': [], 'actual_G': 2426, 'actual_V': 2407, 'actual_L': 0, 'output_rows': 2800, 'camera_packets': 2912}",2780,0.06424407141143106,1.0,2800,0,,0.9928571428571429,,False,0.0,GV,/home/he/output/ltv_gv_independent_20261009T050259/w3/results/w3_joint_full_V1_01_easy_GV_G1_V3_20261009T055400_0de81537,joint_full,0.13022654171440634,0.10405884523606243,,,0.0019255015156094402,,w3_joint_full_V1_01_easy_GV_G1_V3_20261009T055400_0de81537,2780,V1_01_easy,VALID_FULL_MATCHED,2.7755575615628914e-17,0.07794792078860703,"{'requested_opencv_threads': 1, 'actual_opencv_threads': 1}"
,1,4,0.06424511565814671,"{'errors': [], 'actual_G': 2426, 'actual_V': 2407, 'actual_L': 0, 'output_rows': 2800, 'camera_packets': 2912}",2780,0.06424511565814671,1.0,2800,0,,0.9928571428571429,,False,0.0,GV,/home/he/output/ltv_gv_independent_20261009T050259/w4/results/w4_joint_full_V1_01_easy_GV_G1_V4_20261009T055458_a70be15c,joint_full,0.13023550585723614,0.10405979655247688,,,0.0035509695155200305,,w4_joint_full_V1_01_easy_GV_G1_V4_20261009T055458_a70be15c,2780,V1_01_easy,VALID_FULL_MATCHED,5.551115123125783e-17,0.07793264336034132,"{'requested_opencv_threads': 1, 'actual_opencv_threads': 1}"
,1,5,0.06424659053911762,"{'errors': [], 'actual_G': 2426, 'actual_V': 2407, 'actual_L': 0, 'output_rows': 2800, 'camera_packets': 2912}",2780,0.06424659053911762,1.0,2800,0,,0.9928571428571429,,False,0.0,GV,/home/he/output/ltv_gv_independent_20261009T050259/w4/results/w4_joint_full_V1_01_easy_GV_G1_V5_20261009T055620_0d139dab,joint_full,0.13024635305859064,0.10406155546776671,,,0.0058467601423695115,,w4_joint_full_V1_01_easy_GV_G1_V5_20261009T055620_0d139dab,2780,V1_01_easy,VALID_FULL_MATCHED,1.3877787807814457e-17,0.07791708466505842,"{'requested_opencv_threads': 1, 'actual_opencv_threads': 1}"
,1,6,0.0642471742893135,"{'errors': [], 'actual_G': 2426, 'actual_V': 2407, 'actual_L': 0, 'output_rows': 2800, 'camera_packets': 2912}",2780,0.0642471742893135,1.0,2800,0,,0.9928571428571429,,False,0.0,GV,/home/he/output/ltv_gv_independent_20261009T050259/w0/results/w0_joint_full_V1_01_easy_GV_G1_V6_20261009T055741_77587eed,joint_full,0.13025526189492637,0.10406186894467408,,,0.00675542209851443,,w0_joint_full_V1_01_easy_GV_G1_V6_20261009T055741_77587eed,2780,V1_01_easy,VALID_FULL_MATCHED,0.0,0.07790060758935954,"{'requested_opencv_threads': 1, 'actual_opencv_threads': 1}"
,1,8,0.06424957098260797,"{'errors': [], 'actual_G': 2426, 'actual_V': 2407, 'actual_L': 0, 'output_rows': 2800, 'camera_packets': 2912}",2780,0.06424957098260797,1.0,2800,0,,0.9928571428571429,,False,0.0,GV,/home/he/output/ltv_gv_independent_20261009T050259/w2/results/w2_joint_full_V1_01_easy_GV_G1_V8_20261009T055847_c65988e9,joint_full,0.13027482537569585,0.10406439737380516,,,0.010486100105344676,,w2_joint_full_V1_01_easy_GV_G1_V8_20261009T055847_c65988e9,2780,V1_01_easy,VALID_FULL_MATCHED,4.163336342344337e-17,0.07787008222589803,"{'requested_opencv_threads': 1, 'actual_opencv_threads': 1}"
,2,1,0.0642399058745599,"{'errors': [], 'actual_G': 2426, 'actual_V': 2407, 'actual_L': 0, 'output_rows': 2800, 'camera_packets': 2912}",2780,0.0642399058745599,1.0,2800,0,,0.9928571428571429,,False,0.0,GV,/home/he/output/ltv_gv_independent_20261009T050259/w4/results/w4_joint_full_V1_01_easy_GV_G2_V1_20261009T060009_febc06ee,joint_full,0.13019943828724947,0.10405451383820367,,,-0.004558547497968135,,w4_joint_full_V1_01_easy_GV_G2_V1_20261009T060009_febc06ee,2780,V1_01_easy,VALID_FULL_MATCHED,2.498001805406602e-16,0.07798271586955015,"{'requested_opencv_threads': 1, 'actual_opencv_threads': 1}"
2,2,2,0.06424106994771776,"{'errors': [], 'actual_G': 2426, 'actual_V': 2407, 'actual_L': 0, 'output_rows': 2800, 'camera_packets': 2912}",2780,0.06424106994771776,1.0,2800,0,"{'G_reason:disabled': 112, 'V_reason:disabled': 112, 'G_reason:warmup_or_core_invalid': 22, 'V_reason:warmup_or_core_invalid': 22, 'G_reason:not_ready_G': 352, 'V_reason:not_ready_V': 371, 'G_reason:accepted': 2426, 'V_reason:accepted': 2407}",0.9928571428571429,8e6c44b0a9f793f9e61d5dd37ff533d79b58c5f6354f87d41d521eb4a0db24b3,True,0.0,GV,/tmp/ltv_gain_scan_20261009/w3/results/w3_full_V1_01_easy_GV_2_20261009T032343_297271b0,,0.13020996571879145,0.10405604158721668,,,-0.0027465583968155904,-0.001703305096012464,w3_full_V1_01_easy_GV_2_20261009T032343_297271b0,2780,V1_01_easy,VALID_FULL_MATCHED,6.938893903907228e-17,0.07796704931458612,"{'actual_opencv_threads': 4, 'verification': 'inferred from frozen num_opencv_threads=4 and original VioManager constructor; post-construction metadata was absent', 'cpu_affinity_per_worker': 4}"
,2,3,0.06424198845402598,"{'errors': [], 'actual_G': 2426, 'actual_V': 2407, 'actual_L': 0, 'output_rows': 2800, 'camera_packets': 2912}",2780,0.06424198845402598,1.0,2800,0,,0.9928571428571429,,False,0.0,GV,/home/he/output/ltv_gv_independent_20261009T050259/w3/results/w3_joint_full_V1_01_easy_GV_G2_V3_20261009T060128_fcbe36e5,joint_full,0.13022058291042402,0.1040573982022749,,,-0.0013168171399291495,,w3_joint_full_V1_01_easy_GV_G2_V3_20261009T060128_fcbe36e5,2780,V1_01_easy,VALID_FULL_MATCHED,9.71445146547012e-17,0.07795038354777918,"{'requested_opencv_threads': 1, 'actual_opencv_threads': 1}"
,2,4,0.06424314229912591,"{'errors': [], 'actual_G': 2426, 'actual_V': 2407, 'actual_L': 0, 'output_rows': 2800, 'camera_packets': 2912}",2780,0.06424314229912591,1.0,2800,0,,0.9928571428571429,,False,0.0,GV,/home/he/output/ltv_gv_independent_20261009T050259/w1/results/w1_joint_full_V1_01_easy_GV_G2_V4_20261009T060241_490d50c4,joint_full,0.13022867055692092,0.10405786575441572,,,0.0004792510292839225,,w1_joint_full_V1_01_easy_GV_G2_V4_20261009T060241_490d50c4,2780,V1_01_easy,VALID_FULL_MATCHED,1.3877787807814457e-17,0.07793582567209902,"{'requested_opencv_threads': 1, 'actual_opencv_threads': 1}"
,2,5,0.06424422478637964,"{'errors': [], 'actual_G': 2426, 'actual_V': 2407, 'actual_L': 0, 'output_rows': 2800, 'camera_packets': 2912}",2780,0.06424422478637964,1.0,2800,0,,0.9928571428571429,,False,0.0,GV,/home/he/output/ltv_gv_independent_20261009T050259/w4/results/w4_joint_full_V1_01_easy_GV_G2_V5_20261009T060354_af62e6dd,joint_full,0.130238467469131,0.10405907358574135,,,0.002164244015046002,,w4_joint_full_V1_01_easy_GV_G2_V5_20261009T060354_af62e6dd,2780,V1_01_easy,VALID_FULL_MATCHED,8.326672684688674e-17,0.07792078187775232,"{'requested_opencv_threads': 1, 'actual_opencv_threads': 1}"
,2,6,0.06424535531154982,"{'errors': [], 'actual_G': 2426, 'actual_V': 2407, 'actual_L': 0, 'output_rows': 2800, 'camera_packets': 2912}",2780,0.06424535531154982,1.0,2800,0,,0.9928571428571429,,False,0.0,GV,/home/he/output/ltv_gv_independent_20261009T050259/w1/results/w1_joint_full_V1_01_easy_GV_G2_V6_20261009T060508_06ab8fab,joint_full,0.13024860669152274,0.10406044852352278,,,0.003924012525380327,,w1_joint_full_V1_01_easy_GV_G2_V6_20261009T060508_06ab8fab,2780,V1_01_easy,VALID_FULL_MATCHED,1.1102230246251565e-16,0.0779045936120349,"{'requested_opencv_threads': 1, 'actual_opencv_threads': 1}"
,2,8,0.06424746142862875,"{'errors': [], 'actual_G': 2426, 'actual_V': 2407, 'actual_L': 0, 'output_rows': 2800, 'camera_packets': 2912}",2780,0.06424746142862875,1.0,2800,0,,0.9928571428571429,,False,0.0,GV,/home/he/output/ltv_gv_independent_20261009T050259/w7/results/w7_joint_full_V1_01_easy_GV_G2_V8_20261009T060630_f898eae6,joint_full,0.13026831293713315,0.10406252659476076,,,0.007202381386450796,,w7_joint_full_V1_01_easy_GV_G2_V8_20261009T060630_f898eae6,2780,V1_01_easy,VALID_FULL_MATCHED,1.1102230246251565e-16,0.07787313422725209,"{'requested_opencv_threads': 1, 'actual_opencv_threads': 1}"
,3,1,0.06423770176440954,"{'errors': [], 'actual_G': 2426, 'actual_V': 2407, 'actual_L': 0, 'output_rows': 2800, 'camera_packets': 2912}",2780,0.06423770176440954,1.0,2800,0,,0.9928571428571429,,False,0.0,GV,/home/he/output/ltv_gv_independent_20261009T050259/w3/results/w3_joint_full_V1_01_easy_GV_G3_V1_20261009T060756_7b6fb76e,joint_full,0.13019320995772324,0.10405281239271601,,,-0.00798945176991861,,w3_joint_full_V1_01_easy_GV_G3_V1_20261009T060756_7b6fb76e,2780,V1_01_easy,VALID_FULL_MATCHED,6.938893903907228e-17,0.07798536398480915,"{'requested_opencv_threads': 1, 'actual_opencv_threads': 1}"
,3,2,0.06423899935330656,"{'errors': [], 'actual_G': 2426, 'actual_V': 2407, 'actual_L': 0, 'output_rows': 2800, 'camera_packets': 2912}",2780,0.06423899935330656,1.0,2800,0,,0.9928571428571429,,False,0.0,GV,/home/he/output/ltv_gv_independent_20261009T050259/w0/results/w0_joint_full_V1_01_easy_GV_G3_V2_20261009T060849_37306974,joint_full,0.13020323433374947,0.10405417403534031,,,-0.0059696328923219966,,w0_joint_full_V1_01_easy_GV_G3_V2_20261009T060849_37306974,2780,V1_01_easy,VALID_FULL_MATCHED,2.0816681711721685e-16,0.07797007556223501,"{'requested_opencv_threads': 1, 'actual_opencv_threads': 1}"
,3,3,0.06423980058735472,"{'errors': [], 'actual_G': 2426, 'actual_V': 2407, 'actual_L': 0, 'output_rows': 2800, 'camera_packets': 2912}",2780,0.06423980058735472,1.0,2800,0,,0.9928571428571429,,False,0.0,GV,/home/he/output/ltv_gv_independent_20261009T050259/w0/results/w0_joint_full_V1_01_easy_GV_G3_V3_20261009T061013_50cfdab4,joint_full,0.13021252039981032,0.1040548070055004,,,-0.004722436912463213,,w0_joint_full_V1_01_easy_GV_G3_V3_20261009T061013_50cfdab4,2780,V1_01_easy,VALID_FULL_MATCHED,1.3877787807814457e-17,0.07795425256738599,"{'requested_opencv_threads': 1, 'actual_opencv_threads': 1}"
,3,4,0.06424127176174248,"{'errors': [], 'actual_G': 2426, 'actual_V': 2407, 'actual_L': 0, 'output_rows': 2800, 'camera_packets': 2912}",2780,0.06424127176174248,1.0,2800,0,,0.9928571428571429,,False,0.0,GV,/home/he/output/ltv_gv_independent_20261009T050259/w5/results/w5_joint_full_V1_01_easy_GV_G3_V4_20261009T061128_876bd9dc,joint_full,0.13022304991437042,0.10405676067757554,,,-0.002432415930109233,,w5_joint_full_V1_01_easy_GV_G3_V4_20261009T061128_876bd9dc,2780,V1_01_easy,VALID_FULL_MATCHED,5.551115123125783e-17,0.07793904383054491,"{'requested_opencv_threads': 1, 'actual_opencv_threads': 1}"
,3,5,0.06424222801395331,"{'errors': [], 'actual_G': 2426, 'actual_V': 2407, 'actual_L': 0, 'output_rows': 2800, 'camera_packets': 2912}",2780,0.06424222801395331,1.0,2800,0,,0.9928571428571429,,False,0.0,GV,/home/he/output/ltv_gv_independent_20261009T050259/w4/results/w4_joint_full_V1_01_easy_GV_G3_V5_20261009T061249_af59b32a,joint_full,0.13023239154830163,0.10405759758735517,,,-0.0009439196339111611,,w4_joint_full_V1_01_easy_GV_G3_V5_20261009T061249_af59b32a,2780,V1_01_easy,VALID_FULL_MATCHED,5.551115123125783e-17,0.0779231933512153,"{'requested_opencv_threads': 1, 'actual_opencv_threads': 1}"
,3,6,0.06424338488119143,"{'errors': [], 'actual_G': 2426, 'actual_V': 2407, 'actual_L': 0, 'output_rows': 2800, 'camera_packets': 2912}",2780,0.06424338488119143,1.0,2800,0,,0.9928571428571429,,False,0.0,GV,/home/he/output/ltv_gv_independent_20261009T050259/w1/results/w1_joint_full_V1_01_easy_GV_G3_V6_20261009T061359_c8490476,joint_full,0.130241728265693,0.1040585382103398,,,0.0008568527769758916,,w1_joint_full_V1_01_easy_GV_G3_V6_20261009T061359_c8490476,2780,V1_01_easy,VALID_FULL_MATCHED,4.163336342344337e-17,0.07790817762722559,"{'requested_opencv_threads': 1, 'actual_opencv_threads': 1}"
,3,8,0.06424561186297574,"{'errors': [], 'actual_G': 2426, 'actual_V': 2407, 'actual_L': 0, 'output_rows': 2800, 'camera_packets': 2912}",2780,0.06424561186297574,1.0,2800,0,,0.9928571428571429,,False,0.0,GV,/home/he/output/ltv_gv_independent_20261009T050259/w3/results/w3_joint_full_V1_01_easy_GV_G3_V8_20261009T061520_8330d75a,joint_full,0.13026127003551288,0.10406091850615742,,,0.004323358893354445,,w3_joint_full_V1_01_easy_GV_G3_V8_20261009T061520_8330d75a,2780,V1_01_easy,VALID_FULL_MATCHED,5.551115123125783e-17,0.0778769313944625,"{'requested_opencv_threads': 1, 'actual_opencv_threads': 1}"
,4,1,0.06423566789121049,"{'errors': [], 'actual_G': 2426, 'actual_V': 2407, 'actual_L': 0, 'output_rows': 2800, 'camera_packets': 2912}",2780,0.06423566789121049,1.0,2800,0,,0.9928571428571429,,False,0.0,GV,/home/he/output/ltv_gv_independent_20261009T050259/w4/results/w4_joint_full_V1_01_easy_GV_G4_V1_20261009T061643_6d6ef287,joint_full,0.13018650209718588,0.10405098631115549,,,-0.011155366252968424,,w4_joint_full_V1_01_easy_GV_G4_V1_20261009T061643_6d6ef287,2780,V1_01_easy,VALID_FULL_MATCHED,2.7755575615628914e-17,0.07798901914908302,"{'requested_opencv_threads': 1, 'actual_opencv_threads': 1}"
,4,2,0.06423691311959329,"{'errors': [], 'actual_G': 2426, 'actual_V': 2407, 'actual_L': 0, 'output_rows': 2800, 'camera_packets': 2912}",2780,0.06423691311959329,1.0,2800,0,,0.9928571428571429,,False,0.0,GV,/home/he/output/ltv_gv_independent_20261009T050259/w0/results/w0_joint_full_V1_01_easy_GV_G4_V2_20261009T061753_094ada9b,joint_full,0.13019653831900818,0.10405248835760365,,,-0.0092170514290002,,w0_joint_full_V1_01_easy_GV_G4_V2_20261009T061753_094ada9b,2780,V1_01_easy,VALID_FULL_MATCHED,9.71445146547012e-17,0.0779732765117805,"{'requested_opencv_threads': 1, 'actual_opencv_threads': 1}"
,4,3,0.06423780022485297,"{'errors': [], 'actual_G': 2426, 'actual_V': 2407, 'actual_L': 0, 'output_rows': 2800, 'camera_packets': 2912}",2780,0.06423780022485297,1.0,2800,0,,0.9928571428571429,,False,0.0,GV,/home/he/output/ltv_gv_independent_20261009T050259/w3/results/w3_joint_full_V1_01_easy_GV_G4_V3_20261009T061910_999ff1da,joint_full,0.13020635279401088,0.10405331159468043,,,-0.007836188850685044,,w3_joint_full_V1_01_easy_GV_G4_V3_20261009T061910_999ff1da,2780,V1_01_easy,VALID_FULL_MATCHED,4.163336342344337e-17,0.07795718275430648,"{'requested_opencv_threads': 1, 'actual_opencv_threads': 1}"
4,4,4,0.06423913785365798,"{'errors': [], 'actual_G': 2426, 'actual_V': 2407, 'actual_L': 0, 'output_rows': 2800, 'camera_packets': 2912}",2780,0.06423913785365798,1.0,2800,0,"{'G_reason:disabled': 112, 'V_reason:disabled': 112, 'G_reason:warmup_or_core_invalid': 22, 'V_reason:warmup_or_core_invalid': 22, 'G_reason:not_ready_G': 352, 'V_reason:not_ready_V': 371, 'G_reason:accepted': 2426, 'V_reason:accepted': 2407}",0.9928571428571429,8e6c44b0a9f793f9e61d5dd37ff533d79b58c5f6354f87d41d521eb4a0db24b3,True,0.0,GV,/tmp/ltv_gain_scan_20261009/w3/results/w3_full_V1_01_easy_GV_4_20261009T033936_accfbf31,,0.13021557454017021,0.10405442957044676,,,-0.005754044099137712,-0.004710822174880391,w3_full_V1_01_easy_GV_4_20261009T033936_accfbf31,2780,V1_01_easy,VALID_FULL_MATCHED,6.938893903907228e-17,0.07794221121563726,"{'actual_opencv_threads': 4, 'verification': 'inferred from frozen num_opencv_threads=4 and original VioManager constructor; post-construction metadata was absent', 'cpu_affinity_per_worker': 4}"
,4,5,0.06424004041601884,"{'errors': [], 'actual_G': 2426, 'actual_V': 2407, 'actual_L': 0, 'output_rows': 2800, 'camera_packets': 2912}",2780,0.06424004041601884,1.0,2800,0,,0.9928571428571429,,False,0.0,GV,/home/he/output/ltv_gv_independent_20261009T050259/w4/results/w4_joint_full_V1_01_easy_GV_G4_V5_20261009T062030_ae5994d2,joint_full,0.13022522141242932,0.10405547102752306,,,-0.004349121092406261,,w4_joint_full_V1_01_easy_GV_G4_V5_20261009T062030_ae5994d2,2780,V1_01_easy,VALID_FULL_MATCHED,1.1102230246251565e-16,0.07792657796524231,"{'requested_opencv_threads': 1, 'actual_opencv_threads': 1}"
,4,6,0.06424111014798216,"{'errors': [], 'actual_G': 2426, 'actual_V': 2407, 'actual_L': 0, 'output_rows': 2800, 'camera_packets': 2912}",2780,0.06424111014798216,1.0,2800,0,,0.9928571428571429,,False,0.0,GV,/home/he/output/ltv_gv_independent_20261009T050259/w2/results/w2_joint_full_V1_01_easy_GV_G4_V6_20261009T062144_8a3b6053,joint_full,0.13023527240728847,0.10405660985284809,,,-0.002683982913087579,,w2_joint_full_V1_01_easy_GV_G4_V6_20261009T062144_8a3b6053,2780,V1_01_easy,VALID_FULL_MATCHED,6.938893903907228e-17,0.0779106064903448,"{'requested_opencv_threads': 1, 'actual_opencv_threads': 1}"
,4,8,0.06424344340918754,"{'errors': [], 'actual_G': 2426, 'actual_V': 2407, 'actual_L': 0, 'output_rows': 2800, 'camera_packets': 2912}",2780,0.06424344340918754,1.0,2800,0,,0.9928571428571429,,False,0.0,GV,/home/he/output/ltv_gv_independent_20261009T050259/w3/results/w3_joint_full_V1_01_easy_GV_G4_V8_20261009T062304_cf183c11,joint_full,0.13025430033467197,0.10405877033919814,,,0.0009479570949100236,,w3_joint_full_V1_01_easy_GV_G4_V8_20261009T062304_cf183c11,2780,V1_01_easy,VALID_FULL_MATCHED,9.71445146547012e-17,0.077879939925753,"{'requested_opencv_threads': 1, 'actual_opencv_threads': 1}"
,5,1,0.06423351975067833,"{'errors': [], 'actual_G': 2426, 'actual_V': 2407, 'actual_L': 0, 'output_rows': 2800, 'camera_packets': 2912}",2780,0.06423351975067833,1.0,2800,0,,0.9928571428571429,,False,0.0,GV,/home/he/output/ltv_gv_independent_20261009T050259/w4/results/w4_joint_full_V1_01_easy_GV_G5_V1_20261009T062416_d57e5a51,joint_full,0.13017910105096067,0.1040489911239883,,,-0.014499148562285846,,w4_joint_full_V1_01_easy_GV_G5_V1_20261009T062416_d57e5a51,2780,V1_01_easy,VALID_FULL_MATCHED,6.938893903907228e-17,0.07799214414495594,"{'requested_opencv_threads': 1, 'actual_opencv_threads': 1}"
,5,2,0.06423470494190087,"{'errors': [], 'actual_G': 2426, 'actual_V': 2407, 'actual_L': 0, 'output_rows': 2800, 'camera_packets': 2912}",2780,0.06423470494190087,1.0,2800,0,,0.9928571428571429,,False,0.0,GV,/home/he/output/ltv_gv_independent_20261009T050259/w2/results/w2_joint_full_V1_01_easy_GV_G5_V2_20261009T062538_78f409eb,joint_full,0.13018945110568372,0.10405042452012839,,,-0.012654287211844029,,w2_joint_full_V1_01_easy_GV_G5_V2_20261009T062538_78f409eb,2780,V1_01_easy,VALID_FULL_MATCHED,9.71445146547012e-17,0.07797655486117137,"{'requested_opencv_threads': 1, 'actual_opencv_threads': 1}"
,5,3,0.06423591840024975,"{'errors': [], 'actual_G': 2426, 'actual_V': 2407, 'actual_L': 0, 'output_rows': 2800, 'camera_packets': 2912}",2780,0.06423591840024975,1.0,2800,0,,0.9928571428571429,,False,0.0,GV,/home/he/output/ltv_gv_independent_20261009T050259/w3/results/w3_joint_full_V1_01_easy_GV_G5_V3_20261009T062649_bd783524,joint_full,0.13019897268894592,0.10405149563607867,,,-0.010765425426806363,,w3_joint_full_V1_01_easy_GV_G5_V3_20261009T062649_bd783524,2780,V1_01_easy,VALID_FULL_MATCHED,1.249000902703301e-16,0.07796126476126229,"{'requested_opencv_threads': 1, 'actual_opencv_threads': 1}"
,5,4,0.06423718930849923,"{'errors': [], 'actual_G': 2426, 'actual_V': 2407, 'actual_L': 0, 'output_rows': 2800, 'camera_packets': 2912}",2780,0.06423718930849923,1.0,2800,0,,0.9928571428571429,,False,0.0,GV,/home/he/output/ltv_gv_independent_20261009T050259/w4/results/w4_joint_full_V1_01_easy_GV_G5_V4_20261009T062759_ed1fc786,joint_full,0.13020931552404294,0.10405291546958141,,,-0.008787137480681384,,w4_joint_full_V1_01_easy_GV_G5_V4_20261009T062759_ed1fc786,2780,V1_01_easy,VALID_FULL_MATCHED,1.3877787807814457e-17,0.07794555103813539,"{'requested_opencv_threads': 1, 'actual_opencv_threads': 1}"
,5,5,0.06423800184498096,"{'errors': [], 'actual_G': 2426, 'actual_V': 2407, 'actual_L': 0, 'output_rows': 2800, 'camera_packets': 2912}",2780,0.06423800184498096,1.0,2800,0,,0.9928571428571429,,False,0.0,GV,/home/he/output/ltv_gv_independent_20261009T050259/w4/results/w4_joint_full_V1_01_easy_GV_G5_V5_20261009T062922_15cf786c,joint_full,0.13021860065958377,0.10405366353509415,,,-0.007522348202404494,,w4_joint_full_V1_01_easy_GV_G5_V5_20261009T062922_15cf786c,2780,V1_01_easy,VALID_FULL_MATCHED,1.8041124150158794e-16,0.07792966033605876,"{'requested_opencv_threads': 1, 'actual_opencv_threads': 1}"
,5,6,0.0642391409703612,"{'errors': [], 'actual_G': 2426, 'actual_V': 2407, 'actual_L': 0, 'output_rows': 2800, 'camera_packets': 2912}",2780,0.0642391409703612,1.0,2800,0,,0.9928571428571429,,False,0.0,GV,/home/he/output/ltv_gv_independent_20261009T050259/w3/results/w3_joint_full_V1_01_easy_GV_G5_V6_20261009T063039_d142fd7d,joint_full,0.13022821966468573,0.10405488118480523,,,-0.005749192658122126,,w3_joint_full_V1_01_easy_GV_G5_V6_20261009T063039_d142fd7d,2780,V1_01_easy,VALID_FULL_MATCHED,2.498001805406602e-16,0.07791434751113975,"{'requested_opencv_threads': 1, 'actual_opencv_threads': 1}"
,5,8,0.06424155911584435,"{'errors': [], 'actual_G': 2426, 'actual_V': 2407, 'actual_L': 0, 'output_rows': 2800, 'camera_packets': 2912}",2780,0.06424155911584435,1.0,2800,0,,0.9928571428571429,,False,0.0,GV,/home/he/output/ltv_gv_independent_20261009T050259/w2/results/w2_joint_full_V1_01_easy_GV_G5_V8_20261009T063148_8c2fa9ba,joint_full,0.13024844165580796,0.10405727076758814,,,-0.0019851223066358337,,w2_joint_full_V1_01_easy_GV_G5_V8_20261009T063148_8c2fa9ba,2780,V1_01_easy,VALID_FULL_MATCHED,6.938893903907228e-17,0.0778828787663691,"{'requested_opencv_threads': 1, 'actual_opencv_threads': 1}"
,6,1,0.06423178310870971,"{'errors': [], 'actual_G': 2426, 'actual_V': 2407, 'actual_L': 0, 'output_rows': 2800, 'camera_packets': 2912}",2780,0.06423178310870971,1.0,2800,0,,0.9928571428571429,,False,0.0,GV,/home/he/output/ltv_gv_independent_20261009T050259/w4/results/w4_joint_full_V1_01_easy_GV_G6_V1_20261009T063305_e35f711d,joint_full,0.1301733330782443,0.10404768771352872,,,-0.017202394744431082,,w4_joint_full_V1_01_easy_GV_G6_V1_20261009T063305_e35f711d,2780,V1_01_easy,VALID_FULL_MATCHED,4.163336342344337e-17,0.07799546410244007,"{'requested_opencv_threads': 1, 'actual_opencv_threads': 1}"
,6,2,0.06423285243196182,"{'errors': [], 'actual_G': 2426, 'actual_V': 2407, 'actual_L': 0, 'output_rows': 2800, 'camera_packets': 2912}",2780,0.06423285243196182,1.0,2800,0,,0.9928571428571429,,False,0.0,GV,/home/he/output/ltv_gv_independent_20261009T050259/w1/results/w1_joint_full_V1_01_easy_GV_G6_V2_20261009T063426_4eec7c2e,joint_full,0.1301832477614287,0.10404874830076474,,,-0.015537892762451655,,w1_joint_full_V1_01_easy_GV_G6_V2_20261009T063426_4eec7c2e,2780,V1_01_easy,VALID_FULL_MATCHED,1.249000902703301e-16,0.07797957165132798,"{'requested_opencv_threads': 1, 'actual_opencv_threads': 1}"
,6,3,0.06423405581197272,"{'errors': [], 'actual_G': 2426, 'actual_V': 2407, 'actual_L': 0, 'output_rows': 2800, 'camera_packets': 2912}",2780,0.06423405581197272,1.0,2800,0,,0.9928571428571429,,False,0.0,GV,/home/he/output/ltv_gv_independent_20261009T050259/w0/results/w0_joint_full_V1_01_easy_GV_G6_V3_20261009T063540_e62ca732,joint_full,0.13019281543073946,0.10405003566398932,,,-0.013664718856187807,,w0_joint_full_V1_01_easy_GV_G6_V3_20261009T063540_e62ca732,2780,V1_01_easy,VALID_FULL_MATCHED,1.8041124150158794e-16,0.07796435934641578,"{'requested_opencv_threads': 1, 'actual_opencv_threads': 1}"
,6,4,0.06423487428387384,"{'errors': [], 'actual_G': 2426, 'actual_V': 2407, 'actual_L': 0, 'output_rows': 2800, 'camera_packets': 2912}",2780,0.06423487428387384,1.0,2800,0,,0.9928571428571429,,False,0.0,GV,/home/he/output/ltv_gv_independent_20261009T050259/w3/results/w3_joint_full_V1_01_easy_GV_G6_V4_20261009T063649_fa69dd14,joint_full,0.13020205055947529,0.10405061435841532,,,-0.012390690540697857,,w3_joint_full_V1_01_easy_GV_G6_V4_20261009T063649_fa69dd14,2780,V1_01_easy,VALID_FULL_MATCHED,1.3877787807814457e-17,0.07794842001386275,"{'requested_opencv_threads': 1, 'actual_opencv_threads': 1}"
,6,5,0.0642362195990807,"{'errors': [], 'actual_G': 2426, 'actual_V': 2407, 'actual_L': 0, 'output_rows': 2800, 'camera_packets': 2912}",2780,0.0642362195990807,1.0,2800,0,,0.9928571428571429,,False,0.0,GV,/home/he/output/ltv_gv_independent_20261009T050259/w1/results/w1_joint_full_V1_01_easy_GV_G6_V5_20261009T063809_d48ea456,joint_full,0.13021208895719694,0.1040521146063224,,,-0.010296581183411035,,w1_joint_full_V1_01_easy_GV_G6_V5_20261009T063809_d48ea456,2780,V1_01_easy,VALID_FULL_MATCHED,1.249000902703301e-16,0.07793337625686433,"{'requested_opencv_threads': 1, 'actual_opencv_threads': 1}"
,6,6,0.06423742470321896,"{'errors': [], 'actual_G': 2426, 'actual_V': 2407, 'actual_L': 0, 'output_rows': 2800, 'camera_packets': 2912}",2780,0.06423742470321896,1.0,2800,0,,0.9928571428571429,,False,0.0,GV,/home/he/output/ltv_gv_independent_20261009T050259/w5/results/w5_joint_full_V1_01_easy_GV_G6_V6_20261009T063927_e2576d8e,joint_full,0.13022165750147557,0.10405341088812001,,,-0.008420723511137762,,w5_joint_full_V1_01_easy_GV_G6_V6_20261009T063927_e2576d8e,2780,V1_01_easy,VALID_FULL_MATCHED,1.3877787807814457e-17,0.07791829758310466,"{'requested_opencv_threads': 1, 'actual_opencv_threads': 1}"
,6,8,0.06423981964327821,"{'errors': [], 'actual_G': 2426, 'actual_V': 2407, 'actual_L': 0, 'output_rows': 2800, 'camera_packets': 2912}",2780,0.06423981964327821,1.0,2800,0,,0.9928571428571429,,False,0.0,GV,/home/he/output/ltv_gv_independent_20261009T050259/w4/results/w4_joint_full_V1_01_easy_GV_G6_V8_20261009T064041_97b1cd71,joint_full,0.1302419969100531,0.10405609879286862,,,-0.004692774579440062,,w4_joint_full_V1_01_easy_GV_G6_V8_20261009T064041_97b1cd71,2780,V1_01_easy,VALID_FULL_MATCHED,2.3592239273284576e-16,0.07788703571348947,"{'requested_opencv_threads': 1, 'actual_opencv_threads': 1}"
,8,1,0.0642278710249098,"{'errors': [], 'actual_G': 2426, 'actual_V': 2407, 'actual_L': 0, 'output_rows': 2800, 'camera_packets': 2912}",2780,0.0642278710249098,1.0,2800,0,,0.9928571428571429,,False,0.0,GV,/home/he/output/ltv_gv_independent_20261009T050259/w1/results/w1_joint_full_V1_01_easy_GV_G8_V1_20261009T064152_5c732588,joint_full,0.13016029679751545,0.10404432220899491,,,-0.023291920269807864,,w1_joint_full_V1_01_easy_GV_G8_V1_20261009T064152_5c732588,2780,V1_01_easy,VALID_FULL_MATCHED,6.938893903907228e-17,0.07800157953338417,"{'requested_opencv_threads': 1, 'actual_opencv_threads': 1}"
,8,2,0.06422864804722224,"{'errors': [], 'actual_G': 2426, 'actual_V': 2407, 'actual_L': 0, 'output_rows': 2800, 'camera_packets': 2912}",2780,0.06422864804722224,1.0,2800,0,,0.9928571428571429,,False,0.0,GV,/home/he/output/ltv_gv_independent_20261009T050259/w5/results/w5_joint_full_V1_01_easy_GV_G8_V2_20261009T064310_8a6dd7d2,joint_full,0.13017015542316665,0.10404517808724657,,,-0.022082412128521245,,w5_joint_full_V1_01_easy_GV_G8_V2_20261009T064310_8a6dd7d2,2780,V1_01_easy,VALID_FULL_MATCHED,8.326672684688674e-17,0.07798571068536814,"{'requested_opencv_threads': 1, 'actual_opencv_threads': 1}"
,8,3,0.06422991361986527,"{'errors': [], 'actual_G': 2426, 'actual_V': 2407, 'actual_L': 0, 'output_rows': 2800, 'camera_packets': 2912}",2780,0.06422991361986527,1.0,2800,0,,0.9928571428571429,,False,0.0,GV,/home/he/output/ltv_gv_independent_20261009T050259/w2/results/w2_joint_full_V1_01_easy_GV_G8_V3_20261009T064430_e293d756,joint_full,0.13017959146050911,0.10404625679333944,,,-0.020112429554497435,,w2_joint_full_V1_01_easy_GV_G8_V3_20261009T064430_e293d756,2780,V1_01_easy,VALID_FULL_MATCHED,1.6653345369377348e-16,0.07797028095048561,"{'requested_opencv_threads': 1, 'actual_opencv_threads': 1}"
,8,4,0.06423112332880015,"{'errors': [], 'actual_G': 2426, 'actual_V': 2407, 'actual_L': 0, 'output_rows': 2800, 'camera_packets': 2912}",2780,0.06423112332880015,1.0,2800,0,,0.9928571428571429,,False,0.0,GV,/home/he/output/ltv_gv_independent_20261009T050259/w0/results/w0_joint_full_V1_01_easy_GV_G8_V4_20261009T064542_cfc61f53,joint_full,0.1301896782234764,0.10404787558116281,,,-0.018229404084169065,,w0_joint_full_V1_01_easy_GV_G8_V4_20261009T064542_cfc61f53,2780,V1_01_easy,VALID_FULL_MATCHED,2.498001805406602e-16,0.07795495051606678,"{'requested_opencv_threads': 1, 'actual_opencv_threads': 1}"
,8,5,0.06423211348116176,"{'errors': [], 'actual_G': 2426, 'actual_V': 2407, 'actual_L': 0, 'output_rows': 2800, 'camera_packets': 2912}",2780,0.06423211348116176,1.0,2800,0,,0.9928571428571429,,False,0.0,GV,/home/he/output/ltv_gv_independent_20261009T050259/w5/results/w5_joint_full_V1_01_easy_GV_G8_V5_20261009T064658_b5a0007a,joint_full,0.13019889874958845,0.10404859569033607,,,-0.016688139022280613,,w5_joint_full_V1_01_easy_GV_G8_V5_20261009T064658_b5a0007a,2780,V1_01_easy,VALID_FULL_MATCHED,2.7755575615628914e-17,0.07793959760991534,"{'requested_opencv_threads': 1, 'actual_opencv_threads': 1}"
,8,6,0.06423340978592304,"{'errors': [], 'actual_G': 2426, 'actual_V': 2407, 'actual_L': 0, 'output_rows': 2800, 'camera_packets': 2912}",2780,0.06423340978592304,1.0,2800,0,,0.9928571428571429,,False,0.0,GV,/home/he/output/ltv_gv_independent_20261009T050259/w2/results/w2_joint_full_V1_01_easy_GV_G8_V6_20261009T064819_acbfd281,joint_full,0.13020924483142143,0.10405022619788545,,,-0.014670319022447309,,w2_joint_full_V1_01_easy_GV_G8_V6_20261009T064819_acbfd281,2780,V1_01_easy,VALID_FULL_MATCHED,1.1102230246251565e-16,0.07792388521764593,"{'requested_opencv_threads': 1, 'actual_opencv_threads': 1}"
,8,8,0.06423557337083742,"{'errors': [], 'actual_G': 2426, 'actual_V': 2407, 'actual_L': 0, 'output_rows': 2800, 'camera_packets': 2912}",2780,0.06423557337083742,1.0,2800,0,,0.9928571428571429,,False,0.0,GV,/home/he/output/ltv_gv_independent_20261009T050259/w0/results/w0_joint_full_V1_01_easy_GV_G8_V8_20261009T064937_0687f47b,joint_full,0.1302287597592129,0.10405231069260455,,,-0.01130249608297662,,w0_joint_full_V1_01_easy_GV_G8_V8_20261009T064937_0687f47b,2780,V1_01_easy,VALID_FULL_MATCHED,2.636779683484747e-16,0.07789278925815268,"{'requested_opencv_threads': 1, 'actual_opencv_threads': 1}"
1,0,0,0.06424283441468073,"{'errors': [], 'actual_G': 0, 'actual_V': 0, 'actual_L': 0, 'output_rows': 2800, 'camera_packets': 2912}",2780,0.06424283441468073,1.0,2800,0,,0.9928571428571429,8e6c44b0a9f793f9e61d5dd37ff533d79b58c5f6354f87d41d521eb4a0db24b3,True,0.0,OFF,/tmp/ltv_gain_scan_20261009/w3/results/w3_full_V1_01_easy_OFF_1_20261009T030414_bd657e51,,0.13020375190110953,0.10405721090736919,,,0.0,0.0,w3_full_V1_01_easy_OFF_1_20261009T030414_bd657e51,2780,V1_01_easy,VALID_FULL_MATCHED,1.249000902703301e-16,0.07799141697627761,"{'actual_opencv_threads': 4, 'verification': 'inferred from frozen num_opencv_threads=4 and original VioManager constructor; post-construction metadata was absent', 'cpu_affinity_per_worker': 4}"
1,0,1,0.06424401868050458,"{'errors': [], 'actual_G': 0, 'actual_V': 2407, 'actual_L': 0, 'output_rows': 2800, 'camera_packets': 2912}",2780,0.06424401868050458,1.0,2800,0,"{'G_reason:disabled': 2912, 'V_reason:disabled': 112, 'V_reason:warmup_or_core_invalid': 22, 'V_reason:not_ready_V': 371, 'V_reason:accepted': 2407}",0.9928571428571429,8e6c44b0a9f793f9e61d5dd37ff533d79b58c5f6354f87d41d521eb4a0db24b3,True,0.0,V,/tmp/ltv_gain_scan_20261009/w3/results/w3_full_V1_01_easy_V_1_20261009T030726_ae7976bf,,0.13021332918863354,0.10405826920490042,,,0.0018434208805429009,0.0,w3_full_V1_01_easy_V_1_20261009T030726_ae7976bf,2780,V1_01_easy,VALID_FULL_MATCHED,5.551115123125783e-17,0.07797606575175045,"{'actual_opencv_threads': 4, 'verification': 'inferred from frozen num_opencv_threads=4 and original VioManager constructor; post-construction metadata was absent', 'cpu_affinity_per_worker': 4}"
2,0,2,0.06424511910153496,"{'errors': [], 'actual_G': 0, 'actual_V': 2407, 'actual_L': 0, 'output_rows': 2800, 'camera_packets': 2912}",2780,0.06424511910153496,1.0,2800,0,"{'G_reason:disabled': 2912, 'V_reason:disabled': 112, 'V_reason:warmup_or_core_invalid': 22, 'V_reason:not_ready_V': 371, 'V_reason:accepted': 2407}",0.9928571428571429,8e6c44b0a9f793f9e61d5dd37ff533d79b58c5f6354f87d41d521eb4a0db24b3,True,0.0,V,/tmp/ltv_gain_scan_20261009/w3/results/w3_full_V1_01_easy_V_2_20261009T032032_7ff0c428,,0.13022310229698103,0.10405938479999813,,,0.0035563294724649808,0.001712877016379899,w3_full_V1_01_easy_V_2_20261009T032032_7ff0c428,2780,V1_01_easy,VALID_FULL_MATCHED,8.326672684688674e-17,0.07796028823285071,"{'actual_opencv_threads': 4, 'verification': 'inferred from frozen num_opencv_threads=4 and original VioManager constructor; post-construction metadata was absent', 'cpu_affinity_per_worker': 4}"
,0,3,0.06424622175522063,"{'errors': [], 'actual_G': 0, 'actual_V': 2407, 'actual_L': 0, 'output_rows': 2800, 'camera_packets': 2912}",2780,0.06424622175522063,1.0,2800,0,,0.9928571428571429,,False,0.0,V,/home/he/output/ltv_gv_independent_20261009T050259/w0/results/w0_single_full_V1_01_easy_V_G0_V3_20261009T051943_4dc9a1c6,single_full,0.13023291489916303,0.10406060478786427,,,0.005272713401827112,,w0_single_full_V1_01_easy_V_G0_V3_20261009T051943_4dc9a1c6,2780,V1_01_easy,VALID_FULL_MATCHED,0.0,0.07794459450821792,"{'requested_opencv_threads': 1, 'actual_opencv_threads': 1}"
4,0,4,0.06424712556571802,"{'errors': [], 'actual_G': 0, 'actual_V': 2407, 'actual_L': 0, 'output_rows': 2800, 'camera_packets': 2912}",2780,0.06424712556571802,1.0,2800,0,"{'G_reason:disabled': 2912, 'V_reason:disabled': 112, 'V_reason:warmup_or_core_invalid': 22, 'V_reason:not_ready_V': 371, 'V_reason:accepted': 2407}",0.9928571428571429,8e6c44b0a9f793f9e61d5dd37ff533d79b58c5f6354f87d41d521eb4a0db24b3,True,0.0,V,/tmp/ltv_gain_scan_20261009/w3/results/w3_full_V1_01_easy_V_4_20261009T033627_c418da9d,,0.1302420837415357,0.1040613199941353,,,0.006679579250179479,0.004836069220526262,w3_full_V1_01_easy_V_4_20261009T033627_c418da9d,2780,V1_01_easy,VALID_FULL_MATCHED,1.249000902703301e-16,0.07792915102675194,"{'actual_opencv_threads': 4, 'verification': 'inferred from frozen num_opencv_threads=4 and original VioManager constructor; post-construction metadata was absent', 'cpu_affinity_per_worker': 4}"
,0,5,0.06424846835864963,"{'errors': [], 'actual_G': 0, 'actual_V': 2407, 'actual_L': 0, 'output_rows': 2800, 'camera_packets': 2912}",2780,0.06424846835864963,1.0,2800,0,,0.9928571428571429,,False,0.0,V,/home/he/output/ltv_gv_independent_20261009T050259/w2/results/w2_single_full_V1_01_easy_V_G0_V5_20261009T052201_9a4a3259,single_full,0.13025267679288316,0.10406303897450736,,True,0.008769762449345464,,w2_single_full_V1_01_easy_V_G0_V5_20261009T052201_9a4a3259,2780,V1_01_easy,VALID_FULL_MATCHED,1.1102230246251565e-16,0.07791364060384337,"{'requested_opencv_threads': 1, 'actual_opencv_threads': 1}"
,0,6,0.06424941321005388,"{'errors': [], 'actual_G': 0, 'actual_V': 2407, 'actual_L': 0, 'output_rows': 2800, 'camera_packets': 2912}",2780,0.06424941321005388,1.0,2800,0,,0.9928571428571429,,False,0.0,V,/home/he/output/ltv_gv_independent_20261009T050259/w1/results/w1_single_full_V1_01_easy_V_G0_V6_20261009T052423_642e9dfa,single_full,0.13026182504106498,0.10406365351628463,,True,0.010240512320303097,,w1_single_full_V1_01_easy_V_G0_V6_20261009T052423_642e9dfa,2780,V1_01_easy,VALID_FULL_MATCHED,8.326672684688674e-17,0.07789782512959205,"{'requested_opencv_threads': 1, 'actual_opencv_threads': 1}"
,0,8,0.06425175113216043,"{'errors': [], 'actual_G': 0, 'actual_V': 2407, 'actual_L': 0, 'output_rows': 2800, 'camera_packets': 2912}",2780,0.06425175113216043,1.0,2800,0,,0.9928571428571429,,False,0.0,V,/home/he/output/ltv_gv_independent_20261009T050259/w0/results/w0_single_full_V1_01_easy_V_G0_V8_20261009T052645_f50e4e8a,single_full,0.13028095536331263,0.10406600177696079,,True,0.013879707458341883,,w0_single_full_V1_01_easy_V_G0_V8_20261009T052645_f50e4e8a,2780,V1_01_easy,VALID_FULL_MATCHED,5.551115123125783e-17,0.07786742390857786,"{'requested_opencv_threads': 1, 'actual_opencv_threads': 1}"
,0,10,0.06425407839562923,"{'errors': [], 'actual_G': 0, 'actual_V': 2407, 'actual_L': 0, 'output_rows': 2800, 'camera_packets': 2912}",2780,0.06425407839562923,1.0,2800,0,,0.9928571428571429,,False,0.0,V,/home/he/output/ltv_gv_independent_20261009T050259/w4/results/w4_extra_single_full_V1_01_easy_V_G0_V10_20261009T065905_dd60cd82,extra_single_full,0.13030068202011605,0.10406845615626348,,,0.017502311426542683,,w4_extra_single_full_V1_01_easy_V_G0_V10_20261009T065905_dd60cd82,2780,V1_01_easy,VALID_FULL_MATCHED,2.7755575615628914e-17,0.07783654954691865,"{'requested_opencv_threads': 1, 'actual_opencv_threads': 1}"
,0,16,0.06426106961387691,"{'errors': [], 'actual_G': 0, 'actual_V': 2407, 'actual_L': 0, 'output_rows': 2800, 'camera_packets': 2912}",2780,0.06426106961387691,1.0,2800,0,,0.9928571428571429,,False,0.0,V,/home/he/output/ltv_gv_independent_20261009T050259/w4/results/w4_extra_single_full_V1_01_easy_V_G0_V16_20261009T070027_494e9ee4,extra_single_full,0.13035956464755882,0.10410922604063645,,,0.028384798650815668,,w4_extra_single_full_V1_01_easy_V_G0_V16_20261009T070027_494e9ee4,2780,V1_01_easy,VALID_FULL_MATCHED,1.6653345369377348e-16,0.07774367558186211,"{'requested_opencv_threads': 1, 'actual_opencv_threads': 1}"
1,1,0,0.06819200832411045,"{'errors': [], 'actual_G': 953, 'actual_V': 0, 'actual_L': 0, 'output_rows': 1611, 'camera_packets': 1710}",1592,0.06819200832411045,1.0,1611,0,"{'G_reason:disabled': 99, 'V_reason:disabled': 1710, 'G_reason:warmup_or_core_invalid': 129, 'G_reason:not_ready_G': 529, 'G_reason:accepted': 953}",0.9882060831781502,8e6c44b0a9f793f9e61d5dd37ff533d79b58c5f6354f87d41d521eb4a0db24b3,True,0.0,G,/tmp/ltv_gain_scan_20261009/w0/results/w0_full_V1_02_medium_G_1_20261009T030649_f77ea6ac,,0.12722332444236537,0.10798247311374407,,,0.0059395315411991945,0.0,w0_full_V1_02_medium_G_1_20261009T030649_f77ea6ac,1592,V1_02_medium,VALID_FULL_MATCHED,8.326672684688674e-17,0.08907955652190161,"{'actual_opencv_threads': 4, 'verification': 'inferred from frozen num_opencv_threads=4 and original VioManager constructor; post-construction metadata was absent', 'cpu_affinity_per_worker': 4}"
2,2,0,0.06819535314679341,"{'errors': [], 'actual_G': 953, 'actual_V': 0, 'actual_L': 0, 'output_rows': 1611, 'camera_packets': 1710}",1592,0.06819535314679341,1.0,1611,0,"{'G_reason:disabled': 99, 'V_reason:disabled': 1710, 'G_reason:warmup_or_core_invalid': 129, 'G_reason:not_ready_G': 529, 'G_reason:accepted': 953}",0.9882060831781502,8e6c44b0a9f793f9e61d5dd37ff533d79b58c5f6354f87d41d521eb4a0db24b3,True,0.0,G,/tmp/ltv_gain_scan_20261009/w0/results/w0_full_V1_02_medium_G_2_20261009T031911_32f566d6,,0.12722692798889784,0.10799372800153713,,,0.010844829730793926,0.004905006855149274,w0_full_V1_02_medium_G_2_20261009T031911_32f566d6,1592,V1_02_medium,VALID_FULL_MATCHED,1.3877787807814457e-17,0.08908239261834967,"{'actual_opencv_threads': 4, 'verification': 'inferred from frozen num_opencv_threads=4 and original VioManager constructor; post-construction metadata was absent', 'cpu_affinity_per_worker': 4}"
,3,0,0.06819909689681702,"{'errors': [], 'actual_G': 953, 'actual_V': 0, 'actual_L': 0, 'output_rows': 1611, 'camera_packets': 1710}",1592,0.06819909689681702,1.0,1611,0,,0.9882060831781502,,False,0.0,G,/home/he/output/ltv_gv_independent_20261009T050259/w2/results/w2_single_full_V1_02_medium_G_G3_V0_20261009T051139_900df530,single_full,0.12723193797547314,0.10800299535807927,,,0.01633516866763607,,w2_single_full_V1_02_medium_G_G3_V0_20261009T051139_900df530,1592,V1_02_medium,VALID_FULL_MATCHED,2.7755575615628914e-17,0.08908566134460698,"{'requested_opencv_threads': 1, 'actual_opencv_threads': 1}"
4,4,0,0.06820282605008333,"{'errors': [], 'actual_G': 953, 'actual_V': 0, 'actual_L': 0, 'output_rows': 1611, 'camera_packets': 1710}",1592,0.06820282605008333,1.0,1611,0,"{'G_reason:disabled': 99, 'V_reason:disabled': 1710, 'G_reason:warmup_or_core_invalid': 129, 'G_reason:not_ready_G': 529, 'G_reason:accepted': 953}",0.9882060831781502,8e6c44b0a9f793f9e61d5dd37ff533d79b58c5f6354f87d41d521eb4a0db24b3,True,0.0,G,/tmp/ltv_gain_scan_20261009/w0/results/w0_full_V1_02_medium_G_4_20261009T033505_fe84e4ce,,0.12723636143528644,0.10801207787262275,,,0.021804100954847527,0.01586362718850598,w0_full_V1_02_medium_G_4_20261009T033505_fe84e4ce,1592,V1_02_medium,VALID_FULL_MATCHED,0.0,0.08908920123573374,"{'actual_opencv_threads': 4, 'verification': 'inferred from frozen num_opencv_threads=4 and original VioManager constructor; post-construction metadata was absent', 'cpu_affinity_per_worker': 4}"
,5,0,0.06820651554963768,"{'errors': [], 'actual_G': 953, 'actual_V': 0, 'actual_L': 0, 'output_rows': 1611, 'camera_packets': 1710}",1592,0.06820651554963768,1.0,1611,0,,0.9882060831781502,,False,0.0,G,/home/he/output/ltv_gv_independent_20261009T050259/w2/results/w2_single_full_V1_02_medium_G_G5_V0_20261009T051348_c9a61717,single_full,0.12724116029336546,0.10802104459261473,,,0.027214879701520367,,w2_single_full_V1_02_medium_G_G5_V0_20261009T051348_c9a61717,1592,V1_02_medium,VALID_FULL_MATCHED,1.3877787807814457e-17,0.08909258652924823,"{'requested_opencv_threads': 1, 'actual_opencv_threads': 1}"
,6,0,0.0682105258454013,"{'errors': [], 'actual_G': 953, 'actual_V': 0, 'actual_L': 0, 'output_rows': 1611, 'camera_packets': 1710}",1592,0.0682105258454013,1.0,1611,0,,0.9882060831781502,,False,0.0,G,/home/he/output/ltv_gv_independent_20261009T050259/w1/results/w1_single_full_V1_02_medium_G_G6_V0_20261009T051609_02c911db,single_full,0.127246288764058,0.10803069319820652,,,0.03309611718809169,,w1_single_full_V1_02_medium_G_G6_V0_20261009T051609_02c911db,1592,V1_02_medium,VALID_FULL_MATCHED,1.3877787807814457e-17,0.0890963684366367,"{'requested_opencv_threads': 1, 'actual_opencv_threads': 1}"
,8,0,0.06821768598409687,"{'errors': [], 'actual_G': 953, 'actual_V': 0, 'actual_L': 0, 'output_rows': 1611, 'camera_packets': 1710}",1592,0.06821768598409687,1.0,1611,0,,0.9882060831781502,,False,0.0,G,/home/he/output/ltv_gv_independent_20261009T050259/w2/results/w2_single_full_V1_02_medium_G_G8_V0_20261009T051833_6f2f65dd,single_full,0.12725529422575707,0.10804833355135685,,,0.043596708313442534,,w2_single_full_V1_02_medium_G_G8_V0_20261009T051833_6f2f65dd,1592,V1_02_medium,VALID_FULL_MATCHED,1.3877787807814457e-17,0.089102877306723,"{'requested_opencv_threads': 1, 'actual_opencv_threads': 1}"
,10,0,0.06822531295910444,"{'errors': [], 'actual_G': 953, 'actual_V': 0, 'actual_L': 0, 'output_rows': 1611, 'camera_packets': 1710}",1592,0.06822531295910444,1.0,1611,0,,0.9882060831781502,,False,0.0,G,/home/he/output/ltv_gv_independent_20261009T050259/w4/results/w4_extra_single_full_V1_02_medium_G_G10_V0_20261009T065646_b500f82d,extra_single_full,0.1272652386509435,0.10806542503262336,,,0.054781931042047205,,w4_extra_single_full_V1_02_medium_G_G10_V0_20261009T065646_b500f82d,1592,V1_02_medium,VALID_FULL_MATCHED,1.3877787807814457e-16,0.08910982117297558,"{'requested_opencv_threads': 1, 'actual_opencv_threads': 1}"
,16,0,0.06824806208942769,"{'errors': [], 'actual_G': 953, 'actual_V': 0, 'actual_L': 0, 'output_rows': 1611, 'camera_packets': 1710}",1592,0.06824806208942769,1.0,1611,0,,0.9882060831781502,,False,0.0,G,/home/he/output/ltv_gv_independent_20261009T050259/w2/results/w2_extra_single_full_V1_02_medium_G_G16_V0_20261009T065816_4253e660,extra_single_full,0.12729379487968065,0.10809651931612146,,,0.08814431774120113,,w2_extra_single_full_V1_02_medium_G_G16_V0_20261009T065816_4253e660,1592,V1_02_medium,VALID_FULL_MATCHED,1.1102230246251565e-16,0.0891305136439552,"{'requested_opencv_threads': 1, 'actual_opencv_threads': 1}"
1,1,1,0.06819382751897325,"{'errors': [], 'actual_G': 953, 'actual_V': 932, 'actual_L': 0, 'output_rows': 1611, 'camera_packets': 1710}",1592,0.06819382751897325,1.0,1611,0,"{'G_reason:disabled': 99, 'V_reason:disabled': 99, 'G_reason:warmup_or_core_invalid': 129, 'V_reason:warmup_or_core_invalid': 129, 'G_reason:not_ready_G': 529, 'V_reason:not_ready_V': 550, 'G_reason:accepted': 953, 'V_reason:accepted': 932}",0.9882060831781502,8e6c44b0a9f793f9e61d5dd37ff533d79b58c5f6354f87d41d521eb4a0db24b3,True,0.0,GV,/tmp/ltv_gain_scan_20261009/w0/results/w0_full_V1_02_medium_GV_1_20261009T031145_0161eaf8,,0.1272349163624483,0.10799006432408222,,,0.00860744374848732,0.0,w0_full_V1_02_medium_GV_1_20261009T031145_0161eaf8,1592,V1_02_medium,VALID_FULL_MATCHED,5.551115123125783e-17,0.0890877371972807,"{'actual_opencv_threads': 4, 'verification': 'inferred from frozen num_opencv_threads=4 and original VioManager constructor; post-construction metadata was absent', 'cpu_affinity_per_worker': 4}"
,1,2,0.06819616563567343,"{'errors': [], 'actual_G': 953, 'actual_V': 932, 'actual_L': 0, 'output_rows': 1611, 'camera_packets': 1710}",1592,0.06819616563567343,1.0,1611,0,,0.9882060831781502,,False,0.0,GV,/home/he/output/ltv_gv_independent_20261009T050259/w4/results/w4_joint_full_V1_02_medium_GV_G1_V2_20261009T055238_bf8b7c1a,joint_full,0.12724761908269697,0.1079982344972871,,,0.012036372784041127,,w4_joint_full_V1_02_medium_GV_G1_V2_20261009T055238_bf8b7c1a,1592,V1_02_medium,VALID_FULL_MATCHED,9.71445146547012e-17,0.08909652015356175,"{'requested_opencv_threads': 1, 'actual_opencv_threads': 1}"
,1,3,0.06819846790771376,"{'errors': [], 'actual_G': 953, 'actual_V': 932, 'actual_L': 0, 'output_rows': 1611, 'camera_packets': 1710}",1592,0.06819846790771376,1.0,1611,0,,0.9882060831781502,,False,0.0,GV,/home/he/output/ltv_gv_independent_20261009T050259/w2/results/w2_joint_full_V1_02_medium_GV_G1_V3_20261009T055408_1a3266e4,joint_full,0.12726028575297033,0.10800629451259763,,,0.015412734385766846,,w2_joint_full_V1_02_medium_GV_G1_V3_20261009T055408_1a3266e4,1592,V1_02_medium,VALID_FULL_MATCHED,4.163336342344337e-17,0.08910547260772643,"{'requested_opencv_threads': 1, 'actual_opencv_threads': 1}"
,1,4,0.06820056778133758,"{'errors': [], 'actual_G': 953, 'actual_V': 932, 'actual_L': 0, 'output_rows': 1611, 'camera_packets': 1710}",1592,0.06820056778133758,1.0,1611,0,,0.9882060831781502,,False,0.0,GV,/home/he/output/ltv_gv_independent_20261009T050259/w1/results/w1_joint_full_V1_02_medium_GV_G1_V4_20261009T055505_fa08259c,joint_full,0.127272256413196,0.10801046559302085,,,0.018492271707049035,,w1_joint_full_V1_02_medium_GV_G1_V4_20261009T055505_fa08259c,1592,V1_02_medium,VALID_FULL_MATCHED,4.163336342344337e-17,0.0891140301548796,"{'requested_opencv_threads': 1, 'actual_opencv_threads': 1}"
,1,5,0.06820288280406887,"{'errors': [], 'actual_G': 953, 'actual_V': 932, 'actual_L': 0, 'output_rows': 1611, 'camera_packets': 1710}",1592,0.06820288280406887,1.0,1611,0,,0.9882060831781502,,False,0.0,GV,/home/he/output/ltv_gv_independent_20261009T050259/w5/results/w5_joint_full_V1_02_medium_GV_G1_V5_20261009T055627_f48252fe,joint_full,0.12728533875935955,0.10801277601635578,,,0.02188733263823739,,w5_joint_full_V1_02_medium_GV_G1_V5_20261009T055627_f48252fe,1592,V1_02_medium,VALID_FULL_MATCHED,1.3877787807814457e-17,0.08912278211057258,"{'requested_opencv_threads': 1, 'actual_opencv_threads': 1}"
,1,6,0.06820515161397653,"{'errors': [], 'actual_G': 953, 'actual_V': 932, 'actual_L': 0, 'output_rows': 1611, 'camera_packets': 1710}",1592,0.06820515161397653,1.0,1611,0,,0.9882060831781502,,False,0.0,GV,/home/he/output/ltv_gv_independent_20261009T050259/w3/results/w3_joint_full_V1_02_medium_GV_G1_V6_20261009T055742_4b2d2e14,joint_full,0.12729809067257344,0.10801507909635917,,,0.025214620864666415,,w3_joint_full_V1_02_medium_GV_G1_V6_20261009T055742_4b2d2e14,1592,V1_02_medium,VALID_FULL_MATCHED,2.7755575615628914e-17,0.08913155680021569,"{'requested_opencv_threads': 1, 'actual_opencv_threads': 1}"
,1,8,0.06820952576515064,"{'errors': [], 'actual_G': 953, 'actual_V': 932, 'actual_L': 0, 'output_rows': 1611, 'camera_packets': 1710}",1592,0.06820952576515064,1.0,1611,0,,0.9882060831781502,,False,0.0,GV,/home/he/output/ltv_gv_independent_20261009T050259/w1/results/w1_joint_full_V1_02_medium_GV_G1_V8_20261009T055850_0b49d589,joint_full,0.12732291166971893,0.10801921093363787,,,0.03162946489949636,,w1_joint_full_V1_02_medium_GV_G1_V8_20261009T055850_0b49d589,1592,V1_02_medium,VALID_FULL_MATCHED,6.938893903907228e-17,0.08914884090375831,"{'requested_opencv_threads': 1, 'actual_opencv_threads': 1}"
,2,1,0.0681974187795788,"{'errors': [], 'actual_G': 953, 'actual_V': 932, 'actual_L': 0, 'output_rows': 1611, 'camera_packets': 1710}",1592,0.0681974187795788,1.0,1611,0,,0.9882060831781502,,False,0.0,GV,/home/he/output/ltv_gv_independent_20261009T050259/w2/results/w2_joint_full_V1_02_medium_GV_G2_V1_20261009T060010_e2dad385,joint_full,0.12723898116930044,0.10800105852649167,,,0.013874151677839563,,w2_joint_full_V1_02_medium_GV_G2_V1_20261009T060010_e2dad385,1592,V1_02_medium,VALID_FULL_MATCHED,4.163336342344337e-17,0.08909113602901282,"{'requested_opencv_threads': 1, 'actual_opencv_threads': 1}"
2,2,2,0.06819992285885222,"{'errors': [], 'actual_G': 953, 'actual_V': 932, 'actual_L': 0, 'output_rows': 1611, 'camera_packets': 1710}",1592,0.06819992285885222,1.0,1611,0,"{'G_reason:disabled': 99, 'V_reason:disabled': 99, 'G_reason:warmup_or_core_invalid': 129, 'V_reason:warmup_or_core_invalid': 129, 'G_reason:not_ready_G': 529, 'V_reason:not_ready_V': 550, 'G_reason:accepted': 953, 'V_reason:accepted': 932}",0.9882060831781502,8e6c44b0a9f793f9e61d5dd37ff533d79b58c5f6354f87d41d521eb4a0db24b3,True,0.0,GV,/tmp/ltv_gain_scan_20261009/w0/results/w0_full_V1_02_medium_GV_2_20261009T032533_e3922774,,0.12725258447494395,0.10800914952939607,,,0.017546470569085315,0.008938257465129773,w0_full_V1_02_medium_GV_2_20261009T032533_e3922774,1592,V1_02_medium,VALID_FULL_MATCHED,1.3877787807814457e-16,0.08910002829586879,"{'actual_opencv_threads': 4, 'verification': 'inferred from frozen num_opencv_threads=4 and original VioManager constructor; post-construction metadata was absent', 'cpu_affinity_per_worker': 4}"
,2,3,0.06820200627463395,"{'errors': [], 'actual_G': 953, 'actual_V': 932, 'actual_L': 0, 'output_rows': 1611, 'camera_packets': 1710}",1592,0.06820200627463395,1.0,1611,0,,0.9882060831781502,,False,0.0,GV,/home/he/output/ltv_gv_independent_20261009T050259/w4/results/w4_joint_full_V1_02_medium_GV_G2_V3_20261009T060132_58c48eb7,joint_full,0.1272644807945923,0.10801683577682798,,,0.020601871895542523,,w4_joint_full_V1_02_medium_GV_G2_V3_20261009T060132_58c48eb7,1592,V1_02_medium,VALID_FULL_MATCHED,1.5265566588595902e-16,0.08910848777760103,"{'requested_opencv_threads': 1, 'actual_opencv_threads': 1}"
,2,4,0.06820418911555462,"{'errors': [], 'actual_G': 953, 'actual_V': 932, 'actual_L': 0, 'output_rows': 1611, 'camera_packets': 1710}",1592,0.06820418911555462,1.0,1611,0,,0.9882060831781502,,False,0.0,GV,/home/he/output/ltv_gv_independent_20261009T050259/w5/results/w5_joint_full_V1_02_medium_GV_G2_V4_20261009T060245_263e7c9c,joint_full,0.12727714978331697,0.10802233155683044,,,0.023803083628171073,,w5_joint_full_V1_02_medium_GV_G2_V4_20261009T060245_263e7c9c,1592,V1_02_medium,VALID_FULL_MATCHED,8.326672684688674e-17,0.08911728181296075,"{'requested_opencv_threads': 1, 'actual_opencv_threads': 1}"
,2,5,0.06820639425551878,"{'errors': [], 'actual_G': 953, 'actual_V': 932, 'actual_L': 0, 'output_rows': 1611, 'camera_packets': 1710}",1592,0.06820639425551878,1.0,1611,0,,0.9882060831781502,,False,0.0,GV,/home/he/output/ltv_gv_independent_20261009T050259/w2/results/w2_joint_full_V1_02_medium_GV_G2_V5_20261009T060357_4b92f221,joint_full,0.1272897123315272,0.1080243504572934,,,0.027036997679585895,,w2_joint_full_V1_02_medium_GV_G2_V5_20261009T060357_4b92f221,1592,V1_02_medium,VALID_FULL_MATCHED,0.0,0.08912602491656144,"{'requested_opencv_threads': 1, 'actual_opencv_threads': 1}"
,2,6,0.0682086462402108,"{'errors': [], 'actual_G': 953, 'actual_V': 932, 'actual_L': 0, 'output_rows': 1611, 'camera_packets': 1710}",1592,0.0682086462402108,1.0,1611,0,,0.9882060831781502,,False,0.0,GV,/home/he/output/ltv_gv_independent_20261009T050259/w3/results/w3_joint_full_V1_02_medium_GV_G2_V6_20261009T060512_f5a8e109,joint_full,0.12730197963603684,0.10802637365394836,,,0.030339611145180356,,w3_joint_full_V1_02_medium_GV_G2_V6_20261009T060512_f5a8e109,1592,V1_02_medium,VALID_FULL_MATCHED,2.7755575615628914e-17,0.0891347400558253,"{'requested_opencv_threads': 1, 'actual_opencv_threads': 1}"
,2,8,0.0682133141421263,"{'errors': [], 'actual_G': 953, 'actual_V': 932, 'actual_L': 0, 'output_rows': 1611, 'camera_packets': 1710}",1592,0.0682133141421263,1.0,1611,0,,0.9882060831781502,,False,0.0,GV,/home/he/output/ltv_gv_independent_20261009T050259/w1/results/w1_joint_full_V1_02_medium_GV_G2_V8_20261009T060631_7ee7aa62,joint_full,0.12732797888088324,0.10803112138268195,,,0.03718525080549373,,w1_joint_full_V1_02_medium_GV_G2_V8_20261009T060631_7ee7aa62,1592,V1_02_medium,VALID_FULL_MATCHED,4.163336342344337e-17,0.0891523270710392,"{'requested_opencv_threads': 1, 'actual_opencv_threads': 1}"
,3,1,0.06820131737454242,"{'errors': [], 'actual_G': 953, 'actual_V': 932, 'actual_L': 0, 'output_rows': 1611, 'camera_packets': 1710}",1592,0.06820131737454242,1.0,1611,0,,0.9882060831781502,,False,0.0,GV,/home/he/output/ltv_gv_independent_20261009T050259/w4/results/w4_joint_full_V1_02_medium_GV_G3_V1_20261009T060758_2fd53d75,joint_full,0.12724448619342074,0.10801029487916314,,,0.019591576076560813,,w4_joint_full_V1_02_medium_GV_G3_V1_20261009T060758_2fd53d75,1592,V1_02_medium,VALID_FULL_MATCHED,2.7755575615628914e-17,0.08909480732952457,"{'requested_opencv_threads': 1, 'actual_opencv_threads': 1}"
,3,2,0.06820366343278679,"{'errors': [], 'actual_G': 953, 'actual_V': 932, 'actual_L': 0, 'output_rows': 1611, 'camera_packets': 1710}",1592,0.06820366343278679,1.0,1611,0,,0.9882060831781502,,False,0.0,GV,/home/he/output/ltv_gv_independent_20261009T050259/w1/results/w1_joint_full_V1_02_medium_GV_G3_V2_20261009T060852_94c1a888,joint_full,0.12725737215788283,0.1080182533709415,,,0.02303215166143957,,w1_joint_full_V1_02_medium_GV_G3_V2_20261009T060852_94c1a888,1592,V1_02_medium,VALID_FULL_MATCHED,1.3877787807814457e-17,0.08910338918221072,"{'requested_opencv_threads': 1, 'actual_opencv_threads': 1}"
,3,3,0.06820560890266876,"{'errors': [], 'actual_G': 953, 'actual_V': 932, 'actual_L': 0, 'output_rows': 1611, 'camera_packets': 1710}",1592,0.06820560890266876,1.0,1611,0,,0.9882060831781502,,False,0.0,GV,/home/he/output/ltv_gv_independent_20261009T050259/w2/results/w2_joint_full_V1_02_medium_GV_G3_V3_20261009T061014_16476d02,joint_full,0.12726905992353854,0.10802554497681413,,,0.025885250553203676,,w2_joint_full_V1_02_medium_GV_G3_V3_20261009T061014_16476d02,1592,V1_02_medium,VALID_FULL_MATCHED,1.249000902703301e-16,0.08911189147071179,"{'requested_opencv_threads': 1, 'actual_opencv_threads': 1}"
,3,4,0.06820807588573244,"{'errors': [], 'actual_G': 953, 'actual_V': 932, 'actual_L': 0, 'output_rows': 1611, 'camera_packets': 1710}",1592,0.06820807588573244,1.0,1611,0,,0.9882060831781502,,False,0.0,GV,/home/he/output/ltv_gv_independent_20261009T050259/w0/results/w0_joint_full_V1_02_medium_GV_G3_V4_20261009T061137_0996cf10,joint_full,0.12728255826712276,0.10803291636134009,,,0.029503166569400108,,w0_joint_full_V1_02_medium_GV_G3_V4_20261009T061137_0996cf10,1592,V1_02_medium,VALID_FULL_MATCHED,8.326672684688674e-17,0.0891208403023042,"{'requested_opencv_threads': 1, 'actual_opencv_threads': 1}"
,3,5,0.06821023144855594,"{'errors': [], 'actual_G': 953, 'actual_V': 932, 'actual_L': 0, 'output_rows': 1611, 'camera_packets': 1710}",1592,0.06821023144855594,1.0,1611,0,,0.9882060831781502,,False,0.0,GV,/home/he/output/ltv_gv_independent_20261009T050259/w5/results/w5_joint_full_V1_02_medium_GV_G3_V5_20261009T061252_dd22d598,joint_full,0.1272947137896941,0.10803614777389114,,,0.03266437402875688,,w5_joint_full_V1_02_medium_GV_G3_V5_20261009T061252_dd22d598,1592,V1_02_medium,VALID_FULL_MATCHED,1.3877787807814457e-17,0.08912953606835868,"{'requested_opencv_threads': 1, 'actual_opencv_threads': 1}"
,3,6,0.06821247943194814,"{'errors': [], 'actual_G': 953, 'actual_V': 932, 'actual_L': 0, 'output_rows': 1611, 'camera_packets': 1710}",1592,0.06821247943194814,1.0,1611,0,,0.9882060831781502,,False,0.0,GV,/home/he/output/ltv_gv_independent_20261009T050259/w2/results/w2_joint_full_V1_02_medium_GV_G3_V6_20261009T061403_af144461,joint_full,0.12730737800255137,0.10803845086792777,,,0.035961119449723356,,w2_joint_full_V1_02_medium_GV_G3_V6_20261009T061403_af144461,1592,V1_02_medium,VALID_FULL_MATCHED,1.3877787807814457e-17,0.0891381312561902,"{'requested_opencv_threads': 1, 'actual_opencv_threads': 1}"
,3,8,0.06821690774959098,"{'errors': [], 'actual_G': 953, 'actual_V': 932, 'actual_L': 0, 'output_rows': 1611, 'camera_packets': 1710}",1592,0.06821690774959098,1.0,1611,0,,0.9882060831781502,,False,0.0,GV,/home/he/output/ltv_gv_independent_20261009T050259/w1/results/w1_joint_full_V1_02_medium_GV_G3_V8_20261009T061523_5b6fe75f,joint_full,0.12733251410116886,0.10804247254921366,,,0.04245540048499752,,w1_joint_full_V1_02_medium_GV_G3_V8_20261009T061523_5b6fe75f,1592,V1_02_medium,VALID_FULL_MATCHED,0.0,0.08915569678364972,"{'requested_opencv_threads': 1, 'actual_opencv_threads': 1}"
,4,1,0.0682049958525328,"{'errors': [], 'actual_G': 953, 'actual_V': 932, 'actual_L': 0, 'output_rows': 1611, 'camera_packets': 1710}",1592,0.0682049958525328,1.0,1611,0,,0.9882060831781502,,False,0.0,GV,/home/he/output/ltv_gv_independent_20261009T050259/w5/results/w5_joint_full_V1_02_medium_GV_G4_V1_20261009T061643_d6716a02,joint_full,0.1272487833605572,0.1080197175965949,,,0.02498619131836577,,w5_joint_full_V1_02_medium_GV_G4_V1_20261009T061643_d6716a02,1592,V1_02_medium,VALID_FULL_MATCHED,1.3877787807814457e-17,0.08909777800754191,"{'requested_opencv_threads': 1, 'actual_opencv_threads': 1}"
,4,2,0.06820730097988312,"{'errors': [], 'actual_G': 953, 'actual_V': 932, 'actual_L': 0, 'output_rows': 1611, 'camera_packets': 1710}",1592,0.06820730097988312,1.0,1611,0,,0.9882060831781502,,False,0.0,GV,/home/he/output/ltv_gv_independent_20261009T050259/w2/results/w2_joint_full_V1_02_medium_GV_G4_V2_20261009T061754_ee92e8fb,joint_full,0.12726182043634068,0.1080274489615293,,,0.028366740330976192,,w2_joint_full_V1_02_medium_GV_G4_V2_20261009T061754_ee92e8fb,1592,V1_02_medium,VALID_FULL_MATCHED,5.551115123125783e-17,0.08910671147220214,"{'requested_opencv_threads': 1, 'actual_opencv_threads': 1}"
,4,3,0.06820942673049615,"{'errors': [], 'actual_G': 953, 'actual_V': 932, 'actual_L': 0, 'output_rows': 1611, 'camera_packets': 1710}",1592,0.06820942673049615,1.0,1611,0,,0.9882060831781502,,False,0.0,GV,/home/he/output/ltv_gv_independent_20261009T050259/w1/results/w1_joint_full_V1_02_medium_GV_G4_V3_20261009T061916_4eea1bf7,joint_full,0.12727447546397966,0.10803486583040352,,,0.0314842271522453,,w1_joint_full_V1_02_medium_GV_G4_V3_20261009T061916_4eea1bf7,1592,V1_02_medium,VALID_FULL_MATCHED,0.0,0.08911528802325547,"{'requested_opencv_threads': 1, 'actual_opencv_threads': 1}"
4,4,4,0.0682116152528801,"{'errors': [], 'actual_G': 953, 'actual_V': 932, 'actual_L': 0, 'output_rows': 1611, 'camera_packets': 1710}",1592,0.0682116152528801,1.0,1611,0,"{'G_reason:disabled': 99, 'V_reason:disabled': 99, 'G_reason:warmup_or_core_invalid': 129, 'V_reason:warmup_or_core_invalid': 129, 'G_reason:not_ready_G': 529, 'V_reason:not_ready_V': 550, 'G_reason:accepted': 953, 'V_reason:accepted': 932}",0.9882060831781502,8e6c44b0a9f793f9e61d5dd37ff533d79b58c5f6354f87d41d521eb4a0db24b3,True,0.0,GV,/tmp/ltv_gain_scan_20261009/w0/results/w0_full_V1_02_medium_GV_4_20261009T034126_16d2ff5b,,0.12728686876126571,0.10804182529840056,,,0.03469377094735826,0.026084082026178734,w0_full_V1_02_medium_GV_4_20261009T034126_16d2ff5b,1592,V1_02_medium,VALID_FULL_MATCHED,1.3877787807814457e-17,0.08912415398861295,"{'actual_opencv_threads': 4, 'verification': 'inferred from frozen num_opencv_threads=4 and original VioManager constructor; post-construction metadata was absent', 'cpu_affinity_per_worker': 4}"
,4,5,0.06821409952729883,"{'errors': [], 'actual_G': 953, 'actual_V': 932, 'actual_L': 0, 'output_rows': 1611, 'camera_packets': 1710}",1592,0.06821409952729883,1.0,1611,0,,0.9882060831781502,,False,0.0,GV,/home/he/output/ltv_gv_independent_20261009T050259/w5/results/w5_joint_full_V1_02_medium_GV_G4_V5_20261009T062033_d75afc6f,joint_full,0.12730017628494245,0.10804809688467475,,,0.03833704533398041,,w5_joint_full_V1_02_medium_GV_G4_V5_20261009T062033_d75afc6f,1592,V1_02_medium,VALID_FULL_MATCHED,1.3877787807814457e-17,0.08913322775945079,"{'requested_opencv_threads': 1, 'actual_opencv_threads': 1}"
,4,6,0.06821615996039813,"{'errors': [], 'actual_G': 953, 'actual_V': 932, 'actual_L': 0, 'output_rows': 1611, 'camera_packets': 1710}",1592,0.06821615996039813,1.0,1611,0,,0.9882060831781502,,False,0.0,GV,/home/he/output/ltv_gv_independent_20261009T050259/w0/results/w0_joint_full_V1_02_medium_GV_G4_V6_20261009T062147_6fa7c481,joint_full,0.12731213219189189,0.10804990398919194,,,0.041358741761476914,,w0_joint_full_V1_02_medium_GV_G4_V6_20261009T062147_6fa7c481,1592,V1_02_medium,VALID_FULL_MATCHED,2.7755575615628914e-17,0.08914167176683584,"{'requested_opencv_threads': 1, 'actual_opencv_threads': 1}"
,4,8,0.06822071097374066,"{'errors': [], 'actual_G': 953, 'actual_V': 932, 'actual_L': 0, 'output_rows': 1611, 'camera_packets': 1710}",1592,0.06822071097374066,1.0,1611,0,,0.9882060831781502,,False,0.0,GV,/home/he/output/ltv_gv_independent_20261009T050259/w1/results/w1_joint_full_V1_02_medium_GV_G4_V8_20261009T062306_51c04de6,joint_full,0.12733742375510174,0.10805419667288398,,,0.0480329602853935,,w1_joint_full_V1_02_medium_GV_G4_V8_20261009T062306_51c04de6,1592,V1_02_medium,VALID_FULL_MATCHED,1.3877787807814457e-17,0.08915912080916523,"{'requested_opencv_threads': 1, 'actual_opencv_threads': 1}"
,5,1,0.06820874919390509,"{'errors': [], 'actual_G': 953, 'actual_V': 932, 'actual_L': 0, 'output_rows': 1611, 'camera_packets': 1710}",1592,0.06820874919390509,1.0,1611,0,,0.9882060831781502,,False,0.0,GV,/home/he/output/ltv_gv_independent_20261009T050259/w5/results/w5_joint_full_V1_02_medium_GV_G5_V1_20261009T062422_f20e226a,joint_full,0.12725383557951586,0.108028801228302,,,0.030490596299870276,,w5_joint_full_V1_02_medium_GV_G5_V1_20261009T062422_f20e226a,1592,V1_02_medium,VALID_FULL_MATCHED,5.551115123125783e-17,0.08910141806478654,"{'requested_opencv_threads': 1, 'actual_opencv_threads': 1}"
,5,2,0.06821104622160237,"{'errors': [], 'actual_G': 953, 'actual_V': 932, 'actual_L': 0, 'output_rows': 1611, 'camera_packets': 1710}",1592,0.06821104622160237,1.0,1611,0,,0.9882060831781502,,False,0.0,GV,/home/he/output/ltv_gv_independent_20261009T050259/w0/results/w0_joint_full_V1_02_medium_GV_G5_V2_20261009T062538_ef89e686,joint_full,0.12726664089433767,0.10803642204080673,,,0.033859266891078654,,w0_joint_full_V1_02_medium_GV_G5_V2_20261009T062538_ef89e686,1592,V1_02_medium,VALID_FULL_MATCHED,5.551115123125783e-17,0.08911009911449641,"{'requested_opencv_threads': 1, 'actual_opencv_threads': 1}"
,5,3,0.06821329092039308,"{'errors': [], 'actual_G': 953, 'actual_V': 932, 'actual_L': 0, 'output_rows': 1611, 'camera_packets': 1710}",1592,0.06821329092039308,1.0,1611,0,,0.9882060831781502,,False,0.0,GV,/home/he/output/ltv_gv_independent_20261009T050259/w1/results/w1_joint_full_V1_02_medium_GV_G5_V3_20261009T062654_4350edf4,joint_full,0.12727915796933967,0.10804421543944402,,,0.037151195330298314,,w1_joint_full_V1_02_medium_GV_G5_V3_20261009T062654_4350edf4,1592,V1_02_medium,VALID_FULL_MATCHED,6.938893903907228e-17,0.08911871223361408,"{'requested_opencv_threads': 1, 'actual_opencv_threads': 1}"
,5,4,0.06821562395019468,"{'errors': [], 'actual_G': 953, 'actual_V': 932, 'actual_L': 0, 'output_rows': 1611, 'camera_packets': 1710}",1592,0.06821562395019468,1.0,1611,0,,0.9882060831781502,,False,0.0,GV,/home/he/output/ltv_gv_independent_20261009T050259/w5/results/w5_joint_full_V1_02_medium_GV_G5_V4_20261009T062809_ff0a63be,joint_full,0.12729221484462863,0.1080513898163925,,,0.04057266425310235,,w5_joint_full_V1_02_medium_GV_G5_V4_20261009T062809_ff0a63be,1592,V1_02_medium,VALID_FULL_MATCHED,6.938893903907228e-17,0.08912776275634324,"{'requested_opencv_threads': 1, 'actual_opencv_threads': 1}"
,5,5,0.06821785198844951,"{'errors': [], 'actual_G': 953, 'actual_V': 932, 'actual_L': 0, 'output_rows': 1611, 'camera_packets': 1710}",1592,0.06821785198844951,1.0,1611,0,,0.9882060831781502,,False,0.0,GV,/home/he/output/ltv_gv_independent_20261009T050259/w0/results/w0_joint_full_V1_02_medium_GV_G5_V5_20261009T062925_a4cc9eb0,joint_full,0.12730450768910953,0.10805804738629171,,,0.04384015944003394,,w0_joint_full_V1_02_medium_GV_G5_V5_20261009T062925_a4cc9eb0,1592,V1_02_medium,VALID_FULL_MATCHED,1.3877787807814457e-17,0.08913653198060738,"{'requested_opencv_threads': 1, 'actual_opencv_threads': 1}"
,5,6,0.06822005870301948,"{'errors': [], 'actual_G': 953, 'actual_V': 932, 'actual_L': 0, 'output_rows': 1611, 'camera_packets': 1710}",1592,0.06822005870301948,1.0,1611,0,,0.9882060831781502,,False,0.0,GV,/home/he/output/ltv_gv_independent_20261009T050259/w1/results/w1_joint_full_V1_02_medium_GV_G5_V6_20261009T063040_10419f27,joint_full,0.12731726075231756,0.10806199518556285,,,0.047076382705357744,,w1_joint_full_V1_02_medium_GV_G5_V6_20261009T063040_10419f27,1592,V1_02_medium,VALID_FULL_MATCHED,6.938893903907228e-17,0.0891452514581492,"{'requested_opencv_threads': 1, 'actual_opencv_threads': 1}"
,5,8,0.06822462182851072,"{'errors': [], 'actual_G': 953, 'actual_V': 932, 'actual_L': 0, 'output_rows': 1611, 'camera_packets': 1710}",1592,0.06822462182851072,1.0,1611,0,,0.9882060831781502,,False,0.0,GV,/home/he/output/ltv_gv_independent_20261009T050259/w5/results/w5_joint_full_V1_02_medium_GV_G5_V8_20261009T063155_1a0c7674,joint_full,0.12734285959091377,0.10806631142440484,,,0.053768364114437084,,w5_joint_full_V1_02_medium_GV_G5_V8_20261009T063155_1a0c7674,1592,V1_02_medium,VALID_FULL_MATCHED,2.7755575615628914e-17,0.0891626435762063,"{'requested_opencv_threads': 1, 'actual_opencv_threads': 1}"
,6,1,0.06821266903494792,"{'errors': [], 'actual_G': 953, 'actual_V': 932, 'actual_L': 0, 'output_rows': 1611, 'camera_packets': 1710}",1592,0.06821266903494792,1.0,1611,0,,0.9882060831781502,,False,0.0,GV,/home/he/output/ltv_gv_independent_20261009T050259/w2/results/w2_joint_full_V1_02_medium_GV_G6_V1_20261009T063311_250e826a,joint_full,0.1272589691413641,0.10803808612192235,,,0.03623917880883898,,w2_joint_full_V1_02_medium_GV_G6_V1_20261009T063311_250e826a,1592,V1_02_medium,VALID_FULL_MATCHED,2.7755575615628914e-17,0.08910485359633495,"{'requested_opencv_threads': 1, 'actual_opencv_threads': 1}"
,6,2,0.06821479590987481,"{'errors': [], 'actual_G': 953, 'actual_V': 932, 'actual_L': 0, 'output_rows': 1611, 'camera_packets': 1710}",1592,0.06821479590987481,1.0,1611,0,,0.9882060831781502,,False,0.0,GV,/home/he/output/ltv_gv_independent_20261009T050259/w4/results/w4_joint_full_V1_02_medium_GV_G6_V2_20261009T063428_aee378ea,joint_full,0.12727116811857575,0.10804565230705213,,,0.039358314475257394,,w4_joint_full_V1_02_medium_GV_G6_V2_20261009T063428_aee378ea,1592,V1_02_medium,VALID_FULL_MATCHED,6.938893903907228e-17,0.08911363068745794,"{'requested_opencv_threads': 1, 'actual_opencv_threads': 1}"
,6,3,0.06821724437860609,"{'errors': [], 'actual_G': 953, 'actual_V': 932, 'actual_L': 0, 'output_rows': 1611, 'camera_packets': 1710}",1592,0.06821724437860609,1.0,1611,0,,0.9882060831781502,,False,0.0,GV,/home/he/output/ltv_gv_independent_20261009T050259/w5/results/w5_joint_full_V1_02_medium_GV_G6_V3_20261009T063541_b6e19888,joint_full,0.12728473211410726,0.10805351433930611,,,0.042949078582421585,,w5_joint_full_V1_02_medium_GV_G6_V3_20261009T063541_b6e19888,1592,V1_02_medium,VALID_FULL_MATCHED,5.551115123125783e-17,0.08912262455576045,"{'requested_opencv_threads': 1, 'actual_opencv_threads': 1}"
,6,4,0.0682192588380554,"{'errors': [], 'actual_G': 953, 'actual_V': 932, 'actual_L': 0, 'output_rows': 1611, 'camera_packets': 1710}",1592,0.0682192588380554,1.0,1611,0,,0.9882060831781502,,False,0.0,GV,/home/he/output/ltv_gv_independent_20261009T050259/w2/results/w2_joint_full_V1_02_medium_GV_G6_V4_20261009T063657_49bdf43c,joint_full,0.12729655477980822,0.10806045753062374,,,0.04590335306160487,,w2_joint_full_V1_02_medium_GV_G6_V4_20261009T063657_49bdf43c,1592,V1_02_medium,VALID_FULL_MATCHED,1.249000902703301e-16,0.08913106420189525,"{'requested_opencv_threads': 1, 'actual_opencv_threads': 1}"
,6,5,0.06822143412991945,"{'errors': [], 'actual_G': 953, 'actual_V': 932, 'actual_L': 0, 'output_rows': 1611, 'camera_packets': 1710}",1592,0.06822143412991945,1.0,1611,0,,0.9882060831781502,,False,0.0,GV,/home/he/output/ltv_gv_independent_20261009T050259/w3/results/w3_joint_full_V1_02_medium_GV_G6_V5_20261009T063812_bd421b39,joint_full,0.1273091342594946,0.10806696363228047,,,0.049093493841523284,,w3_joint_full_V1_02_medium_GV_G6_V5_20261009T063812_bd421b39,1592,V1_02_medium,VALID_FULL_MATCHED,1.3877787807814457e-17,0.0891397516347943,"{'requested_opencv_threads': 1, 'actual_opencv_threads': 1}"
,6,6,0.06822374355293502,"{'errors': [], 'actual_G': 953, 'actual_V': 932, 'actual_L': 0, 'output_rows': 1611, 'camera_packets': 1710}",1592,0.06822374355293502,1.0,1611,0,,0.9882060831781502,,False,0.0,GV,/home/he/output/ltv_gv_independent_20261009T050259/w0/results/w0_joint_full_V1_02_medium_GV_G6_V6_20261009T063931_5a5537d7,joint_full,0.1273218117737148,0.10807360650978383,,,0.052480342595861984,,w0_joint_full_V1_02_medium_GV_G6_V6_20261009T063931_5a5537d7,1592,V1_02_medium,VALID_FULL_MATCHED,0.0,0.08914862779751853,"{'requested_opencv_threads': 1, 'actual_opencv_threads': 1}"
,6,8,0.06822836680511479,"{'errors': [], 'actual_G': 953, 'actual_V': 932, 'actual_L': 0, 'output_rows': 1611, 'camera_packets': 1710}",1592,0.06822836680511479,1.0,1611,0,,0.9882060831781502,,False,0.0,GV,/home/he/output/ltv_gv_independent_20261009T050259/w2/results/w2_joint_full_V1_02_medium_GV_G6_V8_20261009T064043_e9cd9478,joint_full,0.12734775471918394,0.10807800722555834,,,0.059260501873947824,,w2_joint_full_V1_02_medium_GV_G6_V8_20261009T064043_e9cd9478,1592,V1_02_medium,VALID_FULL_MATCHED,9.71445146547012e-17,0.0891662060886825,"{'requested_opencv_threads': 1, 'actual_opencv_threads': 1}"
,8,1,0.0682200593712517,"{'errors': [], 'actual_G': 953, 'actual_V': 932, 'actual_L': 0, 'output_rows': 1611, 'camera_packets': 1710}",1592,0.0682200593712517,1.0,1611,0,,0.9882060831781502,,False,0.0,GV,/home/he/output/ltv_gv_independent_20261009T050259/w3/results/w3_joint_full_V1_02_medium_GV_G8_V1_20261009T064158_7628b9df,joint_full,0.1272682748901968,0.10805619869752121,,,0.047077362691028135,,w3_joint_full_V1_02_medium_GV_G8_V1_20261009T064158_7628b9df,1592,V1_02_medium,VALID_FULL_MATCHED,4.163336342344337e-17,0.08911172766337198,"{'requested_opencv_threads': 1, 'actual_opencv_threads': 1}"
,8,2,0.06822215869840133,"{'errors': [], 'actual_G': 953, 'actual_V': 932, 'actual_L': 0, 'output_rows': 1611, 'camera_packets': 1710}",1592,0.06822215869840133,1.0,1611,0,,0.9882060831781502,,False,0.0,GV,/home/he/output/ltv_gv_independent_20261009T050259/w1/results/w1_joint_full_V1_02_medium_GV_G8_V2_20261009T064315_811f7aa7,joint_full,0.12728016519652088,0.10806369230690546,,,0.05015609858900483,,w1_joint_full_V1_02_medium_GV_G8_V2_20261009T064315_811f7aa7,1592,V1_02_medium,VALID_FULL_MATCHED,1.3877787807814457e-16,0.08912042587472616,"{'requested_opencv_threads': 1, 'actual_opencv_threads': 1}"
,8,3,0.0682245395570421,"{'errors': [], 'actual_G': 953, 'actual_V': 932, 'actual_L': 0, 'output_rows': 1611, 'camera_packets': 1710}",1592,0.0682245395570421,1.0,1611,0,,0.9882060831781502,,False,0.0,GV,/home/he/output/ltv_gv_independent_20261009T050259/w4/results/w4_joint_full_V1_02_medium_GV_G8_V3_20261009T064432_13f0c200,joint_full,0.12729380053433384,0.10807128929852437,,,0.05364771015923253,,w4_joint_full_V1_02_medium_GV_G8_V3_20261009T064432_13f0c200,1592,V1_02_medium,VALID_FULL_MATCHED,5.551115123125783e-17,0.0891293549663831,"{'requested_opencv_threads': 1, 'actual_opencv_threads': 1}"
,8,4,0.06822669240976645,"{'errors': [], 'actual_G': 953, 'actual_V': 932, 'actual_L': 0, 'output_rows': 1611, 'camera_packets': 1710}",1592,0.06822669240976645,1.0,1611,0,,0.9882060831781502,,False,0.0,GV,/home/he/output/ltv_gv_independent_20261009T050259/w3/results/w3_joint_full_V1_02_medium_GV_G8_V4_20261009T064547_3874c81e,joint_full,0.12730600176847506,0.10807863561856344,,,0.05680494316444573,,w3_joint_full_V1_02_medium_GV_G8_V4_20261009T064547_3874c81e,1592,V1_02_medium,VALID_FULL_MATCHED,1.3877787807814457e-17,0.0891378154113518,"{'requested_opencv_threads': 1, 'actual_opencv_threads': 1}"
,8,5,0.06822883484599206,"{'errors': [], 'actual_G': 953, 'actual_V': 932, 'actual_L': 0, 'output_rows': 1611, 'camera_packets': 1710}",1592,0.06822883484599206,1.0,1611,0,,0.9882060831781502,,False,0.0,GV,/home/he/output/ltv_gv_independent_20261009T050259/w1/results/w1_joint_full_V1_02_medium_GV_G8_V5_20261009T064707_77ce8e20,joint_full,0.12731864012558897,0.10808508691829594,,,0.059946900013851945,,w1_joint_full_V1_02_medium_GV_G8_V5_20261009T064707_77ce8e20,1592,V1_02_medium,VALID_FULL_MATCHED,9.71445146547012e-17,0.08914628347144399,"{'requested_opencv_threads': 1, 'actual_opencv_threads': 1}"
,8,6,0.06823108305722694,"{'errors': [], 'actual_G': 953, 'actual_V': 932, 'actual_L': 0, 'output_rows': 1611, 'camera_packets': 1710}",1592,0.06823108305722694,1.0,1611,0,,0.9882060831781502,,False,0.0,GV,/home/he/output/ltv_gv_independent_20261009T050259/w5/results/w5_joint_full_V1_02_medium_GV_G8_V6_20261009T064822_f2a6fec6,joint_full,0.1273312883949487,0.10809165522538376,,,0.0632439795739792,,w5_joint_full_V1_02_medium_GV_G8_V6_20261009T064822_f2a6fec6,1592,V1_02_medium,VALID_FULL_MATCHED,4.163336342344337e-17,0.08915534989403873,"{'requested_opencv_threads': 1, 'actual_opencv_threads': 1}"
,8,8,0.06823567457734349,"{'errors': [], 'actual_G': 953, 'actual_V': 932, 'actual_L': 0, 'output_rows': 1611, 'camera_packets': 1710}",1592,0.06823567457734349,1.0,1611,0,,0.9882060831781502,,False,0.0,GV,/home/he/output/ltv_gv_independent_20261009T050259/w3/results/w3_joint_full_V1_02_medium_GV_G8_V8_20261009T064937_2fe6c2b3,joint_full,0.127356550670545,0.10810102961814308,,,0.06997760268345754,,w3_joint_full_V1_02_medium_GV_G8_V8_20261009T064937_2fe6c2b3,1592,V1_02_medium,VALID_FULL_MATCHED,0.0,0.08917289919319174,"{'requested_opencv_threads': 1, 'actual_opencv_threads': 1}"
1,0,0,0.06818795827882117,"{'errors': [], 'actual_G': 0, 'actual_V': 0, 'actual_L': 0, 'output_rows': 1611, 'camera_packets': 1710}",1592,0.06818795827882117,1.0,1611,0,,0.9882060831781502,8e6c44b0a9f793f9e61d5dd37ff533d79b58c5f6354f87d41d521eb4a0db24b3,True,0.0,OFF,/tmp/ltv_gain_scan_20261009/w0/results/w0_full_V1_02_medium_OFF_1_20261009T030444_c6e520af,,0.12721735194899958,0.10797092974255955,,,0.0,0.0,w0_full_V1_02_medium_OFF_1_20261009T030444_c6e520af,1592,V1_02_medium,VALID_FULL_MATCHED,0.0,0.08907552186831459,"{'actual_opencv_threads': 4, 'verification': 'inferred from frozen num_opencv_threads=4 and original VioManager constructor; post-construction metadata was absent', 'cpu_affinity_per_worker': 4}"
1,0,1,0.06819022989543307,"{'errors': [], 'actual_G': 0, 'actual_V': 932, 'actual_L': 0, 'output_rows': 1611, 'camera_packets': 1710}",1592,0.06819022989543307,1.0,1611,0,"{'G_reason:disabled': 1710, 'V_reason:disabled': 99, 'V_reason:warmup_or_core_invalid': 129, 'V_reason:not_ready_V': 550, 'V_reason:accepted': 932}",0.9882060831781502,8e6c44b0a9f793f9e61d5dd37ff533d79b58c5f6354f87d41d521eb4a0db24b3,True,0.0,V,/tmp/ltv_gain_scan_20261009/w0/results/w0_full_V1_02_medium_V_1_20261009T030917_4353eaad,,0.12723048562871278,0.10797870584948113,,,0.003331404355311207,0.0,w0_full_V1_02_medium_V_1_20261009T030917_4353eaad,1592,V1_02_medium,VALID_FULL_MATCHED,8.326672684688674e-17,0.08908436262977874,"{'actual_opencv_threads': 4, 'verification': 'inferred from frozen num_opencv_threads=4 and original VioManager constructor; post-construction metadata was absent', 'cpu_affinity_per_worker': 4}"
2,0,2,0.06819248831784684,"{'errors': [], 'actual_G': 0, 'actual_V': 932, 'actual_L': 0, 'output_rows': 1611, 'camera_packets': 1710}",1592,0.06819248831784684,1.0,1611,0,"{'G_reason:disabled': 1710, 'V_reason:disabled': 99, 'V_reason:warmup_or_core_invalid': 129, 'V_reason:not_ready_V': 550, 'V_reason:accepted': 932}",0.9882060831781502,8e6c44b0a9f793f9e61d5dd37ff533d79b58c5f6354f87d41d521eb4a0db24b3,True,0.0,V,/tmp/ltv_gain_scan_20261009/w0/results/w0_full_V1_02_medium_V_2_20261009T032222_64b92c9d,,0.12724300045494863,0.10798686530306162,,,0.0066434589625741225,0.00331194427301007,w0_full_V1_02_medium_V_2_20261009T032222_64b92c9d,1592,V1_02_medium,VALID_FULL_MATCHED,6.938893903907228e-17,0.08909326494562948,"{'actual_opencv_threads': 4, 'verification': 'inferred from frozen num_opencv_threads=4 and original VioManager constructor; post-construction metadata was absent', 'cpu_affinity_per_worker': 4}"
,0,3,0.06819462548716307,"{'errors': [], 'actual_G': 0, 'actual_V': 932, 'actual_L': 0, 'output_rows': 1611, 'camera_packets': 1710}",1592,0.06819462548716307,1.0,1611,0,,0.9882060831781502,,False,0.0,V,/home/he/output/ltv_gv_independent_20261009T050259/w1/results/w1_single_full_V1_02_medium_V_G0_V3_20261009T052054_f74f9d8b,single_full,0.12725517122365204,0.10799442117381415,,,0.00977769170715792,,w1_single_full_V1_02_medium_V_G0_V3_20261009T052054_f74f9d8b,1592,V1_02_medium,VALID_FULL_MATCHED,2.7755575615628914e-17,0.0891018752409492,"{'requested_opencv_threads': 1, 'actual_opencv_threads': 1}"
4,0,4,0.06819700940774548,"{'errors': [], 'actual_G': 0, 'actual_V': 932, 'actual_L': 0, 'output_rows': 1611, 'camera_packets': 1710}",1592,0.06819700940774548,1.0,1611,0,"{'G_reason:disabled': 1710, 'V_reason:disabled': 99, 'V_reason:warmup_or_core_invalid': 129, 'V_reason:not_ready_V': 550, 'V_reason:accepted': 932}",0.9882060831781502,8e6c44b0a9f793f9e61d5dd37ff533d79b58c5f6354f87d41d521eb4a0db24b3,True,0.0,V,/tmp/ltv_gain_scan_20261009/w0/results/w0_full_V1_02_medium_V_4_20261009T033815_3371578e,,0.12726871318222455,0.10799845744703926,,,0.013273793720736116,0.009942058155254507,w0_full_V1_02_medium_V_4_20261009T033815_3371578e,1592,V1_02_medium,VALID_FULL_MATCHED,0.0,0.08911081713892491,"{'actual_opencv_threads': 4, 'verification': 'inferred from frozen num_opencv_threads=4 and original VioManager constructor; post-construction metadata was absent', 'cpu_affinity_per_worker': 4}"
,0,5,0.06819924810214925,"{'errors': [], 'actual_G': 0, 'actual_V': 932, 'actual_L': 0, 'output_rows': 1611, 'camera_packets': 1710}",1592,0.06819924810214925,1.0,1611,0,,0.9882060831781502,,False,0.0,V,/home/he/output/ltv_gv_independent_20261009T050259/w0/results/w0_single_full_V1_02_medium_V_G0_V5_20261009T052315_7b671fca,single_full,0.12728090030688458,0.10800070073590193,,True,0.016556916518783993,,w0_single_full_V1_02_medium_V_G0_V5_20261009T052315_7b671fca,1592,V1_02_medium,VALID_FULL_MATCHED,5.551115123125783e-17,0.08911960520474338,"{'requested_opencv_threads': 1, 'actual_opencv_threads': 1}"
,0,6,0.06820134177921676,"{'errors': [], 'actual_G': 0, 'actual_V': 932, 'actual_L': 0, 'output_rows': 1611, 'camera_packets': 1710}",1592,0.06820134177921676,1.0,1611,0,,0.9882060831781502,,False,0.0,V,/home/he/output/ltv_gv_independent_20261009T050259/w2/results/w2_single_full_V1_02_medium_V_G0_V6_20261009T052533_6c6ce655,single_full,0.1272933147763382,0.10800266503414686,,True,0.019627366375840616,,w2_single_full_V1_02_medium_V_G0_V6_20261009T052533_6c6ce655,1592,V1_02_medium,VALID_FULL_MATCHED,4.163336342344337e-17,0.08912804561441126,"{'requested_opencv_threads': 1, 'actual_opencv_threads': 1}"
,0,8,0.06820608352803953,"{'errors': [], 'actual_G': 0, 'actual_V': 932, 'actual_L': 0, 'output_rows': 1611, 'camera_packets': 1710}",1592,0.06820608352803953,1.0,1611,0,,0.9882060831781502,,False,0.0,V,/home/he/output/ltv_gv_independent_20261009T050259/w1/results/w1_single_full_V1_02_medium_V_G0_V8_20261009T052748_14967869,single_full,0.12731884584020625,0.10800745839488056,,True,0.02658130508066403,,w1_single_full_V1_02_medium_V_G0_V8_20261009T052748_14967869,1592,V1_02_medium,VALID_FULL_MATCHED,1.3877787807814457e-17,0.08914584674555849,"{'requested_opencv_threads': 1, 'actual_opencv_threads': 1}"
,0,10,0.06821051472490097,"{'errors': [], 'actual_G': 0, 'actual_V': 932, 'actual_L': 0, 'output_rows': 1611, 'camera_packets': 1710}",1592,0.06821051472490097,1.0,1611,0,,0.9882060831781502,,False,0.0,V,/home/he/output/ltv_gv_independent_20261009T050259/w1/results/w1_extra_single_full_V1_02_medium_V_G0_V10_20261009T065912_cc0f30f1,extra_single_full,0.1273437565721363,0.1080119891637078,,,0.03307980858962001,,w1_extra_single_full_V1_02_medium_V_G0_V10_20261009T065912_cc0f30f1,1592,V1_02_medium,VALID_FULL_MATCHED,5.551115123125783e-17,0.08916292465930355,"{'requested_opencv_threads': 1, 'actual_opencv_threads': 1}"
,0,16,0.06822434939593246,"{'errors': [], 'actual_G': 0, 'actual_V': 932, 'actual_L': 0, 'output_rows': 1611, 'camera_packets': 1710}",1592,0.06822434939593246,1.0,1611,0,,0.9882060831781502,,False,0.0,V,/home/he/output/ltv_gv_independent_20261009T050259/w5/results/w5_extra_single_full_V1_02_medium_V_G0_V16_20261009T070035_5e90adb9,extra_single_full,0.12741931008349083,0.10803561435533539,,,0.05336883231272793,,w5_extra_single_full_V1_02_medium_V_G0_V16_20261009T070035_5e90adb9,1592,V1_02_medium,VALID_FULL_MATCHED,1.249000902703301e-16,0.08921550083915407,"{'requested_opencv_threads': 1, 'actual_opencv_threads': 1}"
1,1,0,0.04189159596219991,"{'errors': [], 'actual_G': 956, 'actual_V': 0, 'actual_L': 0, 'output_rows': 2005, 'camera_packets': 2149}",1986,0.04189159596219991,1.0,2005,0,"{'G_reason:disabled': 144, 'V_reason:disabled': 2149, 'G_reason:warmup_or_core_invalid': 516, 'G_reason:not_ready_G': 533, 'G_reason:accepted': 956}",0.9905236907730673,8e6c44b0a9f793f9e61d5dd37ff533d79b58c5f6354f87d41d521eb4a0db24b3,True,0.0,G,/tmp/ltv_gain_scan_20261009/w1/results/w1_full_V1_03_difficult_G_1_20261009T030627_6866a3ed,,0.08950166439875314,0.07279745353869546,,,0.0024512727904157927,0.0,w1_full_V1_03_difficult_G_1_20261009T030627_6866a3ed,1986,V1_03_difficult,VALID_FULL_MATCHED,1.3877787807814457e-17,0.04633170751550881,"{'actual_opencv_threads': 4, 'verification': 'inferred from frozen num_opencv_threads=4 and original VioManager constructor; post-construction metadata was absent', 'cpu_affinity_per_worker': 4}"
2,2,0,0.04189247035039352,"{'errors': [], 'actual_G': 956, 'actual_V': 0, 'actual_L': 0, 'output_rows': 2005, 'camera_packets': 2149}",1986,0.04189247035039352,1.0,2005,0,"{'G_reason:disabled': 144, 'V_reason:disabled': 2149, 'G_reason:warmup_or_core_invalid': 516, 'G_reason:not_ready_G': 533, 'G_reason:accepted': 956}",0.9905236907730673,8e6c44b0a9f793f9e61d5dd37ff533d79b58c5f6354f87d41d521eb4a0db24b3,True,0.0,G,/tmp/ltv_gain_scan_20261009/w1/results/w1_full_V1_03_difficult_G_2_20261009T031850_10c994d0,,0.08951093762327869,0.07280529416933752,,,0.004538587936009364,0.0020872639810765037,w1_full_V1_03_difficult_G_2_20261009T031850_10c994d0,1986,V1_03_difficult,VALID_FULL_MATCHED,0.0,0.04631903324139574,"{'actual_opencv_threads': 4, 'verification': 'inferred from frozen num_opencv_threads=4 and original VioManager constructor; post-construction metadata was absent', 'cpu_affinity_per_worker': 4}"
,3,0,0.04189321985348408,"{'errors': [], 'actual_G': 956, 'actual_V': 0, 'actual_L': 0, 'output_rows': 2005, 'camera_packets': 2149}",1986,0.04189321985348408,1.0,2005,0,,0.9905236907730673,,False,0.0,G,/home/he/output/ltv_gv_independent_20261009T050259/w1/results/w1_single_full_V1_03_difficult_G_G3_V0_20261009T051145_42005248,single_full,0.0895205702542273,0.07281339049851526,,,0.006327780841441921,,w1_single_full_V1_03_difficult_G_G3_V0_20261009T051145_42005248,1986,V1_03_difficult,VALID_FULL_MATCHED,8.326672684688674e-17,0.04630633679861659,"{'requested_opencv_threads': 1, 'actual_opencv_threads': 1}"
4,4,0,0.041894224386112705,"{'errors': [], 'actual_G': 956, 'actual_V': 0, 'actual_L': 0, 'output_rows': 2005, 'camera_packets': 2149}",1986,0.041894224386112705,1.0,2005,0,"{'G_reason:disabled': 144, 'V_reason:disabled': 2149, 'G_reason:warmup_or_core_invalid': 516, 'G_reason:not_ready_G': 533, 'G_reason:accepted': 956}",0.9905236907730673,8e6c44b0a9f793f9e61d5dd37ff533d79b58c5f6354f87d41d521eb4a0db24b3,True,0.0,G,/tmp/ltv_gain_scan_20261009/w1/results/w1_full_V1_03_difficult_G_4_20261009T033445_a2834ec4,,0.08953032306348302,0.07282160621669603,,,0.008725773158002603,0.0062743465662373765,w1_full_V1_03_difficult_G_4_20261009T033445_a2834ec4,1986,V1_03_difficult,VALID_FULL_MATCHED,6.245004513516506e-17,0.046293992962477694,"{'actual_opencv_threads': 4, 'verification': 'inferred from frozen num_opencv_threads=4 and original VioManager constructor; post-construction metadata was absent', 'cpu_affinity_per_worker': 4}"
,5,0,0.041894948727876614,"{'errors': [], 'actual_G': 956, 'actual_V': 0, 'actual_L': 0, 'output_rows': 2005, 'camera_packets': 2149}",1986,0.041894948727876614,1.0,2005,0,,0.9905236907730673,,False,0.0,G,/home/he/output/ltv_gv_independent_20261009T050259/w1/results/w1_single_full_V1_03_difficult_G_G5_V0_20261009T051354_826748d1,single_full,0.08953974745000014,0.07282963648138326,,,0.010454901645151615,,w1_single_full_V1_03_difficult_G_G5_V0_20261009T051354_826748d1,1986,V1_03_difficult,VALID_FULL_MATCHED,1.734723475976807e-16,0.04628115351202657,"{'requested_opencv_threads': 1, 'actual_opencv_threads': 1}"
,6,0,0.04189586042299242,"{'errors': [], 'actual_G': 956, 'actual_V': 0, 'actual_L': 0, 'output_rows': 2005, 'camera_packets': 2149}",1986,0.04189586042299242,1.0,2005,0,,0.9905236907730673,,False,0.0,G,/home/he/output/ltv_gv_independent_20261009T050259/w2/results/w2_single_full_V1_03_difficult_G_G6_V0_20261009T051618_67b92d93,single_full,0.0895487615923886,0.07283714891957668,,,0.012631274836483186,,w2_single_full_V1_03_difficult_G_G6_V0_20261009T051618_67b92d93,1986,V1_03_difficult,VALID_FULL_MATCHED,1.3877787807814457e-17,0.04626888612579106,"{'requested_opencv_threads': 1, 'actual_opencv_threads': 1}"
,8,0,0.04189793967435019,"{'errors': [], 'actual_G': 956, 'actual_V': 0, 'actual_L': 0, 'output_rows': 2005, 'camera_packets': 2149}",1986,0.04189793967435019,1.0,2005,0,,0.9905236907730673,,False,0.0,G,/home/he/output/ltv_gv_independent_20261009T050259/w1/results/w1_single_full_V1_03_difficult_G_G8_V0_20261009T051839_76f48224,single_full,0.08957039517024967,0.07285556836280185,,,0.017594805774212574,,w1_single_full_V1_03_difficult_G_G8_V0_20261009T051839_76f48224,1986,V1_03_difficult,VALID_FULL_MATCHED,3.469446951953614e-17,0.04624380005902656,"{'requested_opencv_threads': 1, 'actual_opencv_threads': 1}"
,10,0,0.04189972183086293,"{'errors': [], 'actual_G': 956, 'actual_V': 0, 'actual_L': 0, 'output_rows': 2005, 'camera_packets': 2149}",1986,0.04189972183086293,1.0,2005,0,,0.9905236907730673,,False,0.0,G,/home/he/output/ltv_gv_independent_20261009T050259/w5/results/w5_extra_single_full_V1_03_difficult_G_G10_V0_20261009T065646_75663abc,extra_single_full,0.089588207814684,0.07287051008852227,,,0.02184912017144658,,w5_extra_single_full_V1_03_difficult_G_G10_V0_20261009T065646_75663abc,1986,V1_03_difficult,VALID_FULL_MATCHED,1.1796119636642288e-16,0.046219449922587606,"{'requested_opencv_threads': 1, 'actual_opencv_threads': 1}"
,16,0,0.04190588316812659,"{'errors': [], 'actual_G': 956, 'actual_V': 0, 'actual_L': 0, 'output_rows': 2005, 'camera_packets': 2149}",1986,0.04190588316812659,1.0,2005,0,,0.9905236907730673,,False,0.0,G,/home/he/output/ltv_gv_independent_20261009T050259/w1/results/w1_extra_single_full_V1_03_difficult_G_G16_V0_20261009T065823_d5ac14d5,extra_single_full,0.0896470161232938,0.072894237460375,,,0.036557292904726424,,w1_extra_single_full_V1_03_difficult_G_G16_V0_20261009T065823_d5ac14d5,1986,V1_03_difficult,VALID_FULL_MATCHED,3.469446951953614e-17,0.04614696729784244,"{'requested_opencv_threads': 1, 'actual_opencv_threads': 1}"
1,1,1,0.04189138584245333,"{'errors': [], 'actual_G': 956, 'actual_V': 931, 'actual_L': 0, 'output_rows': 2005, 'camera_packets': 2149}",1986,0.04189138584245333,1.0,2005,0,"{'G_reason:disabled': 144, 'V_reason:disabled': 144, 'G_reason:warmup_or_core_invalid': 516, 'V_reason:warmup_or_core_invalid': 516, 'G_reason:not_ready_G': 533, 'V_reason:not_ready_V': 558, 'G_reason:accepted': 956, 'V_reason:accepted': 931}",0.9905236907730673,8e6c44b0a9f793f9e61d5dd37ff533d79b58c5f6354f87d41d521eb4a0db24b3,True,0.0,GV,/tmp/ltv_gain_scan_20261009/w1/results/w1_full_V1_03_difficult_GV_1_20261009T031124_897c62cc,,0.0895110123362857,0.07280737993637311,,,0.0019496807828645046,0.0,w1_full_V1_03_difficult_GV_1_20261009T031124_897c62cc,1986,V1_03_difficult,VALID_FULL_MATCHED,1.3877787807814457e-17,0.04632673218189981,"{'actual_opencv_threads': 4, 'verification': 'inferred from frozen num_opencv_threads=4 and original VioManager constructor; post-construction metadata was absent', 'cpu_affinity_per_worker': 4}"
,1,2,0.041891237325921156,"{'errors': [], 'actual_G': 956, 'actual_V': 931, 'actual_L': 0, 'output_rows': 2005, 'camera_packets': 2149}",1986,0.041891237325921156,1.0,2005,0,,0.9905236907730673,,False,0.0,GV,/home/he/output/ltv_gv_independent_20261009T050259/w5/results/w5_joint_full_V1_03_difficult_GV_G1_V2_20261009T055238_e52a4a76,joint_full,0.0895191107505195,0.07281600346816505,,,0.0015951462531749172,,w5_joint_full_V1_03_difficult_GV_G1_V2_20261009T055238_e52a4a76,1986,V1_03_difficult,VALID_FULL_MATCHED,3.469446951953614e-17,0.046322074125084906,"{'requested_opencv_threads': 1, 'actual_opencv_threads': 1}"
,1,3,0.041891374526571004,"{'errors': [], 'actual_G': 956, 'actual_V': 931, 'actual_L': 0, 'output_rows': 2005, 'camera_packets': 2149}",1986,0.041891374526571004,1.0,2005,0,,0.9905236907730673,,False,0.0,GV,/home/he/output/ltv_gv_independent_20261009T050259/w1/results/w1_joint_full_V1_03_difficult_GV_G1_V3_20261009T055415_a2b8842f,joint_full,0.08953084891413629,0.07282784384320426,,,0.0019226678237060923,,w1_joint_full_V1_03_difficult_GV_G1_V3_20261009T055415_a2b8842f,1986,V1_03_difficult,VALID_FULL_MATCHED,2.7755575615628914e-17,0.04631777768234934,"{'requested_opencv_threads': 1, 'actual_opencv_threads': 1}"
,1,4,0.041891181391844064,"{'errors': [], 'actual_G': 956, 'actual_V': 931, 'actual_L': 0, 'output_rows': 2005, 'camera_packets': 2149}",1986,0.041891181391844064,1.0,2005,0,,0.9905236907730673,,False,0.0,GV,/home/he/output/ltv_gv_independent_20261009T050259/w3/results/w3_joint_full_V1_03_difficult_GV_G1_V4_20261009T055522_1474aa48,joint_full,0.08953836792130877,0.07283593501766918,,,0.0014616219820018372,,w3_joint_full_V1_03_difficult_GV_G1_V4_20261009T055522_1474aa48,1986,V1_03_difficult,VALID_FULL_MATCHED,4.85722573273506e-17,0.046313434316499584,"{'requested_opencv_threads': 1, 'actual_opencv_threads': 1}"
,1,5,0.04189090231546758,"{'errors': [], 'actual_G': 956, 'actual_V': 931, 'actual_L': 0, 'output_rows': 2005, 'camera_packets': 2149}",1986,0.04189090231546758,1.0,2005,0,,0.9905236907730673,,False,0.0,GV,/home/he/output/ltv_gv_independent_20261009T050259/w2/results/w2_joint_full_V1_03_difficult_GV_G1_V5_20261009T055628_d1128c21,joint_full,0.08954727137373082,0.07284536299225927,,,0.0007954186278746889,,w2_joint_full_V1_03_difficult_GV_G1_V5_20261009T055628_d1128c21,1986,V1_03_difficult,VALID_FULL_MATCHED,5.551115123125783e-17,0.046308324693689035,"{'requested_opencv_threads': 1, 'actual_opencv_threads': 1}"
,1,6,0.041890781998538455,"{'errors': [], 'actual_G': 956, 'actual_V': 931, 'actual_L': 0, 'output_rows': 2005, 'camera_packets': 2149}",1986,0.041890781998538455,1.0,2005,0,,0.9905236907730673,,False,0.0,GV,/home/he/output/ltv_gv_independent_20261009T050259/w4/results/w4_joint_full_V1_03_difficult_GV_G1_V6_20261009T055742_b005ded9,joint_full,0.0895555754174367,0.07285421002508143,,,0.000508201405269304,,w4_joint_full_V1_03_difficult_GV_G1_V6_20261009T055742_b005ded9,1986,V1_03_difficult,VALID_FULL_MATCHED,0.0,0.04630407132747363,"{'requested_opencv_threads': 1, 'actual_opencv_threads': 1}"
,1,8,0.04189054358104914,"{'errors': [], 'actual_G': 956, 'actual_V': 931, 'actual_L': 0, 'output_rows': 2005, 'camera_packets': 2149}",1986,0.04189054358104914,1.0,2005,0,,0.9905236907730673,,False,0.0,GV,/home/he/output/ltv_gv_independent_20261009T050259/w7/results/w7_joint_full_V1_03_difficult_GV_G1_V8_20261009T055901_1f34dca2,joint_full,0.0895743670047563,0.07287386970096697,,,-6.0942185697854256e-05,,w7_joint_full_V1_03_difficult_GV_G1_V8_20261009T055901_1f34dca2,1986,V1_03_difficult,VALID_FULL_MATCHED,3.469446951953614e-17,0.046294849225756836,"{'requested_opencv_threads': 1, 'actual_opencv_threads': 1}"
,2,1,0.0418922899743848,"{'errors': [], 'actual_G': 956, 'actual_V': 931, 'actual_L': 0, 'output_rows': 2005, 'camera_packets': 2149}",1986,0.0418922899743848,1.0,2005,0,,0.9905236907730673,,False,0.0,GV,/home/he/output/ltv_gv_independent_20261009T050259/w5/results/w5_joint_full_V1_03_difficult_GV_G2_V1_20261009T060017_96427b05,joint_full,0.08951996858116076,0.07281477085094923,,,0.004107999351155023,,w5_joint_full_V1_03_difficult_GV_G2_V1_20261009T060017_96427b05,1986,V1_03_difficult,VALID_FULL_MATCHED,1.3183898417423734e-16,0.04631413869981815,"{'requested_opencv_threads': 1, 'actual_opencv_threads': 1}"
2,2,2,0.04189209982296505,"{'errors': [], 'actual_G': 956, 'actual_V': 931, 'actual_L': 0, 'output_rows': 2005, 'camera_packets': 2149}",1986,0.04189209982296505,1.0,2005,0,"{'G_reason:disabled': 144, 'V_reason:disabled': 144, 'G_reason:warmup_or_core_invalid': 516, 'V_reason:warmup_or_core_invalid': 516, 'G_reason:not_ready_G': 533, 'V_reason:not_ready_V': 558, 'G_reason:accepted': 956, 'V_reason:accepted': 931}",0.9905236907730673,8e6c44b0a9f793f9e61d5dd37ff533d79b58c5f6354f87d41d521eb4a0db24b3,True,0.0,GV,/tmp/ltv_gain_scan_20261009/w1/results/w1_full_V1_03_difficult_GV_2_20261009T032512_59fbee14,,0.08952865823341788,0.07282402032628037,,,0.0036540751773284086,0.001704361164867052,w1_full_V1_03_difficult_GV_2_20261009T032512_59fbee14,1986,V1_03_difficult,VALID_FULL_MATCHED,1.249000902703301e-16,0.04630948726571278,"{'actual_opencv_threads': 4, 'verification': 'inferred from frozen num_opencv_threads=4 and original VioManager constructor; post-construction metadata was absent', 'cpu_affinity_per_worker': 4}"
,2,3,0.041891893757409635,"{'errors': [], 'actual_G': 956, 'actual_V': 931, 'actual_L': 0, 'output_rows': 2005, 'camera_packets': 2149}",1986,0.041891893757409635,1.0,2005,0,,0.9905236907730673,,False,0.0,GV,/home/he/output/ltv_gv_independent_20261009T050259/w0/results/w0_joint_full_V1_03_difficult_GV_G2_V3_20261009T060138_d7dbfe1c,joint_full,0.08953846325495605,0.07283419641579951,,,0.0031621612220034123,,w0_joint_full_V1_03_difficult_GV_G2_V3_20261009T060138_d7dbfe1c,1986,V1_03_difficult,VALID_FULL_MATCHED,6.245004513516506e-17,0.04630462780159405,"{'requested_opencv_threads': 1, 'actual_opencv_threads': 1}"
,2,4,0.041892038167010516,"{'errors': [], 'actual_G': 956, 'actual_V': 931, 'actual_L': 0, 'output_rows': 2005, 'camera_packets': 2149}",1986,0.041892038167010516,1.0,2005,0,,0.9905236907730673,,False,0.0,GV,/home/he/output/ltv_gv_independent_20261009T050259/w3/results/w3_joint_full_V1_03_difficult_GV_G2_V4_20261009T060251_3cec5d0c,joint_full,0.08954846630379927,0.07284451398286408,,,0.003506891799665013,,w3_joint_full_V1_03_difficult_GV_G2_V4_20261009T060251_3cec5d0c,1986,V1_03_difficult,VALID_FULL_MATCHED,3.469446951953614e-17,0.046300448369981005,"{'requested_opencv_threads': 1, 'actual_opencv_threads': 1}"
,2,5,0.04189184484302708,"{'errors': [], 'actual_G': 956, 'actual_V': 931, 'actual_L': 0, 'output_rows': 2005, 'camera_packets': 2149}",1986,0.04189184484302708,1.0,2005,0,,0.9905236907730673,,False,0.0,GV,/home/he/output/ltv_gv_independent_20261009T050259/w0/results/w0_joint_full_V1_03_difficult_GV_G2_V5_20261009T060359_5207521c,joint_full,0.08955636463261848,0.07285294950946646,,,0.0030453941701535925,,w0_joint_full_V1_03_difficult_GV_G2_V5_20261009T060359_5207521c,1986,V1_03_difficult,VALID_FULL_MATCHED,4.163336342344337e-17,0.04629625263407192,"{'requested_opencv_threads': 1, 'actual_opencv_threads': 1}"
,2,6,0.04189158684374989,"{'errors': [], 'actual_G': 956, 'actual_V': 931, 'actual_L': 0, 'output_rows': 2005, 'camera_packets': 2149}",1986,0.04189158684374989,1.0,2005,0,,0.9905236907730673,,False,0.0,GV,/home/he/output/ltv_gv_independent_20261009T050259/w7/results/w7_joint_full_V1_03_difficult_GV_G2_V6_20261009T060513_0b771372,joint_full,0.0895656787821265,0.0728627771840411,,,0.0024295054804612803,,w7_joint_full_V1_03_difficult_GV_G2_V6_20261009T060513_0b771372,1986,V1_03_difficult,VALID_FULL_MATCHED,6.245004513516506e-17,0.04629123336337922,"{'requested_opencv_threads': 1, 'actual_opencv_threads': 1}"
,2,8,0.041891542088345245,"{'errors': [], 'actual_G': 956, 'actual_V': 931, 'actual_L': 0, 'output_rows': 2005, 'camera_packets': 2149}",1986,0.041891542088345245,1.0,2005,0,,0.9905236907730673,,False,0.0,GV,/home/he/output/ltv_gv_independent_20261009T050259/w5/results/w5_joint_full_V1_03_difficult_GV_G2_V8_20261009T060637_b6005d6d,joint_full,0.0895837967712509,0.0728817770910028,,,0.0023226666248543637,,w5_joint_full_V1_03_difficult_GV_G2_V8_20261009T060637_b6005d6d,1986,V1_03_difficult,VALID_FULL_MATCHED,3.469446951953614e-17,0.046282408182171116,"{'requested_opencv_threads': 1, 'actual_opencv_threads': 1}"
,3,1,0.041893242289044355,"{'errors': [], 'actual_G': 956, 'actual_V': 931, 'actual_L': 0, 'output_rows': 2005, 'camera_packets': 2149}",1986,0.041893242289044355,1.0,2005,0,,0.9905236907730673,,False,0.0,GV,/home/he/output/ltv_gv_independent_20261009T050259/w0/results/w0_joint_full_V1_03_difficult_GV_G3_V1_20261009T060759_449d224c,joint_full,0.08952968917700609,0.07282293244908546,,,0.00638133838615218,,w0_joint_full_V1_03_difficult_GV_G3_V1_20261009T060759_449d224c,1986,V1_03_difficult,VALID_FULL_MATCHED,2.0122792321330962e-16,0.04630182423909384,"{'requested_opencv_threads': 1, 'actual_opencv_threads': 1}"
,3,2,0.041892982878995705,"{'errors': [], 'actual_G': 956, 'actual_V': 931, 'actual_L': 0, 'output_rows': 2005, 'camera_packets': 2149}",1986,0.041892982878995705,1.0,2005,0,,0.9905236907730673,,False,0.0,GV,/home/he/output/ltv_gv_independent_20261009T050259/w5/results/w5_joint_full_V1_03_difficult_GV_G3_V2_20261009T060859_48323723,joint_full,0.08953922323421201,0.0728329495968163,,,0.005762081942117803,,w5_joint_full_V1_03_difficult_GV_G3_V2_20261009T060859_48323723,1986,V1_03_difficult,VALID_FULL_MATCHED,9.020562075079397e-17,0.04629707598453712,"{'requested_opencv_threads': 1, 'actual_opencv_threads': 1}"
,3,3,0.041892912305681755,"{'errors': [], 'actual_G': 956, 'actual_V': 931, 'actual_L': 0, 'output_rows': 2005, 'camera_packets': 2149}",1986,0.041892912305681755,1.0,2005,0,,0.9905236907730673,,False,0.0,GV,/home/he/output/ltv_gv_independent_20261009T050259/w4/results/w4_joint_full_V1_03_difficult_GV_G3_V3_20261009T061020_895fe136,joint_full,0.08954883587716035,0.07284291390795308,,,0.005593611292398215,,w4_joint_full_V1_03_difficult_GV_G3_V3_20261009T061020_895fe136,1986,V1_03_difficult,VALID_FULL_MATCHED,2.0816681711721685e-17,0.04629247571722207,"{'requested_opencv_threads': 1, 'actual_opencv_threads': 1}"
,3,4,0.04189294690559052,"{'errors': [], 'actual_G': 956, 'actual_V': 931, 'actual_L': 0, 'output_rows': 2005, 'camera_packets': 2149}",1986,0.04189294690559052,1.0,2005,0,,0.9905236907730673,,False,0.0,GV,/home/he/output/ltv_gv_independent_20261009T050259/w1/results/w1_joint_full_V1_03_difficult_GV_G3_V4_20261009T061137_e9da45c1,joint_full,0.08955749854225228,0.0728520708832536,,,0.005676207231064545,,w1_joint_full_V1_03_difficult_GV_G3_V4_20261009T061137_e9da45c1,1986,V1_03_difficult,VALID_FULL_MATCHED,1.1796119636642288e-16,0.04628822821354803,"{'requested_opencv_threads': 1, 'actual_opencv_threads': 1}"
,3,5,0.04189281032994439,"{'errors': [], 'actual_G': 956, 'actual_V': 931, 'actual_L': 0, 'output_rows': 2005, 'camera_packets': 2149}",1986,0.04189281032994439,1.0,2005,0,,0.9905236907730673,,False,0.0,GV,/home/he/output/ltv_gv_independent_20261009T050259/w3/results/w3_joint_full_V1_03_difficult_GV_G3_V5_20261009T061258_1eccf70a,joint_full,0.08956736569800387,0.07286231933556708,,,0.005350177651997079,,w3_joint_full_V1_03_difficult_GV_G3_V5_20261009T061258_1eccf70a,1986,V1_03_difficult,VALID_FULL_MATCHED,4.163336342344337e-17,0.04628351136889769,"{'requested_opencv_threads': 1, 'actual_opencv_threads': 1}"
,3,6,0.04189253866918001,"{'errors': [], 'actual_G': 956, 'actual_V': 931, 'actual_L': 0, 'output_rows': 2005, 'camera_packets': 2149}",1986,0.04189253866918001,1.0,2005,0,,0.9905236907730673,,False,0.0,GV,/home/he/output/ltv_gv_independent_20261009T050259/w4/results/w4_joint_full_V1_03_difficult_GV_G3_V6_20261009T061412_ed0c4473,joint_full,0.08957576167632483,0.07287125813961666,,,0.0047016766405727495,,w4_joint_full_V1_03_difficult_GV_G3_V6_20261009T061412_ed0c4473,1986,V1_03_difficult,VALID_FULL_MATCHED,4.163336342344337e-17,0.046278574303847055,"{'requested_opencv_threads': 1, 'actual_opencv_threads': 1}"
,3,8,0.0418923363966148,"{'errors': [], 'actual_G': 956, 'actual_V': 931, 'actual_L': 0, 'output_rows': 2005, 'camera_packets': 2149}",1986,0.0418923363966148,1.0,2005,0,,0.9905236907730673,,False,0.0,GV,/home/he/output/ltv_gv_independent_20261009T050259/w0/results/w0_joint_full_V1_03_difficult_GV_G3_V8_20261009T061527_b11534df,joint_full,0.08959387764262283,0.07289030443895861,,,0.004218817205825509,,w0_joint_full_V1_03_difficult_GV_G3_V8_20261009T061527_b11534df,1986,V1_03_difficult,VALID_FULL_MATCHED,1.1102230246251565e-16,0.04626967246442966,"{'requested_opencv_threads': 1, 'actual_opencv_threads': 1}"
,4,1,0.04189396832507325,"{'errors': [], 'actual_G': 956, 'actual_V': 931, 'actual_L': 0, 'output_rows': 2005, 'camera_packets': 2149}",1986,0.04189396832507325,1.0,2005,0,,0.9905236907730673,,False,0.0,GV,/home/he/output/ltv_gv_independent_20261009T050259/w3/results/w3_joint_full_V1_03_difficult_GV_G4_V1_20261009T061647_1236aa63,joint_full,0.08953819065255285,0.0728300851773539,,,0.008114511375478806,,w3_joint_full_V1_03_difficult_GV_G4_V1_20261009T061647_1236aa63,1986,V1_03_difficult,VALID_FULL_MATCHED,2.0816681711721685e-17,0.046289251160867254,"{'requested_opencv_threads': 1, 'actual_opencv_threads': 1}"
,4,2,0.04189390987850785,"{'errors': [], 'actual_G': 956, 'actual_V': 931, 'actual_L': 0, 'output_rows': 2005, 'camera_packets': 2149}",1986,0.04189390987850785,1.0,2005,0,,0.9905236907730673,,False,0.0,GV,/home/he/output/ltv_gv_independent_20261009T050259/w4/results/w4_joint_full_V1_03_difficult_GV_G4_V2_20261009T061807_9b05de83,joint_full,0.08954901621587055,0.07284122881033762,,,0.007974989362180551,,w4_joint_full_V1_03_difficult_GV_G4_V2_20261009T061807_9b05de83,1986,V1_03_difficult,VALID_FULL_MATCHED,1.3877787807814457e-16,0.04628449457245751,"{'requested_opencv_threads': 1, 'actual_opencv_threads': 1}"
,4,3,0.041893883968464725,"{'errors': [], 'actual_G': 956, 'actual_V': 931, 'actual_L': 0, 'output_rows': 2005, 'camera_packets': 2149}",1986,0.041893883968464725,1.0,2005,0,,0.9905236907730673,,False,0.0,GV,/home/he/output/ltv_gv_independent_20261009T050259/w0/results/w0_joint_full_V1_03_difficult_GV_G4_V3_20261009T061917_da6b71ac,joint_full,0.08955882766442222,0.07285127370602117,,,0.007913137628801081,,w0_joint_full_V1_03_difficult_GV_G4_V3_20261009T061917_da6b71ac,1986,V1_03_difficult,VALID_FULL_MATCHED,1.3877787807814457e-17,0.04628009001461424,"{'requested_opencv_threads': 1, 'actual_opencv_threads': 1}"
4,4,4,0.04189363009595065,"{'errors': [], 'actual_G': 956, 'actual_V': 931, 'actual_L': 0, 'output_rows': 2005, 'camera_packets': 2149}",1986,0.04189363009595065,1.0,2005,0,"{'G_reason:disabled': 144, 'V_reason:disabled': 144, 'G_reason:warmup_or_core_invalid': 516, 'V_reason:warmup_or_core_invalid': 516, 'G_reason:not_ready_G': 533, 'V_reason:not_ready_V': 558, 'G_reason:accepted': 956, 'V_reason:accepted': 931}",0.9905236907730673,8e6c44b0a9f793f9e61d5dd37ff533d79b58c5f6354f87d41d521eb4a0db24b3,True,0.0,GV,/tmp/ltv_gain_scan_20261009/w1/results/w1_full_V1_03_difficult_GV_4_20261009T034105_c4a2410b,,0.08956659985898816,0.07285975910643161,,,0.007307100233111541,0.005357314999687723,w1_full_V1_03_difficult_GV_4_20261009T034105_c4a2410b,1986,V1_03_difficult,VALID_FULL_MATCHED,4.85722573273506e-17,0.04627554642796365,"{'actual_opencv_threads': 4, 'verification': 'inferred from frozen num_opencv_threads=4 and original VioManager constructor; post-construction metadata was absent', 'cpu_affinity_per_worker': 4}"
,4,5,0.041893580830100176,"{'errors': [], 'actual_G': 956, 'actual_V': 931, 'actual_L': 0, 'output_rows': 2005, 'camera_packets': 2149}",1986,0.041893580830100176,1.0,2005,0,,0.9905236907730673,,False,0.0,GV,/home/he/output/ltv_gv_independent_20261009T050259/w3/results/w3_joint_full_V1_03_difficult_GV_G4_V5_20261009T062034_191095e6,joint_full,0.08957579801011435,0.07286945101786552,,,0.007189494166826016,,w3_joint_full_V1_03_difficult_GV_G4_V5_20261009T062034_191095e6,1986,V1_03_difficult,VALID_FULL_MATCHED,2.0816681711721685e-17,0.04627116727335431,"{'requested_opencv_threads': 1, 'actual_opencv_threads': 1}"
,4,6,0.04189346978330598,"{'errors': [], 'actual_G': 956, 'actual_V': 931, 'actual_L': 0, 'output_rows': 2005, 'camera_packets': 2149}",1986,0.04189346978330598,1.0,2005,0,,0.9905236907730673,,False,0.0,GV,/home/he/output/ltv_gv_independent_20261009T050259/w4/results/w4_joint_full_V1_03_difficult_GV_G4_V6_20261009T062153_2d529c43,joint_full,0.08958484266503441,0.0728789167539054,,,0.006924406352171175,,w4_joint_full_V1_03_difficult_GV_G4_V6_20261009T062153_2d529c43,1986,V1_03_difficult,VALID_FULL_MATCHED,4.85722573273506e-17,0.04626615237141059,"{'requested_opencv_threads': 1, 'actual_opencv_threads': 1}"
,4,8,0.04189329825745247,"{'errors': [], 'actual_G': 956, 'actual_V': 931, 'actual_L': 0, 'output_rows': 2005, 'camera_packets': 2149}",1986,0.04189329825745247,1.0,2005,0,,0.9905236907730673,,False,0.0,GV,/home/he/output/ltv_gv_independent_20261009T050259/w2/results/w2_joint_full_V1_03_difficult_GV_G4_V8_20261009T062308_0f3727ff,joint_full,0.08960324915424087,0.07289812575090023,,,0.006514944611368811,,w2_joint_full_V1_03_difficult_GV_G4_V8_20261009T062308_0f3727ff,1986,V1_03_difficult,VALID_FULL_MATCHED,4.163336342344337e-17,0.04625755644349263,"{'requested_opencv_threads': 1, 'actual_opencv_threads': 1}"
,5,1,0.0418949391026748,"{'errors': [], 'actual_G': 956, 'actual_V': 931, 'actual_L': 0, 'output_rows': 2005, 'camera_packets': 2149}",1986,0.0418949391026748,1.0,2005,0,,0.9905236907730673,,False,0.0,GV,/home/he/output/ltv_gv_independent_20261009T050259/w3/results/w3_joint_full_V1_03_difficult_GV_G5_V1_20261009T062428_992fb188,joint_full,0.08954908491274417,0.07283938956784844,,,0.010431924631415512,,w3_joint_full_V1_03_difficult_GV_G5_V1_20261009T062428_992fb188,1986,V1_03_difficult,VALID_FULL_MATCHED,2.7755575615628914e-17,0.04627664319420722,"{'requested_opencv_threads': 1, 'actual_opencv_threads': 1}"
,5,2,0.04189469599302476,"{'errors': [], 'actual_G': 956, 'actual_V': 931, 'actual_L': 0, 'output_rows': 2005, 'camera_packets': 2149}",1986,0.04189469599302476,1.0,2005,0,,0.9905236907730673,,False,0.0,GV,/home/he/output/ltv_gv_independent_20261009T050259/w4/results/w4_joint_full_V1_03_difficult_GV_G5_V2_20261009T062539_ca2eff97,joint_full,0.08955793091730205,0.072848600653283,,,0.009851580045028285,,w4_joint_full_V1_03_difficult_GV_G5_V2_20261009T062539_ca2eff97,1986,V1_03_difficult,VALID_FULL_MATCHED,1.1102230246251565e-16,0.04627209253689464,"{'requested_opencv_threads': 1, 'actual_opencv_threads': 1}"
,5,3,0.041894620601031315,"{'errors': [], 'actual_G': 956, 'actual_V': 931, 'actual_L': 0, 'output_rows': 2005, 'camera_packets': 2149}",1986,0.041894620601031315,1.0,2005,0,,0.9905236907730673,,False,0.0,GV,/home/he/output/ltv_gv_independent_20261009T050259/w2/results/w2_joint_full_V1_03_difficult_GV_G5_V3_20261009T062701_311d0eb5,joint_full,0.08956768098910642,0.07285877897654901,,,0.009671606377814612,,w2_joint_full_V1_03_difficult_GV_G5_V3_20261009T062701_311d0eb5,1986,V1_03_difficult,VALID_FULL_MATCHED,5.551115123125783e-17,0.04626730441046811,"{'requested_opencv_threads': 1, 'actual_opencv_threads': 1}"
,5,4,0.041894565991986425,"{'errors': [], 'actual_G': 956, 'actual_V': 931, 'actual_L': 0, 'output_rows': 2005, 'camera_packets': 2149}",1986,0.041894565991986425,1.0,2005,0,,0.9905236907730673,,False,0.0,GV,/home/he/output/ltv_gv_independent_20261009T050259/w3/results/w3_joint_full_V1_03_difficult_GV_G5_V4_20261009T062812_236dc495,joint_full,0.08957727690840701,0.07286879428082932,,,0.009541245186617253,,w3_joint_full_V1_03_difficult_GV_G5_V4_20261009T062812_236dc495,1986,V1_03_difficult,VALID_FULL_MATCHED,8.326672684688674e-17,0.04626286755466281,"{'requested_opencv_threads': 1, 'actual_opencv_threads': 1}"
,5,5,0.041894658078499306,"{'errors': [], 'actual_G': 956, 'actual_V': 931, 'actual_L': 0, 'output_rows': 2005, 'camera_packets': 2149}",1986,0.041894658078499306,1.0,2005,0,,0.9905236907730673,,False,0.0,GV,/home/he/output/ltv_gv_independent_20261009T050259/w2/results/w2_joint_full_V1_03_difficult_GV_G5_V5_20261009T062928_698c18b5,joint_full,0.0895855853614437,0.07287756042250486,,,0.009761071545733024,,w2_joint_full_V1_03_difficult_GV_G5_V5_20261009T062928_698c18b5,1986,V1_03_difficult,VALID_FULL_MATCHED,6.938893903907228e-18,0.04625874127571749,"{'requested_opencv_threads': 1, 'actual_opencv_threads': 1}"
,5,6,0.0418945132302917,"{'errors': [], 'actual_G': 956, 'actual_V': 931, 'actual_L': 0, 'output_rows': 2005, 'camera_packets': 2149}",1986,0.0418945132302917,1.0,2005,0,,0.9905236907730673,,False,0.0,GV,/home/he/output/ltv_gv_independent_20261009T050259/w4/results/w4_joint_full_V1_03_difficult_GV_G5_V6_20261009T063045_fee1d772,joint_full,0.0895952671524912,0.07288770594799082,,,0.009415293938297431,,w4_joint_full_V1_03_difficult_GV_G5_V6_20261009T063045_fee1d772,1986,V1_03_difficult,VALID_FULL_MATCHED,6.938893903907228e-17,0.04625378980933515,"{'requested_opencv_threads': 1, 'actual_opencv_threads': 1}"
,5,8,0.04189413500568626,"{'errors': [], 'actual_G': 956, 'actual_V': 931, 'actual_L': 0, 'output_rows': 2005, 'camera_packets': 2149}",1986,0.04189413500568626,1.0,2005,0,,0.9905236907730673,,False,0.0,GV,/home/he/output/ltv_gv_independent_20261009T050259/w3/results/w3_joint_full_V1_03_difficult_GV_G5_V8_20261009T063202_4eb9ee14,joint_full,0.08961419861086503,0.07290749143173703,,,0.008512406693106378,,w3_joint_full_V1_03_difficult_GV_G5_V8_20261009T063202_4eb9ee14,1986,V1_03_difficult,VALID_FULL_MATCHED,1.3877787807814457e-17,0.046244637948631956,"{'requested_opencv_threads': 1, 'actual_opencv_threads': 1}"
,6,1,0.04189586615681907,"{'errors': [], 'actual_G': 956, 'actual_V': 931, 'actual_L': 0, 'output_rows': 2005, 'camera_packets': 2149}",1986,0.04189586615681907,1.0,2005,0,,0.9905236907730673,,False,0.0,GV,/home/he/output/ltv_gv_independent_20261009T050259/w0/results/w0_joint_full_V1_03_difficult_GV_G6_V1_20261009T063312_19e6d153,joint_full,0.08955972416995532,0.07284837697759101,,,0.012644962467778242,,w0_joint_full_V1_03_difficult_GV_G6_V1_20261009T063312_19e6d153,1986,V1_03_difficult,VALID_FULL_MATCHED,1.0408340855860843e-16,0.04626419667110172,"{'requested_opencv_threads': 1, 'actual_opencv_threads': 1}"
,6,2,0.04189568247061375,"{'errors': [], 'actual_G': 956, 'actual_V': 931, 'actual_L': 0, 'output_rows': 2005, 'camera_packets': 2149}",1986,0.04189568247061375,1.0,2005,0,,0.9905236907730673,,False,0.0,GV,/home/he/output/ltv_gv_independent_20261009T050259/w3/results/w3_joint_full_V1_03_difficult_GV_G6_V2_20261009T063429_66264e76,joint_full,0.08956839472542968,0.0728575614768485,,,0.012206471873787983,,w3_joint_full_V1_03_difficult_GV_G6_V2_20261009T063429_66264e76,1986,V1_03_difficult,VALID_FULL_MATCHED,5.551115123125783e-17,0.04625949201952716,"{'requested_opencv_threads': 1, 'actual_opencv_threads': 1}"
,6,3,0.04189567333924723,"{'errors': [], 'actual_G': 956, 'actual_V': 931, 'actual_L': 0, 'output_rows': 2005, 'camera_packets': 2149}",1986,0.04189567333924723,1.0,2005,0,,0.9905236907730673,,False,0.0,GV,/home/he/output/ltv_gv_independent_20261009T050259/w1/results/w1_joint_full_V1_03_difficult_GV_G6_V3_20261009T063549_721961ae,joint_full,0.08957703608844457,0.07286667000790199,,,0.01218467372992027,,w1_joint_full_V1_03_difficult_GV_G6_V3_20261009T063549_721961ae,1986,V1_03_difficult,VALID_FULL_MATCHED,7.632783294297951e-17,0.04625525697791732,"{'requested_opencv_threads': 1, 'actual_opencv_threads': 1}"
,6,4,0.04189552392453039,"{'errors': [], 'actual_G': 956, 'actual_V': 931, 'actual_L': 0, 'output_rows': 2005, 'camera_packets': 2149}",1986,0.04189552392453039,1.0,2005,0,,0.9905236907730673,,False,0.0,GV,/home/he/output/ltv_gv_independent_20261009T050259/w0/results/w0_joint_full_V1_03_difficult_GV_G6_V4_20261009T063703_54a1dee0,joint_full,0.08958675792525762,0.07287688686966884,,,0.011827995078816933,,w0_joint_full_V1_03_difficult_GV_G6_V4_20261009T063703_54a1dee0,1986,V1_03_difficult,VALID_FULL_MATCHED,1.5265566588595902e-16,0.04625031150539897,"{'requested_opencv_threads': 1, 'actual_opencv_threads': 1}"
,6,5,0.04189547881202014,"{'errors': [], 'actual_G': 956, 'actual_V': 931, 'actual_L': 0, 'output_rows': 2005, 'camera_packets': 2149}",1986,0.04189547881202014,1.0,2005,0,,0.9905236907730673,,False,0.0,GV,/home/he/output/ltv_gv_independent_20261009T050259/w4/results/w4_joint_full_V1_03_difficult_GV_G6_V5_20261009T063814_8cd47ddd,joint_full,0.08959495085679993,0.07288557855756976,,,0.011720303750650807,,w4_joint_full_V1_03_difficult_GV_G6_V5_20261009T063814_8cd47ddd,1986,V1_03_difficult,VALID_FULL_MATCHED,9.71445146547012e-17,0.04624634152638638,"{'requested_opencv_threads': 1, 'actual_opencv_threads': 1}"
,6,6,0.04189543701839982,"{'errors': [], 'actual_G': 956, 'actual_V': 931, 'actual_L': 0, 'output_rows': 2005, 'camera_packets': 2149}",1986,0.04189543701839982,1.0,2005,0,,0.9905236907730673,,False,0.0,GV,/home/he/output/ltv_gv_independent_20261009T050259/w1/results/w1_joint_full_V1_03_difficult_GV_G6_V6_20261009T063932_00f93fd4,joint_full,0.08960568434533385,0.07289643032208082,,,0.011620535184109215,,w1_joint_full_V1_03_difficult_GV_G6_V6_20261009T063932_00f93fd4,1986,V1_03_difficult,VALID_FULL_MATCHED,6.245004513516506e-17,0.046241454083580116,"{'requested_opencv_threads': 1, 'actual_opencv_threads': 1}"
,6,8,0.04189512079090865,"{'errors': [], 'actual_G': 956, 'actual_V': 931, 'actual_L': 0, 'output_rows': 2005, 'camera_packets': 2149}",1986,0.04189512079090865,1.0,2005,0,,0.9905236907730673,,False,0.0,GV,/home/he/output/ltv_gv_independent_20261009T050259/w5/results/w5_joint_full_V1_03_difficult_GV_G6_V8_20261009T064050_6693e070,joint_full,0.08962319202012753,0.07291499266478615,,,0.010865645723567852,,w5_joint_full_V1_03_difficult_GV_G6_V8_20261009T064050_6693e070,1986,V1_03_difficult,VALID_FULL_MATCHED,6.245004513516506e-17,0.046232573158930264,"{'requested_opencv_threads': 1, 'actual_opencv_threads': 1}"
,8,1,0.04189773827618304,"{'errors': [], 'actual_G': 956, 'actual_V': 931, 'actual_L': 0, 'output_rows': 2005, 'camera_packets': 2149}",1986,0.04189773827618304,1.0,2005,0,,0.9905236907730673,,False,0.0,GV,/home/he/output/ltv_gv_independent_20261009T050259/w4/results/w4_joint_full_V1_03_difficult_GV_G8_V1_20261009T064204_eb07a3a2,joint_full,0.08957831707489829,0.07286400962637789,,,0.017114033678167218,,w4_joint_full_V1_03_difficult_GV_G8_V1_20261009T064204_eb07a3a2,1986,V1_03_difficult,VALID_FULL_MATCHED,4.163336342344337e-17,0.046239954418866934,"{'requested_opencv_threads': 1, 'actual_opencv_threads': 1}"
,8,2,0.04189760208354281,"{'errors': [], 'actual_G': 956, 'actual_V': 931, 'actual_L': 0, 'output_rows': 2005, 'camera_packets': 2149}",1986,0.04189760208354281,1.0,2005,0,,0.9905236907730673,,False,0.0,GV,/home/he/output/ltv_gv_independent_20261009T050259/w0/results/w0_joint_full_V1_03_difficult_GV_G8_V2_20261009T064317_f3b10003,joint_full,0.08958703616415163,0.07287321819145025,,,0.016788918400156838,,w0_joint_full_V1_03_difficult_GV_G8_V2_20261009T064317_f3b10003,1986,V1_03_difficult,VALID_FULL_MATCHED,8.326672684688674e-17,0.0462353222625914,"{'requested_opencv_threads': 1, 'actual_opencv_threads': 1}"
,8,3,0.04189764837515699,"{'errors': [], 'actual_G': 956, 'actual_V': 931, 'actual_L': 0, 'output_rows': 2005, 'camera_packets': 2149}",1986,0.04189764837515699,1.0,2005,0,,0.9905236907730673,,False,0.0,GV,/home/he/output/ltv_gv_independent_20261009T050259/w5/results/w5_joint_full_V1_03_difficult_GV_G8_V3_20261009T064434_1edab0ec,joint_full,0.08959708405870395,0.0728835792410379,,,0.0168994244523768,,w5_joint_full_V1_03_difficult_GV_G8_V3_20261009T064434_1edab0ec,1986,V1_03_difficult,VALID_FULL_MATCHED,3.469446951953614e-17,0.046230952454367154,"{'requested_opencv_threads': 1, 'actual_opencv_threads': 1}"
,8,4,0.041897576739580465,"{'errors': [], 'actual_G': 956, 'actual_V': 931, 'actual_L': 0, 'output_rows': 2005, 'camera_packets': 2149}",1986,0.041897576739580465,1.0,2005,0,,0.9905236907730673,,False,0.0,GV,/home/he/output/ltv_gv_independent_20261009T050259/w2/results/w2_joint_full_V1_03_difficult_GV_G8_V4_20261009T064556_ddce1485,joint_full,0.08960660951797732,0.07289347906032426,,,0.01672841799902347,,w2_joint_full_V1_03_difficult_GV_G8_V4_20261009T064556_ddce1485,1986,V1_03_difficult,VALID_FULL_MATCHED,5.551115123125783e-17,0.0462261552589497,"{'requested_opencv_threads': 1, 'actual_opencv_threads': 1}"
,8,5,0.0418972068756303,"{'errors': [], 'actual_G': 956, 'actual_V': 931, 'actual_L': 0, 'output_rows': 2005, 'camera_packets': 2149}",1986,0.0418972068756303,1.0,2005,0,,0.9905236907730673,,False,0.0,GV,/home/he/output/ltv_gv_independent_20261009T050259/w0/results/w0_joint_full_V1_03_difficult_GV_G8_V5_20261009T064708_9fdd3926,joint_full,0.08961417560157213,0.07290171725062462,,,0.015845489077248587,,w0_joint_full_V1_03_difficult_GV_G8_V5_20261009T064708_9fdd3926,1986,V1_03_difficult,VALID_FULL_MATCHED,2.7755575615628914e-17,0.04622134045728073,"{'requested_opencv_threads': 1, 'actual_opencv_threads': 1}"
,8,6,0.041897042796423256,"{'errors': [], 'actual_G': 956, 'actual_V': 931, 'actual_L': 0, 'output_rows': 2005, 'camera_packets': 2149}",1986,0.041897042796423256,1.0,2005,0,,0.9905236907730673,,False,0.0,GV,/home/he/output/ltv_gv_independent_20261009T050259/w4/results/w4_joint_full_V1_03_difficult_GV_G8_V6_20261009T064823_390d6009,joint_full,0.0896233032788618,0.07291129255112591,,,0.015453803763532115,,w4_joint_full_V1_03_difficult_GV_G8_V6_20261009T064823_390d6009,1986,V1_03_difficult,VALID_FULL_MATCHED,4.85722573273506e-17,0.04621661163803299,"{'requested_opencv_threads': 1, 'actual_opencv_threads': 1}"
,8,8,0.04189695806735723,"{'errors': [], 'actual_G': 956, 'actual_V': 931, 'actual_L': 0, 'output_rows': 2005, 'camera_packets': 2149}",1986,0.04189695806735723,1.0,2005,0,,0.9905236907730673,,False,0.0,GV,/home/he/output/ltv_gv_independent_20261009T050259/w2/results/w2_joint_full_V1_03_difficult_GV_G8_V8_20261009T064942_6a5fd3d5,joint_full,0.08964175309915012,0.07292903759283248,,,0.015251540896654703,,w2_joint_full_V1_03_difficult_GV_G8_V8_20261009T064942_6a5fd3d5,1986,V1_03_difficult,VALID_FULL_MATCHED,2.0816681711721685e-17,0.04620790877603899,"{'requested_opencv_threads': 1, 'actual_opencv_threads': 1}"
1,0,0,0.04189056911007756,"{'errors': [], 'actual_G': 0, 'actual_V': 0, 'actual_L': 0, 'output_rows': 2005, 'camera_packets': 2149}",1986,0.04189056911007756,1.0,2005,0,,0.9905236907730673,8e6c44b0a9f793f9e61d5dd37ff533d79b58c5f6354f87d41d521eb4a0db24b3,True,0.0,OFF,/tmp/ltv_gain_scan_20261009/w1/results/w1_full_V1_03_difficult_OFF_1_20261009T030439_4cb76618,,0.08949160827222678,0.07278912025153264,,,0.0,0.0,w1_full_V1_03_difficult_OFF_1_20261009T030439_4cb76618,1986,V1_03_difficult,VALID_FULL_MATCHED,1.5959455978986625e-16,0.04634348876481827,"{'actual_opencv_threads': 4, 'verification': 'inferred from frozen num_opencv_threads=4 and original VioManager constructor; post-construction metadata was absent', 'cpu_affinity_per_worker': 4}"
1,0,1,0.04189050762892689,"{'errors': [], 'actual_G': 0, 'actual_V': 931, 'actual_L': 0, 'output_rows': 2005, 'camera_packets': 2149}",1986,0.04189050762892689,1.0,2005,0,"{'G_reason:disabled': 2149, 'V_reason:disabled': 144, 'V_reason:warmup_or_core_invalid': 516, 'V_reason:not_ready_V': 558, 'V_reason:accepted': 931}",0.9905236907730673,8e6c44b0a9f793f9e61d5dd37ff533d79b58c5f6354f87d41d521eb4a0db24b3,True,0.0,V,/tmp/ltv_gain_scan_20261009/w1/results/w1_full_V1_03_difficult_V_1_20261009T030857_e0f0804f,,0.08950048640099019,0.07279841596200384,,,-0.0001467660907361612,0.0,w1_full_V1_03_difficult_V_1_20261009T030857_e0f0804f,1986,V1_03_difficult,VALID_FULL_MATCHED,6.938893903907228e-17,0.046339384279785935,"{'actual_opencv_threads': 4, 'verification': 'inferred from frozen num_opencv_threads=4 and original VioManager constructor; post-construction metadata was absent', 'cpu_affinity_per_worker': 4}"
2,0,2,0.04189033431153691,"{'errors': [], 'actual_G': 0, 'actual_V': 931, 'actual_L': 0, 'output_rows': 2005, 'camera_packets': 2149}",1986,0.04189033431153691,1.0,2005,0,"{'G_reason:disabled': 2149, 'V_reason:disabled': 144, 'V_reason:warmup_or_core_invalid': 516, 'V_reason:not_ready_V': 558, 'V_reason:accepted': 931}",0.9905236907730673,8e6c44b0a9f793f9e61d5dd37ff533d79b58c5f6354f87d41d521eb4a0db24b3,True,0.0,V,/tmp/ltv_gain_scan_20261009/w1/results/w1_full_V1_03_difficult_V_2_20261009T032202_47786735,,0.08951008158944844,0.07280840351515089,,,-0.0005605045375167705,-0.0004137390540059904,w1_full_V1_03_difficult_V_2_20261009T032202_47786735,1986,V1_03_difficult,VALID_FULL_MATCHED,5.551115123125783e-17,0.04633477700132068,"{'actual_opencv_threads': 4, 'verification': 'inferred from frozen num_opencv_threads=4 and original VioManager constructor; post-construction metadata was absent', 'cpu_affinity_per_worker': 4}"
,0,3,0.04189045031578683,"{'errors': [], 'actual_G': 0, 'actual_V': 931, 'actual_L': 0, 'output_rows': 2005, 'camera_packets': 2149}",1986,0.04189045031578683,1.0,2005,0,,0.9905236907730673,,False,0.0,V,/home/he/output/ltv_gv_independent_20261009T050259/w0/results/w0_single_full_V1_03_difficult_V_G0_V3_20261009T052059_777ea635,single_full,0.08951974011868709,0.07281840394287392,,,-0.00028358242262216393,,w0_single_full_V1_03_difficult_V_G0_V3_20261009T052059_777ea635,1986,V1_03_difficult,VALID_FULL_MATCHED,4.163336342344337e-17,0.04633065216408589,"{'requested_opencv_threads': 1, 'actual_opencv_threads': 1}"
4,0,4,0.041890023227998514,"{'errors': [], 'actual_G': 0, 'actual_V': 931, 'actual_L': 0, 'output_rows': 2005, 'camera_packets': 2149}",1986,0.041890023227998514,1.0,2005,0,"{'G_reason:disabled': 2149, 'V_reason:disabled': 144, 'V_reason:warmup_or_core_invalid': 516, 'V_reason:not_ready_V': 558, 'V_reason:accepted': 931}",0.9905236907730673,8e6c44b0a9f793f9e61d5dd37ff533d79b58c5f6354f87d41d521eb4a0db24b3,True,0.0,V,/tmp/ltv_gain_scan_20261009/w1/results/w1_full_V1_03_difficult_V_4_20261009T033755_f738557a,,0.08952695701671509,0.07282638953124455,,,-0.0013031144972308617,-0.0011563501036260249,w1_full_V1_03_difficult_V_4_20261009T033755_f738557a,1986,V1_03_difficult,VALID_FULL_MATCHED,6.245004513516506e-17,0.046325383646371836,"{'actual_opencv_threads': 4, 'verification': 'inferred from frozen num_opencv_threads=4 and original VioManager constructor; post-construction metadata was absent', 'cpu_affinity_per_worker': 4}"
,0,5,0.04189003319101498,"{'errors': [], 'actual_G': 0, 'actual_V': 931, 'actual_L': 0, 'output_rows': 2005, 'camera_packets': 2149}",1986,0.04189003319101498,1.0,2005,0,,0.9905236907730673,,False,0.0,V,/home/he/output/ltv_gv_independent_20261009T050259/w2/results/w2_single_full_V1_03_difficult_V_G0_V5_20261009T052317_868b4cec,single_full,0.08953639726456594,0.07283619850576221,,True,-0.0012793310617764675,,w2_single_full_V1_03_difficult_V_G0_V5_20261009T052317_868b4cec,1986,V1_03_difficult,VALID_FULL_MATCHED,2.0122792321330962e-16,0.046321071192395626,"{'requested_opencv_threads': 1, 'actual_opencv_threads': 1}"
,0,6,0.04188977399717563,"{'errors': [], 'actual_G': 0, 'actual_V': 931, 'actual_L': 0, 'output_rows': 2005, 'camera_packets': 2149}",1986,0.04188977399717563,1.0,2005,0,,0.9905236907730673,,False,0.0,V,/home/he/output/ltv_gv_independent_20261009T050259/w1/results/w1_single_full_V1_03_difficult_V_G0_V6_20261009T052539_423ba3b8,single_full,0.08954541838851743,0.07284574506025374,,True,-0.0018980713769711777,,w1_single_full_V1_03_difficult_V_G0_V6_20261009T052539_423ba3b8,1986,V1_03_difficult,VALID_FULL_MATCHED,5.551115123125783e-17,0.046316200749907846,"{'requested_opencv_threads': 1, 'actual_opencv_threads': 1}"
,0,8,0.041889746455107756,"{'errors': [], 'actual_G': 0, 'actual_V': 931, 'actual_L': 0, 'output_rows': 2005, 'camera_packets': 2149}",1986,0.041889746455107756,1.0,2005,0,,0.9905236907730673,,False,0.0,V,/home/he/output/ltv_gv_independent_20261009T050259/w0/results/w0_single_full_V1_03_difficult_V_G0_V8_20261009T052801_657ea5ac,single_full,0.089564016363344,0.07286514318124401,,True,-0.0019638190344117845,,w0_single_full_V1_03_difficult_V_G0_V8_20261009T052801_657ea5ac,1986,V1_03_difficult,VALID_FULL_MATCHED,0.0,0.046307817043966006,"{'requested_opencv_threads': 1, 'actual_opencv_threads': 1}"
,0,10,0.04188969707730648,"{'errors': [], 'actual_G': 0, 'actual_V': 931, 'actual_L': 0, 'output_rows': 2005, 'camera_packets': 2149}",1986,0.04188969707730648,1.0,2005,0,,0.9905236907730673,,False,0.0,V,/home/he/output/ltv_gv_independent_20261009T050259/w3/results/w3_extra_single_full_V1_03_difficult_V_G0_V10_20261009T065929_f934ca3f,extra_single_full,0.0895842772862758,0.07288607624167606,,,-0.002081692346533881,,w3_extra_single_full_V1_03_difficult_V_G0_V10_20261009T065929_f934ca3f,1986,V1_03_difficult,VALID_FULL_MATCHED,3.469446951953614e-17,0.04629827509810839,"{'requested_opencv_threads': 1, 'actual_opencv_threads': 1}"
,0,16,0.04188866540522156,"{'errors': [], 'actual_G': 0, 'actual_V': 931, 'actual_L': 0, 'output_rows': 2005, 'camera_packets': 2149}",1986,0.04188866540522156,1.0,2005,0,,0.9905236907730673,,False,0.0,V,/home/he/output/ltv_gv_independent_20261009T050259/w2/results/w2_extra_single_full_V1_03_difficult_V_G0_V16_20261009T070035_f3619f0a,extra_single_full,0.08963660839504932,0.07294147663054928,,,-0.004544471217360346,,w2_extra_single_full_V1_03_difficult_V_G0_V16_20261009T070035_f3619f0a,1986,V1_03_difficult,VALID_FULL_MATCHED,1.3877787807814457e-16,0.04627067445213817,"{'requested_opencv_threads': 1, 'actual_opencv_threads': 1}"
1,1,0,0.17456600539044054,"{'errors': [], 'actual_G': 1574, 'actual_V': 0, 'actual_L': 0, 'output_rows': 2181, 'camera_packets': 2280}",2166,0.17456600539044054,1.0,2181,0,"{'G_reason:disabled': 99, 'V_reason:disabled': 2280, 'G_reason:warmup_or_core_invalid': 177, 'G_reason:not_ready_G': 430, 'G_reason:accepted': 1574}",0.9931224209078404,8e6c44b0a9f793f9e61d5dd37ff533d79b58c5f6354f87d41d521eb4a0db24b3,True,0.0,G,/tmp/ltv_gain_scan_20261009/w2/results/w2_full_V2_01_easy_G_1_20261009T030621_284c8599,,0.7912606606695359,0.29417963765253863,,,-0.008391967154230962,0.0,w2_full_V2_01_easy_G_1_20261009T030621_284c8599,2166,V2_01_easy,VALID_FULL_MATCHED,4.163336342344337e-16,0.22233622199907882,"{'actual_opencv_threads': 4, 'verification': 'inferred from frozen num_opencv_threads=4 and original VioManager constructor; post-construction metadata was absent', 'cpu_affinity_per_worker': 4}"
2,2,0,0.17455011170355136,"{'errors': [], 'actual_G': 1574, 'actual_V': 0, 'actual_L': 0, 'output_rows': 2181, 'camera_packets': 2280}",2166,0.17455011170355136,1.0,2181,0,"{'G_reason:disabled': 99, 'V_reason:disabled': 2280, 'G_reason:warmup_or_core_invalid': 177, 'G_reason:not_ready_G': 430, 'G_reason:accepted': 1574}",0.9931224209078404,8e6c44b0a9f793f9e61d5dd37ff533d79b58c5f6354f87d41d521eb4a0db24b3,True,0.0,G,/tmp/ltv_gain_scan_20261009/w2/results/w2_full_V2_01_easy_G_2_20261009T031843_5ee63eb9,,0.7910822436915855,0.29410919135771085,,,-0.017495889226948336,-0.009104686134986384,w2_full_V2_01_easy_G_2_20261009T031843_5ee63eb9,2166,V2_01_easy,VALID_FULL_MATCHED,5.828670879282072e-16,0.22231825710893185,"{'actual_opencv_threads': 4, 'verification': 'inferred from frozen num_opencv_threads=4 and original VioManager constructor; post-construction metadata was absent', 'cpu_affinity_per_worker': 4}"
,3,0,0.17453440078131038,"{'errors': [], 'actual_G': 1574, 'actual_V': 0, 'actual_L': 0, 'output_rows': 2181, 'camera_packets': 2280}",2166,0.17453440078131038,1.0,2181,0,,0.9931224209078404,,False,0.0,G,/home/he/output/ltv_gv_independent_20261009T050259/w0/results/w0_single_full_V2_01_easy_G_G3_V0_20261009T051206_5692e421,single_full,0.7909052270038446,0.2940390670547853,,,-0.026495123499625794,,w0_single_full_V2_01_easy_G_G3_V0_20261009T051206_5692e421,2166,V2_01_easy,VALID_FULL_MATCHED,9.43689570931383e-16,0.22230010486428903,"{'requested_opencv_threads': 1, 'actual_opencv_threads': 1}"
4,4,0,0.17451946659014295,"{'errors': [], 'actual_G': 1574, 'actual_V': 0, 'actual_L': 0, 'output_rows': 2181, 'camera_packets': 2280}",2166,0.17451946659014295,1.0,2181,0,"{'G_reason:disabled': 99, 'V_reason:disabled': 2280, 'G_reason:warmup_or_core_invalid': 177, 'G_reason:not_ready_G': 430, 'G_reason:accepted': 1574}",0.9931224209078404,8e6c44b0a9f793f9e61d5dd37ff533d79b58c5f6354f87d41d521eb4a0db24b3,True,0.0,G,/tmp/ltv_gain_scan_20261009/w2/results/w2_full_V2_01_easy_G_4_20261009T033439_d8eccbb8,,0.7907268158606965,0.2939717920491928,,,-0.03504944532283227,-0.02665971544316692,w2_full_V2_01_easy_G_4_20261009T033439_d8eccbb8,2166,V2_01_easy,VALID_FULL_MATCHED,6.38378239159465e-16,0.22228349998881494,"{'actual_opencv_threads': 4, 'verification': 'inferred from frozen num_opencv_threads=4 and original VioManager constructor; post-construction metadata was absent', 'cpu_affinity_per_worker': 4}"
,5,0,0.17450369220980075,"{'errors': [], 'actual_G': 1574, 'actual_V': 0, 'actual_L': 0, 'output_rows': 2181, 'camera_packets': 2280}",2166,0.17450369220980075,1.0,2181,0,,0.9931224209078404,,False,0.0,G,/home/he/output/ltv_gv_independent_20261009T050259/w0/results/w0_single_full_V2_01_easy_G_G5_V0_20261009T051419_64d2bce1,single_full,0.790548202693253,0.29390205094413985,,,-0.044085028468654475,,w0_single_full_V2_01_easy_G_G5_V0_20261009T051419_64d2bce1,2166,V2_01_easy,VALID_FULL_MATCHED,4.996003610813204e-16,0.2222654771540305,"{'requested_opencv_threads': 1, 'actual_opencv_threads': 1}"
,6,0,0.1743813532171872,"{'errors': [], 'actual_G': 1574, 'actual_V': 0, 'actual_L': 0, 'output_rows': 2181, 'camera_packets': 2280}",2166,0.1743813532171872,1.0,2181,0,,0.9931224209078404,,False,0.0,G,/home/he/output/ltv_gv_independent_20261009T050259/w0/results/w0_single_full_V2_01_easy_G_G6_V0_20261009T051632_8fbeca6b,single_full,0.7904765474309327,0.2935377766925074,,,-0.11416094370304553,,w0_single_full_V2_01_easy_G_G6_V0_20261009T051632_8fbeca6b,2166,V2_01_easy,VALID_FULL_MATCHED,8.049116928532385e-16,0.22208202767563656,"{'requested_opencv_threads': 1, 'actual_opencv_threads': 1}"
,8,0,0.17435037068964035,"{'errors': [], 'actual_G': 1574, 'actual_V': 0, 'actual_L': 0, 'output_rows': 2181, 'camera_packets': 2280}",2166,0.17435037068964035,1.0,2181,0,,0.9931224209078404,,False,0.0,G,/home/he/output/ltv_gv_independent_20261009T050259/w0/results/w0_single_full_V2_01_easy_G_G8_V0_20261009T051845_847c045f,single_full,0.7901241036833723,0.293402441613143,,,-0.13190777100428042,,w0_single_full_V2_01_easy_G_G8_V0_20261009T051845_847c045f,2166,V2_01_easy,VALID_FULL_MATCHED,2.498001805406602e-16,0.22204656140643467,"{'requested_opencv_threads': 1, 'actual_opencv_threads': 1}"
,10,0,0.1743186410909488,"{'errors': [], 'actual_G': 1574, 'actual_V': 0, 'actual_L': 0, 'output_rows': 2181, 'camera_packets': 2280}",2166,0.1743186410909488,1.0,2181,0,,0.9931224209078404,,False,0.0,G,/home/he/output/ltv_gv_independent_20261009T050259/w6/results/w6_extra_single_full_V2_01_easy_G_G10_V0_20261009T065646_15b19872,extra_single_full,0.7897730191709676,0.2932792284247311,,,-0.15008252151375023,,w6_extra_single_full_V2_01_easy_G_G10_V0_20261009T065646_15b19872,2166,V2_01_easy,VALID_FULL_MATCHED,5.551115123125783e-17,0.22201014234330552,"{'requested_opencv_threads': 1, 'actual_opencv_threads': 1}"
,16,0,0.17422528712477042,"{'errors': [], 'actual_G': 1574, 'actual_V': 0, 'actual_L': 0, 'output_rows': 2181, 'camera_packets': 2280}",2166,0.17422528712477042,1.0,2181,0,,0.9931224209078404,,False,0.0,G,/home/he/output/ltv_gv_independent_20261009T050259/w6/results/w6_extra_single_full_V2_01_easy_G_G16_V0_20261009T065824_a7166fd7,extra_single_full,0.788744009304189,0.2929516116156353,,,-0.20355578037386524,,w6_extra_single_full_V2_01_easy_G_G16_V0_20261009T065824_a7166fd7,2166,V2_01_easy,VALID_FULL_MATCHED,8.326672684688674e-17,0.22190596751571015,"{'requested_opencv_threads': 1, 'actual_opencv_threads': 1}"
1,1,1,0.1745595338008643,"{'errors': [], 'actual_G': 1574, 'actual_V': 1563, 'actual_L': 0, 'output_rows': 2181, 'camera_packets': 2280}",2166,0.1745595338008643,1.0,2181,0,"{'G_reason:disabled': 99, 'V_reason:disabled': 99, 'G_reason:warmup_or_core_invalid': 177, 'V_reason:warmup_or_core_invalid': 177, 'G_reason:not_ready_G': 430, 'V_reason:not_ready_V': 441, 'G_reason:accepted': 1574, 'V_reason:accepted': 1563}",0.9931224209078404,8e6c44b0a9f793f9e61d5dd37ff533d79b58c5f6354f87d41d521eb4a0db24b3,True,0.0,GV,/tmp/ltv_gain_scan_20261009/w2/results/w2_full_V2_01_easy_GV_1_20261009T031118_25a3184d,,0.7912332250712115,0.29415832067303327,,,-0.012098901083368307,0.0,w2_full_V2_01_easy_GV_1_20261009T031118_25a3184d,2166,V2_01_easy,VALID_FULL_MATCHED,2.7755575615628914e-16,0.2223268786325344,"{'actual_opencv_threads': 4, 'verification': 'inferred from frozen num_opencv_threads=4 and original VioManager constructor; post-construction metadata was absent', 'cpu_affinity_per_worker': 4}"
,1,2,0.1745525957549847,"{'errors': [], 'actual_G': 1574, 'actual_V': 1563, 'actual_L': 0, 'output_rows': 2181, 'camera_packets': 2280}",2166,0.1745525957549847,1.0,2181,0,,0.9931224209078404,,False,0.0,GV,/home/he/output/ltv_gv_independent_20261009T050259/w6/results/w6_joint_full_V2_01_easy_GV_G1_V2_20261009T055238_5ce2e2c5,joint_full,0.7912148483907905,0.29413529868092936,,,-0.016073021717899483,,w6_joint_full_V2_01_easy_GV_G1_V2_20261009T055238_5ce2e2c5,2166,V2_01_easy,VALID_FULL_MATCHED,2.7755575615628914e-16,0.22231654384415855,"{'requested_opencv_threads': 1, 'actual_opencv_threads': 1}"
,1,3,0.1745460937090005,"{'errors': [], 'actual_G': 1574, 'actual_V': 1563, 'actual_L': 0, 'output_rows': 2181, 'camera_packets': 2280}",2166,0.1745460937090005,1.0,2181,0,,0.9931224209078404,,False,0.0,GV,/home/he/output/ltv_gv_independent_20261009T050259/w6/results/w6_joint_full_V2_01_easy_GV_G1_V3_20261009T055417_35d58387,joint_full,0.7911907899266203,0.2941141750463985,,,-0.019797401112431334,,w6_joint_full_V2_01_easy_GV_G1_V3_20261009T055417_35d58387,2166,V2_01_easy,VALID_FULL_MATCHED,2.220446049250313e-16,0.22230707539527383,"{'requested_opencv_threads': 1, 'actual_opencv_threads': 1}"
,1,4,0.17453938627200327,"{'errors': [], 'actual_G': 1574, 'actual_V': 1563, 'actual_L': 0, 'output_rows': 2181, 'camera_packets': 2280}",2166,0.17453938627200327,1.0,2181,0,,0.9931224209078404,,False,0.0,GV,/home/he/output/ltv_gv_independent_20261009T050259/w1/results/w1_joint_full_V2_01_easy_GV_G1_V4_20261009T055548_ad13ef72,joint_full,0.7911673841455694,0.29409215629560376,,,-0.023639428714727906,,w1_joint_full_V2_01_easy_GV_G1_V4_20261009T055548_ad13ef72,2166,V2_01_easy,VALID_FULL_MATCHED,6.661338147750939e-16,0.22229693474389636,"{'requested_opencv_threads': 1, 'actual_opencv_threads': 1}"
,1,5,0.1745328302602381,"{'errors': [], 'actual_G': 1574, 'actual_V': 1563, 'actual_L': 0, 'output_rows': 2181, 'camera_packets': 2280}",2166,0.1745328302602381,1.0,2181,0,,0.9931224209078404,,False,0.0,GV,/home/he/output/ltv_gv_independent_20261009T050259/w0/results/w0_joint_full_V2_01_easy_GV_G1_V5_20261009T055638_e7ab5aef,joint_full,0.7911429716027915,0.29407082623336206,,,-0.02739471977047936,,w0_joint_full_V2_01_easy_GV_G1_V5_20261009T055638_e7ab5aef,2166,V2_01_easy,VALID_FULL_MATCHED,1.3877787807814457e-16,0.2222873895706718,"{'requested_opencv_threads': 1, 'actual_opencv_threads': 1}"
,1,6,0.1745265641352658,"{'errors': [], 'actual_G': 1574, 'actual_V': 1563, 'actual_L': 0, 'output_rows': 2181, 'camera_packets': 2280}",2166,0.1745265641352658,1.0,2181,0,,0.9931224209078404,,False,0.0,GV,/home/he/output/ltv_gv_independent_20261009T050259/w3/results/w3_joint_full_V2_01_easy_GV_G1_V6_20261009T055824_71b25533,joint_full,0.7911203871753572,0.2940499563526828,,,-0.030983963338915288,,w3_joint_full_V2_01_easy_GV_G1_V6_20261009T055824_71b25533,2166,V2_01_easy,VALID_FULL_MATCHED,2.7755575615628914e-16,0.22227872510516045,"{'requested_opencv_threads': 1, 'actual_opencv_threads': 1}"
,1,8,0.1745130408261002,"{'errors': [], 'actual_G': 1574, 'actual_V': 1563, 'actual_L': 0, 'output_rows': 2181, 'camera_packets': 2280}",2166,0.1745130408261002,1.0,2181,0,,0.9931224209078404,,False,0.0,GV,/home/he/output/ltv_gv_independent_20261009T050259/w0/results/w0_joint_full_V2_01_easy_GV_G1_V8_20261009T055903_5f17b0fe,joint_full,0.7910726679018891,0.29400587684483914,,,-0.03873013033385275,,w0_joint_full_V2_01_easy_GV_G1_V8_20261009T055903_5f17b0fe,2166,V2_01_easy,VALID_FULL_MATCHED,4.718447854656915e-16,0.22225842956845704,"{'requested_opencv_threads': 1, 'actual_opencv_threads': 1}"
,2,1,0.174542885821311,"{'errors': [], 'actual_G': 1574, 'actual_V': 1563, 'actual_L': 0, 'output_rows': 2181, 'camera_packets': 2280}",2166,0.174542885821311,1.0,2181,0,,0.9931224209078404,,False,0.0,GV,/home/he/output/ltv_gv_independent_20261009T050259/w7/results/w7_joint_full_V2_01_easy_GV_G2_V1_20261009T060019_d1695294,joint_full,0.7910594728015742,0.29408541709214664,,,-0.02163488285892301,,w7_joint_full_V2_01_easy_GV_G2_V1_20261009T060019_d1695294,2166,V2_01_easy,VALID_FULL_MATCHED,1.3877787807814457e-16,0.22230729322999188,"{'requested_opencv_threads': 1, 'actual_opencv_threads': 1}"
2,2,2,0.17453748016651766,"{'errors': [], 'actual_G': 1574, 'actual_V': 1563, 'actual_L': 0, 'output_rows': 2181, 'camera_packets': 2280}",2166,0.17453748016651766,1.0,2181,0,"{'G_reason:disabled': 99, 'V_reason:disabled': 99, 'G_reason:warmup_or_core_invalid': 177, 'V_reason:warmup_or_core_invalid': 177, 'G_reason:not_ready_G': 430, 'V_reason:not_ready_V': 441, 'G_reason:accepted': 1574, 'V_reason:accepted': 1563}",0.9931224209078404,8e6c44b0a9f793f9e61d5dd37ff533d79b58c5f6354f87d41d521eb4a0db24b3,True,0.0,GV,/tmp/ltv_gain_scan_20261009/w2/results/w2_full_V2_01_easy_GV_2_20261009T032505_6759bcb1,,0.791034590062391,0.29406745702458015,,,-0.02473124812228944,-0.012633875599032951,w2_full_V2_01_easy_GV_2_20261009T032505_6759bcb1,2166,V2_01_easy,VALID_FULL_MATCHED,4.996003610813204e-16,0.2222999889848362,"{'actual_opencv_threads': 4, 'verification': 'inferred from frozen num_opencv_threads=4 and original VioManager constructor; post-construction metadata was absent', 'cpu_affinity_per_worker': 4}"
,2,3,0.1745297442101533,"{'errors': [], 'actual_G': 1574, 'actual_V': 1563, 'actual_L': 0, 'output_rows': 2181, 'camera_packets': 2280}",2166,0.1745297442101533,1.0,2181,0,,0.9931224209078404,,False,0.0,GV,/home/he/output/ltv_gv_independent_20261009T050259/w6/results/w6_joint_full_V2_01_easy_GV_G2_V3_20261009T060144_79c5959a,joint_full,0.791007258067164,0.2940427938886634,,,-0.02916241279730114,,w6_joint_full_V2_01_easy_GV_G2_V3_20261009T060144_79c5959a,2166,V2_01_easy,VALID_FULL_MATCHED,2.7755575615628914e-17,0.22228894055073609,"{'requested_opencv_threads': 1, 'actual_opencv_threads': 1}"
,2,4,0.17452358247947666,"{'errors': [], 'actual_G': 1574, 'actual_V': 1563, 'actual_L': 0, 'output_rows': 2181, 'camera_packets': 2280}",2166,0.17452358247947666,1.0,2181,0,,0.9931224209078404,,False,0.0,GV,/home/he/output/ltv_gv_independent_20261009T050259/w2/results/w2_joint_full_V2_01_easy_GV_G2_V4_20261009T060254_6a995536,joint_full,0.7909874568399281,0.2940221364398184,,,-0.032691859193489936,,w2_joint_full_V2_01_easy_GV_G2_V4_20261009T060254_6a995536,2166,V2_01_easy,VALID_FULL_MATCHED,1.1102230246251565e-16,0.2222799811752709,"{'requested_opencv_threads': 1, 'actual_opencv_threads': 1}"
,2,5,0.17451718472312233,"{'errors': [], 'actual_G': 1574, 'actual_V': 1563, 'actual_L': 0, 'output_rows': 2181, 'camera_packets': 2280}",2166,0.17451718472312233,1.0,2181,0,,0.9931224209078404,,False,0.0,GV,/home/he/output/ltv_gv_independent_20261009T050259/w1/results/w1_joint_full_V2_01_easy_GV_G2_V5_20261009T060404_7337d8f8,joint_full,0.7909641559831384,0.29400115473898647,,,-0.036356501368473015,,w1_joint_full_V2_01_easy_GV_G2_V5_20261009T060404_7337d8f8,2166,V2_01_easy,VALID_FULL_MATCHED,8.881784197001252e-16,0.22227081376216065,"{'requested_opencv_threads': 1, 'actual_opencv_threads': 1}"
,2,6,0.17451047890665558,"{'errors': [], 'actual_G': 1574, 'actual_V': 1563, 'actual_L': 0, 'output_rows': 2181, 'camera_packets': 2280}",2166,0.17451047890665558,1.0,2181,0,,0.9931224209078404,,False,0.0,GV,/home/he/output/ltv_gv_independent_20261009T050259/w4/results/w4_joint_full_V2_01_easy_GV_G2_V6_20261009T060517_6476dd71,joint_full,0.7909349542264477,0.29397971375757964,,,-0.04019760072905276,,w4_joint_full_V2_01_easy_GV_G2_V6_20261009T060517_6476dd71,2166,V2_01_easy,VALID_FULL_MATCHED,2.220446049250313e-16,0.2222618797942908,"{'requested_opencv_threads': 1, 'actual_opencv_threads': 1}"
,2,8,0.1744974905645954,"{'errors': [], 'actual_G': 1574, 'actual_V': 1563, 'actual_L': 0, 'output_rows': 2181, 'camera_packets': 2280}",2166,0.1744974905645954,1.0,2181,0,,0.9931224209078404,,False,0.0,GV,/home/he/output/ltv_gv_independent_20261009T050259/w6/results/w6_joint_full_V2_01_easy_GV_G2_V8_20261009T060638_d5eef113,joint_full,0.7908928793564832,0.2939363585990223,,,-0.04763733795264402,,w6_joint_full_V2_01_easy_GV_G2_V8_20261009T060638_d5eef113,2166,V2_01_easy,VALID_FULL_MATCHED,5.273559366969494e-16,0.22224276480590116,"{'requested_opencv_threads': 1, 'actual_opencv_threads': 1}"
,3,1,0.17452843821648978,"{'errors': [], 'actual_G': 1574, 'actual_V': 1563, 'actual_L': 0, 'output_rows': 2181, 'camera_packets': 2280}",2166,0.17452843821648978,1.0,2181,0,,0.9931224209078404,,False,0.0,GV,/home/he/output/ltv_gv_independent_20261009T050259/w6/results/w6_joint_full_V2_01_easy_GV_G3_V1_20261009T060818_88a241c7,joint_full,0.7908806670192686,0.2940192653930943,,,-0.029910487465134583,,w6_joint_full_V2_01_easy_GV_G3_V1_20261009T060818_88a241c7,2166,V2_01_easy,VALID_FULL_MATCHED,6.938893903907228e-16,0.2222918250889034,"{'requested_opencv_threads': 1, 'actual_opencv_threads': 1}"
,3,2,0.17452146654459547,"{'errors': [], 'actual_G': 1574, 'actual_V': 1563, 'actual_L': 0, 'output_rows': 2181, 'camera_packets': 2280}",2166,0.17452146654459547,1.0,2181,0,,0.9931224209078404,,False,0.0,GV,/home/he/output/ltv_gv_independent_20261009T050259/w3/results/w3_joint_full_V2_01_easy_GV_G3_V2_20261009T060919_27320067,joint_full,0.7908558515355303,0.29399698312145195,,,-0.03390386911942267,,w3_joint_full_V2_01_easy_GV_G3_V2_20261009T060919_27320067,2166,V2_01_easy,VALID_FULL_MATCHED,9.992007221626409e-16,0.22228139038505013,"{'requested_opencv_threads': 1, 'actual_opencv_threads': 1}"
,3,3,0.17451472200869386,"{'errors': [], 'actual_G': 1574, 'actual_V': 1563, 'actual_L': 0, 'output_rows': 2181, 'camera_packets': 2280}",2166,0.17451472200869386,1.0,2181,0,,0.9931224209078404,,False,0.0,GV,/home/he/output/ltv_gv_independent_20261009T050259/w3/results/w3_joint_full_V2_01_easy_GV_G3_V3_20261009T061023_bd98ebe2,joint_full,0.790827395621813,0.29397516838891025,,,-0.03776714701667627,,w3_joint_full_V2_01_easy_GV_G3_V3_20261009T061023_bd98ebe2,2166,V2_01_easy,VALID_FULL_MATCHED,2.7755575615628914e-16,0.22227210838998326,"{'requested_opencv_threads': 1, 'actual_opencv_threads': 1}"
,3,4,0.17450845012008867,"{'errors': [], 'actual_G': 1574, 'actual_V': 1563, 'actual_L': 0, 'output_rows': 2181, 'camera_packets': 2280}",2166,0.17450845012008867,1.0,2181,0,,0.9931224209078404,,False,0.0,GV,/home/he/output/ltv_gv_independent_20261009T050259/w7/results/w7_joint_full_V2_01_easy_GV_G3_V4_20261009T061156_6477ef35,joint_full,0.7908052544234102,0.29395409683255197,,,-0.041359692000642045,,w7_joint_full_V2_01_easy_GV_G3_V4_20261009T061156_6477ef35,2166,V2_01_easy,VALID_FULL_MATCHED,4.718447854656915e-16,0.22226359854854463,"{'requested_opencv_threads': 1, 'actual_opencv_threads': 1}"
,3,5,0.1745020960122297,"{'errors': [], 'actual_G': 1574, 'actual_V': 1563, 'actual_L': 0, 'output_rows': 2181, 'camera_packets': 2280}",2166,0.1745020960122297,1.0,2181,0,,0.9931224209078404,,False,0.0,GV,/home/he/output/ltv_gv_independent_20261009T050259/w2/results/w2_joint_full_V2_01_easy_GV_G3_V5_20261009T061259_e85cf97d,joint_full,0.7907851293444118,0.2939330063950335,,,-0.04499933226742581,,w2_joint_full_V2_01_easy_GV_G3_V5_20261009T061259_e85cf97d,2166,V2_01_easy,VALID_FULL_MATCHED,7.494005416219807e-16,0.2222537527185794,"{'requested_opencv_threads': 1, 'actual_opencv_threads': 1}"
,3,6,0.1744953111645331,"{'errors': [], 'actual_G': 1574, 'actual_V': 1563, 'actual_L': 0, 'output_rows': 2181, 'camera_packets': 2280}",2166,0.1744953111645331,1.0,2181,0,,0.9931224209078404,,False,0.0,GV,/home/he/output/ltv_gv_independent_20261009T050259/w0/results/w0_joint_full_V2_01_easy_GV_G3_V6_20261009T061423_800d4009,joint_full,0.790763415157638,0.29391066489302586,,,-0.04888570080708865,,w0_joint_full_V2_01_easy_GV_G3_V6_20261009T061423_800d4009,2166,V2_01_easy,VALID_FULL_MATCHED,9.43689570931383e-16,0.2222439828996085,"{'requested_opencv_threads': 1, 'actual_opencv_threads': 1}"
,3,8,0.17448183633325517,"{'errors': [], 'actual_G': 1574, 'actual_V': 1563, 'actual_L': 0, 'output_rows': 2181, 'camera_packets': 2280}",2166,0.17448183633325517,1.0,2181,0,,0.9931224209078404,,False,0.0,GV,/home/he/output/ltv_gv_independent_20261009T050259/w5/results/w5_joint_full_V2_01_easy_GV_G3_V8_20261009T061538_de99de57,joint_full,0.7907157134861397,0.29386653004656627,,,-0.056604099612378445,,w5_joint_full_V2_01_easy_GV_G3_V8_20261009T061538_de99de57,2166,V2_01_easy,VALID_FULL_MATCHED,1.0547118733938987e-15,0.2222246603234127,"{'requested_opencv_threads': 1, 'actual_opencv_threads': 1}"
,4,1,0.17451251031252438,"{'errors': [], 'actual_G': 1574, 'actual_V': 1563, 'actual_L': 0, 'output_rows': 2181, 'camera_packets': 2280}",2166,0.17451251031252438,1.0,2181,0,,0.9931224209078404,,False,0.0,GV,/home/he/output/ltv_gv_independent_20261009T050259/w2/results/w2_joint_full_V2_01_easy_GV_G4_V1_20261009T061649_076a4cca,joint_full,0.790697003252185,0.2939495367854264,,,-0.03903400911833277,,w2_joint_full_V2_01_easy_GV_G4_V1_20261009T061649_076a4cca,2166,V2_01_easy,VALID_FULL_MATCHED,6.938893903907228e-16,0.22227378780120896,"{'requested_opencv_threads': 1, 'actual_opencv_threads': 1}"
,4,2,0.17450525708616166,"{'errors': [], 'actual_G': 1574, 'actual_V': 1563, 'actual_L': 0, 'output_rows': 2181, 'camera_packets': 2280}",2166,0.17450525708616166,1.0,2181,0,,0.9931224209078404,,False,0.0,GV,/home/he/output/ltv_gv_independent_20261009T050259/w1/results/w1_joint_full_V2_01_easy_GV_G4_V2_20261009T061812_cf3c7dd6,joint_full,0.7906730978541571,0.293926237305238,,,-0.04318866549494205,,w1_joint_full_V2_01_easy_GV_G4_V2_20261009T061812_cf3c7dd6,2166,V2_01_easy,VALID_FULL_MATCHED,4.440892098500626e-16,0.22226329267301492,"{'requested_opencv_threads': 1, 'actual_opencv_threads': 1}"
,4,3,0.17449823695495958,"{'errors': [], 'actual_G': 1574, 'actual_V': 1563, 'actual_L': 0, 'output_rows': 2181, 'camera_packets': 2280}",2166,0.17449823695495958,1.0,2181,0,,0.9931224209078404,,False,0.0,GV,/home/he/output/ltv_gv_independent_20261009T050259/w5/results/w5_joint_full_V2_01_easy_GV_G4_V3_20261009T061930_9fd33a2a,joint_full,0.7906546830859839,0.293903601070312,,,-0.04720980469627989,,w5_joint_full_V2_01_easy_GV_G4_V3_20261009T061930_9fd33a2a,2166,V2_01_easy,VALID_FULL_MATCHED,2.220446049250313e-16,0.22225332803827103,"{'requested_opencv_threads': 1, 'actual_opencv_threads': 1}"
4,4,4,0.17449255010831013,"{'errors': [], 'actual_G': 1574, 'actual_V': 1563, 'actual_L': 0, 'output_rows': 2181, 'camera_packets': 2280}",2166,0.17449255010831013,1.0,2181,0,"{'G_reason:disabled': 99, 'V_reason:disabled': 99, 'G_reason:warmup_or_core_invalid': 177, 'V_reason:warmup_or_core_invalid': 177, 'G_reason:not_ready_G': 430, 'V_reason:not_ready_V': 441, 'G_reason:accepted': 1574, 'V_reason:accepted': 1563}",0.9931224209078404,8e6c44b0a9f793f9e61d5dd37ff533d79b58c5f6354f87d41d521eb4a0db24b3,True,0.0,GV,/tmp/ltv_gain_scan_20261009/w2/results/w2_full_V2_01_easy_GV_4_20261009T034058_e3ef425c,,0.7906324192381231,0.29388358972591,,,-0.05046723697723632,-0.038372978602585484,w2_full_V2_01_easy_GV_4_20261009T034058_e3ef425c,2166,V2_01_easy,VALID_FULL_MATCHED,2.7755575615628914e-17,0.22224465784160213,"{'actual_opencv_threads': 4, 'verification': 'inferred from frozen num_opencv_threads=4 and original VioManager constructor; post-construction metadata was absent', 'cpu_affinity_per_worker': 4}"
,4,5,0.17448607819086065,"{'errors': [], 'actual_G': 1574, 'actual_V': 1563, 'actual_L': 0, 'output_rows': 2181, 'camera_packets': 2280}",2166,0.17448607819086065,1.0,2181,0,,0.9931224209078404,,False,0.0,GV,/home/he/output/ltv_gv_independent_20261009T050259/w2/results/w2_joint_full_V2_01_easy_GV_G4_V5_20261009T062040_15465a3d,joint_full,0.7906084114329639,0.29386237251780933,,,-0.05417435871254428,,w2_joint_full_V2_01_easy_GV_G4_V5_20261009T062040_15465a3d,2166,V2_01_easy,VALID_FULL_MATCHED,1.1102230246251565e-15,0.22223570541255297,"{'requested_opencv_threads': 1, 'actual_opencv_threads': 1}"
,4,6,0.17447924955007282,"{'errors': [], 'actual_G': 1574, 'actual_V': 1563, 'actual_L': 0, 'output_rows': 2181, 'camera_packets': 2280}",2166,0.17447924955007282,1.0,2181,0,,0.9931224209078404,,False,0.0,GV,/home/he/output/ltv_gv_independent_20261009T050259/w1/results/w1_joint_full_V2_01_easy_GV_G4_V6_20261009T062202_7f73d810,joint_full,0.7905835329625459,0.2938405278370834,,,-0.05808581198505358,,w1_joint_full_V2_01_easy_GV_G4_V6_20261009T062202_7f73d810,2166,V2_01_easy,VALID_FULL_MATCHED,3.608224830031759e-16,0.22222566274901673,"{'requested_opencv_threads': 1, 'actual_opencv_threads': 1}"
,4,8,0.17446558015429278,"{'errors': [], 'actual_G': 1574, 'actual_V': 1563, 'actual_L': 0, 'output_rows': 2181, 'camera_packets': 2280}",2166,0.17446558015429278,1.0,2181,0,,0.9931224209078404,,False,0.0,GV,/home/he/output/ltv_gv_independent_20261009T050259/w5/results/w5_joint_full_V2_01_easy_GV_G4_V8_20261009T062319_74b67493,joint_full,0.7905334524678901,0.29379587860008455,,,-0.06591565756023376,,w5_joint_full_V2_01_easy_GV_G4_V8_20261009T062319_74b67493,2166,V2_01_easy,VALID_FULL_MATCHED,3.0531133177191805e-16,0.2222062338209729,"{'requested_opencv_threads': 1, 'actual_opencv_threads': 1}"
,5,1,0.17449686643821366,"{'errors': [], 'actual_G': 1574, 'actual_V': 1563, 'actual_L': 0, 'output_rows': 2181, 'camera_packets': 2280}",2166,0.17449686643821366,1.0,2181,0,,0.9931224209078404,,False,0.0,GV,/home/he/output/ltv_gv_independent_20261009T050259/w0/results/w0_joint_full_V2_01_easy_GV_G5_V1_20261009T062434_c4cd5684,joint_full,0.7905219988732156,0.2938804530550238,,,-0.04799483825969064,,w0_joint_full_V2_01_easy_GV_G5_V1_20261009T062434_c4cd5684,2166,V2_01_easy,VALID_FULL_MATCHED,1.6653345369377348e-16,0.2222558860768728,"{'requested_opencv_threads': 1, 'actual_opencv_threads': 1}"
,5,2,0.17449048336873707,"{'errors': [], 'actual_G': 1574, 'actual_V': 1563, 'actual_L': 0, 'output_rows': 2181, 'camera_packets': 2280}",2166,0.17449048336873707,1.0,2181,0,,0.9931224209078404,,False,0.0,GV,/home/he/output/ltv_gv_independent_20261009T050259/w1/results/w1_joint_full_V2_01_easy_GV_G5_V2_20261009T062551_bf4c0d93,joint_full,0.7905022717945654,0.2938588363071951,,,-0.051651067774260984,,w1_joint_full_V2_01_easy_GV_G5_V2_20261009T062551_bf4c0d93,2166,V2_01_easy,VALID_FULL_MATCHED,1.942890293094024e-16,0.22224621333482414,"{'requested_opencv_threads': 1, 'actual_opencv_threads': 1}"
,5,3,0.17448414982205168,"{'errors': [], 'actual_G': 1574, 'actual_V': 1563, 'actual_L': 0, 'output_rows': 2181, 'camera_packets': 2280}",2166,0.17448414982205168,1.0,2181,0,,0.9931224209078404,,False,0.0,GV,/home/he/output/ltv_gv_independent_20261009T050259/w5/results/w5_joint_full_V2_01_easy_GV_G5_V3_20261009T062706_7b12e0ad,joint_full,0.7904797314776816,0.2938376478572956,,,-0.05527893057725164,,w5_joint_full_V2_01_easy_GV_G5_V3_20261009T062706_7b12e0ad,2166,V2_01_easy,VALID_FULL_MATCHED,8.326672684688674e-17,0.22223738628673148,"{'requested_opencv_threads': 1, 'actual_opencv_threads': 1}"
,5,4,0.17447622310348138,"{'errors': [], 'actual_G': 1574, 'actual_V': 1563, 'actual_L': 0, 'output_rows': 2181, 'camera_packets': 2280}",2166,0.17447622310348138,1.0,2181,0,,0.9931224209078404,,False,0.0,GV,/home/he/output/ltv_gv_independent_20261009T050259/w0/results/w0_joint_full_V2_01_easy_GV_G5_V4_20261009T062822_ae501f17,joint_full,0.790449996236972,0.29381222080554087,,,-0.05981936406255217,,w0_joint_full_V2_01_easy_GV_G5_V4_20261009T062822_ae501f17,2166,V2_01_easy,VALID_FULL_MATCHED,3.0531133177191805e-16,0.22222632684677826,"{'requested_opencv_threads': 1, 'actual_opencv_threads': 1}"
,5,5,0.1744706786257575,"{'errors': [], 'actual_G': 1574, 'actual_V': 1563, 'actual_L': 0, 'output_rows': 2181, 'camera_packets': 2280}",2166,0.1744706786257575,1.0,2181,0,,0.9931224209078404,,False,0.0,GV,/home/he/output/ltv_gv_independent_20261009T050259/w1/results/w1_joint_full_V2_01_easy_GV_G5_V5_20261009T062937_a4834e83,joint_full,0.7904314662257913,0.29379398167899273,,,-0.06299524725970063,,w1_joint_full_V2_01_easy_GV_G5_V5_20261009T062937_a4834e83,2166,V2_01_easy,VALID_FULL_MATCHED,3.885780586188048e-16,0.22221770027176113,"{'requested_opencv_threads': 1, 'actual_opencv_threads': 1}"
,5,6,0.17446389438432533,"{'errors': [], 'actual_G': 1574, 'actual_V': 1563, 'actual_L': 0, 'output_rows': 2181, 'camera_packets': 2280}",2166,0.17446389438432533,1.0,2181,0,,0.9931224209078404,,False,0.0,GV,/home/he/output/ltv_gv_independent_20261009T050259/w5/results/w5_joint_full_V2_01_easy_GV_G5_V6_20261009T063052_25538888,joint_full,0.7904063235712124,0.29377168011362426,,,-0.06688126853038323,,w5_joint_full_V2_01_easy_GV_G5_V6_20261009T063052_25538888,2166,V2_01_easy,VALID_FULL_MATCHED,1.1102230246251565e-16,0.22220799088631182,"{'requested_opencv_threads': 1, 'actual_opencv_threads': 1}"
,5,8,0.17434475306839928,"{'errors': [], 'actual_G': 1574, 'actual_V': 1563, 'actual_L': 0, 'output_rows': 2181, 'camera_packets': 2280}",2166,0.17434475306839928,1.0,2181,0,,0.9931224209078404,,False,0.0,GV,/home/he/output/ltv_gv_independent_20261009T050259/w0/results/w0_joint_full_V2_01_easy_GV_G5_V8_20261009T063209_70feafa3,joint_full,0.7904645382333431,0.29346195733435254,,,-0.13512555089194578,,w0_joint_full_V2_01_easy_GV_G5_V8_20261009T063209_70feafa3,2166,V2_01_easy,VALID_FULL_MATCHED,4.996003610813204e-16,0.22202467808318818,"{'requested_opencv_threads': 1, 'actual_opencv_threads': 1}"
,6,1,0.17437473120438193,"{'errors': [], 'actual_G': 1574, 'actual_V': 1563, 'actual_L': 0, 'output_rows': 2181, 'camera_packets': 2280}",2166,0.17437473120438193,1.0,2181,0,,0.9931224209078404,,False,0.0,GV,/home/he/output/ltv_gv_independent_20261009T050259/w1/results/w1_joint_full_V2_01_easy_GV_G6_V1_20261009T063323_7811cfb0,joint_full,0.7904524507033487,0.29351617856820167,,,-0.11795404023023925,,w1_joint_full_V2_01_easy_GV_G6_V1_20261009T063323_7811cfb0,2166,V2_01_easy,VALID_FULL_MATCHED,6.938893903907228e-16,0.2220719163852524,"{'requested_opencv_threads': 1, 'actual_opencv_threads': 1}"
,6,2,0.17436818216182365,"{'errors': [], 'actual_G': 1574, 'actual_V': 1563, 'actual_L': 0, 'output_rows': 2181, 'camera_packets': 2280}",2166,0.17436818216182365,1.0,2181,0,,0.9931224209078404,,False,0.0,GV,/home/he/output/ltv_gv_independent_20261009T050259/w5/results/w5_joint_full_V2_01_easy_GV_G6_V2_20261009T063438_907792b7,joint_full,0.7904295282587677,0.29349469576341236,,,-0.12170533931630256,,w5_joint_full_V2_01_easy_GV_G6_V2_20261009T063438_907792b7,2166,V2_01_easy,VALID_FULL_MATCHED,8.881784197001252e-16,0.22206245737552927,"{'requested_opencv_threads': 1, 'actual_opencv_threads': 1}"
,6,3,0.17436165372694287,"{'errors': [], 'actual_G': 1574, 'actual_V': 1563, 'actual_L': 0, 'output_rows': 2181, 'camera_packets': 2280}",2166,0.17436165372694287,1.0,2181,0,,0.9931224209078404,,False,0.0,GV,/home/he/output/ltv_gv_independent_20261009T050259/w2/results/w2_joint_full_V2_01_easy_GV_G6_V3_20261009T063554_729db0ba,joint_full,0.7904050247971868,0.2934773906910992,,,-0.12544483430105835,,w2_joint_full_V2_01_easy_GV_G6_V3_20261009T063554_729db0ba,2166,V2_01_easy,VALID_FULL_MATCHED,1.942890293094024e-16,0.2220534248091977,"{'requested_opencv_threads': 1, 'actual_opencv_threads': 1}"
,6,4,0.17435512280516607,"{'errors': [], 'actual_G': 1574, 'actual_V': 1563, 'actual_L': 0, 'output_rows': 2181, 'camera_packets': 2280}",2166,0.17435512280516607,1.0,2181,0,,0.9931224209078404,,False,0.0,GV,/home/he/output/ltv_gv_independent_20261009T050259/w4/results/w4_joint_full_V2_01_easy_GV_G6_V4_20261009T063711_6c364483,joint_full,0.7903823102643585,0.29345948668278554,,,-0.12918575378270125,,w4_joint_full_V2_01_easy_GV_G6_V4_20261009T063711_6c364483,2166,V2_01_easy,VALID_FULL_MATCHED,5.273559366969494e-16,0.22204398206899145,"{'requested_opencv_threads': 1, 'actual_opencv_threads': 1}"
,6,5,0.174348062806858,"{'errors': [], 'actual_G': 1574, 'actual_V': 1563, 'actual_L': 0, 'output_rows': 2181, 'camera_packets': 2280}",2166,0.174348062806858,1.0,2181,0,,0.9931224209078404,,False,0.0,GV,/home/he/output/ltv_gv_independent_20261009T050259/w5/results/w5_joint_full_V2_01_easy_GV_G6_V5_20261009T063824_fe0b0987,joint_full,0.790359848570537,0.2934413405196372,,,-0.13322972890807971,,w5_joint_full_V2_01_easy_GV_G6_V5_20261009T063824_fe0b0987,2166,V2_01_easy,VALID_FULL_MATCHED,8.326672684688674e-17,0.22203402217074739,"{'requested_opencv_threads': 1, 'actual_opencv_threads': 1}"
,6,6,0.17434188492178132,"{'errors': [], 'actual_G': 1574, 'actual_V': 1563, 'actual_L': 0, 'output_rows': 2181, 'camera_packets': 2280}",2166,0.17434188492178132,1.0,2181,0,,0.9931224209078404,,False,0.0,GV,/home/he/output/ltv_gv_independent_20261009T050259/w2/results/w2_joint_full_V2_01_easy_GV_G6_V6_20261009T063940_65e3a183,joint_full,0.7903326341867315,0.2934286094015886,,,-0.13676842856312765,,w2_joint_full_V2_01_easy_GV_G6_V6_20261009T063940_65e3a183,2166,V2_01_easy,VALID_FULL_MATCHED,2.7755575615628914e-16,0.22202484343102397,"{'requested_opencv_threads': 1, 'actual_opencv_threads': 1}"
,6,8,0.17432867522703116,"{'errors': [], 'actual_G': 1574, 'actual_V': 1563, 'actual_L': 0, 'output_rows': 2181, 'camera_packets': 2280}",2166,0.17432867522703116,1.0,2181,0,,0.9931224209078404,,False,0.0,GV,/home/he/output/ltv_gv_independent_20261009T050259/w3/results/w3_joint_full_V2_01_easy_GV_G6_V8_20261009T064055_f56de903,joint_full,0.7902875130450853,0.29340759815598755,,,-0.14433495686133613,,w3_joint_full_V2_01_easy_GV_G6_V8_20261009T064055_f56de903,2166,V2_01_easy,VALID_FULL_MATCHED,2.498001805406602e-16,0.22200606573276105,"{'requested_opencv_threads': 1, 'actual_opencv_threads': 1}"
,8,1,0.17434411957646945,"{'errors': [], 'actual_G': 1574, 'actual_V': 1563, 'actual_L': 0, 'output_rows': 2181, 'camera_packets': 2280}",2166,0.17434411957646945,1.0,2181,0,,0.9931224209078404,,False,0.0,GV,/home/he/output/ltv_gv_independent_20261009T050259/w0/results/w0_joint_full_V2_01_easy_GV_G8_V1_20261009T064214_400ac15e,joint_full,0.7901001243914888,0.29338531621904307,,,-0.1354884157956704,,w0_joint_full_V2_01_easy_GV_G8_V1_20261009T064214_400ac15e,2166,V2_01_easy,VALID_FULL_MATCHED,9.71445146547012e-16,0.2220374656429104,"{'requested_opencv_threads': 1, 'actual_opencv_threads': 1}"
,8,2,0.17433695810822109,"{'errors': [], 'actual_G': 1574, 'actual_V': 1563, 'actual_L': 0, 'output_rows': 2181, 'camera_packets': 2280}",2166,0.17433695810822109,1.0,2181,0,,0.9931224209078404,,False,0.0,GV,/home/he/output/ltv_gv_independent_20261009T050259/w2/results/w2_joint_full_V2_01_easy_GV_G8_V2_20261009T064326_b77754f3,joint_full,0.790077486726547,0.2933668888459862,,,-0.13959051301917214,,w2_joint_full_V2_01_easy_GV_G8_V2_20261009T064326_b77754f3,2166,V2_01_easy,VALID_FULL_MATCHED,8.049116928532385e-16,0.22202732584597873,"{'requested_opencv_threads': 1, 'actual_opencv_threads': 1}"
,8,3,0.17433017261765554,"{'errors': [], 'actual_G': 1574, 'actual_V': 1563, 'actual_L': 0, 'output_rows': 2181, 'camera_packets': 2280}",2166,0.17433017261765554,1.0,2181,0,,0.9931224209078404,,False,0.0,GV,/home/he/output/ltv_gv_independent_20261009T050259/w3/results/w3_joint_full_V2_01_easy_GV_G8_V3_20261009T064443_5765c698,joint_full,0.7900539789282175,0.29335434992428566,,,-0.14347724979488774,,w3_joint_full_V2_01_easy_GV_G8_V3_20261009T064443_5765c698,2166,V2_01_easy,VALID_FULL_MATCHED,1.3877787807814457e-16,0.22201741103709874,"{'requested_opencv_threads': 1, 'actual_opencv_threads': 1}"
,8,4,0.17432422274631312,"{'errors': [], 'actual_G': 1574, 'actual_V': 1563, 'actual_L': 0, 'output_rows': 2181, 'camera_packets': 2280}",2166,0.17432422274631312,1.0,2181,0,,0.9931224209078404,,False,0.0,GV,/home/he/output/ltv_gv_independent_20261009T050259/w1/results/w1_joint_full_V2_01_easy_GV_G8_V4_20261009T064601_ed3b0083,joint_full,0.7900299826477679,0.2933435347553081,,,-0.1468853429215322,,w1_joint_full_V2_01_easy_GV_G8_V4_20261009T064601_ed3b0083,2166,V2_01_easy,VALID_FULL_MATCHED,6.106226635438361e-16,0.22200880446481588,"{'requested_opencv_threads': 1, 'actual_opencv_threads': 1}"
,8,5,0.17431678096475176,"{'errors': [], 'actual_G': 1574, 'actual_V': 1563, 'actual_L': 0, 'output_rows': 2181, 'camera_packets': 2280}",2166,0.17431678096475176,1.0,2181,0,,0.9931224209078404,,False,0.0,GV,/home/he/output/ltv_gv_independent_20261009T050259/w4/results/w4_joint_full_V2_01_easy_GV_G8_V5_20261009T064719_01534110,joint_full,0.7900078598730569,0.2933328650615891,,,-0.15114800393211114,,w4_joint_full_V2_01_easy_GV_G8_V5_20261009T064719_01534110,2166,V2_01_easy,VALID_FULL_MATCHED,3.0531133177191805e-16,0.22199812811304687,"{'requested_opencv_threads': 1, 'actual_opencv_threads': 1}"
,8,6,0.17431043394726073,"{'errors': [], 'actual_G': 1574, 'actual_V': 1563, 'actual_L': 0, 'output_rows': 2181, 'camera_packets': 2280}",2166,0.17431043394726073,1.0,2181,0,,0.9931224209078404,,False,0.0,GV,/home/he/output/ltv_gv_independent_20261009T050259/w3/results/w3_joint_full_V2_01_easy_GV_G8_V6_20261009T064834_5f9e1c38,joint_full,0.7899829280211774,0.29332156009458393,,,-0.15478358282801086,,w3_joint_full_V2_01_easy_GV_G8_V6_20261009T064834_5f9e1c38,2166,V2_01_easy,VALID_FULL_MATCHED,8.326672684688674e-17,0.22198935488313318,"{'requested_opencv_threads': 1, 'actual_opencv_threads': 1}"
,8,8,0.17429694709177682,"{'errors': [], 'actual_G': 1574, 'actual_V': 1563, 'actual_L': 0, 'output_rows': 2181, 'camera_packets': 2280}",2166,0.17429694709177682,1.0,2181,0,,0.9931224209078404,,False,0.0,GV,/home/he/output/ltv_gv_independent_20261009T050259/w1/results/w1_joint_full_V2_01_easy_GV_G8_V8_20261009T064951_0186715e,joint_full,0.789936903809333,0.29330010664042483,,,-0.1625088691122878,,w1_joint_full_V2_01_easy_GV_G8_V8_20261009T064951_0186715e,2166,V2_01_easy,VALID_FULL_MATCHED,4.996003610813204e-16,0.22196982641731453,"{'requested_opencv_threads': 1, 'actual_opencv_threads': 1}"
1,0,0,0.1745806561417616,"{'errors': [], 'actual_G': 0, 'actual_V': 0, 'actual_L': 0, 'output_rows': 2181, 'camera_packets': 2280}",2166,0.1745806561417616,1.0,2181,0,,0.9931224209078404,8e6c44b0a9f793f9e61d5dd37ff533d79b58c5f6354f87d41d521eb4a0db24b3,True,0.0,OFF,/tmp/ltv_gain_scan_20261009/w2/results/w2_full_V2_01_easy_OFF_1_20261009T030438_707f8ddc,,0.7914428718588163,0.2942459266931142,,,0.0,0.0,w2_full_V2_01_easy_OFF_1_20261009T030438_707f8ddc,2166,V2_01_easy,VALID_FULL_MATCHED,2.7755575615628914e-16,0.22235297828858558,"{'actual_opencv_threads': 4, 'verification': 'inferred from frozen num_opencv_threads=4 and original VioManager constructor; post-construction metadata was absent', 'cpu_affinity_per_worker': 4}"
1,0,1,0.17457476045895953,"{'errors': [], 'actual_G': 0, 'actual_V': 1563, 'actual_L': 0, 'output_rows': 2181, 'camera_packets': 2280}",2166,0.17457476045895953,1.0,2181,0,"{'G_reason:disabled': 2280, 'V_reason:disabled': 99, 'V_reason:warmup_or_core_invalid': 177, 'V_reason:not_ready_V': 441, 'V_reason:accepted': 1563}",0.9931224209078404,8e6c44b0a9f793f9e61d5dd37ff533d79b58c5f6354f87d41d521eb4a0db24b3,True,0.0,V,/tmp/ltv_gain_scan_20261009/w2/results/w2_full_V2_01_easy_V_1_20261009T030850_8ac13dd6,,0.7914157572338507,0.29422702472577333,,,-0.003377053868602875,0.0,w2_full_V2_01_easy_V_1_20261009T030850_8ac13dd6,2166,V2_01_easy,VALID_FULL_MATCHED,6.106226635438361e-16,0.2223438305429962,"{'actual_opencv_threads': 4, 'verification': 'inferred from frozen num_opencv_threads=4 and original VioManager constructor; post-construction metadata was absent', 'cpu_affinity_per_worker': 4}"
2,0,2,0.17456866413667368,"{'errors': [], 'actual_G': 0, 'actual_V': 1563, 'actual_L': 0, 'output_rows': 2181, 'camera_packets': 2280}",2166,0.17456866413667368,1.0,2181,0,"{'G_reason:disabled': 2280, 'V_reason:disabled': 99, 'V_reason:warmup_or_core_invalid': 177, 'V_reason:not_ready_V': 441, 'V_reason:accepted': 1563}",0.9931224209078404,8e6c44b0a9f793f9e61d5dd37ff533d79b58c5f6354f87d41d521eb4a0db24b3,True,0.0,V,/tmp/ltv_gain_scan_20261009/w2/results/w2_full_V2_01_easy_V_2_20261009T032155_06525a70,,0.7913944590776294,0.2942059795841134,,,-0.006869034263556895,-0.003492098324997528,w2_full_V2_01_easy_V_2_20261009T032155_06525a70,2166,V2_01_easy,VALID_FULL_MATCHED,1.1102230246251565e-16,0.2223347286809226,"{'actual_opencv_threads': 4, 'verification': 'inferred from frozen num_opencv_threads=4 and original VioManager constructor; post-construction metadata was absent', 'cpu_affinity_per_worker': 4}"
,0,3,0.1745617786943656,"{'errors': [], 'actual_G': 0, 'actual_V': 1563, 'actual_L': 0, 'output_rows': 2181, 'camera_packets': 2280}",2166,0.1745617786943656,1.0,2181,0,,0.9931224209078404,,False,0.0,V,/home/he/output/ltv_gv_independent_20261009T050259/w2/results/w2_single_full_V2_01_easy_V_G0_V3_20261009T052103_793e1c31,single_full,0.7913703120065384,0.29418360875792127,,,-0.010813023512001863,,w2_single_full_V2_01_easy_V_G0_V3_20261009T052103_793e1c31,2166,V2_01_easy,VALID_FULL_MATCHED,0.0,0.22232514632589961,"{'requested_opencv_threads': 1, 'actual_opencv_threads': 1}"
4,0,4,0.17455475886509628,"{'errors': [], 'actual_G': 0, 'actual_V': 1563, 'actual_L': 0, 'output_rows': 2181, 'camera_packets': 2280}",2166,0.17455475886509628,1.0,2181,0,"{'G_reason:disabled': 2280, 'V_reason:disabled': 99, 'V_reason:warmup_or_core_invalid': 177, 'V_reason:not_ready_V': 441, 'V_reason:accepted': 1563}",0.9931224209078404,8e6c44b0a9f793f9e61d5dd37ff533d79b58c5f6354f87d41d521eb4a0db24b3,True,0.0,V,/tmp/ltv_gain_scan_20261009/w2/results/w2_full_V2_01_easy_V_4_20261009T033749_55b49b91,,0.7913416306708493,0.29416136246594643,,,-0.014833989765905553,-0.011457322817265414,w2_full_V2_01_easy_V_4_20261009T033749_55b49b91,2166,V2_01_easy,VALID_FULL_MATCHED,3.608224830031759e-16,0.2223151049182279,"{'actual_opencv_threads': 4, 'verification': 'inferred from frozen num_opencv_threads=4 and original VioManager constructor; post-construction metadata was absent', 'cpu_affinity_per_worker': 4}"
,0,5,0.1745482952284205,"{'errors': [], 'actual_G': 0, 'actual_V': 1563, 'actual_L': 0, 'output_rows': 2181, 'camera_packets': 2280}",2166,0.1745482952284205,1.0,2181,0,,0.9931224209078404,,False,0.0,V,/home/he/output/ltv_gv_independent_20261009T050259/w1/results/w1_single_full_V2_01_easy_V_G0_V5_20261009T052325_6e7f439e,single_full,0.7913239606085167,0.29413954927270164,,True,-0.018536368264554515,,w1_single_full_V2_01_easy_V_G0_V5_20261009T052325_6e7f439e,2166,V2_01_easy,VALID_FULL_MATCHED,4.718447854656915e-16,0.22230531365583003,"{'requested_opencv_threads': 1, 'actual_opencv_threads': 1}"
,0,6,0.17454177367007934,"{'errors': [], 'actual_G': 0, 'actual_V': 1563, 'actual_L': 0, 'output_rows': 2181, 'camera_packets': 2280}",2166,0.17454177367007934,1.0,2181,0,,0.9931224209078404,,False,0.0,V,/home/he/output/ltv_gv_independent_20261009T050259/w0/results/w0_single_full_V2_01_easy_V_G0_V6_20261009T052546_381917ae,single_full,0.7912998069777791,0.29411810127680194,,True,-0.022271924359529294,,w0_single_full_V2_01_easy_V_G0_V6_20261009T052546_381917ae,2166,V2_01_easy,VALID_FULL_MATCHED,2.7755575615628914e-17,0.22229541496215868,"{'requested_opencv_threads': 1, 'actual_opencv_threads': 1}"
,0,8,0.17452895241066063,"{'errors': [], 'actual_G': 0, 'actual_V': 1563, 'actual_L': 0, 'output_rows': 2181, 'camera_packets': 2280}",2166,0.17452895241066063,1.0,2181,0,,0.9931224209078404,,False,0.0,V,/home/he/output/ltv_gv_independent_20261009T050259/w2/results/w2_single_full_V2_01_easy_V_G0_V8_20261009T052805_7e7fcafa,single_full,0.7912535126297351,0.2940757611325082,,True,-0.029615956454531744,,w2_single_full_V2_01_easy_V_G0_V8_20261009T052805_7e7fcafa,2166,V2_01_easy,VALID_FULL_MATCHED,6.38378239159465e-16,0.222276904586362,"{'requested_opencv_threads': 1, 'actual_opencv_threads': 1}"
,0,10,0.1745148031921444,"{'errors': [], 'actual_G': 0, 'actual_V': 1563, 'actual_L': 0, 'output_rows': 2181, 'camera_packets': 2280}",2166,0.1745148031921444,1.0,2181,0,,0.9931224209078404,,False,0.0,V,/home/he/output/ltv_gv_independent_20261009T050259/w1/results/w1_extra_single_full_V2_01_easy_V_G0_V10_20261009T065955_944e8005,extra_single_full,0.7912061639359862,0.2940299433434935,,,-0.037720645043126666,,w1_extra_single_full_V2_01_easy_V_G0_V10_20261009T065955_944e8005,2166,V2_01_easy,VALID_FULL_MATCHED,8.049116928532385e-16,0.22225564962914035,"{'requested_opencv_threads': 1, 'actual_opencv_threads': 1}"
,0,16,0.17447514159278352,"{'errors': [], 'actual_G': 0, 'actual_V': 1563, 'actual_L': 0, 'output_rows': 2181, 'camera_packets': 2280}",2166,0.17447514159278352,1.0,2181,0,,0.9931224209078404,,False,0.0,V,/home/he/output/ltv_gv_independent_20261009T050259/w0/results/w0_extra_single_full_V2_01_easy_V_G0_V16_20261009T070045_54776ae2,extra_single_full,0.7910659473240088,0.29389970507660745,,,-0.06043885463026255,,w0_extra_single_full_V2_01_easy_V_G0_V16_20261009T070045_54776ae2,2166,V2_01_easy,VALID_FULL_MATCHED,1.0824674490095276e-15,0.22219832698168931,"{'requested_opencv_threads': 1, 'actual_opencv_threads': 1}"
1,1,0,0.05197842468428713,"{'errors': [], 'actual_G': 1606, 'actual_V': 0, 'actual_L': 0, 'output_rows': 2266, 'camera_packets': 2348}",2252,0.05197842468428713,1.0,2266,0,"{'G_reason:disabled': 82, 'V_reason:disabled': 2348, 'G_reason:warmup_or_core_invalid': 140, 'G_reason:not_ready_G': 520, 'G_reason:accepted': 1606}",0.9938217122683142,8e6c44b0a9f793f9e61d5dd37ff533d79b58c5f6354f87d41d521eb4a0db24b3,True,0.0,G,/tmp/ltv_gain_scan_20261009/w0/results/w0_full_V2_02_medium_G_1_20261009T023630_130178d2,,0.12990882075081558,0.10773352262614654,,,0.006185859832608109,0.0,w0_full_V2_02_medium_G_1_20261009T023630_130178d2,2252,V2_02_medium,VALID_FULL_MATCHED,4.2327252813834093e-16,0.10309602096225452,"{'actual_opencv_threads': 4, 'verification': 'inferred from frozen num_opencv_threads=4 and original VioManager constructor; post-construction metadata was absent', 'cpu_affinity_per_worker': 4}"
2,2,0,0.05198177823349749,"{'errors': [], 'actual_G': 1606, 'actual_V': 0, 'actual_L': 0, 'output_rows': 2266, 'camera_packets': 2348}",2252,0.05198177823349749,1.0,2266,0,"{'G_reason:disabled': 82, 'V_reason:disabled': 2348, 'G_reason:warmup_or_core_invalid': 140, 'G_reason:not_ready_G': 520, 'G_reason:accepted': 1606}",0.9938217122683142,8e6c44b0a9f793f9e61d5dd37ff533d79b58c5f6354f87d41d521eb4a0db24b3,True,0.0,G,/tmp/ltv_gain_scan_20261009/w0/results/w0_full_V2_02_medium_G_2_20261009T024038_3c929591,,0.12990993092483047,0.10773944476874481,,,0.012638068949333281,0.006451810016816495,w0_full_V2_02_medium_G_2_20261009T024038_3c929591,2252,V2_02_medium,VALID_FULL_MATCHED,2.498001805406602e-16,0.10309961051400307,"{'actual_opencv_threads': 4, 'verification': 'inferred from frozen num_opencv_threads=4 and original VioManager constructor; post-construction metadata was absent', 'cpu_affinity_per_worker': 4}"
,3,0,0.05198516713130985,"{'errors': [], 'actual_G': 1606, 'actual_V': 0, 'actual_L': 0, 'output_rows': 2266, 'camera_packets': 2348}",2252,0.05198516713130985,1.0,2266,0,,0.9938217122683142,,False,0.0,G,/home/he/output/ltv_gv_independent_20261009T050259/w0/results/w0_single_representative_V2_02_medium_G_G3_V0_20261009T050334_b40e2340,single_representative,0.12991166225482867,0.10774580877696611,,,0.01915828857010915,,w0_single_representative_V2_02_medium_G_G3_V0_20261009T050334_b40e2340,2252,V2_02_medium,VALID_FULL_MATCHED,2.2898349882893854e-16,0.10310366230990743,"{'requested_opencv_threads': 1, 'actual_opencv_threads': 1}"
4,4,0,0.05207714074374425,"{'errors': [], 'actual_G': 1606, 'actual_V': 0, 'actual_L': 0, 'output_rows': 2266, 'camera_packets': 2348}",2252,0.05207714074374425,1.0,2266,0,"{'G_reason:disabled': 82, 'V_reason:disabled': 2348, 'G_reason:warmup_or_core_invalid': 140, 'G_reason:not_ready_G': 520, 'G_reason:accepted': 1606}",0.9938217122683142,8e6c44b0a9f793f9e61d5dd37ff533d79b58c5f6354f87d41d521eb4a0db24b3,True,0.0,G,/tmp/ltv_gain_scan_20261009/w0/results/w0_full_V2_02_medium_G_4_20261009T025226_12a904a8,,0.13007291825188905,0.10790294580976299,,,0.1961149823364483,0.18991737448126322,w0_full_V2_02_medium_G_4_20261009T025226_12a904a8,2252,V2_02_medium,VALID_FULL_MATCHED,1.5265566588595902e-16,0.10323979292117544,"{'actual_opencv_threads': 4, 'verification': 'inferred from frozen num_opencv_threads=4 and original VioManager constructor; post-construction metadata was absent', 'cpu_affinity_per_worker': 4}"
,5,0,0.052080744021893666,"{'errors': [], 'actual_G': 1606, 'actual_V': 0, 'actual_L': 0, 'output_rows': 2266, 'camera_packets': 2348}",2252,0.052080744021893666,1.0,2266,0,,0.9938217122683142,,False,0.0,G,/home/he/output/ltv_gv_independent_20261009T050259/w3/results/w3_single_representative_V2_02_medium_G_G5_V0_20261009T050334_c586a987,single_representative,0.13007571536530377,0.1079104198337437,,,0.20304766847505373,,w3_single_representative_V2_02_medium_G_G5_V0_20261009T050334_c586a987,2252,V2_02_medium,VALID_FULL_MATCHED,6.938893903907228e-18,0.10324450215521772,"{'requested_opencv_threads': 1, 'actual_opencv_threads': 1}"
,6,0,0.05208399779010362,"{'errors': [], 'actual_G': 1606, 'actual_V': 0, 'actual_L': 0, 'output_rows': 2266, 'camera_packets': 2348}",2252,0.05208399779010362,1.0,2266,0,,0.9938217122683142,,False,0.0,G,/home/he/output/ltv_gv_independent_20261009T050259/w2/results/w2_single_representative_V2_02_medium_G_G6_V0_20261009T050445_e0ede58d,single_representative,0.1300758424403197,0.10791484753157672,,,0.20930789952910978,,w2_single_representative_V2_02_medium_G_G6_V0_20261009T050445_e0ede58d,2252,V2_02_medium,VALID_FULL_MATCHED,1.3877787807814457e-16,0.10324729147313595,"{'requested_opencv_threads': 1, 'actual_opencv_threads': 1}"
,8,0,0.052019119461803154,"{'errors': [], 'actual_G': 1606, 'actual_V': 0, 'actual_L': 0, 'output_rows': 2266, 'camera_packets': 2348}",2252,0.052019119461803154,1.0,2266,0,,0.9938217122683142,,False,0.0,G,/home/he/output/ltv_gv_independent_20261009T050259/w1/results/w1_single_representative_V2_02_medium_G_G8_V0_20261009T050533_20aeec08,single_representative,0.1301604658719077,0.10805978861514112,,,0.0844823743674672,,w1_single_representative_V2_02_medium_G_G8_V0_20261009T050533_20aeec08,2252,V2_02_medium,VALID_FULL_MATCHED,6.106226635438361e-16,0.10336650078812962,"{'requested_opencv_threads': 1, 'actual_opencv_threads': 1}"
,10,0,0.05202613692196434,"{'errors': [], 'actual_G': 1606, 'actual_V': 0, 'actual_L': 0, 'output_rows': 2266, 'camera_packets': 2348}",2252,0.05202613692196434,1.0,2266,0,,0.9938217122683142,,False,0.0,G,/home/he/output/ltv_gv_independent_20261009T050259/w0/results/w0_extra_single_representative_V2_02_medium_G_G10_V0_20261009T065243_d11dc037,extra_single_representative,0.1301632507327512,0.1080715704281136,,,0.09798392677897727,,w0_extra_single_representative_V2_02_medium_G_G10_V0_20261009T065243_d11dc037,2252,V2_02_medium,VALID_FULL_MATCHED,1.033895191682177e-15,0.1033737678261855,"{'requested_opencv_threads': 1, 'actual_opencv_threads': 1}"
,16,0,0.05204741254183523,"{'errors': [], 'actual_G': 1606, 'actual_V': 0, 'actual_L': 0, 'output_rows': 2266, 'camera_packets': 2348}",2252,0.05204741254183523,1.0,2266,0,,0.9938217122683142,,False,0.0,G,/home/he/output/ltv_gv_independent_20261009T050259/w3/results/w3_extra_single_representative_V2_02_medium_G_G16_V0_20261009T065243_09ef5a9f,extra_single_representative,0.13017013200525657,0.1081053653277234,,,0.1389180952924507,,w3_extra_single_representative_V2_02_medium_G_G16_V0_20261009T065243_09ef5a9f,2252,V2_02_medium,VALID_FULL_MATCHED,4.163336342344337e-16,0.10339520464284524,"{'requested_opencv_threads': 1, 'actual_opencv_threads': 1}"
1,1,1,0.051977001579030985,"{'errors': [], 'actual_G': 1606, 'actual_V': 1571, 'actual_L': 0, 'output_rows': 2266, 'camera_packets': 2348}",2252,0.051977001579030985,1.0,2266,0,"{'G_reason:disabled': 82, 'V_reason:disabled': 82, 'G_reason:warmup_or_core_invalid': 140, 'V_reason:warmup_or_core_invalid': 140, 'G_reason:not_ready_G': 520, 'V_reason:not_ready_V': 555, 'G_reason:accepted': 1606, 'V_reason:accepted': 1571}",0.9938217122683142,8e6c44b0a9f793f9e61d5dd37ff533d79b58c5f6354f87d41d521eb4a0db24b3,True,0.0,GV,/tmp/ltv_gain_scan_20261009/w2/results/w2_full_V2_02_medium_GV_1_20261009T023630_a3bf44f2,,0.12990689282382362,0.10773566077919904,,,0.0034478136219151523,0.0,w2_full_V2_02_medium_GV_1_20261009T023630_a3bf44f2,2252,V2_02_medium,VALID_FULL_MATCHED,8.396061623727746e-16,0.10309149134978006,"{'actual_opencv_threads': 4, 'verification': 'inferred from frozen num_opencv_threads=4 and original VioManager constructor; post-construction metadata was absent', 'cpu_affinity_per_worker': 4}"
,1,2,0.05197541938447202,"{'errors': [], 'actual_G': 1606, 'actual_V': 1571, 'actual_L': 0, 'output_rows': 2266, 'camera_packets': 2348}",2252,0.05197541938447202,1.0,2266,0,,0.9938217122683142,,False,0.0,GV,/home/he/output/ltv_gv_independent_20261009T050259/w0/results/w0_joint_representative_V2_02_medium_GV_G1_V2_20261009T053306_c39005e1,joint_representative,0.12990424511751975,0.10773668390427095,,,0.00040368052069972293,,w0_joint_representative_V2_02_medium_GV_G1_V2_20261009T053306_c39005e1,2252,V2_02_medium,VALID_FULL_MATCHED,4.510281037539698e-16,0.10308634150493483,"{'requested_opencv_threads': 1, 'actual_opencv_threads': 1}"
,1,3,0.051974473070342135,"{'errors': [], 'actual_G': 1606, 'actual_V': 1571, 'actual_L': 0, 'output_rows': 2266, 'camera_packets': 2348}",2252,0.051974473070342135,1.0,2266,0,,0.9938217122683142,,False,0.0,GV,/home/he/output/ltv_gv_independent_20261009T050259/w3/results/w3_joint_representative_V2_02_medium_GV_G1_V3_20261009T053306_6484b26d,joint_representative,0.12990508862531264,0.10774065047660486,,,-0.0014170223445630903,,w3_joint_representative_V2_02_medium_GV_G1_V3_20261009T053306_6484b26d,2252,V2_02_medium,VALID_FULL_MATCHED,6.591949208711867e-16,0.10308386861997253,"{'requested_opencv_threads': 1, 'actual_opencv_threads': 1}"
,1,4,0.051972984043486194,"{'errors': [], 'actual_G': 1606, 'actual_V': 1571, 'actual_L': 0, 'output_rows': 2266, 'camera_packets': 2348}",2252,0.051972984043486194,1.0,2266,0,,0.9938217122683142,,False,0.0,GV,/home/he/output/ltv_gv_independent_20261009T050259/w6/results/w6_joint_representative_V2_02_medium_GV_G1_V4_20261009T053306_a1c9e0ba,joint_representative,0.12990264420365463,0.10774202706497964,,,-0.004281901328673232,,w6_joint_representative_V2_02_medium_GV_G1_V4_20261009T053306_a1c9e0ba,2252,V2_02_medium,VALID_FULL_MATCHED,8.049116928532385e-16,0.10307911968278985,"{'requested_opencv_threads': 1, 'actual_opencv_threads': 1}"
,1,5,0.05197139727495292,"{'errors': [], 'actual_G': 1606, 'actual_V': 1571, 'actual_L': 0, 'output_rows': 2266, 'camera_packets': 2348}",2252,0.05197139727495292,1.0,2266,0,,0.9938217122683142,,False,0.0,GV,/home/he/output/ltv_gv_independent_20261009T050259/w4/results/w4_joint_representative_V2_02_medium_GV_G1_V5_20261009T053350_947e7cb9,joint_representative,0.12990061617750467,0.10774332232017125,,,-0.007334834729777473,,w4_joint_representative_V2_02_medium_GV_G1_V5_20261009T053350_947e7cb9,2252,V2_02_medium,VALID_FULL_MATCHED,1.061650767297806e-15,0.10307431466388352,"{'requested_opencv_threads': 1, 'actual_opencv_threads': 1}"
,1,6,0.051970231012581504,"{'errors': [], 'actual_G': 1606, 'actual_V': 1571, 'actual_L': 0, 'output_rows': 2266, 'camera_packets': 2348}",2252,0.051970231012581504,1.0,2266,0,,0.9938217122683142,,False,0.0,GV,/home/he/output/ltv_gv_independent_20261009T050259/w7/results/w7_joint_representative_V2_02_medium_GV_G1_V6_20261009T053413_558650d1,joint_representative,0.12989967484496395,0.10774587566343967,,,-0.009578716728619874,,w7_joint_representative_V2_02_medium_GV_G1_V6_20261009T053413_558650d1,2252,V2_02_medium,VALID_FULL_MATCHED,4.579669976578771e-16,0.1030706210840037,"{'requested_opencv_threads': 1, 'actual_opencv_threads': 1}"
,1,8,0.052001229607252335,"{'errors': [], 'actual_G': 1606, 'actual_V': 1571, 'actual_L': 0, 'output_rows': 2266, 'camera_packets': 2348}",2252,0.052001229607252335,1.0,2266,0,,0.9938217122683142,,False,0.0,GV,/home/he/output/ltv_gv_independent_20261009T050259/w6/results/w6_joint_representative_V2_02_medium_GV_G1_V8_20261009T053441_1e3d5669,joint_representative,0.13009856758348326,0.10793174382678618,,,0.05006239857785477,,w6_joint_representative_V2_02_medium_GV_G1_V8_20261009T053441_1e3d5669,2252,V2_02_medium,VALID_FULL_MATCHED,5.551115123125783e-17,0.10320227099021312,"{'requested_opencv_threads': 1, 'actual_opencv_threads': 1}"
,2,1,0.051980122308021105,"{'errors': [], 'actual_G': 1606, 'actual_V': 1571, 'actual_L': 0, 'output_rows': 2266, 'camera_packets': 2348}",2252,0.051980122308021105,1.0,2266,0,,0.9938217122683142,,False,0.0,GV,/home/he/output/ltv_gv_independent_20261009T050259/w2/results/w2_joint_representative_V2_02_medium_GV_G2_V1_20261009T053505_c077f5aa,joint_representative,0.1299071073238196,0.10774035273852385,,,0.00945207799314396,,w2_joint_representative_V2_02_medium_GV_G2_V1_20261009T053505_c077f5aa,2252,V2_02_medium,VALID_FULL_MATCHED,5.551115123125783e-16,0.10309446850614266,"{'requested_opencv_threads': 1, 'actual_opencv_threads': 1}"
2,2,2,0.05197872404860649,"{'errors': [], 'actual_G': 1606, 'actual_V': 1571, 'actual_L': 0, 'output_rows': 2266, 'camera_packets': 2348}",2252,0.05197872404860649,1.0,2266,0,"{'G_reason:disabled': 82, 'V_reason:disabled': 82, 'G_reason:warmup_or_core_invalid': 140, 'V_reason:warmup_or_core_invalid': 140, 'G_reason:not_ready_G': 520, 'V_reason:not_ready_V': 555, 'G_reason:accepted': 1606, 'V_reason:accepted': 1571}",0.9938217122683142,8e6c44b0a9f793f9e61d5dd37ff533d79b58c5f6354f87d41d521eb4a0db24b3,True,0.0,GV,/tmp/ltv_gain_scan_20261009/w2/results/w2_full_V2_02_medium_GV_2_20261009T024038_68a1f1e3,,0.1299055411978103,0.10774240916508378,,,0.006761835036628305,0.0033139071573540235,w2_full_V2_02_medium_GV_2_20261009T024038_68a1f1e3,2252,V2_02_medium,VALID_FULL_MATCHED,1.0408340855860843e-16,0.10309001640641681,"{'actual_opencv_threads': 4, 'verification': 'inferred from frozen num_opencv_threads=4 and original VioManager constructor; post-construction metadata was absent', 'cpu_affinity_per_worker': 4}"
,2,3,0.051977502245096535,"{'errors': [], 'actual_G': 1606, 'actual_V': 1571, 'actual_L': 0, 'output_rows': 2266, 'camera_packets': 2348}",2252,0.051977502245096535,1.0,2266,0,,0.9938217122683142,,False,0.0,GV,/home/he/output/ltv_gv_independent_20261009T050259/w4/results/w4_joint_representative_V2_02_medium_GV_G2_V3_20261009T053534_a4440760,joint_representative,0.12990425435528052,0.1077448140318181,,,0.004411092211253909,,w4_joint_representative_V2_02_medium_GV_G2_V3_20261009T053534_a4440760,2252,V2_02_medium,VALID_FULL_MATCHED,2.914335439641036e-16,0.10308631660361185,"{'requested_opencv_threads': 1, 'actual_opencv_threads': 1}"
,2,4,0.05197649340713342,"{'errors': [], 'actual_G': 1606, 'actual_V': 1571, 'actual_L': 0, 'output_rows': 2266, 'camera_packets': 2348}",2252,0.05197649340713342,1.0,2266,0,,0.9938217122683142,,False,0.0,GV,/home/he/output/ltv_gv_independent_20261009T050259/w1/results/w1_joint_representative_V2_02_medium_GV_G2_V4_20261009T053549_1ce33749,joint_representative,0.12990398575724463,0.10774798573562748,,,0.0024700938555888285,,w1_joint_representative_V2_02_medium_GV_G2_V4_20261009T053549_1ce33749,2252,V2_02_medium,VALID_FULL_MATCHED,5.134781488891349e-16,0.10308302078736262,"{'requested_opencv_threads': 1, 'actual_opencv_threads': 1}"
,2,5,0.05197446220004391,"{'errors': [], 'actual_G': 1606, 'actual_V': 1571, 'actual_L': 0, 'output_rows': 2266, 'camera_packets': 2348}",2252,0.05197446220004391,1.0,2266,0,,0.9938217122683142,,False,0.0,GV,/home/he/output/ltv_gv_independent_20261009T050259/w6/results/w6_joint_representative_V2_02_medium_GV_G2_V5_20261009T053617_ca5010fc,joint_representative,0.12990084923009032,0.1077480921745497,,,-0.0014379367349270922,,w6_joint_representative_V2_02_medium_GV_G2_V5_20261009T053617_ca5010fc,2252,V2_02_medium,VALID_FULL_MATCHED,7.008282842946301e-16,0.10307683072243123,"{'requested_opencv_threads': 1, 'actual_opencv_threads': 1}"
,2,6,0.05197337097277166,"{'errors': [], 'actual_G': 1606, 'actual_V': 1571, 'actual_L': 0, 'output_rows': 2266, 'camera_packets': 2348}",2252,0.05197337097277166,1.0,2266,0,,0.9938217122683142,,False,0.0,GV,/home/he/output/ltv_gv_independent_20261009T050259/w0/results/w0_joint_representative_V2_02_medium_GV_G2_V6_20261009T053641_f6ef0f33,joint_representative,0.12989990105871196,0.1077505086014676,,,-0.0035374516407116197,,w0_joint_representative_V2_02_medium_GV_G2_V6_20261009T053641_f6ef0f33,2252,V2_02_medium,VALID_FULL_MATCHED,2.7755575615628914e-17,0.10307313621037609,"{'requested_opencv_threads': 1, 'actual_opencv_threads': 1}"
,2,8,0.052004782404817165,"{'errors': [], 'actual_G': 1606, 'actual_V': 1571, 'actual_L': 0, 'output_rows': 2266, 'camera_packets': 2348}",2252,0.052004782404817165,1.0,2266,0,,0.9938217122683142,,False,0.0,GV,/home/he/output/ltv_gv_independent_20261009T050259/w5/results/w5_joint_representative_V2_02_medium_GV_G2_V8_20261009T053704_d9eb1093,joint_representative,0.1301005990908674,0.10793804012152668,,,0.05689796036620898,,w5_joint_representative_V2_02_medium_GV_G2_V8_20261009T053704_d9eb1093,2252,V2_02_medium,VALID_FULL_MATCHED,1.1032841307212493e-15,0.1032064821373731,"{'requested_opencv_threads': 1, 'actual_opencv_threads': 1}"
,3,1,0.05198388624719541,"{'errors': [], 'actual_G': 1606, 'actual_V': 1571, 'actual_L': 0, 'output_rows': 2266, 'camera_packets': 2348}",2252,0.05198388624719541,1.0,2266,0,,0.9938217122683142,,False,0.0,GV,/home/he/output/ltv_gv_independent_20261009T050259/w0/results/w0_joint_representative_V2_02_medium_GV_G3_V1_20261009T053742_c68996c0,joint_representative,0.12991019128119397,0.10774774553410564,,,0.01669387500637942,,w0_joint_representative_V2_02_medium_GV_G3_V1_20261009T053742_c68996c0,2252,V2_02_medium,VALID_FULL_MATCHED,4.649058915617843e-16,0.1030994253898444,"{'requested_opencv_threads': 1, 'actual_opencv_threads': 1}"
,3,2,0.05198198345654303,"{'errors': [], 'actual_G': 1606, 'actual_V': 1571, 'actual_L': 0, 'output_rows': 2266, 'camera_packets': 2348}",2252,0.05198198345654303,1.0,2266,0,,0.9938217122683142,,False,0.0,GV,/home/he/output/ltv_gv_independent_20261009T050259/w6/results/w6_joint_representative_V2_02_medium_GV_G3_V2_20261009T053753_a9d62348,joint_representative,0.1299068753960505,0.1077479515190258,,,0.013032916891719815,,w6_joint_representative_V2_02_medium_GV_G3_V2_20261009T053753_a9d62348,2252,V2_02_medium,VALID_FULL_MATCHED,1.249000902703301e-16,0.1030935392863308,"{'requested_opencv_threads': 1, 'actual_opencv_threads': 1}"
,3,3,0.05198093218725689,"{'errors': [], 'actual_G': 1606, 'actual_V': 1571, 'actual_L': 0, 'output_rows': 2266, 'camera_packets': 2348}",2252,0.05198093218725689,1.0,2266,0,,0.9938217122683142,,False,0.0,GV,/home/he/output/ltv_gv_independent_20261009T050259/w3/results/w3_joint_representative_V2_02_medium_GV_G3_V3_20261009T053808_36d53cf1,joint_representative,0.1299052406910798,0.10775023130394946,,,0.01101028091810008,,w3_joint_representative_V2_02_medium_GV_G3_V3_20261009T053808_36d53cf1,2252,V2_02_medium,VALID_FULL_MATCHED,1.734723475976807e-16,0.10308964009082999,"{'requested_opencv_threads': 1, 'actual_opencv_threads': 1}"
,3,4,0.05197937835185849,"{'errors': [], 'actual_G': 1606, 'actual_V': 1571, 'actual_L': 0, 'output_rows': 2266, 'camera_packets': 2348}",2252,0.05197937835185849,1.0,2266,0,,0.9938217122683142,,False,0.0,GV,/home/he/output/ltv_gv_independent_20261009T050259/w2/results/w2_joint_representative_V2_02_medium_GV_G3_V4_20261009T053849_04997b48,joint_representative,0.1299037714508912,0.10775192963352777,,,0.008020710676381881,,w2_joint_representative_V2_02_medium_GV_G3_V4_20261009T053849_04997b48,2252,V2_02_medium,VALID_FULL_MATCHED,4.163336342344337e-16,0.10308497799835954,"{'requested_opencv_threads': 1, 'actual_opencv_threads': 1}"
,3,5,0.051978239530435406,"{'errors': [], 'actual_G': 1606, 'actual_V': 1571, 'actual_L': 0, 'output_rows': 2266, 'camera_packets': 2348}",2252,0.051978239530435406,1.0,2266,0,,0.9938217122683142,,False,0.0,GV,/home/he/output/ltv_gv_independent_20261009T050259/w3/results/w3_joint_representative_V2_02_medium_GV_G3_V5_20261009T053908_2a9249ef,joint_representative,0.12990355716900182,0.10775551221551365,,,0.005829624902053965,,w3_joint_representative_V2_02_medium_GV_G3_V5_20261009T053908_2a9249ef,2252,V2_02_medium,VALID_FULL_MATCHED,6.938893903907228e-18,0.10308181752135226,"{'requested_opencv_threads': 1, 'actual_opencv_threads': 1}"
,3,6,0.051976698438378856,"{'errors': [], 'actual_G': 1606, 'actual_V': 1571, 'actual_L': 0, 'output_rows': 2266, 'camera_packets': 2348}",2252,0.051976698438378856,1.0,2266,0,,0.9938217122683142,,False,0.0,GV,/home/he/output/ltv_gv_independent_20261009T050259/w6/results/w6_joint_representative_V2_02_medium_GV_G3_V6_20261009T053928_23663556,joint_representative,0.1299006970331092,0.1077561313675586,,,0.0028645727756959616,,w6_joint_representative_V2_02_medium_GV_G3_V6_20261009T053928_23663556,2252,V2_02_medium,VALID_FULL_MATCHED,1.3183898417423734e-16,0.1030765853569241,"{'requested_opencv_threads': 1, 'actual_opencv_threads': 1}"
,3,8,0.052008027684555244,"{'errors': [], 'actual_G': 1606, 'actual_V': 1571, 'actual_L': 0, 'output_rows': 2266, 'camera_packets': 2348}",2252,0.052008027684555244,1.0,2266,0,,0.9938217122683142,,False,0.0,GV,/home/he/output/ltv_gv_independent_20261009T050259/w5/results/w5_joint_representative_V2_02_medium_GV_G3_V8_20261009T054004_7612a300,joint_representative,0.13010148476220096,0.10794349639922907,,,0.0631418596499067,,w5_joint_representative_V2_02_medium_GV_G3_V8_20261009T054004_7612a300,2252,V2_02_medium,VALID_FULL_MATCHED,2.706168622523819e-16,0.10320957683428382,"{'requested_opencv_threads': 1, 'actual_opencv_threads': 1}"
,4,1,0.05207555155034646,"{'errors': [], 'actual_G': 1606, 'actual_V': 1571, 'actual_L': 0, 'output_rows': 2266, 'camera_packets': 2348}",2252,0.05207555155034646,1.0,2266,0,,0.9938217122683142,,False,0.0,GV,/home/he/output/ltv_gv_independent_20261009T050259/w4/results/w4_joint_representative_V2_02_medium_GV_G4_V1_20261009T054022_67e1e2fe,joint_representative,0.13007133014237135,0.10790464980870072,,,0.19305738351018675,,w4_joint_representative_V2_02_medium_GV_G4_V1_20261009T054022_67e1e2fe,2252,V2_02_medium,VALID_FULL_MATCHED,1.0200174038743626e-15,0.10323518487197962,"{'requested_opencv_threads': 1, 'actual_opencv_threads': 1}"
,4,2,0.05207448658204319,"{'errors': [], 'actual_G': 1606, 'actual_V': 1571, 'actual_L': 0, 'output_rows': 2266, 'camera_packets': 2348}",2252,0.05207448658204319,1.0,2266,0,,0.9938217122683142,,False,0.0,GV,/home/he/output/ltv_gv_independent_20261009T050259/w1/results/w1_joint_representative_V2_02_medium_GV_G4_V2_20261009T054048_120bdf8e,joint_representative,0.13007046063736322,0.10790740982985196,,,0.1910083907075144,,w1_joint_representative_V2_02_medium_GV_G4_V2_20261009T054048_120bdf8e,2252,V2_02_medium,VALID_FULL_MATCHED,3.7470027081099033e-16,0.10323166549909987,"{'requested_opencv_threads': 1, 'actual_opencv_threads': 1}"
,4,3,0.05207328882294458,"{'errors': [], 'actual_G': 1606, 'actual_V': 1571, 'actual_L': 0, 'output_rows': 2266, 'camera_packets': 2348}",2252,0.05207328882294458,1.0,2266,0,,0.9938217122683142,,False,0.0,GV,/home/he/output/ltv_gv_independent_20261009T050259/w2/results/w2_joint_representative_V2_02_medium_GV_G4_V3_20261009T054116_fd6c94e5,joint_representative,0.1300697376677357,0.1079103004015247,,,0.1887039091893028,,w2_joint_representative_V2_02_medium_GV_G4_V3_20261009T054116_fd6c94e5,2252,V2_02_medium,VALID_FULL_MATCHED,6.869504964868156e-16,0.10322808319399576,"{'requested_opencv_threads': 1, 'actual_opencv_threads': 1}"
4,4,4,0.05198262589499122,"{'errors': [], 'actual_G': 1606, 'actual_V': 1571, 'actual_L': 0, 'output_rows': 2266, 'camera_packets': 2348}",2252,0.05198262589499122,1.0,2266,0,"{'G_reason:disabled': 82, 'V_reason:disabled': 82, 'G_reason:warmup_or_core_invalid': 140, 'V_reason:warmup_or_core_invalid': 140, 'G_reason:not_ready_G': 520, 'V_reason:not_ready_V': 555, 'G_reason:accepted': 1606, 'V_reason:accepted': 1571}",0.9938217122683142,8e6c44b0a9f793f9e61d5dd37ff533d79b58c5f6354f87d41d521eb4a0db24b3,True,0.0,GV,/tmp/ltv_gain_scan_20261009/w2/results/w2_full_V2_02_medium_GV_4_20261009T025226_b82589d7,,0.129905067117012,0.1077578484736023,,,0.014268964718167076,0.010820778015996346,w2_full_V2_02_medium_GV_4_20261009T025226_b82589d7,2252,V2_02_medium,VALID_FULL_MATCHED,2.220446049250313e-16,0.1030887398041109,"{'actual_opencv_threads': 4, 'verification': 'inferred from frozen num_opencv_threads=4 and original VioManager constructor; post-construction metadata was absent', 'cpu_affinity_per_worker': 4}"
,4,5,0.05207043066659634,"{'errors': [], 'actual_G': 1606, 'actual_V': 1571, 'actual_L': 0, 'output_rows': 2266, 'camera_packets': 2348}",2252,0.05207043066659634,1.0,2266,0,,0.9938217122683142,,False,0.0,GV,/home/he/output/ltv_gv_independent_20261009T050259/w1/results/w1_joint_representative_V2_02_medium_GV_G4_V5_20261009T054149_04067a38,joint_representative,0.13006619297567965,0.10791388127321488,,,0.18320483304925528,,w1_joint_representative_V2_02_medium_GV_G4_V5_20261009T054149_04067a38,2252,V2_02_medium,VALID_FULL_MATCHED,5.759281940243e-16,0.10321903799309656,"{'requested_opencv_threads': 1, 'actual_opencv_threads': 1}"
,4,6,0.05206865975934426,"{'errors': [], 'actual_G': 1606, 'actual_V': 1571, 'actual_L': 0, 'output_rows': 2266, 'camera_packets': 2348}",2252,0.05206865975934426,1.0,2266,0,,0.9938217122683142,,False,0.0,GV,/home/he/output/ltv_gv_independent_20261009T050259/w4/results/w4_joint_representative_V2_02_medium_GV_G4_V6_20261009T054206_43f13f3e,joint_representative,0.13006337465432644,0.1079143847976206,,,0.1797976178274041,,w4_joint_representative_V2_02_medium_GV_G4_V6_20261009T054206_43f13f3e,2252,V2_02_medium,VALID_FULL_MATCHED,4.0939474033052647e-16,0.10321341982093847,"{'requested_opencv_threads': 1, 'actual_opencv_threads': 1}"
,4,8,0.052099932516380155,"{'errors': [], 'actual_G': 1606, 'actual_V': 1571, 'actual_L': 0, 'output_rows': 2266, 'camera_packets': 2348}",2252,0.052099932516380155,1.0,2266,0,,0.9938217122683142,,False,0.0,GV,/home/he/output/ltv_gv_independent_20261009T050259/w5/results/w5_joint_representative_V2_02_medium_GV_G4_V8_20261009T054221_da94ac59,joint_representative,0.1302634490184929,0.10809876849887821,,,0.23996621992485867,,w5_joint_representative_V2_02_medium_GV_G4_V8_20261009T054221_da94ac59,2252,V2_02_medium,VALID_FULL_MATCHED,4.579669976578771e-16,0.10334613978663258,"{'requested_opencv_threads': 1, 'actual_opencv_threads': 1}"
,5,1,0.05207939714263768,"{'errors': [], 'actual_G': 1606, 'actual_V': 1571, 'actual_L': 0, 'output_rows': 2266, 'camera_packets': 2348}",2252,0.05207939714263768,1.0,2266,0,,0.9938217122683142,,False,0.0,GV,/home/he/output/ltv_gv_independent_20261009T050259/w1/results/w1_joint_representative_V2_02_medium_GV_G5_V1_20261009T054249_54254817,joint_representative,0.13007324733221468,0.10791146924622698,,,0.20045628064400134,,w1_joint_representative_V2_02_medium_GV_G5_V1_20261009T054249_54254817,2252,V2_02_medium,VALID_FULL_MATCHED,4.2327252813834093e-16,0.10323969800568492,"{'requested_opencv_threads': 1, 'actual_opencv_threads': 1}"
,5,2,0.05207779926778997,"{'errors': [], 'actual_G': 1606, 'actual_V': 1571, 'actual_L': 0, 'output_rows': 2266, 'camera_packets': 2348}",2252,0.05207779926778997,1.0,2266,0,,0.9938217122683142,,False,0.0,GV,/home/he/output/ltv_gv_independent_20261009T050259/w5/results/w5_joint_representative_V2_02_medium_GV_G5_V2_20261009T054321_47c881eb,joint_representative,0.13007140109364435,0.1079129938811046,,,0.197381978758715,,w5_joint_representative_V2_02_medium_GV_G5_V2_20261009T054321_47c881eb,2252,V2_02_medium,VALID_FULL_MATCHED,9.853229343548264e-16,0.10323497183905438,"{'requested_opencv_threads': 1, 'actual_opencv_threads': 1}"
,5,3,0.05207638025637108,"{'errors': [], 'actual_G': 1606, 'actual_V': 1571, 'actual_L': 0, 'output_rows': 2266, 'camera_packets': 2348}",2252,0.05207638025637108,1.0,2266,0,,0.9938217122683142,,False,0.0,GV,/home/he/output/ltv_gv_independent_20261009T050259/w4/results/w4_joint_representative_V2_02_medium_GV_G5_V3_20261009T054349_02b2b833,joint_representative,0.13006944090733066,0.10791468120134992,,,0.19465180906703683,,w4_joint_representative_V2_02_medium_GV_G5_V3_20261009T054349_02b2b833,2252,V2_02_medium,VALID_FULL_MATCHED,2.1510571102112408e-16,0.1032304459620553,"{'requested_opencv_threads': 1, 'actual_opencv_threads': 1}"
,5,4,0.05207481088515745,"{'errors': [], 'actual_G': 1606, 'actual_V': 1571, 'actual_L': 0, 'output_rows': 2266, 'camera_packets': 2348}",2252,0.05207481088515745,1.0,2266,0,,0.9938217122683142,,False,0.0,GV,/home/he/output/ltv_gv_independent_20261009T050259/w7/results/w7_joint_representative_V2_02_medium_GV_G5_V4_20261009T054404_0695b131,joint_representative,0.13006680072434645,0.10791569862053935,,,0.19163234800743112,,w7_joint_representative_V2_02_medium_GV_G5_V4_20261009T054404_0695b131,2252,V2_02_medium,VALID_FULL_MATCHED,5.412337245047638e-16,0.1032253844738289,"{'requested_opencv_threads': 1, 'actual_opencv_threads': 1}"
,5,5,0.05207363518388865,"{'errors': [], 'actual_G': 1606, 'actual_V': 1571, 'actual_L': 0, 'output_rows': 2266, 'camera_packets': 2348}",2252,0.05207363518388865,1.0,2266,0,,0.9938217122683142,,False,0.0,GV,/home/he/output/ltv_gv_independent_20261009T050259/w1/results/w1_joint_representative_V2_02_medium_GV_G5_V5_20261009T054433_f1194412,joint_representative,0.13006671181170323,0.10791917202703113,,,0.1893703056250695,,w1_joint_representative_V2_02_medium_GV_G5_V5_20261009T054433_f1194412,2252,V2_02_medium,VALID_FULL_MATCHED,1.0200174038743626e-15,0.10322199853666308,"{'requested_opencv_threads': 1, 'actual_opencv_threads': 1}"
,5,6,0.0520720930680504,"{'errors': [], 'actual_G': 1606, 'actual_V': 1571, 'actual_L': 0, 'output_rows': 2266, 'camera_packets': 2348}",2252,0.0520720930680504,1.0,2266,0,,0.9938217122683142,,False,0.0,GV,/home/he/output/ltv_gv_independent_20261009T050259/w4/results/w4_joint_representative_V2_02_medium_GV_G5_V6_20261009T054450_0f4e6dbf,joint_representative,0.13006432077719618,0.1079199389587659,,,0.18640328374870396,,w4_joint_representative_V2_02_medium_GV_G5_V6_20261009T054450_0f4e6dbf,2252,V2_02_medium,VALID_FULL_MATCHED,6.730727086790012e-16,0.1032169628315185,"{'requested_opencv_threads': 1, 'actual_opencv_threads': 1}"
,5,8,0.052103609737298405,"{'errors': [], 'actual_G': 1606, 'actual_V': 1571, 'actual_L': 0, 'output_rows': 2266, 'camera_packets': 2348}",2252,0.052103609737298405,1.0,2266,0,,0.9938217122683142,,False,0.0,GV,/home/he/output/ltv_gv_independent_20261009T050259/w2/results/w2_joint_representative_V2_02_medium_GV_G5_V8_20261009T054531_1d546c86,joint_representative,0.1302653499659644,0.10810502768294566,,,0.24704117151932437,,w2_joint_representative_V2_02_medium_GV_G5_V8_20261009T054531_1d546c86,2252,V2_02_medium,VALID_FULL_MATCHED,1.0408340855860843e-15,0.10335043671513856,"{'requested_opencv_threads': 1, 'actual_opencv_threads': 1}"
,6,1,0.05208245700401803,"{'errors': [], 'actual_G': 1606, 'actual_V': 1571, 'actual_L': 0, 'output_rows': 2266, 'camera_packets': 2348}",2252,0.05208245700401803,1.0,2266,0,,0.9938217122683142,,False,0.0,GV,/home/he/output/ltv_gv_independent_20261009T050259/w7/results/w7_joint_representative_V2_02_medium_GV_G6_V1_20261009T054539_ef7f66c3,joint_representative,0.13007338513807326,0.10791610436720458,,,0.2063434360890959,,w7_joint_representative_V2_02_medium_GV_G6_V1_20261009T054539_ef7f66c3,2252,V2_02_medium,VALID_FULL_MATCHED,1.3877787807814457e-17,0.10324218472749941,"{'requested_opencv_threads': 1, 'actual_opencv_threads': 1}"
,6,2,0.0520811695019823,"{'errors': [], 'actual_G': 1606, 'actual_V': 1571, 'actual_L': 0, 'output_rows': 2266, 'camera_packets': 2348}",2252,0.0520811695019823,1.0,2266,0,,0.9938217122683142,,False,0.0,GV,/home/he/output/ltv_gv_independent_20261009T050259/w3/results/w3_joint_representative_V2_02_medium_GV_G6_V2_20261009T054605_a0cc3c69,joint_representative,0.13007225347089924,0.10791831412680952,,,0.2038662896834076,,w3_joint_representative_V2_02_medium_GV_G6_V2_20261009T054605_a0cc3c69,2252,V2_02_medium,VALID_FULL_MATCHED,0.0,0.10323819126186601,"{'requested_opencv_threads': 1, 'actual_opencv_threads': 1}"
,6,3,0.05207992531995769,"{'errors': [], 'actual_G': 1606, 'actual_V': 1571, 'actual_L': 0, 'output_rows': 2266, 'camera_packets': 2348}",2252,0.05207992531995769,1.0,2266,0,,0.9938217122683142,,False,0.0,GV,/home/he/output/ltv_gv_independent_20261009T050259/w4/results/w4_joint_representative_V2_02_medium_GV_G6_V3_20261009T054634_7013acc9,joint_representative,0.13007104088784455,0.10792076681256665,,,0.2014724907263954,,w4_joint_representative_V2_02_medium_GV_G6_V3_20261009T054634_7013acc9,2252,V2_02_medium,VALID_FULL_MATCHED,5.204170427930421e-16,0.10323424625774252,"{'requested_opencv_threads': 1, 'actual_opencv_threads': 1}"
,6,4,0.052078681735136266,"{'errors': [], 'actual_G': 1606, 'actual_V': 1571, 'actual_L': 0, 'output_rows': 2266, 'camera_packets': 2348}",2252,0.052078681735136266,1.0,2266,0,,0.9938217122683142,,False,0.0,GV,/home/he/output/ltv_gv_independent_20261009T050259/w3/results/w3_joint_representative_V2_02_medium_GV_G6_V4_20261009T054706_3ad3f6b7,joint_representative,0.1300701644389971,0.10792362183763604,,,0.19907984078482155,,w3_joint_representative_V2_02_medium_GV_G6_V4_20261009T054706_3ad3f6b7,2252,V2_02_medium,VALID_FULL_MATCHED,6.938893903907228e-16,0.10323056366222062,"{'requested_opencv_threads': 1, 'actual_opencv_threads': 1}"
,6,5,0.052076761414165416,"{'errors': [], 'actual_G': 1606, 'actual_V': 1571, 'actual_L': 0, 'output_rows': 2266, 'camera_packets': 2348}",2252,0.052076761414165416,1.0,2266,0,,0.9938217122683142,,False,0.0,GV,/home/he/output/ltv_gv_independent_20261009T050259/w6/results/w6_joint_representative_V2_02_medium_GV_G6_V5_20261009T054717_a17a50d0,joint_representative,0.13006597148274504,0.10792268197544633,,,0.19538515443973115,,w6_joint_representative_V2_02_medium_GV_G6_V5_20261009T054717_a17a50d0,2252,V2_02_medium,VALID_FULL_MATCHED,1.1102230246251565e-16,0.10322396153845032,"{'requested_opencv_threads': 1, 'actual_opencv_threads': 1}"
,6,6,0.052075820142726964,"{'errors': [], 'actual_G': 1606, 'actual_V': 1571, 'actual_L': 0, 'output_rows': 2266, 'camera_packets': 2348}",2252,0.052075820142726964,1.0,2266,0,,0.9938217122683142,,False,0.0,GV,/home/he/output/ltv_gv_independent_20261009T050259/w2/results/w2_joint_representative_V2_02_medium_GV_G6_V6_20261009T054747_4137564a,joint_representative,0.13006644318549063,0.10792662485747925,,,0.1935741536833513,,w2_joint_representative_V2_02_medium_GV_G6_V6_20261009T054747_4137564a,2252,V2_02_medium,VALID_FULL_MATCHED,5.898059818321144e-16,0.10322145212698078,"{'requested_opencv_threads': 1, 'actual_opencv_threads': 1}"
,6,8,0.052107040765633265,"{'errors': [], 'actual_G': 1606, 'actual_V': 1571, 'actual_L': 0, 'output_rows': 2266, 'camera_packets': 2348}",2252,0.052107040765633265,1.0,2266,0,,0.9938217122683142,,False,0.0,GV,/home/he/output/ltv_gv_independent_20261009T050259/w1/results/w1_joint_representative_V2_02_medium_GV_G6_V8_20261009T054816_78515ed0,joint_representative,0.13026629502528478,0.10811061688982554,,,0.25364245001959773,,w1_joint_representative_V2_02_medium_GV_G6_V8_20261009T054816_78515ed0,2252,V2_02_medium,VALID_FULL_MATCHED,1.033895191682177e-15,0.10335385104051656,"{'requested_opencv_threads': 1, 'actual_opencv_threads': 1}"
,8,1,0.05201807442162364,"{'errors': [], 'actual_G': 1606, 'actual_V': 1571, 'actual_L': 0, 'output_rows': 2266, 'camera_packets': 2348}",2252,0.05201807442162364,1.0,2266,0,,0.9938217122683142,,False,0.0,GV,/home/he/output/ltv_gv_independent_20261009T050259/w2/results/w2_joint_representative_V2_02_medium_GV_G8_V1_20261009T054848_16429d24,joint_representative,0.1301603663705399,0.10806315173219165,,,0.08247172315865026,,w2_joint_representative_V2_02_medium_GV_G8_V1_20261009T054848_16429d24,2252,V2_02_medium,VALID_FULL_MATCHED,4.926614671774132e-16,0.1033633877645438,"{'requested_opencv_threads': 1, 'actual_opencv_threads': 1}"
,8,2,0.05201637080075779,"{'errors': [], 'actual_G': 1606, 'actual_V': 1571, 'actual_L': 0, 'output_rows': 2266, 'camera_packets': 2348}",2252,0.05201637080075779,1.0,2266,0,,0.9938217122683142,,False,0.0,GV,/home/he/output/ltv_gv_independent_20261009T050259/w4/results/w4_joint_representative_V2_02_medium_GV_G8_V2_20261009T054900_6b13e1e0,joint_representative,0.13015781555655861,0.10806433009322272,,,0.079193966551383,,w4_joint_representative_V2_02_medium_GV_G8_V2_20261009T054900_6b13e1e0,2252,V2_02_medium,VALID_FULL_MATCHED,5.828670879282072e-16,0.10335816751233144,"{'requested_opencv_threads': 1, 'actual_opencv_threads': 1}"
,8,3,0.052086253042973915,"{'errors': [], 'actual_G': 1606, 'actual_V': 1571, 'actual_L': 0, 'output_rows': 2266, 'camera_packets': 2348}",2252,0.052086253042973915,1.0,2266,0,,0.9938217122683142,,False,0.0,GV,/home/he/output/ltv_gv_independent_20261009T050259/w3/results/w3_joint_representative_V2_02_medium_GV_G8_V3_20261009T054922_78b4dcab,joint_representative,0.13007131355081156,0.10792984873903848,,,0.2136469928948337,,w3_joint_representative_V2_02_medium_GV_G8_V3_20261009T054922_78b4dcab,2252,V2_02_medium,VALID_FULL_MATCHED,6.245004513516506e-16,0.10323960918380495,"{'requested_opencv_threads': 1, 'actual_opencv_threads': 1}"
,8,4,0.0520852489508289,"{'errors': [], 'actual_G': 1606, 'actual_V': 1571, 'actual_L': 0, 'output_rows': 2266, 'camera_packets': 2348}",2252,0.0520852489508289,1.0,2266,0,,0.9938217122683142,,False,0.0,GV,/home/he/output/ltv_gv_independent_20261009T050259/w6/results/w6_joint_representative_V2_02_medium_GV_G8_V4_20261009T054958_4883dec8,joint_representative,0.13007133446385297,0.10793342078138213,,,0.21171512546551696,,w6_joint_representative_V2_02_medium_GV_G8_V4_20261009T054958_4883dec8,2252,V2_02_medium,VALID_FULL_MATCHED,4.0245584642661925e-16,0.10323647306197037,"{'requested_opencv_threads': 1, 'actual_opencv_threads': 1}"
,8,5,0.052083831831494565,"{'errors': [], 'actual_G': 1606, 'actual_V': 1571, 'actual_L': 0, 'output_rows': 2266, 'camera_packets': 2348}",2252,0.052083831831494565,1.0,2266,0,,0.9938217122683142,,False,0.0,GV,/home/he/output/ltv_gv_independent_20261009T050259/w7/results/w7_joint_representative_V2_02_medium_GV_G8_V5_20261009T055021_de0a23cf,joint_representative,0.13006979567669982,0.10793533670589976,,,0.20898859613347476,,w7_joint_representative_V2_02_medium_GV_G8_V5_20261009T055021_de0a23cf,2252,V2_02_medium,VALID_FULL_MATCHED,3.3306690738754696e-16,0.10323235807716703,"{'requested_opencv_threads': 1, 'actual_opencv_threads': 1}"
,8,6,0.05208243981873266,"{'errors': [], 'actual_G': 1606, 'actual_V': 1571, 'actual_L': 0, 'output_rows': 2266, 'camera_packets': 2348}",2252,0.05208243981873266,1.0,2266,0,,0.9938217122683142,,False,0.0,GV,/home/he/output/ltv_gv_independent_20261009T050259/w1/results/w1_joint_representative_V2_02_medium_GV_G8_V6_20261009T055033_afe5667c,joint_representative,0.13006789859278936,0.10793711197499446,,,0.2063103717003134,,w1_joint_representative_V2_02_medium_GV_G8_V6_20261009T055033_afe5667c,2252,V2_02_medium,VALID_FULL_MATCHED,1.6167622796103842e-15,0.10322776853622799,"{'requested_opencv_threads': 1, 'actual_opencv_threads': 1}"
,8,8,0.05211378401286084,"{'errors': [], 'actual_G': 1606, 'actual_V': 1571, 'actual_L': 0, 'output_rows': 2266, 'camera_packets': 2348}",2252,0.05211378401286084,1.0,2266,0,,0.9938217122683142,,False,0.0,GV,/home/he/output/ltv_gv_independent_20261009T050259/w0/results/w0_joint_representative_V2_02_medium_GV_G8_V8_20261009T055111_6a16c71d,joint_representative,0.13026882229117606,0.10812196534371726,,,0.2666164183465769,,w0_joint_representative_V2_02_medium_GV_G8_V8_20261009T055111_6a16c71d,2252,V2_02_medium,VALID_FULL_MATCHED,9.159339953157541e-16,0.10336100141293743,"{'requested_opencv_threads': 1, 'actual_opencv_threads': 1}"
1,0,0,0.05197520957067538,"{'errors': [], 'actual_G': 0, 'actual_V': 0, 'actual_L': 0, 'output_rows': 2266, 'camera_packets': 2348}",2252,0.05197520957067538,1.0,2266,0,,0.9938217122683142,8e6c44b0a9f793f9e61d5dd37ff533d79b58c5f6354f87d41d521eb4a0db24b3,True,0.0,OFF,/tmp/ltv_gain_scan_20261009/w0/results/w0_full_V2_02_medium_OFF_1_20261009T023612_b47de4b4,,0.12990836968481506,0.1077287942942116,,,0.0,0.0,w0_full_V2_02_medium_OFF_1_20261009T023612_b47de4b4,2252,V2_02_medium,VALID_FULL_MATCHED,2.0192181260370035e-15,0.10309312747018809,"{'actual_opencv_threads': 4, 'verification': 'inferred from frozen num_opencv_threads=4 and original VioManager constructor; post-construction metadata was absent', 'cpu_affinity_per_worker': 4}"
1,0,1,0.0519733342690273,"{'errors': [], 'actual_G': 0, 'actual_V': 1571, 'actual_L': 0, 'output_rows': 2266, 'camera_packets': 2348}",2252,0.0519733342690273,1.0,2266,0,"{'G_reason:disabled': 2348, 'V_reason:disabled': 82, 'V_reason:warmup_or_core_invalid': 140, 'V_reason:not_ready_V': 555, 'V_reason:accepted': 1571}",0.9938217122683142,8e6c44b0a9f793f9e61d5dd37ff533d79b58c5f6354f87d41d521eb4a0db24b3,True,0.0,V,/tmp/ltv_gain_scan_20261009/w1/results/w1_full_V2_02_medium_V_1_20261009T023630_423aff18,,0.12990383307867204,0.10772797692971145,,,-0.0036080694307383254,0.0,w1_full_V2_02_medium_V_1_20261009T023630_423aff18,2252,V2_02_medium,VALID_FULL_MATCHED,2.498001805406602e-16,0.10308658827812102,"{'actual_opencv_threads': 4, 'verification': 'inferred from frozen num_opencv_threads=4 and original VioManager constructor; post-construction metadata was absent', 'cpu_affinity_per_worker': 4}"
2,0,2,0.051972480062378194,"{'errors': [], 'actual_G': 0, 'actual_V': 1571, 'actual_L': 0, 'output_rows': 2266, 'camera_packets': 2348}",2252,0.051972480062378194,1.0,2266,0,"{'G_reason:disabled': 2348, 'V_reason:disabled': 82, 'V_reason:warmup_or_core_invalid': 140, 'V_reason:not_ready_V': 555, 'V_reason:accepted': 1571}",0.9938217122683142,8e6c44b0a9f793f9e61d5dd37ff533d79b58c5f6354f87d41d521eb4a0db24b3,True,0.0,V,/tmp/ltv_gain_scan_20261009/w1/results/w1_full_V2_02_medium_V_2_20261009T024038_c5788928,,0.12990532306043662,0.10773278107972471,,,-0.005251558040331172,-0.0016435479099463635,w1_full_V2_02_medium_V_2_20261009T024038_c5788928,2252,V2_02_medium,VALID_FULL_MATCHED,1.1449174941446927e-15,0.10308458528285572,"{'actual_opencv_threads': 4, 'verification': 'inferred from frozen num_opencv_threads=4 and original VioManager constructor; post-construction metadata was absent', 'cpu_affinity_per_worker': 4}"
,0,3,0.051971133484428486,"{'errors': [], 'actual_G': 0, 'actual_V': 1571, 'actual_L': 0, 'output_rows': 2266, 'camera_packets': 2348}",2252,0.051971133484428486,1.0,2266,0,,0.9938217122683142,,False,0.0,V,/home/he/output/ltv_gv_independent_20261009T050259/w2/results/w2_single_representative_V2_02_medium_V_G0_V3_20261009T050621_d06e6fda,single_representative,0.1299035752896513,0.1077348274427127,,,-0.007842366159882541,,w2_single_representative_V2_02_medium_V_G0_V3_20261009T050621_d06e6fda,2252,V2_02_medium,VALID_FULL_MATCHED,5.273559366969494e-16,0.10308028401046851,"{'requested_opencv_threads': 1, 'actual_opencv_threads': 1}"
4,0,4,0.051969886733903146,"{'errors': [], 'actual_G': 0, 'actual_V': 1571, 'actual_L': 0, 'output_rows': 2266, 'camera_packets': 2348}",2252,0.051969886733903146,1.0,2266,0,"{'G_reason:disabled': 2348, 'V_reason:disabled': 82, 'V_reason:warmup_or_core_invalid': 140, 'V_reason:not_ready_V': 555, 'V_reason:accepted': 1571}",0.9938217122683142,8e6c44b0a9f793f9e61d5dd37ff533d79b58c5f6354f87d41d521eb4a0db24b3,True,0.0,V,/tmp/ltv_gain_scan_20261009/w1/results/w1_full_V2_02_medium_V_4_20261009T025226_b11314dd,,0.12990244213916002,0.10773710240916792,,,-0.010241106897312946,-0.006633276799816734,w1_full_V2_02_medium_V_4_20261009T025226_b11314dd,2252,V2_02_medium,VALID_FULL_MATCHED,7.216449660063518e-16,0.103076281420377,"{'actual_opencv_threads': 4, 'verification': 'inferred from frozen num_opencv_threads=4 and original VioManager constructor; post-construction metadata was absent', 'cpu_affinity_per_worker': 4}"
,0,5,0.051968185433908375,"{'errors': [], 'actual_G': 0, 'actual_V': 1571, 'actual_L': 0, 'output_rows': 2266, 'camera_packets': 2348}",2252,0.051968185433908375,1.0,2266,0,,0.9938217122683142,,False,0.0,V,/home/he/output/ltv_gv_independent_20261009T050259/w3/results/w3_single_representative_V2_02_medium_V_G0_V5_20261009T050655_e5a6ec3f,single_representative,0.1298997043709686,0.10773818212457784,,,-0.01351439816218436,,w3_single_representative_V2_02_medium_V_G0_V5_20261009T050655_e5a6ec3f,2252,V2_02_medium,VALID_FULL_MATCHED,7.077671781985373e-16,0.10307116316744083,"{'requested_opencv_threads': 1, 'actual_opencv_threads': 1}"
,0,6,0.051967031691897196,"{'errors': [], 'actual_G': 0, 'actual_V': 1571, 'actual_L': 0, 'output_rows': 2266, 'camera_packets': 2348}",2252,0.051967031691897196,1.0,2266,0,,0.9938217122683142,,False,0.0,V,/home/he/output/ltv_gv_independent_20261009T050259/w1/results/w1_single_representative_V2_02_medium_V_G0_V6_20261009T050749_e36141aa,single_representative,0.12989890578841476,0.10774041413360295,,,-0.01573419106096763,,w1_single_representative_V2_02_medium_V_G0_V6_20261009T050749_e36141aa,2252,V2_02_medium,VALID_FULL_MATCHED,8.326672684688674e-17,0.10306723801238966,"{'requested_opencv_threads': 1, 'actual_opencv_threads': 1}"
,0,8,0.05199798446982393,"{'errors': [], 'actual_G': 0, 'actual_V': 1571, 'actual_L': 0, 'output_rows': 2266, 'camera_packets': 2348}",2252,0.05199798446982393,1.0,2266,0,,0.9938217122683142,,False,0.0,V,/home/he/output/ltv_gv_independent_20261009T050259/w2/results/w2_single_representative_V2_02_medium_V_G0_V8_20261009T050827_89b30074,single_representative,0.13009740540415018,0.10792601506169204,,,0.043818773097159536,,w2_single_representative_V2_02_medium_V_G0_V8_20261009T050827_89b30074,2252,V2_02_medium,VALID_FULL_MATCHED,6.938893903907228e-18,0.10319860027063565,"{'requested_opencv_threads': 1, 'actual_opencv_threads': 1}"
,0,10,0.05199476901800958,"{'errors': [], 'actual_G': 0, 'actual_V': 1571, 'actual_L': 0, 'output_rows': 2266, 'camera_packets': 2348}",2252,0.05199476901800958,1.0,2266,0,,0.9938217122683142,,False,0.0,V,/home/he/output/ltv_gv_independent_20261009T050259/w6/results/w6_extra_single_representative_V2_02_medium_V_G0_V10_20261009T065243_8a231800,extra_single_representative,0.13009192804897263,0.10792616867958,,,0.03763226256472407,,w6_extra_single_representative_V2_02_medium_V_G0_V10_20261009T065243_8a231800,2252,V2_02_medium,VALID_FULL_MATCHED,1.457167719820518e-16,0.10318812054504155,"{'requested_opencv_threads': 1, 'actual_opencv_threads': 1}"
,0,16,0.05198752710696383,"{'errors': [], 'actual_G': 0, 'actual_V': 1571, 'actual_L': 0, 'output_rows': 2266, 'camera_packets': 2348}",2252,0.05198752710696383,1.0,2266,0,,0.9938217122683142,,False,0.0,V,/home/he/output/ltv_gv_independent_20261009T050259/w4/results/w4_extra_single_representative_V2_02_medium_V_G0_V16_20261009T065329_dc167a78,extra_single_representative,0.13008659945082737,0.10793765672301629,,,0.023698867960697534,,w4_extra_single_representative_V2_02_medium_V_G0_V16_20261009T065329_dc167a78,2252,V2_02_medium,VALID_FULL_MATCHED,2.5673907444456745e-16,0.1031655681831585,"{'requested_opencv_threads': 1, 'actual_opencv_threads': 1}"
1,1,0,0.2072451406965429,"{'errors': [], 'actual_G': 706, 'actual_V': 0, 'actual_L': 0, 'output_rows': 1806, 'camera_packets': 1921}",1799,0.2072451406965429,1.0,1806,0,"{'G_reason:disabled': 115, 'V_reason:disabled': 1921, 'G_reason:warmup_or_core_invalid': 725, 'G_reason:not_ready_G': 375, 'G_reason:accepted': 706}",0.9961240310077519,8e6c44b0a9f793f9e61d5dd37ff533d79b58c5f6354f87d41d521eb4a0db24b3,True,0.0,G,/tmp/ltv_gain_scan_20261009/w1/results/w1_full_V2_03_difficult_G_1_20261009T023724_9c20d2a0,,0.4328232093915351,0.38820461897091907,,,-0.0879702515244829,0.0,w1_full_V2_03_difficult_G_1_20261009T023724_9c20d2a0,1799,V2_03_difficult,VALID_FULL_MATCHED,1.1657341758564144e-15,0.20275093705088937,"{'actual_opencv_threads': 4, 'verification': 'inferred from frozen num_opencv_threads=4 and original VioManager constructor; post-construction metadata was absent', 'cpu_affinity_per_worker': 4}"
2,2,0,0.20725301769315213,"{'errors': [], 'actual_G': 706, 'actual_V': 0, 'actual_L': 0, 'output_rows': 1806, 'camera_packets': 1921}",1799,0.20725301769315213,1.0,1806,0,"{'G_reason:disabled': 115, 'V_reason:disabled': 1921, 'G_reason:warmup_or_core_invalid': 725, 'G_reason:not_ready_G': 375, 'G_reason:accepted': 706}",0.9961240310077519,8e6c44b0a9f793f9e61d5dd37ff533d79b58c5f6354f87d41d521eb4a0db24b3,True,0.0,G,/tmp/ltv_gain_scan_20261009/w1/results/w1_full_V2_03_difficult_G_2_20261009T024132_f11a5686,,0.43280272652844975,0.3881895812353422,,,-0.08417278386417815,0.0038008112435150565,w1_full_V2_03_difficult_G_2_20261009T024132_f11a5686,1799,V2_03_difficult,VALID_FULL_MATCHED,6.38378239159465e-16,0.20276186371405694,"{'actual_opencv_threads': 4, 'verification': 'inferred from frozen num_opencv_threads=4 and original VioManager constructor; post-construction metadata was absent', 'cpu_affinity_per_worker': 4}"
,3,0,0.20726194598028522,"{'errors': [], 'actual_G': 706, 'actual_V': 0, 'actual_L': 0, 'output_rows': 1806, 'camera_packets': 1921}",1799,0.20726194598028522,1.0,1806,0,,0.9961240310077519,,False,0.0,G,/home/he/output/ltv_gv_independent_20261009T050259/w1/results/w1_single_representative_V2_03_difficult_G_G3_V0_20261009T050334_c14c5e05,single_representative,0.43278383201948123,0.38817625869205385,,,-0.0798684933672078,,w1_single_representative_V2_03_difficult_G_G3_V0_20261009T050334_c14c5e05,1799,V2_03_difficult,VALID_FULL_MATCHED,6.38378239159465e-16,0.2027751930151245,"{'requested_opencv_threads': 1, 'actual_opencv_threads': 1}"
4,4,0,0.20727079449535923,"{'errors': [], 'actual_G': 706, 'actual_V': 0, 'actual_L': 0, 'output_rows': 1806, 'camera_packets': 1921}",1799,0.20727079449535923,1.0,1806,0,"{'G_reason:disabled': 115, 'V_reason:disabled': 1921, 'G_reason:warmup_or_core_invalid': 725, 'G_reason:not_ready_G': 375, 'G_reason:accepted': 706}",0.9961240310077519,8e6c44b0a9f793f9e61d5dd37ff533d79b58c5f6354f87d41d521eb4a0db24b3,True,0.0,G,/tmp/ltv_gain_scan_20261009/w1/results/w1_full_V2_03_difficult_G_4_20261009T025321_3a1d0fbf,,0.432765376430231,0.38816312117336726,,,-0.07560266065174126,0.012378480252950297,w1_full_V2_03_difficult_G_4_20261009T025321_3a1d0fbf,1799,V2_03_difficult,VALID_FULL_MATCHED,2.7755575615628914e-17,0.2027871962155312,"{'actual_opencv_threads': 4, 'verification': 'inferred from frozen num_opencv_threads=4 and original VioManager constructor; post-construction metadata was absent', 'cpu_affinity_per_worker': 4}"
,5,0,0.20728511653230397,"{'errors': [], 'actual_G': 706, 'actual_V': 0, 'actual_L': 0, 'output_rows': 1806, 'camera_packets': 1921}",1799,0.20728511653230397,1.0,1806,0,,0.9961240310077519,,False,0.0,G,/home/he/output/ltv_gv_independent_20261009T050259/w1/results/w1_single_representative_V2_03_difficult_G_G5_V0_20261009T050414_20c4417b,single_representative,0.4327557684615932,0.3881583309833181,,,-0.0686980655598024,,w1_single_representative_V2_03_difficult_G_G5_V0_20261009T050414_20c4417b,1799,V2_03_difficult,VALID_FULL_MATCHED,4.440892098500626e-16,0.20280432613032343,"{'requested_opencv_threads': 1, 'actual_opencv_threads': 1}"
,6,0,0.20729365681182618,"{'errors': [], 'actual_G': 706, 'actual_V': 0, 'actual_L': 0, 'output_rows': 1806, 'camera_packets': 1921}",1799,0.20729365681182618,1.0,1806,0,,0.9961240310077519,,False,0.0,G,/home/he/output/ltv_gv_independent_20261009T050259/w1/results/w1_single_representative_V2_03_difficult_G_G6_V0_20261009T050454_bf4e557a,single_representative,0.4327365571670669,0.3881446239584359,,,-0.0645808319358121,,w1_single_representative_V2_03_difficult_G_G6_V0_20261009T050454_bf4e557a,1799,V2_03_difficult,VALID_FULL_MATCHED,1.2490009027033011e-15,0.202813475993028,"{'requested_opencv_threads': 1, 'actual_opencv_threads': 1}"
,8,0,0.20731007294275008,"{'errors': [], 'actual_G': 706, 'actual_V': 0, 'actual_L': 0, 'output_rows': 1806, 'camera_packets': 1921}",1799,0.20731007294275008,1.0,1806,0,,0.9961240310077519,,False,0.0,G,/home/he/output/ltv_gv_independent_20261009T050259/w2/results/w2_single_representative_V2_03_difficult_G_G8_V0_20261009T050541_324296c2,single_representative,0.4326969339546829,0.3881158434620394,,,-0.056666682751371766,,w2_single_representative_V2_03_difficult_G_G8_V0_20261009T050541_324296c2,1799,V2_03_difficult,VALID_FULL_MATCHED,1.3877787807814457e-16,0.2028373998921593,"{'requested_opencv_threads': 1, 'actual_opencv_threads': 1}"
,10,0,0.20732658840665433,"{'errors': [], 'actual_G': 706, 'actual_V': 0, 'actual_L': 0, 'output_rows': 1806, 'camera_packets': 1921}",1799,0.20732658840665433,1.0,1806,0,,0.9961240310077519,,False,0.0,G,/home/he/output/ltv_gv_independent_20261009T050259/w1/results/w1_extra_single_representative_V2_03_difficult_G_G10_V0_20261009T065243_a8e4137b,extra_single_representative,0.4326579255028193,0.38808779113239417,,,-0.0487046455457496,,w1_extra_single_representative_V2_03_difficult_G_G10_V0_20261009T065243_a8e4137b,1799,V2_03_difficult,VALID_FULL_MATCHED,3.608224830031759e-16,0.2028601338001176,"{'requested_opencv_threads': 1, 'actual_opencv_threads': 1}"
,16,0,0.20739300697111304,"{'errors': [], 'actual_G': 706, 'actual_V': 0, 'actual_L': 0, 'output_rows': 1806, 'camera_packets': 1921}",1799,0.20739300697111304,1.0,1806,0,,0.9961240310077519,,False,0.0,G,/home/he/output/ltv_gv_independent_20261009T050259/w4/results/w4_extra_single_representative_V2_03_difficult_G_G16_V0_20261009T065243_1c9f94d8,extra_single_representative,0.43261311136876746,0.38810243772731956,,,-0.0166845288581019,,w4_extra_single_representative_V2_03_difficult_G_G16_V0_20261009T065243_1c9f94d8,1799,V2_03_difficult,VALID_FULL_MATCHED,6.661338147750939e-16,0.20312369941791308,"{'requested_opencv_threads': 1, 'actual_opencv_threads': 1}"
1,1,1,0.2072436318718205,"{'errors': [], 'actual_G': 706, 'actual_V': 637, 'actual_L': 0, 'output_rows': 1806, 'camera_packets': 1921}",1799,0.2072436318718205,1.0,1806,0,"{'G_reason:disabled': 115, 'V_reason:disabled': 115, 'G_reason:warmup_or_core_invalid': 725, 'V_reason:warmup_or_core_invalid': 725, 'G_reason:not_ready_G': 375, 'V_reason:not_ready_V': 444, 'G_reason:accepted': 706, 'V_reason:accepted': 637}",0.9961240310077519,8e6c44b0a9f793f9e61d5dd37ff533d79b58c5f6354f87d41d521eb4a0db24b3,True,0.0,GV,/tmp/ltv_gain_scan_20261009/w3/results/w3_full_V2_03_difficult_GV_1_20261009T023754_09db26b0,,0.43279976844277696,0.38818659288278734,,,-0.08869764971602967,0.0,w3_full_V2_03_difficult_GV_1_20261009T023754_09db26b0,1799,V2_03_difficult,VALID_FULL_MATCHED,8.326672684688674e-17,0.20274327799407277,"{'actual_opencv_threads': 4, 'verification': 'inferred from frozen num_opencv_threads=4 and original VioManager constructor; post-construction metadata was absent', 'cpu_affinity_per_worker': 4}"
,1,2,0.20724254849572177,"{'errors': [], 'actual_G': 706, 'actual_V': 637, 'actual_L': 0, 'output_rows': 1806, 'camera_packets': 1921}",1799,0.20724254849572177,1.0,1806,0,,0.9961240310077519,,False,0.0,GV,/home/he/output/ltv_gv_independent_20261009T050259/w1/results/w1_joint_representative_V2_03_difficult_GV_G1_V2_20261009T053306_b1a966e3,joint_representative,0.43277787680795554,0.38816999996367463,,,-0.08921994087635055,,w1_joint_representative_V2_03_difficult_GV_G1_V2_20261009T053306_b1a966e3,1799,V2_03_difficult,VALID_FULL_MATCHED,1.3877787807814457e-15,0.20273755261677,"{'requested_opencv_threads': 1, 'actual_opencv_threads': 1}"
,1,3,0.20724068705456192,"{'errors': [], 'actual_G': 706, 'actual_V': 637, 'actual_L': 0, 'output_rows': 1806, 'camera_packets': 1921}",1799,0.20724068705456192,1.0,1806,0,,0.9961240310077519,,False,0.0,GV,/home/he/output/ltv_gv_independent_20261009T050259/w4/results/w4_joint_representative_V2_03_difficult_GV_G1_V3_20261009T053306_43bad574,joint_representative,0.43275355071748794,0.38815113602377327,,,-0.09011733400177135,,w4_joint_representative_V2_03_difficult_GV_G1_V3_20261009T053306_43bad574,1799,V2_03_difficult,VALID_FULL_MATCHED,2.220446049250313e-16,0.20272822857694991,"{'requested_opencv_threads': 1, 'actual_opencv_threads': 1}"
,1,4,0.20723950941125685,"{'errors': [], 'actual_G': 706, 'actual_V': 637, 'actual_L': 0, 'output_rows': 1806, 'camera_packets': 1921}",1799,0.20723950941125685,1.0,1806,0,,0.9961240310077519,,False,0.0,GV,/home/he/output/ltv_gv_independent_20261009T050259/w7/results/w7_joint_representative_V2_03_difficult_GV_G1_V4_20261009T053306_0ccb209e,joint_representative,0.4327318743806662,0.38813459483496904,,,-0.09068507099445622,,w7_joint_representative_V2_03_difficult_GV_G1_V4_20261009T053306_0ccb209e,1799,V2_03_difficult,VALID_FULL_MATCHED,6.661338147750939e-16,0.2027197814226414,"{'requested_opencv_threads': 1, 'actual_opencv_threads': 1}"
,1,5,0.2072383758260126,"{'errors': [], 'actual_G': 706, 'actual_V': 637, 'actual_L': 0, 'output_rows': 1806, 'camera_packets': 1921}",1799,0.2072383758260126,1.0,1806,0,,0.9961240310077519,,False,0.0,GV,/home/he/output/ltv_gv_independent_20261009T050259/w3/results/w3_joint_representative_V2_03_difficult_GV_G1_V5_20261009T053409_2cfb0c3d,joint_representative,0.4327097186643602,0.3881175556902112,,,-0.09123156777728347,,w3_joint_representative_V2_03_difficult_GV_G1_V5_20261009T053409_2cfb0c3d,1799,V2_03_difficult,VALID_FULL_MATCHED,1.3600232051658168e-15,0.20271038360534743,"{'requested_opencv_threads': 1, 'actual_opencv_threads': 1}"
,1,6,0.20723660293422494,"{'errors': [], 'actual_G': 706, 'actual_V': 637, 'actual_L': 0, 'output_rows': 1806, 'camera_packets': 1921}",1799,0.20723660293422494,1.0,1806,0,,0.9961240310077519,,False,0.0,GV,/home/he/output/ltv_gv_independent_20261009T050259/w2/results/w2_joint_representative_V2_03_difficult_GV_G1_V6_20261009T053422_35a18441,joint_representative,0.43268589076651925,0.3880990363978777,,,-0.09208627161465532,,w2_joint_representative_V2_03_difficult_GV_G1_V6_20261009T053422_35a18441,1799,V2_03_difficult,VALID_FULL_MATCHED,8.604228440844963e-16,0.20270364154425952,"{'requested_opencv_threads': 1, 'actual_opencv_threads': 1}"
,1,8,0.20723964987869217,"{'errors': [], 'actual_G': 706, 'actual_V': 637, 'actual_L': 0, 'output_rows': 1806, 'camera_packets': 1921}",1799,0.20723964987869217,1.0,1806,0,,0.9961240310077519,,False,0.0,GV,/home/he/output/ltv_gv_independent_20261009T050259/w4/results/w4_joint_representative_V2_03_difficult_GV_G1_V8_20261009T053451_824f98e3,joint_representative,0.4326495573010813,0.38807279670993267,,,-0.09061735222175571,,w4_joint_representative_V2_03_difficult_GV_G1_V8_20261009T053451_824f98e3,1799,V2_03_difficult,VALID_FULL_MATCHED,5.551115123125783e-17,0.20269361013144843,"{'requested_opencv_threads': 1, 'actual_opencv_threads': 1}"
,2,1,0.20725239126057082,"{'errors': [], 'actual_G': 706, 'actual_V': 637, 'actual_L': 0, 'output_rows': 1806, 'camera_packets': 1921}",1799,0.20725239126057082,1.0,1806,0,,0.9961240310077519,,False,0.0,GV,/home/he/output/ltv_gv_independent_20261009T050259/w1/results/w1_joint_representative_V2_03_difficult_GV_G2_V1_20261009T053506_972b71b2,joint_representative,0.43278070941655483,0.3881727157156331,,,-0.0844747844345628,,w1_joint_representative_V2_03_difficult_GV_G2_V1_20261009T053506_972b71b2,1799,V2_03_difficult,VALID_FULL_MATCHED,1.1934897514720433e-15,0.20275573670746336,"{'requested_opencv_threads': 1, 'actual_opencv_threads': 1}"
2,2,2,0.20725052909314995,"{'errors': [], 'actual_G': 706, 'actual_V': 637, 'actual_L': 0, 'output_rows': 1806, 'camera_packets': 1921}",1799,0.20725052909314995,1.0,1806,0,"{'G_reason:disabled': 115, 'V_reason:disabled': 115, 'G_reason:warmup_or_core_invalid': 725, 'V_reason:warmup_or_core_invalid': 725, 'G_reason:not_ready_G': 375, 'V_reason:not_ready_V': 444, 'G_reason:accepted': 706, 'V_reason:accepted': 637}",0.9961240310077519,8e6c44b0a9f793f9e61d5dd37ff533d79b58c5f6354f87d41d521eb4a0db24b3,True,0.0,GV,/tmp/ltv_gain_scan_20261009/w3/results/w3_full_V2_03_difficult_GV_2_20261009T024202_3139f7d5,,0.4327571495390223,0.38815472612533636,,,-0.08537252768743286,0.003328073951980315,w3_full_V2_03_difficult_GV_2_20261009T024202_3139f7d5,1799,V2_03_difficult,VALID_FULL_MATCHED,9.43689570931383e-16,0.20274838153980776,"{'actual_opencv_threads': 4, 'verification': 'inferred from frozen num_opencv_threads=4 and original VioManager constructor; post-construction metadata was absent', 'cpu_affinity_per_worker': 4}"
,2,3,0.2072490815956783,"{'errors': [], 'actual_G': 706, 'actual_V': 637, 'actual_L': 0, 'output_rows': 1806, 'camera_packets': 1921}",1799,0.2072490815956783,1.0,1806,0,,0.9961240310077519,,False,0.0,GV,/home/he/output/ltv_gv_independent_20261009T050259/w5/results/w5_joint_representative_V2_03_difficult_GV_G2_V3_20261009T053538_d144ed4c,joint_representative,0.43273430242344085,0.38813701991140265,,,-0.0860703602636903,,w5_joint_representative_V2_03_difficult_GV_G2_V3_20261009T053538_d144ed4c,1799,V2_03_difficult,VALID_FULL_MATCHED,6.661338147750939e-16,0.20274011287578236,"{'requested_opencv_threads': 1, 'actual_opencv_threads': 1}"
,2,4,0.2072473528109354,"{'errors': [], 'actual_G': 706, 'actual_V': 637, 'actual_L': 0, 'output_rows': 1806, 'camera_packets': 1921}",1799,0.2072473528109354,1.0,1806,0,,0.9961240310077519,,False,0.0,GV,/home/he/output/ltv_gv_independent_20261009T050259/w2/results/w2_joint_representative_V2_03_difficult_GV_G2_V4_20261009T053606_cba7ef54,joint_representative,0.43271079420153424,0.3881189399489865,,,-0.0869038002762279,,w2_joint_representative_V2_03_difficult_GV_G2_V4_20261009T053606_cba7ef54,1799,V2_03_difficult,VALID_FULL_MATCHED,8.326672684688674e-17,0.20273079075932812,"{'requested_opencv_threads': 1, 'actual_opencv_threads': 1}"
,2,5,0.20725284700056273,"{'errors': [], 'actual_G': 706, 'actual_V': 637, 'actual_L': 0, 'output_rows': 1806, 'camera_packets': 1921}",1799,0.20725284700056273,1.0,1806,0,,0.9961240310077519,,False,0.0,GV,/home/he/output/ltv_gv_independent_20261009T050259/w5/results/w5_joint_representative_V2_03_difficult_GV_G2_V5_20261009T053621_49c12e2c,joint_representative,0.4326999688453832,0.388112655923632,,,-0.08425507405931398,,w5_joint_representative_V2_03_difficult_GV_G2_V5_20261009T053621_49c12e2c,1799,V2_03_difficult,VALID_FULL_MATCHED,2.7755575615628914e-16,0.2027281002392947,"{'requested_opencv_threads': 1, 'actual_opencv_threads': 1}"
,2,6,0.2072517813782702,"{'errors': [], 'actual_G': 706, 'actual_V': 637, 'actual_L': 0, 'output_rows': 1806, 'camera_packets': 1921}",1799,0.2072517813782702,1.0,1806,0,,0.9961240310077519,,False,0.0,GV,/home/he/output/ltv_gv_independent_20261009T050259/w2/results/w2_joint_representative_V2_03_difficult_GV_G2_V6_20261009T053650_2f4cc99f,joint_representative,0.43267767961197273,0.38809548574848673,,,-0.08476880618271121,,w2_joint_representative_V2_03_difficult_GV_G2_V6_20261009T053650_2f4cc99f,1799,V2_03_difficult,VALID_FULL_MATCHED,3.885780586188048e-16,0.202719779577168,"{'requested_opencv_threads': 1, 'actual_opencv_threads': 1}"
,2,8,0.20724730646567557,"{'errors': [], 'actual_G': 706, 'actual_V': 637, 'actual_L': 0, 'output_rows': 1806, 'camera_packets': 1921}",1799,0.20724730646567557,1.0,1806,0,,0.9961240310077519,,False,0.0,GV,/home/he/output/ltv_gv_independent_20261009T050259/w3/results/w3_joint_representative_V2_03_difficult_GV_G2_V8_20261009T053724_68de3fab,joint_representative,0.43262870869877157,0.38805746322916473,,,-0.0869261431353241,,w3_joint_representative_V2_03_difficult_GV_G2_V8_20261009T053724_68de3fab,1799,V2_03_difficult,VALID_FULL_MATCHED,6.661338147750939e-16,0.20270374855146317,"{'requested_opencv_threads': 1, 'actual_opencv_threads': 1}"
,3,1,0.20726009099837397,"{'errors': [], 'actual_G': 706, 'actual_V': 637, 'actual_L': 0, 'output_rows': 1806, 'camera_packets': 1921}",1799,0.20726009099837397,1.0,1806,0,,0.9961240310077519,,False,0.0,GV,/home/he/output/ltv_gv_independent_20261009T050259/w7/results/w7_joint_representative_V2_03_difficult_GV_G3_V1_20261009T053750_84e622ae,joint_representative,0.43276049471883676,0.3881581859174727,,,-0.0807627725154414,,w7_joint_representative_V2_03_difficult_GV_G3_V1_20261009T053750_84e622ae,1799,V2_03_difficult,VALID_FULL_MATCHED,9.992007221626409e-16,0.20276538959510182,"{'requested_opencv_threads': 1, 'actual_opencv_threads': 1}"
,3,2,0.2072587931472227,"{'errors': [], 'actual_G': 706, 'actual_V': 637, 'actual_L': 0, 'output_rows': 1806, 'camera_packets': 1921}",1799,0.2072587931472227,1.0,1806,0,,0.9961240310077519,,False,0.0,GV,/home/he/output/ltv_gv_independent_20261009T050259/w5/results/w5_joint_representative_V2_03_difficult_GV_G3_V2_20261009T053806_48eb6837,joint_representative,0.4327375600665817,0.3881404645010016,,,-0.08138846121626964,,w5_joint_representative_V2_03_difficult_GV_G3_V2_20261009T053806_48eb6837,1799,V2_03_difficult,VALID_FULL_MATCHED,1.1102230246251565e-15,0.20275863814533665,"{'requested_opencv_threads': 1, 'actual_opencv_threads': 1}"
,3,3,0.2072643357296377,"{'errors': [], 'actual_G': 706, 'actual_V': 637, 'actual_L': 0, 'output_rows': 1806, 'camera_packets': 1921}",1799,0.2072643357296377,1.0,1806,0,,0.9961240310077519,,False,0.0,GV,/home/he/output/ltv_gv_independent_20261009T050259/w0/results/w0_joint_representative_V2_03_difficult_GV_G3_V3_20261009T053844_41951f06,joint_representative,0.43272742744456993,0.3881346283779253,,,-0.07871640503550603,,w0_joint_representative_V2_03_difficult_GV_G3_V3_20261009T053844_41951f06,1799,V2_03_difficult,VALID_FULL_MATCHED,8.326672684688674e-17,0.20275518323886224,"{'requested_opencv_threads': 1, 'actual_opencv_threads': 1}"
,3,4,0.20726220866641967,"{'errors': [], 'actual_G': 706, 'actual_V': 637, 'actual_L': 0, 'output_rows': 1806, 'camera_packets': 1921}",1799,0.20726220866641967,1.0,1806,0,,0.9961240310077519,,False,0.0,GV,/home/he/output/ltv_gv_independent_20261009T050259/w7/results/w7_joint_representative_V2_03_difficult_GV_G3_V4_20261009T053856_d2a40c01,joint_representative,0.4327028084642558,0.3881157232306869,,,-0.079741853462445,,w7_joint_representative_V2_03_difficult_GV_G3_V4_20261009T053856_d2a40c01,1799,V2_03_difficult,VALID_FULL_MATCHED,6.661338147750939e-16,0.202746836791565,"{'requested_opencv_threads': 1, 'actual_opencv_threads': 1}"
,3,5,0.20726108187570333,"{'errors': [], 'actual_G': 706, 'actual_V': 637, 'actual_L': 0, 'output_rows': 1806, 'camera_packets': 1921}",1799,0.20726108187570333,1.0,1806,0,,0.9961240310077519,,False,0.0,GV,/home/he/output/ltv_gv_independent_20261009T050259/w1/results/w1_joint_representative_V2_03_difficult_GV_G3_V5_20261009T053922_2d9adacd,joint_representative,0.432680573573493,0.3880986679268251,,,-0.0802850746313144,,w1_joint_representative_V2_03_difficult_GV_G3_V5_20261009T053922_2d9adacd,1799,V2_03_difficult,VALID_FULL_MATCHED,4.718447854656915e-16,0.20273902843612832,"{'requested_opencv_threads': 1, 'actual_opencv_threads': 1}"
,3,6,0.20725960321234857,"{'errors': [], 'actual_G': 706, 'actual_V': 637, 'actual_L': 0, 'output_rows': 1806, 'camera_packets': 1921}",1799,0.20725960321234857,1.0,1806,0,,0.9961240310077519,,False,0.0,GV,/home/he/output/ltv_gv_independent_20261009T050259/w2/results/w2_joint_representative_V2_03_difficult_GV_G3_V6_20261009T053950_c8a8550a,joint_representative,0.43265753662327516,0.3880809781402131,,,-0.08099793215159412,,w2_joint_representative_V2_03_difficult_GV_G3_V6_20261009T053950_c8a8550a,1799,V2_03_difficult,VALID_FULL_MATCHED,2.7755575615628914e-16,0.20273129243038257,"{'requested_opencv_threads': 1, 'actual_opencv_threads': 1}"
,3,8,0.20725631181788134,"{'errors': [], 'actual_G': 706, 'actual_V': 637, 'actual_L': 0, 'output_rows': 1806, 'camera_packets': 1921}",1799,0.20725631181788134,1.0,1806,0,,0.9961240310077519,,False,0.0,GV,/home/he/output/ltv_gv_independent_20261009T050259/w1/results/w1_joint_representative_V2_03_difficult_GV_G3_V8_20261009T054005_e8c3f4ef,joint_representative,0.43261006148668724,0.38804425003884246,,,-0.08258469988384753,,w1_joint_representative_V2_03_difficult_GV_G3_V8_20261009T054005_e8c3f4ef,1799,V2_03_difficult,VALID_FULL_MATCHED,2.498001805406602e-16,0.20271543040481685,"{'requested_opencv_threads': 1, 'actual_opencv_threads': 1}"
,4,1,0.20727531474661404,"{'errors': [], 'actual_G': 706, 'actual_V': 637, 'actual_L': 0, 'output_rows': 1806, 'camera_packets': 1921}",1799,0.20727531474661404,1.0,1806,0,,0.9961240310077519,,False,0.0,GV,/home/he/output/ltv_gv_independent_20261009T050259/w2/results/w2_joint_representative_V2_03_difficult_GV_G4_V1_20261009T054033_14537fcc,joint_representative,0.4327519391646837,0.3881545477946304,,,-0.07342346611756145,,w2_joint_representative_V2_03_difficult_GV_G4_V1_20261009T054033_14537fcc,1799,V2_03_difficult,VALID_FULL_MATCHED,5.551115123125783e-17,0.2027836710888376,"{'requested_opencv_threads': 1, 'actual_opencv_threads': 1}"
,4,2,0.20727424641133696,"{'errors': [], 'actual_G': 706, 'actual_V': 637, 'actual_L': 0, 'output_rows': 1806, 'camera_packets': 1921}",1799,0.20727424641133696,1.0,1806,0,,0.9961240310077519,,False,0.0,GV,/home/he/output/ltv_gv_independent_20261009T050259/w6/results/w6_joint_representative_V2_03_difficult_GV_G4_V2_20261009T054102_20e853e0,joint_representative,0.43273076471506355,0.3881383844916235,,,-0.07393850615964315,,w6_joint_representative_V2_03_difficult_GV_G4_V2_20261009T054102_20e853e0,1799,V2_03_difficult,VALID_FULL_MATCHED,2.7755575615628914e-17,0.20277576001895214,"{'requested_opencv_threads': 1, 'actual_opencv_threads': 1}"
,4,3,0.2072724285790994,"{'errors': [], 'actual_G': 706, 'actual_V': 637, 'actual_L': 0, 'output_rows': 1806, 'camera_packets': 1921}",1799,0.2072724285790994,1.0,1806,0,,0.9961240310077519,,False,0.0,GV,/home/he/output/ltv_gv_independent_20261009T050259/w4/results/w4_joint_representative_V2_03_difficult_GV_G4_V3_20261009T054123_9d2d3fc0,joint_representative,0.4327065568471334,0.38811942308539,,,-0.07481487560303535,,w4_joint_representative_V2_03_difficult_GV_G4_V3_20261009T054123_9d2d3fc0,1799,V2_03_difficult,VALID_FULL_MATCHED,4.163336342344337e-16,0.20276624276533692,"{'requested_opencv_threads': 1, 'actual_opencv_threads': 1}"
4,4,4,0.20727095859656097,"{'errors': [], 'actual_G': 706, 'actual_V': 637, 'actual_L': 0, 'output_rows': 1806, 'camera_packets': 1921}",1799,0.20727095859656097,1.0,1806,0,"{'G_reason:disabled': 115, 'V_reason:disabled': 115, 'G_reason:warmup_or_core_invalid': 725, 'V_reason:warmup_or_core_invalid': 725, 'G_reason:not_ready_G': 375, 'V_reason:not_ready_V': 444, 'G_reason:accepted': 706, 'V_reason:accepted': 637}",0.9961240310077519,8e6c44b0a9f793f9e61d5dd37ff533d79b58c5f6354f87d41d521eb4a0db24b3,True,0.0,GV,/tmp/ltv_gain_scan_20261009/w3/results/w3_full_V2_03_difficult_GV_4_20261009T025351_6dd5a127,,0.4326835684650958,0.388101582989021,,,-0.07552354813746831,0.013185797070658367,w3_full_V2_03_difficult_GV_4_20261009T025351_6dd5a127,1799,V2_03_difficult,VALID_FULL_MATCHED,1.6653345369377348e-16,0.20275861628770397,"{'actual_opencv_threads': 4, 'verification': 'inferred from frozen num_opencv_threads=4 and original VioManager constructor; post-construction metadata was absent', 'cpu_affinity_per_worker': 4}"
,4,5,0.2072698756138741,"{'errors': [], 'actual_G': 706, 'actual_V': 637, 'actual_L': 0, 'output_rows': 1806, 'camera_packets': 1921}",1799,0.2072698756138741,1.0,1806,0,,0.9961240310077519,,False,0.0,GV,/home/he/output/ltv_gv_independent_20261009T050259/w0/results/w0_joint_representative_V2_03_difficult_GV_G4_V5_20261009T054158_204c098c,joint_representative,0.4326613109671409,0.38808475864644043,,,-0.07604564963554772,,w0_joint_representative_V2_03_difficult_GV_G4_V5_20261009T054158_204c098c,1799,V2_03_difficult,VALID_FULL_MATCHED,1.2490009027033011e-15,0.2027512996268827,"{'requested_opencv_threads': 1, 'actual_opencv_threads': 1}"
,4,6,0.20726868437958548,"{'errors': [], 'actual_G': 706, 'actual_V': 637, 'actual_L': 0, 'output_rows': 1806, 'camera_packets': 1921}",1799,0.20726868437958548,1.0,1806,0,,0.9961240310077519,,False,0.0,GV,/home/he/output/ltv_gv_independent_20261009T050259/w6/results/w6_joint_representative_V2_03_difficult_GV_G4_V6_20261009T054209_d91cd9eb,joint_representative,0.43263905802219316,0.38806779559867,,,-0.07661993878550488,,w6_joint_representative_V2_03_difficult_GV_G4_V6_20261009T054209_d91cd9eb,1799,V2_03_difficult,VALID_FULL_MATCHED,3.608224830031759e-16,0.20274288164059337,"{'requested_opencv_threads': 1, 'actual_opencv_threads': 1}"
,4,8,0.20726518677980213,"{'errors': [], 'actual_G': 706, 'actual_V': 637, 'actual_L': 0, 'output_rows': 1806, 'camera_packets': 1921}",1799,0.20726518677980213,1.0,1806,0,,0.9961240310077519,,False,0.0,GV,/home/he/output/ltv_gv_independent_20261009T050259/w3/results/w3_joint_representative_V2_03_difficult_GV_G4_V8_20261009T054240_ef8f674f,joint_representative,0.43259199711095836,0.38803145706664444,,,-0.07830611725235803,,w3_joint_representative_V2_03_difficult_GV_G4_V8_20261009T054240_ef8f674f,1799,V2_03_difficult,VALID_FULL_MATCHED,4.718447854656915e-16,0.20272708115320565,"{'requested_opencv_threads': 1, 'actual_opencv_threads': 1}"
,5,1,0.20728468047285437,"{'errors': [], 'actual_G': 706, 'actual_V': 637, 'actual_L': 0, 'output_rows': 1806, 'camera_packets': 1921}",1799,0.20728468047285437,1.0,1806,0,,0.9961240310077519,,False,0.0,GV,/home/he/output/ltv_gv_independent_20261009T050259/w4/results/w4_joint_representative_V2_03_difficult_GV_G5_V1_20261009T054306_21106b00,joint_representative,0.4327340769410541,0.3881416721242587,,,-0.06890828802655902,,w4_joint_representative_V2_03_difficult_GV_G5_V1_20261009T054306_21106b00,1799,V2_03_difficult,VALID_FULL_MATCHED,1.2212453270876722e-15,0.20279631038315143,"{'requested_opencv_threads': 1, 'actual_opencv_threads': 1}"
,5,2,0.2072819654609492,"{'errors': [], 'actual_G': 706, 'actual_V': 637, 'actual_L': 0, 'output_rows': 1806, 'camera_packets': 1921}",1799,0.2072819654609492,1.0,1806,0,,0.9961240310077519,,False,0.0,GV,/home/he/output/ltv_gv_independent_20261009T050259/w3/results/w3_joint_representative_V2_03_difficult_GV_G5_V2_20261009T054323_b2f56df2,joint_representative,0.43270968899188317,0.38812274074801534,,,-0.07021718409681021,,w3_joint_representative_V2_03_difficult_GV_G5_V2_20261009T054323_b2f56df2,1799,V2_03_difficult,VALID_FULL_MATCHED,2.220446049250313e-16,0.2027879399344476,"{'requested_opencv_threads': 1, 'actual_opencv_threads': 1}"
,5,3,0.20728086896651454,"{'errors': [], 'actual_G': 706, 'actual_V': 637, 'actual_L': 0, 'output_rows': 1806, 'camera_packets': 1921}",1799,0.20728086896651454,1.0,1806,0,,0.9961240310077519,,False,0.0,GV,/home/he/output/ltv_gv_independent_20261009T050259/w1/results/w1_joint_representative_V2_03_difficult_GV_G5_V3_20261009T054350_a822334d,joint_representative,0.43268760262140293,0.3881059137037354,,,-0.07074579955291815,,w1_joint_representative_V2_03_difficult_GV_G5_V3_20261009T054350_a822334d,1799,V2_03_difficult,VALID_FULL_MATCHED,3.885780586188048e-16,0.2027784028922408,"{'requested_opencv_threads': 1, 'actual_opencv_threads': 1}"
,5,4,0.20727928520766725,"{'errors': [], 'actual_G': 706, 'actual_V': 637, 'actual_L': 0, 'output_rows': 1806, 'camera_packets': 1921}",1799,0.20727928520766725,1.0,1806,0,,0.9961240310077519,,False,0.0,GV,/home/he/output/ltv_gv_independent_20261009T050259/w3/results/w3_joint_representative_V2_03_difficult_GV_G5_V4_20261009T054406_b4669e38,joint_representative,0.4326638821054587,0.38808765419946256,,,-0.07150932317779857,,w3_joint_representative_V2_03_difficult_GV_G5_V4_20261009T054406_b4669e38,1799,V2_03_difficult,VALID_FULL_MATCHED,8.326672684688674e-17,0.20277064908897838,"{'requested_opencv_threads': 1, 'actual_opencv_threads': 1}"
,5,5,0.20727749744562401,"{'errors': [], 'actual_G': 706, 'actual_V': 637, 'actual_L': 0, 'output_rows': 1806, 'camera_packets': 1921}",1799,0.20727749744562401,1.0,1806,0,,0.9961240310077519,,False,0.0,GV,/home/he/output/ltv_gv_independent_20261009T050259/w2/results/w2_joint_representative_V2_03_difficult_GV_G5_V5_20261009T054447_e72e1d11,joint_representative,0.43264064627966287,0.3880696754087701,,,-0.07237119590420837,,w2_joint_representative_V2_03_difficult_GV_G5_V5_20261009T054447_e72e1d11,1799,V2_03_difficult,VALID_FULL_MATCHED,1.0547118733938987e-15,0.20276198239943857,"{'requested_opencv_threads': 1, 'actual_opencv_threads': 1}"
,5,6,0.2072762361591453,"{'errors': [], 'actual_G': 706, 'actual_V': 637, 'actual_L': 0, 'output_rows': 1806, 'camera_packets': 1921}",1799,0.2072762361591453,1.0,1806,0,,0.9961240310077519,,False,0.0,GV,/home/he/output/ltv_gv_independent_20261009T050259/w0/results/w0_joint_representative_V2_03_difficult_GV_G5_V6_20261009T054513_8e4bc835,joint_representative,0.4326183861199999,0.38805269458822783,,,-0.0729792569268084,,w0_joint_representative_V2_03_difficult_GV_G5_V6_20261009T054513_8e4bc835,1799,V2_03_difficult,VALID_FULL_MATCHED,1.3322676295501878e-15,0.2027540172035644,"{'requested_opencv_threads': 1, 'actual_opencv_threads': 1}"
,5,8,0.20727386794816843,"{'errors': [], 'actual_G': 706, 'actual_V': 637, 'actual_L': 0, 'output_rows': 1806, 'camera_packets': 1921}",1799,0.20727386794816843,1.0,1806,0,,0.9961240310077519,,False,0.0,GV,/home/he/output/ltv_gv_independent_20261009T050259/w1/results/w1_joint_representative_V2_03_difficult_GV_G5_V8_20261009T054534_9fff071f,joint_representative,0.4325720886034559,0.38801702612505384,,,-0.0741209616962335,,w1_joint_representative_V2_03_difficult_GV_G5_V8_20261009T054534_9fff071f,1799,V2_03_difficult,VALID_FULL_MATCHED,1.0269562977782698e-15,0.20274023618810327,"{'requested_opencv_threads': 1, 'actual_opencv_threads': 1}"
,6,1,0.20729216617712157,"{'errors': [], 'actual_G': 706, 'actual_V': 637, 'actual_L': 0, 'output_rows': 1806, 'camera_packets': 1921}",1799,0.20729216617712157,1.0,1806,0,,0.9961240310077519,,False,0.0,GV,/home/he/output/ltv_gv_independent_20261009T050259/w4/results/w4_joint_representative_V2_03_difficult_GV_G6_V1_20261009T054550_5f347d05,joint_representative,0.43271380066985526,0.38812718175243976,,,-0.06529946079462112,,w4_joint_representative_V2_03_difficult_GV_G6_V1_20261009T054550_5f347d05,1799,V2_03_difficult,VALID_FULL_MATCHED,0.0,0.20280670845236418,"{'requested_opencv_threads': 1, 'actual_opencv_threads': 1}"
,6,2,0.20729021844620443,"{'errors': [], 'actual_G': 706, 'actual_V': 637, 'actual_L': 0, 'output_rows': 1806, 'camera_packets': 1921}",1799,0.20729021844620443,1.0,1806,0,,0.9961240310077519,,False,0.0,GV,/home/he/output/ltv_gv_independent_20261009T050259/w1/results/w1_joint_representative_V2_03_difficult_GV_G6_V2_20261009T054617_468259dd,joint_representative,0.4326898611293453,0.3881082380560429,,,-0.06623845385703708,,w1_joint_representative_V2_03_difficult_GV_G6_V2_20261009T054617_468259dd,1799,V2_03_difficult,VALID_FULL_MATCHED,9.43689570931383e-16,0.20279708790515322,"{'requested_opencv_threads': 1, 'actual_opencv_threads': 1}"
,6,3,0.20728893366735648,"{'errors': [], 'actual_G': 706, 'actual_V': 637, 'actual_L': 0, 'output_rows': 1806, 'camera_packets': 1921}",1799,0.20728893366735648,1.0,1806,0,,0.9961240310077519,,False,0.0,GV,/home/he/output/ltv_gv_independent_20261009T050259/w5/results/w5_joint_representative_V2_03_difficult_GV_G6_V3_20261009T054653_7bc96c9b,joint_representative,0.43266793961971023,0.38809156095170777,,,-0.06685784045421528,,w5_joint_representative_V2_03_difficult_GV_G6_V3_20261009T054653_7bc96c9b,1799,V2_03_difficult,VALID_FULL_MATCHED,3.608224830031759e-16,0.20278981018821862,"{'requested_opencv_threads': 1, 'actual_opencv_threads': 1}"
,6,4,0.20728728597567914,"{'errors': [], 'actual_G': 706, 'actual_V': 637, 'actual_L': 0, 'output_rows': 1806, 'camera_packets': 1921}",1799,0.20728728597567914,1.0,1806,0,,0.9961240310077519,,False,0.0,GV,/home/he/output/ltv_gv_independent_20261009T050259/w0/results/w0_joint_representative_V2_03_difficult_GV_G6_V4_20261009T054713_9cd4376b,joint_representative,0.4326440390400147,0.38807321371195613,,,-0.06765218583345556,,w0_joint_representative_V2_03_difficult_GV_G6_V4_20261009T054713_9cd4376b,1799,V2_03_difficult,VALID_FULL_MATCHED,1.1934897514720433e-15,0.20278245590023927,"{'requested_opencv_threads': 1, 'actual_opencv_threads': 1}"
,6,5,0.2072867845560064,"{'errors': [], 'actual_G': 706, 'actual_V': 637, 'actual_L': 0, 'output_rows': 1806, 'camera_packets': 1921}",1799,0.2072867845560064,1.0,1806,0,,0.9961240310077519,,False,0.0,GV,/home/he/output/ltv_gv_independent_20261009T050259/w4/results/w4_joint_representative_V2_03_difficult_GV_G6_V5_20261009T054734_c1c657c8,joint_representative,0.4326227830967432,0.3880572514042052,,,-0.06789391819490564,,w4_joint_representative_V2_03_difficult_GV_G6_V5_20261009T054734_c1c657c8,1799,V2_03_difficult,VALID_FULL_MATCHED,2.7755575615628914e-16,0.20277507882381882,"{'requested_opencv_threads': 1, 'actual_opencv_threads': 1}"
,6,6,0.20728437300472588,"{'errors': [], 'actual_G': 706, 'actual_V': 637, 'actual_L': 0, 'output_rows': 1806, 'camera_packets': 1921}",1799,0.20728437300472588,1.0,1806,0,,0.9961240310077519,,False,0.0,GV,/home/he/output/ltv_gv_independent_20261009T050259/w0/results/w0_joint_representative_V2_03_difficult_GV_G6_V6_20261009T054756_9ece8d70,joint_representative,0.43259789987616426,0.38803751501889955,,,-0.06905651714641525,,w0_joint_representative_V2_03_difficult_GV_G6_V6_20261009T054756_9ece8d70,1799,V2_03_difficult,VALID_FULL_MATCHED,3.885780586188048e-16,0.20276566507374238,"{'requested_opencv_threads': 1, 'actual_opencv_threads': 1}"
,6,8,0.20728221968750032,"{'errors': [], 'actual_G': 706, 'actual_V': 637, 'actual_L': 0, 'output_rows': 1806, 'camera_packets': 1921}",1799,0.20728221968750032,1.0,1806,0,,0.9961240310077519,,False,0.0,GV,/home/he/output/ltv_gv_independent_20261009T050259/w4/results/w4_joint_representative_V2_03_difficult_GV_G6_V8_20261009T054817_5059f7c7,joint_representative,0.432553335202528,0.38800369149155417,,,-0.07009462252236531,,w4_joint_representative_V2_03_difficult_GV_G6_V8_20261009T054817_5059f7c7,1799,V2_03_difficult,VALID_FULL_MATCHED,1.1102230246251565e-15,0.20275039084744823,"{'requested_opencv_threads': 1, 'actual_opencv_threads': 1}"
,8,1,0.20730838555257158,"{'errors': [], 'actual_G': 706, 'actual_V': 637, 'actual_L': 0, 'output_rows': 1806, 'camera_packets': 1921}",1799,0.20730838555257158,1.0,1806,0,,0.9961240310077519,,False,0.0,GV,/home/he/output/ltv_gv_independent_20261009T050259/w6/results/w6_joint_representative_V2_03_difficult_GV_G8_V1_20261009T054852_8a379b31,joint_representative,0.43267407841272343,0.3880980552249992,,,-0.05748016661470956,,w6_joint_representative_V2_03_difficult_GV_G8_V1_20261009T054852_8a379b31,1799,V2_03_difficult,VALID_FULL_MATCHED,3.608224830031759e-16,0.20282898021749188,"{'requested_opencv_threads': 1, 'actual_opencv_threads': 1}"
,8,2,0.2073078568290442,"{'errors': [], 'actual_G': 706, 'actual_V': 637, 'actual_L': 0, 'output_rows': 1806, 'camera_packets': 1921}",1799,0.2073078568290442,1.0,1806,0,,0.9961240310077519,,False,0.0,GV,/home/he/output/ltv_gv_independent_20261009T050259/w7/results/w7_joint_representative_V2_03_difficult_GV_G8_V2_20261009T054915_9c9cc77a,joint_representative,0.43265291650832544,0.388082237320203,,,-0.057735062052144404,,w7_joint_representative_V2_03_difficult_GV_G8_V2_20261009T054915_9c9cc77a,1799,V2_03_difficult,VALID_FULL_MATCHED,1.6375789613221059e-15,0.20282192554915535,"{'requested_opencv_threads': 1, 'actual_opencv_threads': 1}"
,8,3,0.20730578895930063,"{'errors': [], 'actual_G': 706, 'actual_V': 637, 'actual_L': 0, 'output_rows': 1806, 'camera_packets': 1921}",1799,0.20730578895930063,1.0,1806,0,,0.9961240310077519,,False,0.0,GV,/home/he/output/ltv_gv_independent_20261009T050259/w2/results/w2_joint_representative_V2_03_difficult_GV_G8_V3_20261009T054948_87412701,joint_representative,0.43262881617252397,0.38806365213756144,,,-0.05873197354856474,,w2_joint_representative_V2_03_difficult_GV_G8_V3_20261009T054948_87412701,1799,V2_03_difficult,VALID_FULL_MATCHED,4.163336342344337e-16,0.20281350309042326,"{'requested_opencv_threads': 1, 'actual_opencv_threads': 1}"
,8,4,0.2073046732273367,"{'errors': [], 'actual_G': 706, 'actual_V': 637, 'actual_L': 0, 'output_rows': 1806, 'camera_packets': 1921}",1799,0.2073046732273367,1.0,1806,0,,0.9961240310077519,,False,0.0,GV,/home/he/output/ltv_gv_independent_20261009T050259/w4/results/w4_joint_representative_V2_03_difficult_GV_G8_V4_20261009T055001_ff18b691,joint_representative,0.4326062198139425,0.3880464428405392,,,-0.0592698633383848,,w4_joint_representative_V2_03_difficult_GV_G8_V4_20261009T055001_ff18b691,1799,V2_03_difficult,VALID_FULL_MATCHED,1.942890293094024e-16,0.20280651510355377,"{'requested_opencv_threads': 1, 'actual_opencv_threads': 1}"
,8,5,0.2073027033883765,"{'errors': [], 'actual_G': 706, 'actual_V': 637, 'actual_L': 0, 'output_rows': 1806, 'camera_packets': 1921}",1799,0.2073027033883765,1.0,1806,0,,0.9961240310077519,,False,0.0,GV,/home/he/output/ltv_gv_independent_20261009T050259/w3/results/w3_joint_representative_V2_03_difficult_GV_G8_V5_20261009T055023_1042b425,joint_representative,0.4325829590352962,0.3880281397619409,,,-0.060219514597414925,,w3_joint_representative_V2_03_difficult_GV_G8_V5_20261009T055023_1042b425,1799,V2_03_difficult,VALID_FULL_MATCHED,2.4702462297909733e-15,0.2027966066081541,"{'requested_opencv_threads': 1, 'actual_opencv_threads': 1}"
,8,6,0.20730151963046783,"{'errors': [], 'actual_G': 706, 'actual_V': 637, 'actual_L': 0, 'output_rows': 1806, 'camera_packets': 1921}",1799,0.20730151963046783,1.0,1806,0,,0.9961240310077519,,False,0.0,GV,/home/he/output/ltv_gv_independent_20261009T050259/w4/results/w4_joint_representative_V2_03_difficult_GV_G8_V6_20261009T055044_850f3abd,joint_representative,0.4325603725194535,0.38801094194969393,,,-0.060790199415350354,,w4_joint_representative_V2_03_difficult_GV_G8_V6_20261009T055044_850f3abd,1799,V2_03_difficult,VALID_FULL_MATCHED,1.1934897514720433e-15,0.2027891299406266,"{'requested_opencv_threads': 1, 'actual_opencv_threads': 1}"
,8,8,0.2072987896817483,"{'errors': [], 'actual_G': 706, 'actual_V': 637, 'actual_L': 0, 'output_rows': 1806, 'camera_packets': 1921}",1799,0.2072987896817483,1.0,1806,0,,0.9961240310077519,,False,0.0,GV,/home/he/output/ltv_gv_independent_20261009T050259/w5/results/w5_joint_representative_V2_03_difficult_GV_G8_V8_20261009T055123_a34e698e,joint_representative,0.432514550721783,0.3879756848912939,,,-0.06210629646236088,,w5_joint_representative_V2_03_difficult_GV_G8_V8_20261009T055123_a34e698e,1799,V2_03_difficult,VALID_FULL_MATCHED,6.38378239159465e-16,0.2027728010721316,"{'requested_opencv_threads': 1, 'actual_opencv_threads': 1}"
1,0,0,0.20742761529144602,"{'errors': [], 'actual_G': 0, 'actual_V': 0, 'actual_L': 0, 'output_rows': 1806, 'camera_packets': 1921}",1799,0.20742761529144602,1.0,1806,0,,0.9961240310077519,8e6c44b0a9f793f9e61d5dd37ff533d79b58c5f6354f87d41d521eb4a0db24b3,True,0.0,OFF,/tmp/ltv_gain_scan_20261009/w1/results/w1_full_V2_03_difficult_OFF_1_20261009T023612_b1de544d,,0.4329695774371267,0.3883663929658736,,,0.0,0.0,w1_full_V2_03_difficult_OFF_1_20261009T023612_b1de544d,1799,V2_03_difficult,VALID_FULL_MATCHED,1.6653345369377348e-16,0.20450226740535404,"{'actual_opencv_threads': 4, 'verification': 'inferred from frozen num_opencv_threads=4 and original VioManager constructor; post-construction metadata was absent', 'cpu_affinity_per_worker': 4}"
1,0,1,0.20723497040821132,"{'errors': [], 'actual_G': 0, 'actual_V': 637, 'actual_L': 0, 'output_rows': 1806, 'camera_packets': 1921}",1799,0.20723497040821132,1.0,1806,0,"{'G_reason:disabled': 1921, 'V_reason:disabled': 115, 'V_reason:warmup_or_core_invalid': 725, 'V_reason:not_ready_V': 444, 'V_reason:accepted': 637}",0.9961240310077519,8e6c44b0a9f793f9e61d5dd37ff533d79b58c5f6354f87d41d521eb4a0db24b3,True,0.0,V,/tmp/ltv_gain_scan_20261009/w2/results/w2_full_V2_03_difficult_V_1_20261009T023725_17ec7ec6,,0.43281882850364034,0.388200433473411,,,-0.09287330568981123,0.0,w2_full_V2_03_difficult_V_1_20261009T023725_17ec7ec6,1799,V2_03_difficult,VALID_FULL_MATCHED,1.2490009027033011e-15,0.2027318412039331,"{'actual_opencv_threads': 4, 'verification': 'inferred from frozen num_opencv_threads=4 and original VioManager constructor; post-construction metadata was absent', 'cpu_affinity_per_worker': 4}"
2,0,2,0.2072331498487597,"{'errors': [], 'actual_G': 0, 'actual_V': 637, 'actual_L': 0, 'output_rows': 1806, 'camera_packets': 1921}",1799,0.2072331498487597,1.0,1806,0,"{'G_reason:disabled': 1921, 'V_reason:disabled': 115, 'V_reason:warmup_or_core_invalid': 725, 'V_reason:not_ready_V': 444, 'V_reason:accepted': 637}",0.9961240310077519,8e6c44b0a9f793f9e61d5dd37ff533d79b58c5f6354f87d41d521eb4a0db24b3,True,0.0,V,/tmp/ltv_gain_scan_20261009/w2/results/w2_full_V2_03_difficult_V_2_20261009T024133_89b0cf7a,,0.4327953371150536,0.3881820124163734,,,-0.09375098991186714,-0.0008785001141542459,w2_full_V2_03_difficult_V_2_20261009T024133_89b0cf7a,1799,V2_03_difficult,VALID_FULL_MATCHED,1.3877787807814457e-16,0.20272429657885466,"{'actual_opencv_threads': 4, 'verification': 'inferred from frozen num_opencv_threads=4 and original VioManager constructor; post-construction metadata was absent', 'cpu_affinity_per_worker': 4}"
,0,3,0.20723254523464357,"{'errors': [], 'actual_G': 0, 'actual_V': 637, 'actual_L': 0, 'output_rows': 1806, 'camera_packets': 1921}",1799,0.20723254523464357,1.0,1806,0,,0.9961240310077519,,False,0.0,V,/home/he/output/ltv_gv_independent_20261009T050259/w1/results/w1_single_representative_V2_03_difficult_V_G0_V3_20261009T050629_5b062d49,single_representative,0.43277421439322633,0.38816606451561075,,,-0.09404247188994352,,w1_single_representative_V2_03_difficult_V_G0_V3_20261009T050629_5b062d49,1799,V2_03_difficult,VALID_FULL_MATCHED,4.163336342344337e-16,0.20271677834822935,"{'requested_opencv_threads': 1, 'actual_opencv_threads': 1}"
4,0,4,0.2072311417808559,"{'errors': [], 'actual_G': 0, 'actual_V': 637, 'actual_L': 0, 'output_rows': 1806, 'camera_packets': 1921}",1799,0.2072311417808559,1.0,1806,0,"{'G_reason:disabled': 1921, 'V_reason:disabled': 115, 'V_reason:warmup_or_core_invalid': 725, 'V_reason:not_ready_V': 444, 'V_reason:accepted': 637}",0.9961240310077519,8e6c44b0a9f793f9e61d5dd37ff533d79b58c5f6354f87d41d521eb4a0db24b3,True,0.0,V,/tmp/ltv_gain_scan_20261009/w2/results/w2_full_V2_03_difficult_V_4_20261009T025321_1fc6872e,,0.43275138915969547,0.3881486772874426,,,-0.09471907118735468,-0.0018474813145097357,w2_full_V2_03_difficult_V_4_20261009T025321_1fc6872e,1799,V2_03_difficult,VALID_FULL_MATCHED,8.326672684688674e-17,0.20270871337799357,"{'actual_opencv_threads': 4, 'verification': 'inferred from frozen num_opencv_threads=4 and original VioManager constructor; post-construction metadata was absent', 'cpu_affinity_per_worker': 4}"
,0,5,0.20722948547635833,"{'errors': [], 'actual_G': 0, 'actual_V': 637, 'actual_L': 0, 'output_rows': 1806, 'camera_packets': 1921}",1799,0.20722948547635833,1.0,1806,0,,0.9961240310077519,,False,0.0,V,/home/he/output/ltv_gv_independent_20261009T050259/w1/results/w1_single_representative_V2_03_difficult_V_G0_V5_20261009T050709_b0bc72b4,single_representative,0.43272739898469526,0.38812994470575424,,,-0.09551756877178574,,w1_single_representative_V2_03_difficult_V_G0_V5_20261009T050709_b0bc72b4,1799,V2_03_difficult,VALID_FULL_MATCHED,8.604228440844963e-16,0.2027000556374477,"{'requested_opencv_threads': 1, 'actual_opencv_threads': 1}"
,0,6,0.20722800210004078,"{'errors': [], 'actual_G': 0, 'actual_V': 637, 'actual_L': 0, 'output_rows': 1806, 'camera_packets': 1921}",1799,0.20722800210004078,1.0,1806,0,,0.9961240310077519,,False,0.0,V,/home/he/output/ltv_gv_independent_20261009T050259/w0/results/w0_single_representative_V2_03_difficult_V_G0_V6_20261009T050802_bf05f675,single_representative,0.43270511956358554,0.3881130497871151,,,-0.0962326983920514,,w0_single_representative_V2_03_difficult_V_G0_V6_20261009T050802_bf05f675,1799,V2_03_difficult,VALID_FULL_MATCHED,2.1371793224034263e-15,0.20269175688309207,"{'requested_opencv_threads': 1, 'actual_opencv_threads': 1}"
,0,8,0.20722458988954837,"{'errors': [], 'actual_G': 0, 'actual_V': 637, 'actual_L': 0, 'output_rows': 1806, 'camera_packets': 1921}",1799,0.20722458988954837,1.0,1806,0,,0.9961240310077519,,False,0.0,V,/home/he/output/ltv_gv_independent_20261009T050259/w0/results/w0_single_representative_V2_03_difficult_V_G0_V8_20261009T050842_a3d72a05,single_representative,0.43265754393759637,0.3880759454964158,,,-0.09787771103302312,,w0_single_representative_V2_03_difficult_V_G0_V8_20261009T050842_a3d72a05,1799,V2_03_difficult,VALID_FULL_MATCHED,1.3600232051658168e-15,0.20267667894591157,"{'requested_opencv_threads': 1, 'actual_opencv_threads': 1}"
,0,10,0.20722918346857153,"{'errors': [], 'actual_G': 0, 'actual_V': 637, 'actual_L': 0, 'output_rows': 1806, 'camera_packets': 1921}",1799,0.20722918346857153,1.0,1806,0,,0.9961240310077519,,False,0.0,V,/home/he/output/ltv_gv_independent_20261009T050259/w7/results/w7_extra_single_representative_V2_03_difficult_V_G0_V10_20261009T065243_9360d36b,extra_single_representative,0.43262461501944693,0.3880529155673549,,,-0.09566316548338394,,w7_extra_single_representative_V2_03_difficult_V_G0_V10_20261009T065243_9360d36b,1799,V2_03_difficult,VALID_FULL_MATCHED,1.2490009027033011e-15,0.2026651460932004,"{'requested_opencv_threads': 1, 'actual_opencv_threads': 1}"
,0,16,0.20721983675763758,"{'errors': [], 'actual_G': 0, 'actual_V': 637, 'actual_L': 0, 'output_rows': 1806, 'camera_packets': 1921}",1799,0.20721983675763758,1.0,1806,0,,0.9961240310077519,,False,0.0,V,/home/he/output/ltv_gv_independent_20261009T050259/w3/results/w3_extra_single_representative_V2_03_difficult_V_G0_V16_20261009T065347_1687d0d5,extra_single_representative,0.432486055239213,0.38794638454051505,,,-0.10016917637339917,,w3_extra_single_representative_V2_03_difficult_V_G0_V16_20261009T065347_1687d0d5,1799,V2_03_difficult,VALID_FULL_MATCHED,1.1379786002407855e-15,0.20261778035420422,"{'requested_opencv_threads': 1, 'actual_opencv_threads': 1}"
