metric,time_s,side,value
velocity,0.0,common,2.8284271247461903
velocity,0.0,pre,2.8284271247461903
velocity,0.0,post,2.8284271247461903
velocity,0.005,common,2.828679010161083
velocity,0.01,common,2.8297812810795446
velocity,0.015,common,2.8317330483819636
velocity,0.02,common,2.8345326610228567
velocity,0.025,common,2.838177713546503
velocity,0.03,common,2.842665056924301
velocity,0.035,common,2.847990812601359
velocity,0.04,common,2.8541503896082188
velocity,0.045,common,2.8611385045645434
velocity,0.05,common,2.872990823908205
velocity,0.05,pre,2.868949204375694
velocity,0.05,post,2.872990823908205
velocity,0.055,common,2.8816004170548797
velocity,0.06,common,2.891017762973931
velocity,0.065,common,2.901235094964119
velocity,0.07,common,2.9122440913377434
velocity,0.075,common,2.9240359077251634
velocity,0.08,common,2.9366012105424537
velocity,0.085,common,2.9499302113514365
velocity,0.09,common,2.9640127018460247
velocity,0.095,common,2.978838089206728
velocity,0.1,common,3.0033308406083474
velocity,0.1,pre,2.994395431575991
velocity,0.1,post,3.0033308406083474
velocity,0.105,common,3.019488196004865
velocity,0.11,common,3.036353949840502
velocity,0.115,common,3.0539164543304067
velocity,0.12,common,3.072163847972158
velocity,0.125,common,3.0910840881012698
velocity,0.13,common,3.1106649824636463
velocity,0.135,common,3.1308942196790386
velocity,0.14,common,3.1517593984886405
velocity,0.145,common,3.1732480556984153
velocity,0.15,common,3.1918062823853344
velocity,0.15,pre,3.195347692747713
velocity,0.15,post,3.1918062823853344
velocity,0.155,common,3.2143026505734533
velocity,0.16,common,3.237388394699729
velocity,0.165,common,3.26105107412278
velocity,0.17,common,3.285278297484576
velocity,0.175,common,3.310057742309122
velocity,0.18,common,3.3353771731262216
velocity,0.185,common,3.3612244581413977
velocity,0.19,common,3.3875875844819707
velocity,0.195,common,3.414454672056892
velocity,0.2,common,3.4102247747197434
velocity,0.2,pre,3.441813986074355
velocity,0.2,post,3.4102247747197434
velocity,0.205,common,3.4377410270543645
velocity,0.21,common,3.465735604613108
velocity,0.215,common,3.494197074806729
velocity,0.22,common,3.523114185066187
velocity,0.225,common,3.5524758702512873
velocity,0.23,common,3.5822712589994894
velocity,0.235,common,3.6124896790779824
velocity,0.24,common,3.643120661802183
velocity,0.245,common,3.674153945583222
velocity,0.25,common,3.628838358379813
velocity,0.25,pre,3.7055794786659857
velocity,0.25,post,3.628838358379813
velocity,0.255,common,3.6602472569683036
velocity,0.26,common,3.692042569396018
velocity,0.265,common,3.72421445246695
velocity,0.27,common,3.7567532843489313
velocity,0.275,common,3.789649664635196
velocity,0.28,common,3.8228944138481906
velocity,0.285,common,3.856478572438341
velocity,0.29,common,3.8903933993277406
velocity,0.295,common,3.9246303700458856
velocity,0.3,common,3.8245560021047202
velocity,0.3,pre,3.959181174501746
velocity,0.3,post,3.8245560021047202
velocity,0.305,common,3.8589680963795416
velocity,0.31,common,3.893694376009026
velocity,0.315,common,3.928726555883049
velocity,0.32,common,3.964056571281852
velocity,0.325,common,3.9996765743347944
velocity,0.33,common,4.03557893026773
velocity,0.335,common,4.071756213471959
velocity,0.34,common,4.108201203425065
velocity,0.345,common,4.144906880491255
velocity,0.35,common,3.982242041802985
velocity,0.35,pre,4.1818664216264985
velocity,0.35,post,3.982242041802985
velocity,0.355,common,4.018970198598351
velocity,0.36,common,4.055956606393335
velocity,0.365,common,4.093194305810383
velocity,0.37,common,4.130676541543964
velocity,0.375,common,4.168396757287438
velocity,0.38,common,4.206348590651256
velocity,0.385,common,4.24452586808969
velocity,0.39,common,4.282922599851285
velocity,0.395,common,4.321532974966481
velocity,0.4,common,4.0949513977883125
velocity,0.4,pre,4.360351356284145
velocity,0.4,post,4.0949513977883125
velocity,0.405,common,4.133458931357821
velocity,0.41,common,4.172181114743458
velocity,0.415,common,4.2111120654860885
velocity,0.42,common,4.250246085335246
velocity,0.425,common,4.289577654646756
velocity,0.43,common,4.329101426884492
velocity,0.435,common,4.36881222323281
velocity,0.44,common,4.408705027324893
velocity,0.445,common,4.448774980091242
velocity,0.45,common,4.1624407063078275
velocity,0.45,pre,4.489017374731511
velocity,0.45,post,4.1624407063078275
velocity,0.455,common,4.202297843143157
velocity,0.46,common,4.242335020278167
velocity,0.465,common,4.2825472261883535
velocity,0.47,common,4.322929614327104
velocity,0.475,common,4.363477497456358
velocity,0.48,common,4.404186342143642
velocity,0.485,common,4.445051763425019
velocity,0.49,common,4.486069519632857
velocity,0.495,common,4.527235507386748
velocity,0.5,common,4.18883195267974
velocity,0.5,pre,4.568545756745476
velocity,0.5,post,4.18883195267974
velocity,0.505,common,4.229685508621673
velocity,0.51,common,4.2706909735150616
velocity,0.515,common,4.3118440517708345
velocity,0.52,common,4.353140595192008
velocity,0.525,common,4.394576597453715
velocity,0.53,common,4.436148188783552
velocity,0.535,common,4.477851630837223
velocity,0.54,common,4.51968331176417
velocity,0.545,common,4.5616397414578325
velocity,0.55,common,4.180453540677868
velocity,0.55,pre,4.603717546985026
velocity,0.55,post,4.180453540677868
velocity,0.555,common,4.222007072031995
velocity,0.56,common,4.263689057525244
velocity,0.565,common,4.305495805634027
velocity,0.57,common,4.34742375616893
velocity,0.575,common,4.389469475016548
velocity,0.58,common,4.431629649098802
velocity,0.585,common,4.473901081541633
velocity,0.59,common,4.516280687045063
velocity,0.595,common,4.558765487446807
velocity,0.6,common,4.144327537236312
velocity,0.6,pre,4.60135260747177
velocity,0.6,post,4.144327537236312
velocity,0.605,common,4.186328083586476
velocity,0.61,common,4.228437046810346
velocity,0.615,common,4.270651259977529
velocity,0.62,common,4.3129676725401715
velocity,0.625,common,4.355383345409324
velocity,0.63,common,4.39789544625476
velocity,0.635,common,4.440501245018121
velocity,0.64,common,4.483198109629654
velocity,0.645,common,4.525983501919161
velocity,0.65,common,4.087307450718906
velocity,0.65,pre,4.568854973712195
velocity,0.65,post,4.087307450718906
velocity,0.655,common,4.129536006048833
velocity,0.66,common,4.171855502939503
velocity,0.665,common,4.214263242186527
velocity,0.67,common,4.256756626712702
velocity,0.675,common,4.299333157038796
velocity,0.68,common,4.341990426975126
velocity,0.685,common,4.38472611952266
velocity,0.69,common,4.427538002972887
velocity,0.695,common,4.470423927196245
velocity,0.7,common,4.0156788350855965
velocity,0.7,pre,4.513381820109442
velocity,0.7,post,4.0156788350855965
velocity,0.705,common,4.05794288514026
velocity,0.71,common,4.100282413201775
velocity,0.715,common,4.142695145235972
velocity,0.72,common,4.185178895502085
velocity,0.725,common,4.2277315624733625
velocity,0.73,common,4.270351124968437
velocity,0.735,common,4.3130356384817015
velocity,0.74,common,4.355783231701581
velocity,0.745,common,4.39859210320629
velocity,0.75,common,3.9350191047044856
velocity,0.75,pre,4.441460518327194
velocity,0.75,post,3.9350191047044856
velocity,0.755,common,3.9771464452768845
velocity,0.76,common,4.0193354998841
velocity,0.765,common,4.061584384361991
velocity,0.77,common,4.103891289342829
velocity,0.775,common,4.146254476674918
velocity,0.78,common,4.188672276036299
velocity,0.785,common,4.2311430817309885
velocity,0.79,common,4.27366534965692
velocity,0.795,common,4.316237594435422
velocity,0.8,common,3.850163540059257
velocity,0.8,pre,4.358858386692762
velocity,0.8,post,3.850163540059257
velocity,0.805,common,3.8919971638450233
velocity,0.81,common,3.9338803112085254
velocity,0.815,common,3.975811453815193
velocity,0.82,common,4.017789125094255
velocity,0.825,common,4.059811917192364
velocity,0.83,common,4.101878478099119
velocity,0.835,common,4.143987508933675
velocity,0.84,common,4.186137761382424
velocity,0.845,common,4.228328035278369
velocity,0.85,common,3.7651852006996727
velocity,0.85,pre,4.270557176313473
velocity,0.85,post,3.7651852006996727
velocity,0.855,common,3.806579397976641
velocity,0.86,common,3.848012511773892
velocity,0.865,common,3.8894833320726323
velocity,0.87,common,3.930990698377628
velocity,0.875,common,3.9725334972150708
velocity,0.88,common,4.014110659776306
velocity,0.885,common,4.055721159697919
velocity,0.89,common,4.097364010969324
velocity,0.895,common,4.139038265959688
velocity,0.9,common,3.683349337340173
velocity,0.9,pre,4.180743013556558
velocity,0.9,post,3.683349337340173
velocity,0.905,common,3.724167320278847
velocity,0.91,common,3.765015284554267
velocity,0.915,common,3.8058922945677414
velocity,0.92,common,3.846797453264236
velocity,0.925,common,3.8877299001506547
velocity,0.93,common,3.9286888094326513
velocity,0.935,common,3.9696733882620117
velocity,0.94,common,4.010682875087245
velocity,0.945,common,4.051716538100555
velocity,0.95,common,3.6070448389914795
velocity,0.95,pre,4.092773673774888
velocity,0.95,post,3.6070448389914795
velocity,0.955,common,3.6471581391151036
velocity,0.96,common,3.6872942589079614
velocity,0.965,common,3.727452486460313
velocity,0.97,common,3.7676321391810044
velocity,0.975,common,3.8078325622750944
velocity,0.98,common,3.8480531273142486
velocity,0.985,common,3.8882932308935763
velocity,0.99,common,3.928552293369027
velocity,0.995,common,3.968829757669929
velocity,1.0,common,3.537724437454376
velocity,1.0,pre,4.00912508818166
velocity,1.0,post,3.537724437454376
velocity,1.005,common,3.5770140303730744
velocity,1.01,common,3.61632110509368
velocity,1.015,common,3.6556451180560834
velocity,1.02,common,3.694985547926259
velocity,1.025,common,3.7343418944409716
velocity,1.03,common,3.773713677323706
velocity,1.035,common,3.813100435266932
velocity,1.04,common,3.852501724976126
velocity,1.045,common,3.891917120271364
velocity,1.05,common,3.475897307747478
velocity,1.05,pre,3.9313462112425976
velocity,1.05,post,3.475897307747478
velocity,1.055,common,3.514255981231167
velocity,1.06,common,3.552628573601345
velocity,1.065,common,3.5910146540331644
velocity,1.07,common,3.6294138091066244
velocity,1.075,common,3.667825641909764
velocity,1.08,common,3.706249771197379
velocity,1.085,common,3.7446858306014184
velocity,1.09,common,3.7831334678895012
velocity,1.095,common,3.8215923442682573
velocity,1.1,common,3.421208395872749
velocity,1.1,pre,3.8600621337284795
velocity,1.1,post,3.421208395872749
velocity,1.105,common,3.4585435034750356
velocity,1.11,common,3.4958905774494133
velocity,1.115,common,3.533249248897482
velocity,1.12,common,3.5706191636276126
velocity,1.125,common,3.607999981410574
velocity,1.13,common,3.6453913752810028
velocity,1.135,common,3.682793030881551
velocity,1.14,common,3.720204645846783
velocity,1.145,common,3.7576259292241057
velocity,1.15,common,3.372611078208237
velocity,1.15,pre,3.7950566009292475
velocity,1.15,post,3.372611078208237
velocity,1.155,common,3.408846728694054
velocity,1.16,common,3.445093741568114
velocity,1.165,common,3.4813517680769523
velocity,1.17,common,3.5176204732110494
velocity,1.175,common,3.553899535025443
velocity,1.18,common,3.5901886440015383
velocity,1.185,common,3.6264875024472674
velocity,1.19,common,3.6627958239330214
velocity,1.195,common,3.6991133327609176
velocity,1.2,common,3.328605916956072
velocity,1.2,pre,3.735439763465186
velocity,1.2,post,3.328605916956072
velocity,1.205,common,3.3636839119177293
velocity,1.21,common,3.3987736977870537
velocity,1.215,common,3.433874915439838
velocity,1.22,common,3.4689872197540588
velocity,1.225,common,3.5041102789351974
velocity,1.23,common,3.5392437738814557
velocity,1.235,common,3.5743873975861673
velocity,1.24,common,3.6095408545749192
velocity,1.245,common,3.6447038603750967
velocity,1.25,common,3.2874950012596034
velocity,1.25,pre,3.6798761410157
velocity,1.25,post,3.2874950012596034
velocity,1.255,common,3.3213743126503226
velocity,1.26,common,3.3552665553928103
velocity,1.265,common,3.389171340772074
velocity,1.27,common,3.423088295038736
velocity,1.275,common,3.457017058706243
velocity,1.28,common,3.49095728588833
velocity,1.285,common,3.5249086436741104
velocity,1.29,common,3.558870811538317
velocity,1.295,common,3.59284348078444
velocity,1.3,common,3.2475995794067085
velocity,1.3,pre,3.6268263540186267
velocity,1.3,post,3.2475995794067085
velocity,1.305,common,3.280254610962878
velocity,1.31,common,3.31292414068535
velocity,1.315,common,3.3456077407138727
velocity,1.32,common,3.3783049993942615
velocity,1.325,common,3.4110155205367403
velocity,1.33,common,3.4437389227153012
velocity,1.335,common,3.4764748386054776
velocity,1.34,common,3.5092229143580886
velocity,1.345,common,3.5419828090067016
velocity,1.35,common,3.2074069800903877
velocity,1.35,pre,3.574754193906702
velocity,1.35,post,3.2074069800903877
velocity,1.355,common,3.238825102119124
velocity,1.36,common,3.2702594866729258
velocity,1.365,common,3.3017096644318205
velocity,1.37,common,3.3331751834969308
velocity,1.375,common,3.364655608613824
velocity,1.38,common,3.396150520437258
velocity,1.385,common,3.4276595148347733
velocity,1.39,common,3.4591822022267666
velocity,1.395,common,3.490718206960809
velocity,1.4,common,3.165639802282036
velocity,1.4,pre,3.522267166718155
velocity,1.4,post,3.165639802282036
velocity,1.405,common,3.195818662708046
velocity,1.41,common,3.226015580282423
velocity,1.415,common,3.2562300466815763
velocity,1.42,common,3.286461572012513
velocity,1.425,common,3.3167096840128507
velocity,1.43,common,3.346973927291874
velocity,1.435,common,3.3772538626102286
velocity,1.44,common,3.4075490661959495
velocity,1.445,common,3.4378591290947096
velocity,1.45,common,3.121262997805169
velocity,1.45,pre,3.468183656552299
velocity,1.45,post,3.121262997805169
velocity,1.455,common,3.150207983448746
velocity,1.46,common,3.179172739076623
velocity,1.465,common,3.2081567225191296
velocity,1.47,common,3.23715941075824
velocity,1.475,common,3.26618029911862
velocity,1.48,common,3.2952189004986288
velocity,1.485,common,3.3242747446390153
velocity,1.49,common,3.3533473774271627
velocity,1.495,common,3.3824363602348946
velocity,1.5,common,3.0734552696796458
velocity,1.5,pre,3.4115412692879574
velocity,1.5,post,3.0734552696796458
velocity,1.505,common,3.101177331080542
velocity,1.51,common,3.128920725439362
velocity,1.515,common,3.1566848830840426
velocity,1.52,common,3.1844692539104926
velocity,1.525,common,3.2122733065786453
velocity,1.53,common,3.240096527746747
velocity,1.535,common,3.267938421341798
velocity,1.54,common,3.295798507864193
velocity,1.545,common,3.3236763237247073
velocity,1.55,common,3.0215700395238168
velocity,1.55,pre,3.3515714206121063
velocity,1.55,post,3.0215700395238168
velocity,1.555,common,3.048083967790537
velocity,1.56,common,3.074620606199669
velocity,1.565,common,3.101179364116173
velocity,1.57,common,3.127759670608289
velocity,1.575,common,3.1543609736605562
velocity,1.58,common,3.1809827394228773
velocity,1.585,common,3.207624451493789
velocity,1.59,common,3.234285610236127
velocity,1.595,common,3.2609657321234407
velocity,1.6,common,2.965102851440014
velocity,1.6,pre,3.287664349115568
velocity,1.6,post,2.965102851440014
velocity,1.605,common,2.990426022038052
velocity,1.61,common,3.015773080158053
velocity,1.615,common,3.041143420364833
velocity,1.62,common,3.0665364568245486
velocity,1.625,common,3.0919516225439914
velocity,1.63,common,3.1173883686434976
velocity,1.635,common,3.1428461636617997
velocity,1.64,common,3.1683244928912444
velocity,1.645,common,3.1938228577418664
velocity,1.65,common,2.9036722764254104
velocity,1.65,pre,3.219340775132902
velocity,1.65,post,2.9036722764254104
velocity,1.655,common,2.9278238383662996
velocity,1.66,common,2.9520002652871673
velocity,1.665,common,2.9762009424651694
velocity,1.67,common,3.0004252744900564
velocity,1.675,common,3.024672684536415
velocity,1.68,common,3.048942613666951
velocity,1.685,common,3.0732345201653364
velocity,1.69,common,3.0975478788972333
velocity,1.695,common,3.1218821806981456
velocity,1.7,common,2.8370141952426184
velocity,1.7,pre,3.146236931786866
velocity,1.7,post,2.8370141952426184
velocity,1.705,common,2.860014665558188
velocity,1.71,common,2.8830407862531384
velocity,1.715,common,2.9060919381
velocity,1.72,common,2.929167520757283
velocity,1.725,common,2.9522669520789293
velocity,1.73,common,2.975389667452213
velocity,1.735,common,2.9985351191628147
velocity,1.74,common,3.021702775785832
velocity,1.745,common,3.04489212160156
velocity,1.75,common,2.7649860936434143
velocity,1.75,pre,3.06810265603493
velocity,1.75,post,2.7649860936434143
velocity,1.755,common,2.7868573043559968
velocity,1.76,common,2.808754770418639
velocity,1.765,common,2.830677872187966
velocity,1.77,common,2.8526260083849975
velocity,1.775,common,2.874598595444042
velocity,1.78,common,2.8965950668875395
velocity,1.785,common,2.9186148727257137
velocity,1.79,common,2.9406574788799698
velocity,1.795,common,2.9627223666290186
velocity,1.8,common,2.6875779243698186
velocity,1.8,pre,2.9848090320767455
velocity,1.8,post,2.6875779243698186
velocity,1.805,common,2.7083432584617033
velocity,1.81,common,2.72913528494104
velocity,1.815,common,2.7499533872342856
velocity,1.82,common,2.770796966550598
velocity,1.825,common,2.791665441270815
velocity,1.83,common,2.8125582463599597
velocity,1.835,common,2.8334748328023225
velocity,1.84,common,2.854414667058175
velocity,1.845,common,2.875377230541234
velocity,1.85,common,2.604927550653587
velocity,1.85,pre,2.8963620191160278
velocity,1.85,post,2.604927550653587
velocity,1.855,common,2.6246123946747497
velocity,1.86,common,2.644324211628488
velocity,1.865,common,2.6640623910027137
velocity,1.87,common,2.6838263394527506
velocity,1.875,common,2.703615480229738
velocity,1.88,common,2.7234292526303427
velocity,1.885,common,2.7432671114669107
velocity,1.89,common,2.76312852655727
velocity,1.895,common,2.7830129822334353
velocity,1.9,common,2.517340325888393
velocity,1.9,pre,2.8029199768684214
velocity,1.9,post,2.517340325888393
velocity,1.905,common,2.5359726598413164
velocity,1.91,common,2.5546320999788152
velocity,1.915,common,2.5733180444516206
velocity,1.92,common,2.592029907947657
velocity,1.925,common,2.6107671211583314
velocity,1.93,common,2.629529130264034
velocity,1.935,common,2.6483153964381483
velocity,1.94,common,2.6671253953688647
velocity,1.945,common,2.685958616798133
velocity,1.95,common,2.4253130674351016
velocity,1.95,pre,2.7048145640771137
velocity,1.95,post,2.4253130674351016
velocity,1.955,common,2.4429241063918576
velocity,1.96,common,2.460562243825585
velocity,1.965,common,2.478226888849821
velocity,1.97,common,2.4959174664820907
velocity,1.975,common,2.5136334171458623
velocity,1.98,common,2.531374196189836
velocity,1.985,common,2.5491392734239553
velocity,1.99,common,2.5669281326715243
velocity,1.995,common,2.5847402713368854
velocity,2.0,common,2.329562089562074
velocity,2.0,pre,2.602575199988064
velocity,2.0,post,2.329562089562074
velocity,2.005,common,2.3461868845911527
velocity,2.01,common,2.3628386327463566
velocity,2.015,common,2.379516756175986
velocity,2.02,common,2.396220692302432
velocity,2.025,common,2.4129498933572004
velocity,2.03,common,2.4297038259315933
velocity,2.035,common,2.4464819705424725
velocity,2.04,common,2.4632838212126464
velocity,2.045,common,2.4801088850653272
velocity,2.05,common,2.2310529096280365
velocity,2.05,pre,2.4969566819322004
velocity,2.05,post,2.2310529096280365
velocity,2.055,common,2.2467308074183707
velocity,2.06,common,2.262435375942744
velocity,2.065,common,2.2781660522907687
velocity,2.07,common,2.2939222882011707
velocity,2.075,common,2.3097035496271654
velocity,2.08,common,2.3255093163159346
velocity,2.085,common,2.3413390814017996
velocity,2.09,common,2.357192351012611
velocity,2.095,common,2.373068643888939
velocity,2.1,common,2.1310258995076463
velocity,2.1,pre,2.3889674910156407
velocity,2.1,post,2.1310258995076463
velocity,2.105,common,2.1458007525392393
velocity,2.11,common,2.160601855563379
velocity,2.115,common,2.1754286624099435
velocity,2.12,common,2.1902806409355464
velocity,2.125,common,2.2051572726165376
velocity,2.13,common,2.220058052154808
velocity,2.135,common,2.234982487096008
velocity,2.14,common,2.2499300974597887
velocity,2.145,common,2.2649004153816925
velocity,2.15,common,2.0310082299481858
velocity,2.15,pre,2.279892984766331
velocity,2.15,post,2.0310082299481858
velocity,2.155,common,2.044928248605856
velocity,2.16,common,2.0588739563398404
velocity,2.165,common,2.072844825467357
velocity,2.17,common,2.086840341706591
velocity,2.175,common,2.1008600037949434
velocity,2.18,common,2.1149033231189325
velocity,2.185,common,2.1289698233553844
velocity,2.19,common,2.1430590401236187
velocity,2.195,common,2.157170520648248
velocity,2.2,common,1.932799389192634
velocity,2.2,pre,2.171303823432332
velocity,2.2,post,1.932799389192634
velocity,2.205,common,1.945916545912335
velocity,2.21,common,1.9590586903198486
velocity,2.215,common,1.9722253149634381
velocity,2.22,common,1.9854159251540142
velocity,2.225,common,1.9986300386067537
velocity,2.23,common,2.011867185093352
velocity,2.235,common,2.0251269061046204
velocity,2.24,common,2.038408754523122
velocity,2.245,common,2.0517122943055814
velocity,2.25,common,1.8384173938467754
velocity,2.25,pre,2.065037100174752
velocity,2.25,post,1.8384173938467754
velocity,2.255,common,1.85078634292227
velocity,2.26,common,1.8631794416548653
velocity,2.265,common,1.8755962045914338
velocity,2.27,common,1.88803615837896
velocity,2.275,common,1.9004988414283635
velocity,2.28,common,1.9129838035881002
velocity,2.285,common,1.9254906058272103
velocity,2.29,common,1.9380188199276216
velocity,2.295,common,1.9505680281854136
velocity,2.3,common,1.7499975199997648
velocity,2.3,pre,1.963137823120804
velocity,2.3,post,1.7499975199997648
velocity,2.305,common,1.7616740960500001
velocity,2.31,common,1.7733738577419278
velocity,2.315,common,1.7850963433982796
velocity,2.32,common,1.7968411027425732
velocity,2.325,common,1.8086076965849136
velocity,2.33,common,1.8203956965167067
velocity,2.335,common,1.8322046846140896
velocity,2.34,common,1.844034253149833
velocity,2.345,common,1.8558840043134956
velocity,2.35,common,1.669645645825944
velocity,2.35,pre,1.8677535499396007
velocity,2.35,post,1.669645645825944
velocity,2.355,common,1.680685139961819
velocity,2.36,common,1.6917467490676574
velocity,2.365,common,1.7028300369583906
velocity,2.37,common,1.7139345781029398
velocity,2.375,common,1.7250599573325982
velocity,2.38,common,1.7362057695575905
velocity,2.385,common,1.747371619491581
velocity,2.39,common,1.7585571213839428
velocity,2.395,common,1.7697618987595818
velocity,2.4,common,1.5992622472070526
velocity,2.4,pre,1.780985584166103
velocity,2.4,post,1.5992622472070526
velocity,2.405,common,1.609717788053834
velocity,2.41,common,1.6201942942417646
velocity,2.415,common,1.6306913566119767
velocity,2.42,common,1.6412085758599486
velocity,2.425,common,1.6517455622679176
velocity,2.43,common,1.6623019354446824
velocity,2.435,common,1.6728773240726083
velocity,2.44,common,1.683471365661666
velocity,2.445,common,1.6940837063103074
velocity,2.45,common,1.540365977430985
velocity,2.45,pre,1.7047140004730321
velocity,2.45,post,1.540365977430985
velocity,2.455,common,1.5502873874593954
velocity,2.46,common,1.5602285669753486
velocity,2.465,common,1.5701891350600634
velocity,2.47,common,1.5801687197999765
velocity,2.475,common,1.5901669580449929
velocity,2.48,common,1.6001834951732974
velocity,2.485,common,1.6102179848626146
velocity,2.49,common,1.620270088867709
velocity,2.495,common,1.630339476804021
velocity,2.5,common,1.4939514442623665
velocity,2.5,pre,1.64042582593725
velocity,2.5,post,1.4939514442623665
velocity,2.505,common,1.503384830887197
velocity,2.51,common,1.5128367768595932
velocity,2.515,common,1.5223069302913799
velocity,2.52,common,1.5317949474145052
velocity,2.525,common,1.5413004923667617
velocity,2.53,common,1.5508232369832462
velocity,2.535,common,1.5603628605934212
velocity,2.54,common,1.5699190498236462
velocity,2.545,common,1.5794914984050523
velocity,2.55,common,1.4604099864732552
velocity,2.55,pre,1.5890799069866284
velocity,2.55,post,1.4604099864732552
velocity,2.555,common,1.4693980662731239
velocity,2.56,common,1.4784035062368357
velocity,2.565,common,1.4874259838383375
velocity,2.57,common,1.4964651837730936
velocity,2.575,common,1.505520797772221
velocity,2.58,common,1.5145925244214846
velocity,2.585,common,1.5236800689850725
velocity,2.59,common,1.5327831432340207
velocity,2.595,common,1.5419014652791887
velocity,2.6,common,1.4395258975467191
velocity,2.6,pre,1.5510347594086777
velocity,2.6,post,1.4395258975467191
velocity,2.605,common,1.4481087544572129
velocity,2.61,common,1.4567077989718757
velocity,2.615,common,1.4653227378214084
velocity,2.62,common,1.4739532840736702
velocity,2.625,common,1.4825991569760135
velocity,2.63,common,1.4912600818016495
velocity,2.635,common,1.4999357896999617
velocity,2.64,common,1.508626017550676
velocity,2.645,common,1.5173305078218149
velocity,2.65,common,1.4305404716201808
velocity,2.65,pre,1.5260490084313292
velocity,2.65,post,1.4305404716201808
velocity,2.655,common,1.4387562838780632
velocity,2.66,common,1.4469871455313448
velocity,2.665,common,1.455232792065239
velocity,2.67,common,1.4634929644601544
velocity,2.675,common,1.4717674090607906
velocity,2.68,common,1.4800558774484762
velocity,2.685,common,1.4883581263166972
velocity,2.69,common,1.4966739173497496
velocity,2.695,common,1.5050030171044353
velocity,2.7,common,1.4322613685279868
velocity,2.7,pre,1.5133451968947507
velocity,2.7,post,1.4322613685279868
velocity,2.705,common,1.4401467021093328
velocity,2.71,common,1.4480459857482941
velocity,2.715,common,1.4559589828138852
velocity,2.72,common,1.4638854613946635
velocity,2.725,common,1.4718251941920628
velocity,2.73,common,1.4797779584162811
velocity,2.735,common,1.487743535684701
velocity,2.74,common,1.4957217119227497
velocity,2.745,common,1.5037122772671818
velocity,2.75,common,1.4431903022687231
velocity,2.75,pre,1.5117150259717418
velocity,2.75,post,1.4431903022687231
velocity,2.755,common,1.4507798095493727
velocity,2.76,common,1.4583822123936492
velocity,2.765,common,1.4659973008361569
velocity,2.77,common,1.4736248689379523
velocity,2.775,common,1.4812647147009033
velocity,2.78,common,1.4889166399840301
velocity,2.785,common,1.4965804504217841
velocity,2.79,common,1.5042559553442456
velocity,2.795,common,1.511942967699187
velocity,2.8,common,1.461646788307885
velocity,2.8,pre,1.5196413039759697
velocity,2.8,post,1.461646788307885
velocity,2.805,common,1.4689724182151696
velocity,2.81,common,1.4763099435502984
velocity,2.815,common,1.48365917948387
velocity,2.82,common,1.4910199446095225
velocity,2.825,common,1.4983920608758439
velocity,2.83,common,1.5057753535197527
velocity,2.835,common,1.5131696510014083
velocity,2.84,common,1.520574784940541
velocity,2.845,common,1.5279905900542208
velocity,2.85,common,1.4858746069194646
velocity,2.85,pre,1.5354169040960397
velocity,2.85,post,1.4858746069194646
velocity,2.855,common,1.4929645950909132
velocity,2.86,common,1.5000655450877693
velocity,2.865,common,1.507177295439548
velocity,2.87,common,1.514299687583602
velocity,2.875,common,1.5214325658111483
velocity,2.88,common,1.5285757772144313
velocity,2.885,common,1.5357291716350054
velocity,2.89,common,1.5428926016131166
velocity,2.895,common,1.5500659223381488
velocity,2.9,common,1.514125975004817
velocity,2.9,pre,1.5572489916001182
velocity,2.9,post,1.514125975004817
velocity,2.905,common,1.5210039021152333
velocity,2.91,common,1.5278919362155758
velocity,2.915,common,1.534789937253307
velocity,2.92,common,1.5416977676486654
velocity,2.925,common,1.5486152922517524
velocity,2.93,common,1.555542378300474
velocity,2.935,common,1.5624788953792987
velocity,2.94,common,1.5694247153788408
velocity,2.945,common,1.5763797124562198
velocity,2.95,common,1.5447237826012086
velocity,2.95,pre,1.583343762996215
velocity,2.95,post,1.5447237826012086
velocity,2.955,common,1.551407909040208
velocity,2.96,common,1.5581013759587672
velocity,2.965,common,1.56480406270126
velocity,2.97,common,1.5715158507180023
velocity,2.975,common,1.5782366235307819
velocity,2.98,common,1.5849662666989983
velocity,2.985,common,1.5917046677864146
velocity,2.99,common,1.5984517163284828
velocity,2.995,common,1.6052073038002523
velocity,3.0,common,1.5761045099869402
velocity,3.0,pre,1.6119713235848503
velocity,3.0,post,1.5761045099869402
velocity,3.005,common,1.582607481818317
velocity,3.01,common,1.589119120971825
velocity,3.015,common,1.5956393241552904
velocity,3.02,common,1.602167989870602
velocity,3.025,common,1.6087050183855105
velocity,3.03,common,1.6152503117058805
velocity,3.035,common,1.621803773548351
velocity,3.04,common,1.6283653093134265
velocity,3.045,common,1.6349348260589704
velocity,3.05,common,1.60684456933669
velocity,3.05,pre,1.6415122324741025
velocity,3.05,post,1.60684456933669
velocity,3.055,common,1.6131734915194524
velocity,3.06,common,1.6195105010066513
velocity,3.065,common,1.6258555098684384
velocity,3.07,common,1.6322084316993393
velocity,3.075,common,1.638569181594652
velocity,3.08,common,1.6449376761270902
velocity,3.085,common,1.6513138333237782
velocity,3.09,common,1.6576975726434984
velocity,3.095,common,1.6640888149542288
velocity,3.1,common,1.6356719519070453
velocity,3.1,pre,1.6704874825109548
velocity,3.1,post,1.6356719519070453
velocity,3.105,common,1.6418287588612508
velocity,3.11,common,1.6479931610143919
velocity,3.115,common,1.6541650838543591
velocity,3.12,common,1.6603444541549546
velocity,3.125,common,1.6665311999555363
velocity,3.13,common,1.6727252505408554
velocity,3.135,common,1.6789265364210972
velocity,3.14,common,1.6851349893121086
velocity,3.145,common,1.691350542115815
velocity,3.15,common,1.6614642614457154
velocity,3.15,pre,1.6975731289008158
velocity,3.15,post,1.6614642614457154
velocity,3.155,common,1.6674462820694893
velocity,3.16,common,1.6734354842665626
velocity,3.165,common,1.6794318050654506
velocity,3.17,common,1.685435182564686
velocity,3.175,common,1.691445555914779
velocity,3.18,common,1.6974628653003065
velocity,3.185,common,1.7034870519221375
velocity,3.19,common,1.709518057979776
velocity,3.195,common,1.7155558266538302
velocity,3.2,common,1.6832342741802446
velocity,3.2,pre,1.7216003020885977
velocity,3.2,post,1.6832342741802446
velocity,3.205,common,1.6890348820321606
velocity,3.21,common,1.69484232375649
velocity,3.215,common,1.700656546118405
velocity,3.22,common,1.706477496753663
velocity,3.225,common,1.712305124152253
velocity,3.23,common,1.7181393776421379
velocity,3.235,common,1.7239802073730608
velocity,3.24,common,1.7298275643004541
velocity,3.245,common,1.7356814001694214
velocity,3.25,common,1.7001052641582373
velocity,3.25,pre,1.7415416674987947
velocity,3.25,post,1.7001052641582373
velocity,3.255,common,1.705714517367375
velocity,3.26,common,1.7113303081410294
velocity,3.265,common,1.71695259125701
velocity,3.27,common,1.7225813221770698
velocity,3.275,common,1.7282164570318614
velocity,3.28,common,1.733857952605958
velocity,3.285,common,1.7395057663229323
velocity,3.29,common,1.7451598562305128
velocity,3.295,common,1.7508201809857786
velocity,3.3,common,1.7112800327654119
velocity,3.3,pre,1.7564866998404347
velocity,3.3,post,1.7112800327654119
velocity,3.305,common,1.716685236469321
velocity,3.31,common,1.7220967174041584
velocity,3.315,common,1.7275144367278754
velocity,3.32,common,1.7329383561069138
velocity,3.325,common,1.7383684377023199
velocity,3.33,common,1.743804644155898
velocity,3.335,common,1.7492469385764402
velocity,3.34,common,1.754695284526004
velocity,3.345,common,1.760149646006253
velocity,3.35,common,1.7160092557714903
velocity,3.35,pre,1.7656099874448699
velocity,3.35,post,1.7160092557714903
velocity,3.355,common,1.7211954164553602
velocity,3.36,common,1.726387614672
velocity,3.365,common,1.731585816435548
velocity,3.37,common,1.7367899881044657
velocity,3.375,common,1.7420000963687976
velocity,3.38,common,1.7472161082374933
velocity,3.385,common,1.7524379910258028
velocity,3.39,common,1.7576657123427426
velocity,3.395,common,1.7628992400786374
velocity,3.4,common,1.713565895101918
velocity,3.4,pre,1.7681385423927294
velocity,3.4,post,1.713565895101918
velocity,3.405,common,1.7185160748810162
velocity,3.41,common,1.7234720586761623
velocity,3.415,common,1.728433815963315
velocity,3.42,common,1.7334013164111264
velocity,3.425,common,1.7383745298694813
velocity,3.43,common,1.74335342635812
velocity,3.435,common,1.7483379760553535
velocity,3.44,common,1.753328149286869
velocity,3.445,common,1.7583239165146434
velocity,3.45,common,1.7032326507206779
velocity,3.45,pre,1.763325248325947
velocity,3.45,post,1.7032326507206779
velocity,3.455,common,1.707928264356798
velocity,3.46,common,1.712629441727227
velocity,3.465,common,1.7173361545272061
velocity,3.47,common,1.7220483745075679
velocity,3.475,common,1.7267660734647647
velocity,3.48,common,1.731489223230987
velocity,3.485,common,1.7362177956644327
velocity,3.49,common,1.7409517626396733
velocity,3.495,common,1.7456910960381726
velocity,3.5,common,1.6843085474622077
velocity,3.5,pre,1.750435767738913
velocity,3.5,post,1.6843085474622077
velocity,3.505,common,1.6887296705087438
velocity,3.51,common,1.6931560992417583
velocity,3.515,common,1.697587806505599
velocity,3.52,common,1.7020247650799314
velocity,3.525,common,1.7064669476714769
velocity,3.53,common,1.7109143269059095
velocity,3.535,common,1.715366875319899
velocity,3.54,common,1.7198245653533122
velocity,3.545,common,1.7242873693415695
velocity,3.55,common,1.656138758091027
velocity,3.55,pre,1.7287552595081794
velocity,3.55,post,1.656138758091027
velocity,3.555,common,1.6602645272879495
velocity,3.56,common,1.6643953175755257
velocity,3.565,common,1.6685311020658615
velocity,3.57,common,1.6726718537052239
velocity,3.575,common,1.676817545267754
velocity,3.58,common,1.6809681493493724
velocity,3.585,common,1.6851236383618529
velocity,3.59,common,1.6892839845271008
velocity,3.595,common,1.6934491598716108
velocity,3.6,common,1.618168816199459
velocity,3.6,pre,1.6976191362211313
velocity,3.6,post,1.618168816199459
velocity,3.605,common,1.6219780013768579
velocity,3.61,common,1.6257918900932538
velocity,3.615,common,1.6296104550471728
velocity,3.62,common,1.6334336686913706
velocity,3.625,common,1.6372615032287459
velocity,3.63,common,1.6410939306084666
velocity,3.635,common,1.6449309225223112
velocity,3.64,common,1.6487724504012264
velocity,3.645,common,1.652618485412098
velocity,3.65,common,1.5700207060061244
velocity,3.65,pre,1.6564689984547414
velocity,3.65,post,1.5700207060061244
velocity,3.655,common,1.5734925167316638
velocity,3.66,common,1.5769686765581532
velocity,3.665,common,1.580449157295009
velocity,3.67,common,1.5839339304489493
velocity,3.675,common,1.5874229672223017
velocity,3.68,common,1.5909162385115205
velocity,3.685,common,1.594413714905957
velocity,3.69,common,1.597915366686847
velocity,3.695,common,1.601421163826545
velocity,3.7,common,1.5115842274928883
velocity,3.7,pre,1.6049310759879951
velocity,3.7,post,1.5115842274928883
velocity,3.705,common,1.5146993900394639
velocity,3.71,common,1.5178185090471659
velocity,3.715,common,1.5209415551676624
velocity,3.72,common,1.5240684987174398
velocity,3.725,common,1.5271993096785872
velocity,3.73,common,1.5303339576998216
velocity,3.735,common,1.5334724120977592
velocity,3.74,common,1.5366146418584308
velocity,3.745,common,1.5397606156390502
velocity,3.75,common,1.4431130010776243
velocity,3.75,pre,1.5429103017700072
velocity,3.75,post,1.4431130010776243
velocity,3.755,common,1.4458551068586276
velocity,3.76,common,1.4486007398408804
velocity,3.765,common,1.451349869454044
velocity,3.77,common,1.4541024647855203
velocity,3.775,common,1.456858494583733
velocity,3.78,common,1.4596179272616694
velocity,3.785,common,1.4623807309006551
velocity,3.79,common,1.4651468732543862
velocity,3.795,common,1.4679163217531703
velocity,3.8,common,1.3653113181910608
velocity,3.8,pre,1.470689043508444
velocity,3.8,post,1.3653113181910608
velocity,3.805,common,1.3676684114419742
velocity,3.81,common,1.3700285710701194
velocity,3.815,common,1.3723917654182607
velocity,3.82,common,1.374757962505676
velocity,3.825,common,1.377127130033863
velocity,3.83,common,1.3794992353924866
velocity,3.835,common,1.3818742456655408
velocity,3.84,common,1.384252127637751
velocity,3.845,common,1.3866328478011853
velocity,3.85,common,1.2793969462758763
velocity,3.85,pre,1.389016372362096
velocity,3.85,post,1.2793969462758763
velocity,3.855,common,1.2813632975892342
velocity,3.86,common,1.2833322325279575
velocity,3.865,common,1.2853037186764527
velocity,3.87,common,1.2872777233400328
velocity,3.875,common,1.2892542135528215
velocity,3.88,common,1.2912331560858814
velocity,3.885,common,1.2932145174555245
velocity,3.89,common,1.295198263931819
velocity,3.895,common,1.297184361547291
velocity,3.9,common,1.187127173234262
velocity,3.9,pre,1.2991727761057932
velocity,3.9,post,1.187127173234262
velocity,3.905,common,1.1887051897050165
velocity,3.91,common,1.1902853013565824
velocity,3.915,common,1.1918674755331102
velocity,3.92,common,1.193451679368487
velocity,3.925,common,1.1950378797960957
velocity,3.93,common,1.1966260435587281
velocity,3.935,common,1.1982161372186608
velocity,3.94,common,1.1998081271678516
velocity,3.945,common,1.2014019796382918
velocity,3.95,common,1.0907813472930474
velocity,3.95,pre,1.2029976607124835
velocity,3.95,post,1.0907813472930474
velocity,3.955,common,1.0919836097219637
velocity,3.96,common,1.0931874995621
velocity,3.965,common,1.094392984630285
velocity,3.97,common,1.0956000326239346
velocity,3.975,common,1.0968086111321358
velocity,3.98,common,1.0980186876468112
velocity,3.985,common,1.0992302295739809
velocity,3.99,common,1.1004432042451022
velocity,3.995,common,1.101657578928482
velocity,4.0,common,0.9931018311841837
velocity,4.0,pre,1.1028733208407464
velocity,4.0,post,0.9931018311841837
velocity,4.005,common,0.9939533200059344
velocity,4.01,common,0.9948060314872185
velocity,4.015,common,0.995659934854263
velocity,4.02,common,0.9965149993226737
velocity,4.025,common,0.9973711941091299
velocity,4.03,common,0.9982284884431044
velocity,4.035,common,0.9990868515785764
velocity,4.04,common,0.9999462528057624
velocity,4.045,common,1.0008066614628366
velocity,4.05,common,0.8972031368467694
velocity,4.05,pre,1.0016680469476336
velocity,4.05,post,0.8972031368467694
velocity,4.055,common,0.8977437695282589
velocity,4.06,common,0.8982853501006898
velocity,4.065,common,0.8988278504341497
velocity,4.07,common,0.89937124250864
velocity,4.075,common,0.8999154984254932
velocity,4.08,common,0.9004605904187372
velocity,4.085,common,0.9010064908663695
velocity,4.09,common,0.9015531723015525
velocity,4.095,common,0.9021006074237112
velocity,4.1,common,0.806459812073385
velocity,4.1,pre,0.9026487691095273
velocity,4.1,post,0.806459812073385
velocity,4.105,common,0.8067473414634733
velocity,4.11,common,0.8070357752740871
velocity,4.115,common,0.8073250896718446
velocity,4.12,common,0.8076152610563679
velocity,4.125,common,0.8079062660703514
velocity,4.13,common,0.8081980816094627
velocity,4.135,common,0.808490684832076
velocity,4.14,common,0.8087840531688231
velocity,4.145,common,0.8090781643319592
velocity,4.15,common,0.7243692675867192
velocity,4.15,pre,0.8093729963245336
velocity,4.15,post,0.7243692675867192
velocity,4.155,common,0.7244821158871438
velocity,4.16,common,0.7245961939750252
velocity,4.165,common,0.7247114844257425
velocity,4.17,common,0.7248279701584032
velocity,4.175,common,0.72494563444322
velocity,4.18,common,0.7250644609086363
velocity,4.185,common,0.7251844335481823
velocity,4.19,common,0.725305536727062
velocity,4.195,common,0.7254277551884717
velocity,4.2,common,0.6543511126653963
velocity,4.2,pre,0.7255510740596222
velocity,4.2,post,0.6543511126653963
velocity,4.205,common,0.6543894714623838
velocity,4.21,common,0.6544298986293529
velocity,4.215,common,0.6544723852150948
velocity,4.22,common,0.6545169226819176
velocity,4.225,common,0.6545635029087244
velocity,4.23,common,0.6546121181937533
velocity,4.235,common,0.6546627612569756
velocity,4.24,common,0.6547154252421451
velocity,4.245,common,0.654770103718502
velocity,4.25,common,0.5994053438539291
velocity,4.25,pre,0.654826790682133
velocity,4.25,post,0.5994053438539291
velocity,4.255,common,0.5994869607060576
velocity,4.26,common,0.5995720566790639
velocity,4.265,common,0.5996606314890386
velocity,4.27,common,0.59975268524319
velocity,4.275,common,0.5998482184369487
velocity,4.28,common,0.5999472319506852
velocity,4.285,common,0.6000497270460551
velocity,4.29,common,0.6001557053619725
velocity,4.295,common,0.6002651689102082
velocity,4.3,common,0.5615746908395821
velocity,4.3,pre,0.6003781200706294
velocity,4.3,post,0.5615746908395821
velocity,4.305,common,0.5618212419591674
velocity,4.31,common,0.562073091226048
velocity,4.315,common,0.5623302425590231
velocity,4.32,common,0.5625927001039601
velocity,4.325,common,0.5628604682244985
velocity,4.33,common,0.56313355149244
velocity,4.335,common,0.5634119546778246
velocity,4.34,common,0.5636956827387174
velocity,4.345,common,0.5639847408107003
velocity,4.35,common,0.5413353299208609
velocity,4.35,pre,0.5642791341960872
velocity,4.35,post,0.5413353299208609
velocity,4.355,common,0.5418502130598913
velocity,4.36,common,0.5423721982458122
velocity,4.365,common,0.5429012841612946
velocity,4.37,common,0.5434374694474223
velocity,4.375,common,0.5439807526908452
velocity,4.38,common,0.5445311324108021
velocity,4.385,common,0.5450886070460402
velocity,4.39,common,0.5456531749416343
velocity,4.395,common,0.5462248343357237
velocity,4.4,common,0.5372957815614555
velocity,4.4,pre,0.5468035833461935
velocity,4.4,post,0.5372957815614555
velocity,4.405,common,0.538143687983883
velocity,4.41,common,0.5390000134300978
velocity,4.415,common,0.5398647419343992
velocity,4.42,common,0.5407378572621703
velocity,4.425,common,0.5416193428984036
velocity,4.43,common,0.5425091820363211
velocity,4.435,common,0.5434073575661204
velocity,4.44,common,0.5443138520638519
velocity,4.445,common,0.5452286477804409
velocity,4.45,common,0.5465355801636809
velocity,4.45,pre,0.5461517266308776
velocity,4.45,post,0.5465355801636809
velocity,4.455,common,0.5477363866956255
velocity,4.46,common,0.5489462158282878
velocity,4.465,common,0.5501650332444893
velocity,4.47,common,0.5513928042824207
velocity,4.475,common,0.5526294939283493
velocity,4.48,common,0.5538750668095872
velocity,4.485,common,0.5551294871877127
velocity,4.49,common,0.5563927189520731
velocity,4.495,common,0.5576647256135526
velocity,4.5,common,0.5654286816251115
velocity,4.5,pre,0.5589454702986498
velocity,4.5,post,0.5654286816251115
velocity,4.505,common,0.5669667838581232
velocity,4.51,common,0.5685138762755554
velocity,4.515,common,0.570069908476045
velocity,4.52,common,0.5716348297686997
velocity,4.525,common,0.5732085891697731
velocity,4.53,common,0.5747911353996362
velocity,4.535,common,0.5763824168800762
velocity,4.54,common,0.5779823817319076
velocity,4.545,common,0.579590977772906
velocity,4.55,common,0.5904415079163386
velocity,4.55,pre,0.5812081525160757
velocity,4.55,post,0.5904415079163386
velocity,4.555,common,0.5922809256829705
velocity,4.56,common,0.5941288829181489
velocity,4.565,common,0.5959853178800083
velocity,4.57,common,0.5978501686469101
velocity,4.575,common,0.5997233731169622
velocity,4.58,common,0.6016048690078377
velocity,4.585,common,0.6034945938569446
velocity,4.59,common,0.6053924850218896
velocity,4.595,common,0.6072984796812868
velocity,4.6,common,0.6185720810586604
velocity,4.6,pre,0.6092125148358761
velocity,4.6,post,0.6185720810586604
velocity,4.605,common,0.6206686870053449
velocity,4.61,common,0.6227731652411851
velocity,4.615,common,0.624885447103296
velocity,4.62,common,0.6270054638640599
velocity,4.625,common,0.6291331467327933
velocity,4.63,common,0.6312684268577096
velocity,4.635,common,0.6334112353281889
velocity,4.64,common,0.6355615031773535
velocity,4.645,common,0.6377191613849238
velocity,4.65,common,0.6474461484109051
velocity,4.65,pre,0.6398841408803834
velocity,4.65,post,0.6474461484109051
velocity,4.655,common,0.649754631432041
velocity,4.66,common,0.6520702351280333
velocity,4.665,common,0.654392887125206
velocity,4.67,common,0.6567225150917183
velocity,4.675,common,0.6590590467410368
velocity,4.68,common,0.6614024098356637
velocity,4.685,common,0.6637525321911366
velocity,4.69,common,0.6661093416802741
velocity,4.695,common,0.6684727662376676
velocity,4.7,common,0.6752333625299936
velocity,4.7,pre,0.6708427338644165
velocity,4.7,post,0.6752333625299936
velocity,4.705,common,0.67771021288541
velocity,4.71,common,0.6801934191218404
velocity,4.715,common,0.6826829073210541
velocity,4.72,common,0.685178603706722
velocity,4.725,common,0.6876804346493687
velocity,4.73,common,0.6901883266715173
velocity,4.735,common,0.6927022064530409
velocity,4.74,common,0.6952220008366984
velocity,4.745,common,0.6977476368338552
velocity,4.75,common,0.7005157123254829
velocity,4.75,pre,0.7002790416303792
velocity,4.75,post,0.7005157123254829
velocity,4.755,common,0.7031200692403426
velocity,4.76,common,0.7057300380944088
velocity,4.765,common,0.7083455449415729
velocity,4.77,common,0.710966516074975
velocity,4.775,common,0.7135928780329666
velocity,4.78,common,0.7162245576052121
velocity,4.785,common,0.7188614818389178
velocity,4.79,common,0.7215035780451811
velocity,4.795,common,0.724150773805436
velocity,4.8,common,0.722171780207407
velocity,4.8,pre,0.7268029969780258
velocity,4.8,post,0.722171780207407
velocity,4.805,common,0.7248653966954408
velocity,4.81,common,0.7275639172069334
velocity,4.815,common,0.7302672689377978
velocity,4.82,common,0.7329753794188876
velocity,4.825,common,0.7356881765224357
velocity,4.83,common,0.7384055884685545
velocity,4.835,common,0.7411275438317974
velocity,4.84,common,0.7438539715477561
velocity,4.845,common,0.7465848009197121
velocity,4.85,common,0.7392955423230582
velocity,4.85,pre,0.7493199616253149
velocity,4.85,post,0.7392955423230582
velocity,4.855,common,0.7420425211663896
velocity,4.86,common,0.7447937391086986
velocity,4.865,common,0.7475491254784288
velocity,4.87,common,0.7503086100314997
velocity,4.875,common,0.7530721229576517
velocity,4.88,common,0.7558395948867949
velocity,4.885,common,0.7586109568953425
velocity,4.89,common,0.7613861405125324
velocity,4.895,common,0.7641650777267315
velocity,4.9,common,0.7511490570556035
velocity,4.9,pre,0.7669477009917073
velocity,4.9,post,0.7511490570556035
velocity,4.905,common,0.7539156455132029
velocity,4.91,common,0.7566858551430856
velocity,4.915,common,0.7594596182880115
velocity,4.92,common,0.7622368678047478
velocity,4.925,common,0.7650175370698227
velocity,4.93,common,0.7678015599852136
velocity,4.935,common,0.7705888709839854
velocity,4.94,common,0.7733794050358532
velocity,4.945,common,0.7761730976526948
velocity,4.95,common,0.7571428608470682
velocity,4.95,pre,0.7789698848939628
velocity,4.95,post,0.7571428608470682
velocity,4.955,common,0.7598974095768324
velocity,4.96,common,0.7626550118482862
velocity,4.965,common,0.7654156038087905
velocity,4.97,common,0.7681791221972145
velocity,4.975,common,0.7709455043486807
velocity,4.98,common,0.7737146881992087
velocity,4.985,common,0.776486612290283
velocity,4.99,common,0.7792612157732892
velocity,4.995,common,0.782038438413877
velocity,5.0,common,0.7568378183333333
velocity,5.0,pre,0.7848182205962021
velocity,5.0,post,0.7568378183333333
velocity,5.005,common,0.7595509308259761
velocity,5.01,common,0.7622665829065768
velocity,5.015,common,0.7649847152195056
velocity,5.02,common,0.7677052690665728
velocity,5.025,common,0.7704281864104756
velocity,5.03,common,0.7731534098781374
velocity,5.035,common,0.7758808827639166
velocity,5.04,common,0.7786105490327003
velocity,5.045,common,0.7813423533228752
velocity,5.05,common,0.749963449453535
velocity,5.05,pre,0.7840762409491716
velocity,5.05,post,0.749963449453535
velocity,5.055,common,0.7526083184970593
velocity,5.06,common,0.755255270480523
velocity,5.065,common,0.7579042511268023
velocity,5.07,common,0.7605552068688493
velocity,5.075,common,0.7632080848516679
velocity,5.08,common,0.7658628329341771
velocity,5.085,common,0.7685193996909355
velocity,5.09,common,0.7711777344137296
velocity,5.095,common,0.77383778711304
velocity,5.1,common,0.7364486661739368
velocity,5.1,pre,0.7764995085193602
velocity,5.1,post,0.7364486661739368
velocity,5.105,common,0.7390015845558927
velocity,5.11,common,0.741556190361831
velocity,5.115,common,0.7441124348521888
velocity,5.12,common,0.7466702700359145
velocity,5.125,common,0.7492296486709088
velocity,5.13,common,0.7517905242643272
velocity,5.135,common,0.7543528510727531
velocity,5.14,common,0.7569165841022325
velocity,5.145,common,0.75948167910818
velocity,5.15,common,0.7164607787246585
velocity,5.15,pre,0.7620480925951354
velocity,5.15,post,0.7164607787246585
velocity,5.155,common,0.7189018072863126
velocity,5.16,common,0.7213441928202091
velocity,5.165,common,0.7237878924536811
velocity,5.17,common,0.7262328640865677
velocity,5.175,common,0.7286790663900871
velocity,5.18,common,0.7311264588055779
velocity,5.185,common,0.7335750015431072
velocity,5.19,common,0.7360246555799433
velocity,5.195,common,0.7384753826589132
velocity,5.2,common,0.690447524084489
velocity,5.2,pre,0.7409271452865984
velocity,5.2,post,0.690447524084489
velocity,5.205,common,0.6927612928429594
velocity,5.21,common,0.695076157134821
velocity,5.215,common,0.6973920801501561
velocity,5.22,common,0.6997090258612041
velocity,5.225,common,0.7020269590196774
velocity,5.23,common,0.7043458451539407
velocity,5.235,common,0.7066656505660871
velocity,5.24,common,0.7089863423288535
velocity,5.245,common,0.7113078882824407
velocity,5.25,common,0.6591750806553337
velocity,5.25,pre,0.7136302570311902
velocity,5.25,post,0.6591750806553337
velocity,5.255,common,0.6613516828483909
velocity,5.26,common,0.6635291919772475
velocity,5.265,common,0.6657075773538138
velocity,5.27,common,0.667886809067546
velocity,5.275,common,0.6700668579812061
velocity,5.28,common,0.6722476957265182
velocity,5.285,common,0.6744292946996739
velocity,5.29,common,0.6766116280567482
velocity,5.295,common,0.6787946697089814
velocity,5.3,common,0.6237532048160592
velocity,5.3,pre,0.6809783943179366
velocity,5.3,post,0.6237532048160592
velocity,5.305,common,0.6257891157809349
velocity,5.31,common,0.6278258213036466
velocity,5.315,common,0.6298632967324382
velocity,5.32,common,0.6319015181739296
velocity,5.325,common,0.6339404624873033
velocity,5.33,common,0.6359801072784107
velocity,5.335,common,0.6380204308937482
velocity,5.34,common,0.6400614124143217
velocity,5.345,common,0.6421030316493991
velocity,5.35,common,0.5856374166361433
velocity,5.35,pre,0.644145269130149
velocity,5.35,post,0.5856374166361433
velocity,5.355,common,0.5875363255487599
velocity,5.36,common,0.5894359950028674
velocity,5.365,common,0.5913364061345412
velocity,5.37,common,0.5932375408035019
velocity,5.375,common,0.5951393815857211
velocity,5.38,common,0.59704191176595
velocity,5.385,common,0.5989451153301215
velocity,5.39,common,0.6008489769576619
velocity,5.395,common,0.6027534820136974
velocity,5.4,common,0.5465977811299003
velocity,5.4,pre,0.6046586165411535
velocity,5.4,post,0.5465977811299003
velocity,5.405,common,0.5483711583675508
velocity,5.41,common,0.5501453397770772
velocity,5.415,common,0.5519203118364261
velocity,5.42,common,0.5536960616951696
velocity,5.425,common,0.5554725771655243
velocity,5.43,common,0.5572498467132793
velocity,5.435,common,0.5590278594486335
velocity,5.44,common,0.5608066051169474
velocity,5.445,common,0.5625860740894264
velocity,5.45,common,0.5086436936247644
velocity,5.45,pre,0.5643662573536795
velocity,5.45,post,0.5086436936247644
velocity,5.455,common,0.5103108269547072
velocity,5.46,common,0.5119788793725387
velocity,5.465,common,0.5136478420051518
velocity,5.47,common,0.5153177065797339
velocity,5.475,common,0.5169884654132397
velocity,5.48,common,0.5186601114018089
velocity,5.485,common,0.5203326380101189
velocity,5.49,common,0.5220060392606758
velocity,5.495,common,0.5236803097230577
velocity,5.5,common,0.47389357767247153
velocity,5.5,pre,0.525355444503103
velocity,5.5,post,0.47389357767247153
velocity,5.505,common,0.4754807178412478
velocity,5.51,common,0.477068947577194
velocity,5.515,common,0.4786582616697897
velocity,5.52,common,0.4802486554170917
velocity,5.525,common,0.4818401246139016
velocity,5.53,common,0.48343266553993697
velocity,5.535,common,0.4850262749479626
velocity,5.54,common,0.4866209500519302
velocity,5.545,common,0.4882166885151038
velocity,5.55,common,0.4443801275909607
velocity,5.55,pre,0.48981348843819406
velocity,5.55,post,0.4443801275909607
velocity,5.555,common,0.44591838116822546
velocity,5.56,common,0.4474579224383534
velocity,5.565,common,0.4489987485755229
velocity,5.57,common,0.45054085715244957
velocity,5.575,common,0.45208424612779
velocity,5.58,common,0.45362891383361675
velocity,5.585,common,0.455174858962922
velocity,5.59,common,0.45672208055719915
velocity,5.595,common,0.45827057799406773
velocity,5.6,common,0.4217958228073286
velocity,5.6,pre,0.45982035097498125
velocity,5.6,post,0.4217958228073286
velocity,5.605,common,0.4233177074283572
velocity,5.61,common,0.42484106725503373
velocity,5.615,common,0.42636590038599675
velocity,5.62,common,0.42789220519742777
velocity,5.625,common,0.4294199803305855
velocity,5.63,common,0.4309492246794705
velocity,5.635,common,0.4324799373786249
velocity,5.64,common,0.4340121177910623
velocity,5.645,common,0.43554576549635976
velocity,5.65,common,0.4072229894980416
velocity,5.65,pre,0.4370808802788684
velocity,5.65,post,0.4072229894980416
velocity,5.655,common,0.4087582504142936
velocity,5.66,common,0.4102951244611601
velocity,5.665,common,0.411833609246758
velocity,5.67,common,0.4133737025376283
velocity,5.675,common,0.4149154022475139
velocity,5.68,common,0.41645870642633764
velocity,5.685,common,0.41800361324940116
velocity,5.69,common,0.41955012100680295
velocity,5.695,common,0.42109822809307346
velocity,5.7,common,0.40094640248328245
velocity,5.7,pre,0.42264793299703673
velocity,5.7,post,0.40094640248328245
velocity,5.705,common,0.40251843765576817
velocity,5.71,common,0.40409214850499187
velocity,5.715,common,0.40566753103165215
velocity,5.72,common,0.4072445812926797
velocity,5.725,common,0.4088232953923375
velocity,5.73,common,0.41040366947356527
velocity,5.735,common,0.4119856997096236
velocity,5.74,common,0.4135693822959997
velocity,5.745,common,0.41515471344260413
velocity,5.75,common,0.4024548194966771
velocity,5.75,pre,0.41674168936624706
velocity,5.75,post,0.4024548194966771
velocity,5.755,common,0.4040790374572215
velocity,5.76,common,0.40570491346236975
velocity,5.765,common,0.40733244123243
velocity,5.77,common,0.40896161447100654
velocity,5.775,common,0.4105924268591197
velocity,5.78,common,0.4122248720496311
velocity,5.785,common,0.41385894366198406
velocity,5.79,common,0.4154946352772308
velocity,5.795,common,0.4171319404333793
velocity,5.8,common,0.41065028596644304
velocity,5.8,pre,0.4187708526210348
velocity,5.8,post,0.41065028596644304
velocity,5.805,common,0.4123346363595591
velocity,5.81,common,0.41402055898408624
velocity,5.815,common,0.41570804505523634
velocity,5.82,common,0.41739708573384915
velocity,5.825,common,0.41908767212377585
velocity,5.83,common,0.4207797952695404
velocity,5.835,common,0.42247344615431554
velocity,5.84,common,0.4241686156981845
velocity,5.845,common,0.4258652947566759
velocity,5.85,common,0.42416087533074204
velocity,5.85,pre,0.42756347411960643
velocity,5.85,post,0.42416087533074204
velocity,5.855,common,0.4259076346590122
velocity,5.86,common,0.42765583073918856
velocity,5.865,common,0.4294054524321233
velocity,5.87,common,0.43115648854113436
velocity,5.875,common,0.43290892781234896
velocity,5.88,common,0.43466275893531725
velocity,5.885,common,0.43641797054386244
velocity,5.89,common,0.4381745512171833
velocity,5.895,common,0.4399324894811906
velocity,5.9,common,0.44161485284617
velocity,5.9,pre,0.44169177381008
velocity,5.9,post,0.44161485284617
velocity,5.905,common,0.4434225334998263
velocity,5.91,common,0.44523148328624473
velocity,5.915,common,0.447041689146609
velocity,5.92,common,0.4488531379899103
velocity,5.925,common,0.4506658166956366
velocity,5.93,common,0.4524797121166464
velocity,5.935,common,0.4542948110822198
velocity,5.94,common,0.45611110040129366
velocity,5.945,common,0.457928566865854
velocity,5.95,common,0.46179979800880566
velocity,5.95,pre,0.4597471972544977
velocity,5.95,post,0.46179979800880566
velocity,5.955,common,0.4636645738956125
velocity,5.96,common,0.46553043334326266
velocity,5.965,common,0.46739736199825327
velocity,5.97,common,0.46926534551989135
velocity,5.975,common,0.47113436958448035
velocity,5.98,common,0.47300441988962444
velocity,5.985,common,0.4748754821586102
velocity,5.99,common,0.476747542144917
velocity,5.995,common,0.47862058563677584
velocity,6.0,common,0.4837122786322322
velocity,6.0,pre,0.4804945984618269
velocity,6.0,post,0.4837122786322322
velocity,6.005,common,0.48562884992056976
velocity,6.01,common,0.48754631251568176
velocity,6.015,common,0.48946465149140045
velocity,6.02,common,0.4913838519893464
velocity,6.025,common,0.49330389922374224
velocity,6.03,common,0.4952247784862402
velocity,6.035,common,0.49714647515078597
velocity,6.04,common,0.4990689746784751
velocity,6.045,common,0.5009922626224181
velocity,6.05,common,0.5065408067849458
velocity,6.05,pre,0.5029163246326094
velocity,6.05,post,0.5065408067849458
velocity,6.055,common,0.5085028525973655
velocity,6.06,common,0.5104656000044484
velocity,6.065,common,0.512429034239157
velocity,6.07,common,0.5143931406581393
velocity,6.075,common,0.5163579047463499
velocity,6.08,common,0.5183233121216129
velocity,6.085,common,0.5202893485391318
velocity,6.09,common,0.5222559998959355
velocity,6.095,common,0.5242232522352656
velocity,6.1,common,0.5296221670564266
velocity,6.1,pre,0.5261910917508826
velocity,6.1,post,0.5296221670564266
velocity,6.105,common,0.5316225516725794
velocity,6.11,common,0.5336234583649502
velocity,6.115,common,0.5356248731930795
velocity,6.12,common,0.5376267823895036
velocity,6.125,common,0.5396291723635052
velocity,6.13,common,0.5416320297047673
velocity,6.135,common,0.5436353411869099
velocity,6.14,common,0.5456390937709255
velocity,6.145,common,0.5476432746084844
velocity,6.15,common,0.5523953513419472
velocity,6.15,pre,0.5496478710451257
velocity,6.15,post,0.5523953513419472
velocity,6.155,common,0.5544262010041108
velocity,6.16,common,0.5564574095921271
velocity,6.165,common,0.5584889645398796
velocity,6.17,common,0.5605208534915567
velocity,6.175,common,0.5625530643040992
velocity,6.18,common,0.5645855850495206
velocity,6.185,common,0.5666184040170839
velocity,6.19,common,0.5686515097153363
velocity,6.195,common,0.570684890873995
velocity,6.2,common,0.5743637963532596
velocity,6.2,pre,0.572718536445702
velocity,6.2,post,0.5743637963532596
velocity,6.205,common,0.5764165179093316
velocity,6.21,common,0.5784694562450945
velocity,6.215,common,0.5805226005635304
velocity,6.22,common,0.582575940300277
velocity,6.225,common,0.5846294651245865
velocity,6.23,common,0.5866831649401485
velocity,6.235,common,0.5887370298857475
velocity,6.24,common,0.5907910503358033
velocity,6.245,common,0.5928452169007427
velocity,6.25,common,0.5950687259434412
velocity,6.25,pre,0.5948995204272408
velocity,6.25,post,0.5950687259434412
velocity,6.255,common,0.5971340090832279
velocity,6.26,common,0.5991993909195389
velocity,6.265,common,0.6012648626558978
velocity,6.27,common,0.603330415735412
velocity,6.275,common,0.6053960418402989
velocity,6.28,common,0.6074617328912829
velocity,6.285,common,0.6095274810468696
velocity,6.29,common,0.6115932787024871
velocity,6.295,common,0.6136591184895211
velocity,6.3,common,0.6140727101957023
velocity,6.3,pre,0.615724993274216
velocity,6.3,post,0.6140727101957023
velocity,6.305,common,0.6161405379617935
velocity,6.31,common,0.6182083719622002
velocity,6.315,common,0.6202762054805384
velocity,6.32,common,0.6223440320333065
velocity,6.325,common,0.6244118453682471
velocity,6.33,common,0.6264796394626317
velocity,6.335,common,0.6285474085214477
velocity,6.34,common,0.6306151469755016
velocity,6.345,common,0.6326828494794469
velocity,6.35,common,0.6309512297430223
velocity,6.35,pre,0.6347505109097369
velocity,6.35,post,0.6309512297430223
velocity,6.355,common,0.6330109118480206
velocity,6.36,common,0.6350705336217146
velocity,6.365,common,0.6371300903849493
velocity,6.37,common,0.639189577674698
velocity,6.375,common,0.6412489912417013
velocity,6.38,common,0.6433083270480855
velocity,6.385,common,0.645367581264922
velocity,6.39,common,0.6474267502697653
velocity,6.395,common,0.6494858306441633
velocity,6.4,common,0.6452899331142249
velocity,6.4,pre,0.6515448191711375
velocity,6.4,post,0.6452899331142249
velocity,6.405,common,0.6473301701760291
velocity,6.41,common,0.649370305571284
velocity,6.415,common,0.6514103365345578
velocity,6.42,common,0.653450260494407
velocity,6.425,common,0.6554900750708119
velocity,6.43,common,0.6575297780726387
velocity,6.435,common,0.6595693674951013
velocity,6.44,common,0.661608841517255
velocity,6.445,common,0.6636481984995091
velocity,6.45,common,0.6566858093975642
velocity,6.45,pre,0.6656874369811637
velocity,6.45,post,0.6566858093975642
velocity,6.455,common,0.6586947922906262
velocity,6.46,common,0.6607036562161624
velocity,6.465,common,0.6627124001649405
velocity,6.47,common,0.6647210232991021
velocity,6.475,common,0.6667295249499059
velocity,6.48,common,0.6687379046155182
velocity,6.485,common,0.6707461619588834
velocity,6.49,common,0.6727542968056285
velocity,6.495,common,0.6747623091420684
velocity,6.5,common,0.6647513511491449
velocity,6.5,pre,0.6767701991132592
velocity,6.5,post,0.6647513511491449
velocity,6.505,common,0.666716897981118
velocity,6.51,common,0.6686823312677505
velocity,6.515,common,0.6706476516077354
velocity,6.52,common,0.6726128597523553
velocity,6.525,common,0.6745779566039152
velocity,6.53,common,0.6765429432142726
velocity,6.535,common,0.6785078207834546
velocity,6.54,common,0.6804725906583625
velocity,6.545,common,0.6824372543315844
velocity,6.55,common,0.6691217100321997
velocity,6.55,pre,0.6844018134402946
velocity,6.55,post,0.6691217100321997
velocity,6.555,common,0.6710314435458483
velocity,6.56,common,0.6729410905772473
velocity,6.565,common,0.6748506532260409
velocity,6.57,common,0.6767601337324112
velocity,6.575,common,0.6786695344764152
velocity,6.58,common,0.6805788579774623
velocity,6.585,common,0.6824881068938706
velocity,6.59,common,0.6843972840225417
velocity,6.595,common,0.6863063922987086
velocity,6.6,common,0.6694655860809248
velocity,6.6,pre,0.6882154347958144
velocity,6.6,post,0.6694655860809248
velocity,6.605,common,0.6713071557639831
velocity,6.61,common,0.6731486870218741
velocity,6.615,common,0.6749901834040776
velocity,6.62,common,0.6768316485962306
velocity,6.625,common,0.6786730864204212
velocity,6.63,common,0.6805145008355749
velocity,6.635,common,0.6823558959379272
velocity,6.64,common,0.684197275961592
velocity,6.645,common,0.6860386452791915
velocity,6.65,common,0.6655008708699867
velocity,6.65,pre,0.6878800084025893
velocity,6.65,post,0.6655008708699867
velocity,6.655,common,0.6672622253047756
velocity,6.66,common,0.6690236101775293
velocity,6.665,common,0.6707850304858177
velocity,6.67,common,0.6725464913654925
velocity,6.675,common,0.6743079980917104
velocity,6.68,common,0.6760695560800056
velocity,6.685,common,0.677831170887433
velocity,6.69,common,0.6795928482137389
velocity,6.695,common,0.6813545939026083
velocity,6.7,common,0.6570156956813212
velocity,6.7,pre,0.6831164139429051
velocity,6.7,post,0.6570156956813212
velocity,6.705,common,0.6586854099841576
velocity,6.71,common,0.6603552444921597
velocity,6.715,common,0.6620252056711201
velocity,6.72,common,0.6636953001305311
velocity,6.725,common,0.6653655346249416
velocity,6.73,common,0.6670359160553083
velocity,6.735,common,0.6687064514703727
velocity,6.74,common,0.6703771480679991
velocity,6.745,common,0.6720480131965477
velocity,6.75,common,0.6438944898526916
velocity,6.75,pre,0.6737190543561986
velocity,6.75,post,0.6438944898526916
velocity,6.755,common,0.6454621490793196
velocity,6.76,common,0.6470300392200747
velocity,6.765,common,0.6485981682061858
velocity,6.77,common,0.6501665441166375
velocity,6.775,common,0.6517351751793107
velocity,6.78,common,0.653304069772117
velocity,6.785,common,0.6548732364240405
velocity,6.79,common,0.6564426838161469
velocity,6.795,common,0.6580124207825125
velocity,6.8,common,0.6261470968683743
velocity,6.8,pre,0.6595824563110964
velocity,6.8,post,0.6261470968683743
velocity,6.805,common,0.6276037285274543
velocity,6.81,common,0.6290607222679371
velocity,6.815,common,0.6305180874058214
velocity,6.82,common,0.6319758334021982
velocity,6.825,common,0.6334339698636616
velocity,6.83,common,0.6348925065426486
velocity,6.835,common,0.6363514533376666
velocity,6.84,common,0.6378108202933951
velocity,6.845,common,0.6392706176006852
velocity,6.85,common,0.6039372725016873
velocity,6.85,pre,0.6407308555964247
velocity,6.85,post,0.6039372725016873
velocity,6.855,common,0.6052758105792834
velocity,6.86,common,0.6066148608682124
velocity,6.865,common,0.6079544338547905
velocity,6.87,common,0.6092945401560863
velocity,6.875,common,0.6106351905191719
velocity,6.88,common,0.6119763958202289
velocity,6.885,common,0.6133181670635071
velocity,6.89,common,0.61466051538013
velocity,6.895,common,0.6160034520267637
velocity,6.9,common,0.5776054876887171
velocity,6.9,pre,0.6173469883840988
velocity,6.9,post,0.5776054876887171
velocity,6.905,common,0.5788212388666238
velocity,6.91,common,0.5800376684128038
velocity,6.915,common,0.5812547875890174
velocity,6.92,common,0.582472607758275
velocity,6.925,common,0.5836911403826422
velocity,6.93,common,0.5849103970208717
velocity,6.935,common,0.5861303893258895
velocity,6.94,common,0.5873511290421043
velocity,6.945,common,0.5885726280025766
velocity,6.95,common,0.5476804294613031
velocity,6.95,pre,0.5897948981259865
velocity,6.95,post,0.5476804294613031
velocity,6.955,common,0.5487715025234492
velocity,6.96,common,0.5498634314831746
velocity,6.965,common,0.5509562277745826
velocity,6.97,common,0.5520499028872149
velocity,6.975,common,0.5531444683624362
velocity,6.98,common,0.5542399357896384
velocity,6.985,common,0.5553363168023244
velocity,6.99,common,0.5564336230740216
velocity,6.995,common,0.5575318663140728
velocity,7.0,common,0.5148744043631358
velocity,7.0,pre,0.5586310582632785
velocity,7.0,post,0.5148744043631358
velocity,7.005,common,0.5158420594305858
velocity,7.01,common,0.5168107528561254
velocity,7.015,common,0.5177804954335777
velocity,7.02,common,0.5187512979521205
velocity,7.025,common,0.5197231711915605
velocity,7.03,common,0.5206961259175109
velocity,7.035,common,0.5216701728764542
velocity,7.04,common,0.5226453227907156
velocity,7.045,common,0.5236215863533498
velocity,7.05,common,0.48006016582992117
velocity,7.05,pre,0.524598974222938
velocity,7.05,post,0.48006016582992117
velocity,7.055,common,0.4809090434468633
velocity,7.06,common,0.48175913876306
velocity,7.065,common,0.4826104609407812
velocity,7.07,common,0.483463019068824
velocity,7.075,common,0.4843168221573572
velocity,7.08,common,0.48517187913277143
velocity,7.085,common,0.4860281988324853
velocity,7.09,common,0.4868857899997254
velocity,7.095,common,0.48774466127829863
velocity,7.1,common,0.44423014776313346
velocity,7.1,pre,0.48860482120735743
velocity,7.1,post,0.44423014776313346
velocity,7.105,common,0.4449683489160765
velocity,7.11,common,0.44570793475646825
velocity,7.115,common,0.44644891171151346
velocity,7.12,common,0.447191286066478
velocity,7.125,common,0.4479350639601173
velocity,7.13,common,0.4486802513801698
velocity,7.135,common,0.449426854158914
velocity,7.14,common,0.45017487796878447
velocity,7.145,common,0.45092432831808577
velocity,7.15,common,0.40844272021584493
velocity,7.15,pre,0.4516752105467696
velocity,7.15,post,0.40844272021584493
velocity,7.155,common,0.409081723193533
velocity,7.16,common,0.40972225573235344
velocity,7.165,common,0.4103643204126755
velocity,7.17,common,0.4110079196171548
velocity,7.175,common,0.41165305552789627
velocity,7.18,common,0.41229973012377186
velocity,7.185,common,0.41294794517789035
velocity,7.19,common,0.4135977022552236
velocity,7.195,common,0.4142490027104222
velocity,7.2,common,0.3737625256226843
velocity,7.2,pre,0.4149018476857781
velocity,7.2,post,0.3737625256226843
velocity,7.205,common,0.37431693616887207
velocity,7.21,common,0.3748729895850112
velocity,7.215,common,0.37543068362689475
velocity,7.22,common,0.3759900158240953
velocity,7.225,common,0.37655098348004523
velocity,7.23,common,0.3771135836723443
velocity,7.235,common,0.37767781325328786
velocity,7.24,common,0.37824366885063243
velocity,7.245,common,0.378811146868604
velocity,7.25,common,0.3412019874724805
velocity,7.25,pre,0.37938024348914023
velocity,7.25,post,0.3412019874724805
velocity,7.255,common,0.34168911495307747
velocity,7.26,common,0.34217795885637664
velocity,7.265,common,0.3426685114484929
velocity,7.27,common,0.34316076478330765
velocity,7.275,common,0.3436547107064175
velocity,7.28,common,0.34415034085935053
velocity,7.285,common,0.3446476466840415
velocity,7.29,common,0.34514661942756847
velocity,7.295,common,0.34564725014715736
velocity,7.3,common,0.31166835123287706
velocity,7.3,pre,0.3461495297154491
velocity,7.3,post,0.31166835123287706
velocity,7.305,common,0.3121075800096724
velocity,7.31,common,0.3125485530348099
velocity,7.315,common,0.31299125693730767
velocity,7.32,common,0.3134356782035549
velocity,7.325,common,0.31388180318556874
velocity,7.33,common,0.31432961810950694
velocity,7.335,common,0.3147791090844126
velocity,7.34,common,0.31523026211118693
velocity,7.345,common,0.3156830630917875
velocity,7.35,common,0.2859162693898728
velocity,7.35,pre,0.3161374978386484
velocity,7.35,post,0.2859162693898728
velocity,7.355,common,0.28632816229671726
velocity,7.36,common,0.2867417787268249
velocity,7.365,common,0.28715710024526453
velocity,7.37,common,0.2875741084065848
velocity,7.375,common,0.2879927847670044
velocity,7.38,common,0.28841311089675775
velocity,7.385,common,0.2888350683925743
velocity,7.39,common,0.2892586388902894
velocity,7.395,common,0.28968380407756356
velocity,7.4,common,0.2645028958325018
velocity,7.4,pre,0.29011054570670886
velocity,7.4,post,0.2645028958325018
velocity,7.405,common,0.264907966709429
velocity,7.41,common,0.2653146931925578
velocity,7.415,common,0.2657230532166168
velocity,7.42,common,0.2661330248957135
velocity,7.425,common,0.26654458653801666
velocity,7.43,common,0.2669577166604287
velocity,7.435,common,0.26737239400322865
velocity,7.44,common,0.2677885975446787
velocity,7.445,common,0.26820630651557387
velocity,7.45,common,0.2477445467496773
velocity,7.45,pre,0.2686255004137198
velocity,7.45,post,0.2477445467496773
velocity,7.455,common,0.24816173541150433
velocity,7.46,common,0.24858047157317897
velocity,7.465,common,0.24900073181444143
velocity,7.47,common,0.24942249312107279
velocity,7.475,common,0.24984573289962594
velocity,7.48,common,0.2502704289919416
velocity,7.485,common,0.25069655968943805
velocity,7.49,common,0.2511241037471633
velocity,7.495,common,0.251553040397598
velocity,7.5,common,0.23568275275697761
velocity,7.5,pre,0.2519833493641852
velocity,7.5,post,0.23568275275697761
velocity,7.505,common,0.23612784995333988
velocity,7.51,common,0.2365743607647173
velocity,7.515,common,0.2370222632610308
velocity,7.52,common,0.23747153614449196
velocity,7.525,common,0.23792215876140635
velocity,7.53,common,0.23837411111358597
velocity,7.535,common,0.23882737386935618
velocity,7.54,common,0.23928192837413556
velocity,7.545,common,0.23973775666059088
velocity,7.55,common,0.22807732969702046
velocity,7.55,pre,0.24019484145835926
velocity,7.55,post,0.22807732969702046
velocity,7.555,common,0.22856180782852198
velocity,7.56,common,0.2290475622405045
velocity,7.565,common,0.22953457537552896
velocity,7.57,common,0.23002283048979352
velocity,7.575,common,0.2305123116594032
velocity,7.58,common,0.2310030037861096
velocity,7.585,common,0.2314948926025357
velocity,7.59,common,0.23198796467685923
velocity,7.595,common,0.23248220741697018
velocity,7.6,common,0.2244427013460149
velocity,7.6,pre,0.23297760907407883
velocity,7.6,post,0.2244427013460149
velocity,7.605,common,0.22497337039006263
velocity,7.61,common,0.22550520203356852
velocity,7.615,common,0.2260381853735609
velocity,7.62,common,0.2265723104209462
velocity,7.625,common,0.2271075680997672
velocity,7.63,common,0.22764395024591408
velocity,7.635,common,0.22818144960527958
velocity,7.64,common,0.2287200598313646
velocity,7.645,common,0.22925977548233234
velocity,7.65,common,0.22412537484280537
velocity,7.65,pre,0.22980059201751732
velocity,7.65,post,0.22412537484280537
velocity,7.655,common,0.22470492438647788
velocity,7.66,common,0.22528557141021818
velocity,7.665,common,0.22586731286761108
velocity,7.67,common,0.22645014663022753
velocity,7.675,common,0.22703407147990357
velocity,7.68,common,0.22761908710053957
velocity,7.685,common,0.22820519406938947
velocity,7.69,common,0.22879239384788044
velocity,7.695,common,0.22938068877194695
velocity,7.7,common,0.226398284367792
velocity,7.7,pre,0.22997008204190292
velocity,7.7,post,0.226398284367792
velocity,7.705,common,0.22702636023779543
velocity,7.71,common,0.2276555325677079
velocity,7.715,common,0.22828580615762928
velocity,7.72,common,0.2289171866419363
velocity,7.725,common,0.22954968047586669
velocity,7.73,common,0.2301832949217132
velocity,7.735,common,0.23081803803467202
velocity,7.74,common,0.2314539186483242
velocity,7.745,common,0.2320909463597732
velocity,7.75,common,0.23054159807387617
velocity,7.75,pre,0.2327291315144659
velocity,7.75,post,0.23054159807387617
velocity,7.755,common,0.23121592698570137
velocity,7.76,common,0.23189141837638796
velocity,7.765,common,0.23256808386957503
velocity,7.77,common,0.23324593577562613
velocity,7.775,common,0.2339249870744665
velocity,7.78,common,0.23460525139821195
velocity,7.785,common,0.2352867430135737
velocity,7.79,common,0.23596947680409638
velocity,7.795,common,0.23665346825219347
velocity,7.8,common,0.23589249582274277
velocity,7.8,pre,0.23733873342102732
velocity,7.8,post,0.23589249582274277
velocity,7.805,common,0.23660973470765329
velocity,7.81,common,0.23732826103957175
velocity,7.815,common,0.23804809160153703
velocity,7.82,common,0.23876924368117408
velocity,7.825,common,0.2394917350519452
velocity,7.83,common,0.24021558395433373
velocity,7.835,common,0.2409408090769973
velocity,7.84,common,0.24166742953789253
velocity,7.845,common,0.24239546486538222
velocity,7.85,common,0.24186411372208744
velocity,7.85,pre,0.24312493497933585
velocity,7.85,post,0.24186411372208744
velocity,7.855,common,0.24262034287505535
velocity,7.86,common,0.2433780284881994
velocity,7.865,common,0.24413719057996847
velocity,7.87,common,0.24489784948365972
velocity,7.875,common,0.2456600258290227
velocity,7.88,common,0.24642374052394292
velocity,7.885,common,0.2471890147362483
velocity,7.89,common,0.24795586987561866
velocity,7.895,common,0.24872432757562882
velocity,7.9,common,0.24794393720606872
velocity,7.9,pre,0.24949440967592187
velocity,7.9,post,0.24794393720606872
velocity,7.905,common,0.24873486977400286
velocity,7.91,common,0.24952745450713107
velocity,7.915,common,0.2503217127750432
velocity,7.92,common,0.2511176660857996
velocity,7.925,common,0.25191533606941235
velocity,7.93,common,0.25271474446154657
velocity,7.935,common,0.25351591308743193
velocity,7.94,common,0.25431886384599295
velocity,7.945,common,0.2551236186942377
velocity,7.95,common,0.25368309644622905
velocity,7.95,pre,0.2559301996318514
velocity,7.95,post,0.25368309644622905
velocity,7.955,common,0.2545041204330652
velocity,7.96,common,0.25532700236585765
velocity,7.965,common,0.2561517633145226
velocity,7.97,common,0.25697842433835316
velocity,7.975,common,0.25780700647241345
velocity,7.98,common,0.25863753071421286
velocity,7.985,common,0.25947001801067976
velocity,7.99,common,0.26030448924540245
velocity,7.995,common,0.26114096522618324
velocity,8.0,common,0.25868479703605574
velocity,8.0,pre,0.2619794666728789
velocity,8.0,post,0.25868479703605574
velocity,8.005,common,0.25953094910587415
velocity,8.01,common,0.26037916087419816
velocity,8.015,common,0.26122945179329976
velocity,8.02,common,0.26208184119034916
velocity,8.025,common,0.26293634825719525
velocity,8.03,common,0.2637929920405081
velocity,8.035,common,0.2646517914321544
velocity,8.04,common,0.265512765159962
velocity,8.045,common,0.26637593177870983
velocity,8.05,common,0.262596413065348
velocity,8.05,pre,0.2672413096614922
velocity,8.05,post,0.262596413065348
velocity,8.055,common,0.2634623503586508
velocity,8.06,common,0.2643305341372444
velocity,8.065,common,0.2652009812786363
velocity,8.07,common,0.2660737084571343
velocity,8.075,common,0.2669487321370948
velocity,8.08,common,0.2678260685664052
velocity,8.085,common,0.2687057337703079
velocity,8.09,common,0.26958774354545384
velocity,8.095,common,0.27047211345425537
velocity,8.1,common,0.2651071299416367
velocity,8.1,pre,0.2713588588195417
velocity,8.1,post,0.2651071299416367
velocity,8.105,common,0.2659871376243051
velocity,8.11,common,0.26686955577715527
velocity,8.115,common,0.26775439808654183
velocity,8.12,common,0.2686416779915844
velocity,8.125,common,0.26953140868038455
velocity,8.13,common,0.2704236030865565
velocity,8.135,common,0.2713182738859393
velocity,8.14,common,0.27221543349353833
velocity,8.145,common,0.27311509406070983
velocity,8.15,common,0.26595150130162887
velocity,8.15,pre,0.2740172674725149
velocity,8.15,post,0.26595150130162887
velocity,8.155,common,0.266839554433393
velocity,8.16,common,0.26773015404193673
velocity,8.165,common,0.2686233102986568
velocity,8.17,common,0.2695190331123782
velocity,8.175,common,0.2704173321280286
velocity,8.18,common,0.2713182167254447
velocity,8.185,common,0.2722216960183012
velocity,8.19,common,0.273127778853256
velocity,8.195,common,0.27403647380915536
velocity,8.2,common,0.26491843320149283
velocity,8.2,pre,0.27494778919644053
velocity,8.2,post,0.26491843320149283
velocity,8.205,common,0.2658083199715996
velocity,8.21,common,0.2667008581547333
velocity,8.215,common,0.26759605431517103
velocity,8.22,common,0.26849391476134343
velocity,8.225,common,0.26939444554610953
velocity,8.23,common,0.2702976524669966
velocity,8.235,common,0.2712035410666346
velocity,8.24,common,0.27211211663312823
velocity,8.245,common,0.27302338420059086
velocity,8.25,common,0.26186449035747705
velocity,8.25,pre,0.27393734854963064
velocity,8.25,post,0.26186449035747705
velocity,8.255,common,0.26274999641777863
velocity,8.26,common,0.26363822618803606
velocity,8.265,common,0.26452918270306797
velocity,8.27,common,0.2654228687634449
velocity,8.275,common,0.26631928693641543
velocity,8.28,common,0.2672184395569218
velocity,8.285,common,0.26812032872849356
velocity,8.29,common,0.2690249563242381
velocity,8.295,common,0.2699323239877012
velocity,8.3,common,0.25672977024178517
velocity,8.3,pre,0.2708424331337904
velocity,8.3,post,0.25672977024178517
velocity,8.305,common,0.2576049177147786
velocity,8.31,common,0.2584828280351413
velocity,8.315,common,0.25936350090044097
velocity,8.32,common,0.2602469358036076
velocity,8.325,common,0.26113313203392663
velocity,8.33,common,0.2620220886778579
velocity,8.335,common,0.2629138046198788
velocity,8.34,common,0.2638082785431709
velocity,8.345,common,0.2647055089302471
velocity,8.35,common,0.24955387043848234
velocity,8.35,pre,0.26560549406354134
velocity,8.35,post,0.24955387043848234
velocity,8.355,common,0.25041319819238134
velocity,8.36,common,0.2512752949323457
velocity,8.365,common,0.252140157281417
velocity,8.37,common,0.2530077816901335
velocity,8.375,common,0.253878164436777
velocity,8.38,common,0.25475130162757786
velocity,8.385,common,0.25562718919677874
velocity,8.39,common,0.25650582290654217
velocity,8.395,common,0.25738719834683454
velocity,8.4,common,0.24048885244118623
velocity,8.4,pre,0.258271310935086
velocity,8.4,post,0.24048885244118623
velocity,8.405,common,0.24132771582049434
velocity,8.41,common,0.24216932190039459
velocity,8.415,common,0.24301366453324433
velocity,8.42,common,0.2438607374291624
velocity,8.425,common,0.24471053415528574
velocity,8.43,common,0.24556304813484908
velocity,8.435,common,0.24641827264610724
velocity,8.44,common,0.24727620082122176
velocity,8.445,common,0.2481368256449172
velocity,8.45,common,0.22980587370129033
velocity,8.45,pre,0.249000139953132
velocity,8.45,post,0.22980587370129033
velocity,8.455,common,0.23062073293931243
velocity,8.46,common,0.23143827698700603
velocity,8.465,common,0.23225849725743408
velocity,8.47,common,0.23308138504745207
velocity,8.475,common,0.23390693153568218
velocity,8.48,common,0.23473512778026903
velocity,8.485,common,0.23556596471665345
velocity,8.49,common,0.23639943315511375
velocity,8.495,common,0.2372355237783183
velocity,8.5,common,0.21789256514378505
velocity,8.5,pre,0.23807422713870716
velocity,8.5,post,0.21789256514378505
velocity,8.505,common,0.2186812240735598
velocity,8.51,common,0.21947247933216296
velocity,8.515,common,0.2202663202566086
velocity,8.52,common,0.2210627360885517
velocity,8.525,common,0.2218617159709135
velocity,8.53,common,0.22266324894453085
velocity,8.535,common,0.2234673239446099
velocity,8.54,common,0.22427392979728072
velocity,8.545,common,0.22508305521594388
velocity,8.55,common,0.20523928148605092
velocity,8.55,pre,0.2258946887977043
velocity,8.55,post,0.20523928148605092
velocity,8.555,common,0.206001034239875
velocity,8.56,common,0.20676526561324085
velocity,8.565,common,0.20753196328388634
velocity,8.57,common,0.20830111485027067
velocity,8.575,common,0.2090727078272128
velocity,8.58,common,0.20984672964146756
velocity,8.585,common,0.21062316762737124
velocity,8.59,common,0.21140200902243275
velocity,8.595,common,0.21218324096295493
velocity,8.6,common,0.19241372944360705
velocity,8.6,pre,0.21296685047974762
velocity,8.6,post,0.19241372944360705
velocity,8.605,common,0.19314937510302452
velocity,8.61,common,0.19388735462000328
velocity,8.615,common,0.19462765451903413
velocity,8.62,common,0.19537026125813997
velocity,8.625,common,0.19611516122376507
velocity,8.63,common,0.19686234072581418
velocity,8.635,common,0.19761178599272014
velocity,8.64,common,0.1983634831665961
velocity,8.645,common,0.19911741829854016
velocity,8.65,common,0.1800246877472169
velocity,8.65,pre,0.19987357734396285
velocity,8.65,post,0.1800246877472169
velocity,8.655,common,0.18073638479753548
velocity,8.66,common,0.18145024779548732
velocity,8.665,common,0.18216626274678496
velocity,8.67,common,0.18288441560157817
velocity,8.675,common,0.1836046922492165
velocity,8.68,common,0.18432707851311264
velocity,8.685,common,0.18505156014574783
velocity,8.69,common,0.18577812282390502
velocity,8.695,common,0.18650675214401882
velocity,8.7,common,0.16867631733572924
velocity,8.7,pre,0.18723743361775255
velocity,8.7,post,0.16867631733572924
velocity,8.705,common,0.16936727660354634
velocity,8.71,common,0.17006021774235935
velocity,8.715,common,0.17075512702208642
velocity,8.72,common,0.17145199066708047
velocity,8.725,common,0.17215079485117488
velocity,8.73,common,0.17285152569286752
velocity,8.735,common,0.17355416925083994
velocity,8.74,common,0.17425871151961966
velocity,8.745,common,0.17496513842556458
velocity,8.75,common,0.15891544397700197
velocity,8.75,pre,0.1756734358230194
velocity,8.75,post,0.15891544397700197
velocity,8.755,common,0.1595895050838831
velocity,8.76,common,0.16026535923239876
velocity,8.765,common,0.16094299385868893
velocity,8.77,common,0.1616223963620654
velocity,8.775,common,0.16230355410076738
velocity,8.78,common,0.16298645438804574
velocity,8.785,common,0.16367108448846943
velocity,8.79,common,0.16435743161460678
velocity,8.795,common,0.16504548292388038
velocity,8.8,common,0.15117657249555233
velocity,8.8,pre,0.16573522551582026
velocity,8.8,post,0.15117657249555233
velocity,8.805,common,0.15183776691078243
velocity,8.81,common,0.15250057695362926
velocity,8.815,common,0.153164992144919
velocity,8.82,common,0.15383100197501184
velocity,8.825,common,0.15449859590071985
velocity,8.83,common,0.15516776334253388
velocity,8.835,common,0.1558384936821793
velocity,8.84,common,0.15651077626046936
velocity,8.845,common,0.15718460037542617
velocity,8.85,common,0.1457341585212099
velocity,8.85,pre,0.15785995528078764
velocity,8.85,post,0.1457341585212099
velocity,8.855,common,0.14638639599880676
velocity,8.86,common,0.14704010202900225
velocity,8.865,common,0.14769526899184166
velocity,8.87,common,0.14835188924003392
velocity,8.875,common,0.14900995509722761
velocity,8.88,common,0.14966945885659697
velocity,8.885,common,0.1503303927797322
velocity,8.89,common,0.1509927490958128
velocity,8.895,common,0.15165652000109722
velocity,8.9,common,0.14267634199290244
velocity,8.9,pre,0.1523216976586653
velocity,8.9,post,0.14267634199290244
velocity,8.905,common,0.14332331429784723
velocity,8.91,common,0.14397165557777974
velocity,8.915,common,0.14462136154932587
velocity,8.92,common,0.14527242790163958
velocity,8.925,common,0.1459248502960294
velocity,8.93,common,0.14657862436583344
velocity,8.935,common,0.14723374571655673
velocity,8.94,common,0.14789020992627955
velocity,8.945,common,0.1485480125463063
velocity,8.95,common,0.1419124574463125
velocity,8.95,pre,0.1492071491020434
velocity,8.95,post,0.1419124574463125
velocity,8.955,common,0.14255773049469797
velocity,8.96,common,0.14320433077615213
velocity,8.965,common,0.14385225745162583
velocity,8.97,common,0.14450150965159306
velocity,8.975,common,0.1451520864767341
velocity,8.98,common,0.14580398699876315
velocity,8.985,common,0.1464572102615527
velocity,8.99,common,0.14711175528239795
velocity,8.995,common,0.1477676210534791
velocity,9.0,common,0.14321437014704552
velocity,9.0,pre,0.1484248065435482
velocity,9.0,post,0.14321437014704552
velocity,9.005,common,0.14386152441205896
velocity,9.01,common,0.14451002292707069
velocity,9.015,common,0.1451598680633482
velocity,9.02,common,0.14581106215542922
velocity,9.025,common,0.1464636075023845
velocity,9.03,common,0.1471175063692426
velocity,9.035,common,0.1477727609885214
velocity,9.04,common,0.14842937356196753
velocity,9.045,common,0.14908734626235284
velocity,9.05,common,0.1462761010886717
velocity,9.05,pre,0.14974668123543405
velocity,9.05,post,0.1462761010886717
velocity,9.055,common,0.146928780712344
velocity,9.06,common,0.14758287292952263
velocity,9.065,common,0.14823838283140672
velocity,9.07,common,0.14889531546164037
velocity,9.075,common,0.14955367581766107
velocity,9.08,common,0.15021346885219444
velocity,9.085,common,0.15087469947483553
velocity,9.09,common,0.15153737255364502
velocity,9.095,common,0.15220149291690402
velocity,9.1,common,0.150770069009246
velocity,9.1,pre,0.15286706535486813
velocity,9.1,post,0.150770069009246
velocity,9.105,common,0.15143189524508074
velocity,9.11,common,0.15209524121583834
velocity,9.115,common,0.15276011407612328
velocity,9.12,common,0.15342652091593076
velocity,9.125,common,0.15409446876172922
velocity,9.13,common,0.15476396457761354
velocity,9.135,common,0.15543501526647274
velocity,9.14,common,0.1561076276712143
velocity,9.145,common,0.15678180857597507
velocity,9.15,common,0.15638523162234694
velocity,9.15,pre,0.1574575647073837
velocity,9.15,post,0.15638523162234694
velocity,9.155,common,0.15705962396789694
velocity,9.16,common,0.15773566763326127
velocity,9.165,common,0.1584133710842321
velocity,9.17,common,0.1590927426977956
velocity,9.175,common,0.1597737907626844
velocity,9.18,common,0.16045652347993425
velocity,9.185,common,0.16114094896343972
velocity,9.19,common,0.16182707524047718
velocity,9.195,common,0.16251491025228515
velocity,9.2,common,0.16284424914640905
velocity,9.2,pre,0.1632044618545478
velocity,9.2,post,0.16284424914640905
velocity,9.205,common,0.16353422059707542
velocity,9.21,common,0.1642259853723305
velocity,9.215,common,0.1649195524525825
velocity,9.22,common,0.1656149306983621
velocity,9.225,common,0.16631212885019145
velocity,9.23,common,0.16701115552846602
velocity,9.235,common,0.16771201923329462
velocity,9.24,common,0.16841472834432236
velocity,9.245,common,0.1691192911205092
velocity,9.25,common,0.1699047468392302
velocity,9.25,pre,0.16982571569991134
velocity,9.25,post,0.1699047468392302
velocity,9.255,common,0.17061271775575218
velocity,9.26,common,0.17132262178367144
velocity,9.265,common,0.17203446761716
velocity,9.27,common,0.1727482637939058
velocity,9.275,common,0.17346401869438546
velocity,9.28,common,0.17418174054106836
velocity,9.285,common,0.1749014373976071
velocity,9.29,common,0.1756231171680045
velocity,9.295,common,0.176346787595721
velocity,9.3,common,0.17735180983499607
velocity,9.3,pre,0.17707245626275916
velocity,9.3,post,0.17735180983499607
velocity,9.305,common,0.17807945673075773
velocity,9.31,common,0.17880916344120107
velocity,9.315,common,0.17954093760323217
velocity,9.32,common,0.18027478665743518
velocity,9.325,common,0.18101071784680972
velocity,9.33,common,0.18174873821548782
velocity,9.335,common,0.18248885460742834
velocity,9.34,common,0.1832310736650627
velocity,9.345,common,0.18397540182792435
velocity,9.35,common,0.18498745839451827
velocity,9.35,pre,0.1847218453312621
velocity,9.35,post,0.18498745839451827
velocity,9.355,common,0.18573559781194224
velocity,9.36,common,0.18648590165934067
velocity,9.365,common,0.18723837580533093
velocity,9.37,common,0.18799302588177969
velocity,9.375,common,0.1887498572822407
velocity,9.38,common,0.18950887516037343
velocity,9.385,common,0.19027008442835444
velocity,9.39,common,0.19103348975526355
velocity,9.395,common,0.19179909556546246
velocity,9.4,common,0.19262064551961453
velocity,9.4,pre,0.1925669060369487
velocity,9.4,post,0.19262064551961453
velocity,9.405,common,0.19338914879551153
velocity,9.41,common,0.19415989187352323
velocity,9.415,common,0.19493287822899988
velocity,9.42,common,0.19570811106232747
velocity,9.425,common,0.19648559329730758
velocity,9.43,common,0.1972653275795552
velocity,9.435,common,0.1980473162748596
velocity,9.44,common,0.19883156146759112
velocity,9.445,common,0.19961806495907738
velocity,9.45,common,0.2000595330003895
velocity,9.45,pre,0.2004068282659948
velocity,9.45,post,0.2000595330003895
velocity,9.455,common,0.20084726923668117
velocity,9.46,common,0.20163728605909598
velocity,9.465,common,0.20242958403206765
velocity,9.47,common,0.20322416341174107
velocity,9.475,common,0.20402102414456152
velocity,9.48,common,0.2048201658658669
velocity,9.485,common,0.20562158789853222
velocity,9.49,common,0.20642528925160378
velocity,9.495,common,0.20723126861899077
velocity,9.5,common,0.20710667495826796
velocity,9.5,pre,0.2080395243781464
velocity,9.5,post,0.20710667495826796
velocity,9.505,common,0.20791148233414933
velocity,9.51,common,0.208718572905386
velocity,9.515,common,0.2095279439313166
velocity,9.52,common,0.21033959233689944
velocity,9.525,common,0.2111535147117528
velocity,9.53,common,0.21196970730924775
velocity,9.535,common,0.21278816604561965
velocity,9.54,common,0.21360888649916776
velocity,9.545,common,0.21443186390944913
velocity,9.55,common,0.21355714021066458
velocity,9.55,pre,0.21525709317657662
velocity,9.55,post,0.21355714021066458
velocity,9.555,common,0.2143758277848794
velocity,9.56,common,0.21519676109346272
velocity,9.565,common,0.2160199338308523
velocity,9.57,common,0.21684533934022523
velocity,9.575,common,0.21767297061323923
velocity,9.58,common,0.2185028202898233
velocity,9.585,common,0.2193348806580605
velocity,9.59,common,0.22016914365411502
velocity,9.595,common,0.2210056008622274
velocity,9.6,common,0.21919936463003553
velocity,9.6,pre,0.22184424351482657
velocity,9.6,post,0.21919936463003553
velocity,9.605,common,0.22002774756720564
velocity,9.61,common,0.22085829841975355
velocity,9.615,common,0.2216910071981018
velocity,9.62,common,0.22252586355535336
velocity,9.625,common,0.22336285678791676
velocity,9.63,common,0.2242019758362341
velocity,9.635,common,0.22504320928559174
velocity,9.64,common,0.22588654536701921
velocity,9.645,common,0.22673197195828548
velocity,9.65,common,0.22381850904646886
velocity,9.65,pre,0.22757947658497038
velocity,9.65,post,0.22381850904646886
velocity,9.655,common,0.22465148012485883
velocity,9.66,common,0.22548650216867722
velocity,9.665,common,0.22632356152876631
velocity,9.67,common,0.22716264420458607
velocity,9.675,common,0.22800373584595285
velocity,9.68,common,0.22884682175485002
velocity,9.685,common,0.22969188688733932
velocity,9.69,common,0.23053891585561667
velocity,9.695,common,0.23138789293012127
velocity,9.7,common,0.22720219711239378
velocity,9.7,pre,0.2322388020418115
velocity,9.7,post,0.22720219711239378
velocity,9.705,common,0.22803383695272086
velocity,9.71,common,0.22886737433219465
velocity,9.715,common,0.22970279211051653
velocity,9.72,common,0.2305400728149059
velocity,9.725,common,0.23137919864304296
velocity,9.73,common,0.2322201514660731
velocity,9.735,common,0.23306291283181332
velocity,9.74,common,0.23390746396799217
velocity,9.745,common,0.2347537857856746
velocity,9.75,common,0.22914861008202528
velocity,9.75,pre,0.23560185888276614
velocity,9.75,post,0.22914861008202528
velocity,9.755,common,0.22997233807842976
velocity,9.76,common,0.2307977777292449
velocity,9.765,common,0.23162490871495212
velocity,9.77,common,0.23245371041595347
velocity,9.775,common,0.23328416191675952
velocity,9.78,common,0.2341162420103659
velocity,9.785,common,0.23494992920269128
velocity,9.79,common,0.23578520171721104
velocity,9.795,common,0.23662203749963556
velocity,9.8,common,0.22947691131495837
velocity,9.8,pre,0.2374604142227907
velocity,9.8,post,0.22947691131495837
velocity,9.805,common,0.23028567868167818
velocity,9.81,common,0.23109594471454203
velocity,9.815,common,0.23190768636906478
velocity,9.82,common,0.2327208803467337
velocity,9.825,common,0.23353550310059223
velocity,9.83,common,0.23435153084086424
velocity,9.835,common,0.23516893954078802
velocity,9.84,common,0.23598770494250398
velocity,9.845,common,0.23680780256309247
velocity,9.85,common,0.22803977889227975
velocity,9.85,pre,0.23762920770076126
velocity,9.85,post,0.22803977889227975
velocity,9.855,common,0.22882630419793168
velocity,9.86,common,0.22961409478778746
velocity,9.865,common,0.23040312548703873
velocity,9.87,common,0.23119337092643885
velocity,9.875,common,0.23198480554910475
velocity,9.88,common,0.23277740361747173
velocity,9.885,common,0.23357113922033906
velocity,9.89,common,0.23436598628001884
velocity,9.895,common,0.23516191855964508
velocity,9.9,common,0.22473741795650218
velocity,9.9,pre,0.23595890967052524
velocity,9.9,post,0.22473741795650218
velocity,9.905,common,0.22549446356842076
velocity,9.91,common,0.22625252880963806
velocity,9.915,common,0.22701158710653213
velocity,9.92,common,0.2277716117632104
velocity,9.925,common,0.22853257596953455
velocity,9.93,common,0.22929445280917524
velocity,9.935,common,0.23005721526776798
velocity,9.94,common,0.23082083624120053
velocity,9.945,common,0.2315852885439394
velocity,9.95,common,0.21953186880789158
velocity,9.95,pre,0.2323505449175015
velocity,9.95,post,0.21953186880789158
velocity,9.955,common,0.22025255360603557
velocity,9.96,common,0.22097400971278025
velocity,9.965,common,0.2216962100165631
velocity,9.97,common,0.22241912736686725
velocity,9.975,common,0.22314273458317446
velocity,9.98,common,0.22386700446388225
velocity,9.985,common,0.2245919097954222
velocity,9.99,common,0.22531742336130203
velocity,9.995,common,0.22604351795134664
velocity,10.0,common,0.2124598711016499
velocity,10.0,pre,0.22677016637086797
velocity,10.0,post,0.2124598711016499
velocity,10.005,common,0.21313801089692977
velocity,10.01,common,0.2138166821735266
velocity,10.015,common,0.21449585825889697
velocity,10.02,common,0.2151755125334867
velocity,10.025,common,0.21585561844022974
velocity,10.03,common,0.2165361494941528
velocity,10.035,common,0.21721707929190887
velocity,10.04,common,0.2178983815214571
velocity,10.045,common,0.2185800299716528
velocity,10.05,common,0.2036421904499255
velocity,10.05,pre,0.21926199854194642
velocity,10.05,post,0.2036421904499255
velocity,10.055,common,0.20427265350576373
velocity,10.06,common,0.2049034294408341
velocity,10.065,common,0.2055344930926447
velocity,10.07,common,0.20616581944867343
velocity,10.075,common,0.2067973836561422
velocity,10.08,common,0.2074291610316924
velocity,10.085,common,0.20806112707112964
velocity,10.09,common,0.20869325745909423
velocity,10.095,common,0.20932552807870766
velocity,10.1,common,0.19328735401803598
velocity,10.1,pre,0.20995791502125322
velocity,10.1,post,0.19328735401803598
velocity,10.105,common,0.19386641595920862
velocity,10.11,common,0.19444560764189533
velocity,10.115,common,0.1950249065456679
velocity,10.12,common,0.19560429039757485
velocity,10.125,common,0.19618373718152948
velocity,10.13,common,0.19676322514770167
velocity,10.135,common,0.19734273282181702
velocity,10.14,common,0.19792223901436218
velocity,10.145,common,0.1985017228297735
velocity,10.15,common,0.18168828151338148
velocity,10.15,pre,0.1990811636754781
velocity,10.15,post,0.18168828151338148
velocity,10.155,common,0.18221396252369715
velocity,10.16,common,0.18273964114748417
velocity,10.165,common,0.18326529865300895
velocity,10.17,common,0.1837909166480479
velocity,10.175,common,0.18431647708848434
velocity,10.18,common,0.18484196228672364
velocity,10.185,common,0.18536735491994882
velocity,10.19,common,0.18589263803835054
velocity,10.195,common,0.18641779507313302
velocity,10.2,common,0.16921128727637608
velocity,10.2,pre,0.1869428098444515
velocity,10.2,post,0.16921128727637608
velocity,10.205,common,0.16968365471575922
velocity,10.21,common,0.17015595508396814
velocity,10.215,common,0.1706281745355265
velocity,10.22,common,0.17110029964415296
velocity,10.225,common,0.17157231740981935
velocity,10.23,common,0.17204421526550429
velocity,10.235,common,0.17251598108392346
velocity,10.24,common,0.1729876031839214
velocity,10.245,common,0.17345907033682229
velocity,10.25,common,0.1562781366453638
velocity,10.25,pre,0.17393037177247805
velocity,10.25,post,0.1562781366453638
velocity,10.255,common,0.15669955619279374
velocity,10.26,common,0.15712092795926258
velocity,10.265,common,0.1575422439471524
velocity,10.27,common,0.15796349663693005
velocity,10.275,common,0.1583846789918478
velocity,10.28,common,0.158805784462537
velocity,10.285,common,0.15922680699125027
velocity,10.29,common,0.15964774101601265
velocity,10.295,common,0.16006858147438824
velocity,10.3,common,0.14334288779673796
velocity,10.3,pre,0.16048932380712935
velocity,10.3,post,0.14334288779673796
velocity,10.305,common,0.14371820166135257
velocity,10.31,common,0.14409358617312162
velocity,10.315,common,0.14446903988518095
velocity,10.32,common,0.14484456185657724
velocity,10.325,common,0.14522015165410732
velocity,10.33,common,0.1455958093538269
velocity,10.335,common,0.14597153554234213
velocity,10.34,common,0.146347331317761
velocity,10.345,common,0.14672319829040065
velocity,10.35,common,0.13086571514678788
velocity,10.35,pre,0.14709913858323498
velocity,10.35,post,0.13086571514678788
velocity,10.355,common,0.13120231021105946
velocity,10.36,common,0.131539204623944
velocity,10.365,common,0.1318764037554431
velocity,10.37,common,0.13221391346636477
velocity,10.375,common,0.13255174010643672
velocity,10.38,common,0.13288989051219907
velocity,10.385,common,0.13322837200452273
velocity,10.39,common,0.13356719238585701
velocity,10.395,common,0.13390635993719874
velocity,10.4,common,0.11928549572797686
velocity,10.4,pre,0.13424588341468718
velocity,10.4,post,0.11928549572797686
velocity,10.405,common,0.11959319177643998
velocity,10.41,common,0.11990152874627633
velocity,10.415,common,0.12021051840351597
velocity,10.42,common,0.12052017293329155
velocity,10.425,common,0.12083050493383787
velocity,10.43,common,0.12114152741018239
velocity,10.435,common,0.12145325376748715
velocity,10.44,common,0.12176569780416124
velocity,10.445,common,0.12207887370463213
velocity,10.45,common,0.10899176059770874
velocity,10.45,pre,0.12239279603187164
velocity,10.45,post,0.10899176059770874
velocity,10.455,common,0.10928240362278113
velocity,10.46,common,0.10957412946893945
velocity,10.465,common,0.10986695488608259
velocity,10.47,common,0.11016089690365027
velocity,10.475,common,0.11045597282044693
velocity,10.48,common,0.11075220019414093
velocity,10.485,common,0.1110495968306542
velocity,10.49,common,0.11134818077319748
velocity,10.495,common,0.11164797029116924
velocity,10.5,common,0.10029558586522307
velocity,10.5,pre,0.11194898386882622
velocity,10.5,post,0.10029558586522307
velocity,10.505,common,0.10058220799639561
velocity,10.51,common,0.10087042036259955
velocity,10.515,common,0.10116024205887929
velocity,10.52,common,0.10145169225231226
velocity,10.525,common,0.10174479016872767
velocity,10.53,common,0.10203955507935403
velocity,10.535,common,0.10233600628729916
velocity,10.54,common,0.10263416311409858
velocity,10.545,common,0.10293404488603847
velocity,10.55,common,0.09339995830591866
velocity,10.55,pre,0.10323567092055326
velocity,10.55,post,0.09339995830591866
velocity,10.555,common,0.09369543960870688
velocity,10.56,common,0.09399302438160474
velocity,10.565,common,0.09429273030339537
velocity,10.57,common,0.09459457487454874
velocity,10.575,common,0.09489857540360935
velocity,10.58,common,0.09520474899366031
velocity,10.585,common,0.0955131125290178
velocity,10.59,common,0.0958236826620076
velocity,10.595,common,0.09613647579993333
velocity,10.6,common,0.08837457226573037
velocity,10.6,pre,0.09645150809226864
velocity,10.6,post,0.08837457226573037
velocity,10.605,common,0.08868997617847335
velocity,10.61,common,0.08900792709196627
velocity,10.615,common,0.0893284370997717
velocity,10.62,common,0.0896515178801331
velocity,10.625,common,0.08997718068597822
velocity,10.63,common,0.09030543633529126
velocity,10.635,common,0.09063629520183072
velocity,10.64,common,0.09096976720628518
velocity,10.645,common,0.09130586180780581
velocity,10.65,common,0.0851457227475094
velocity,10.65,pre,0.09164458799593336
velocity,10.65,post,0.0851457227475094
velocity,10.655,common,0.08548878859989731
velocity,10.66,common,0.08583470623536263
velocity,10.665,common,0.08618347879633184
velocity,10.67,common,0.08653510885439225
velocity,10.675,common,0.08688959840739797
velocity,10.68,common,0.08724694887712449
velocity,10.685,common,0.08760716110731102
velocity,10.69,common,0.0879702353623546
velocity,10.695,common,0.08833617132639363
velocity,10.7,common,0.08351177721077166
velocity,10.7,pre,0.08870496810298233
velocity,10.7,post,0.08351177721077166
velocity,10.705,common,0.0838861434348211
velocity,10.71,common,0.08426348912661759
velocity,10.715,common,0.08464380695353219
velocity,10.72,common,0.08502708898006167
velocity,10.725,common,0.08541332667313936
velocity,10.73,common,0.08580251090793627
velocity,10.735,common,0.0861946319741143
velocity,10.74,common,0.08658967958254425
velocity,10.745,common,0.08698764287246376
velocity,10.75,common,0.08318385185894416
velocity,10.75,pre,0.08738851041905232
velocity,10.75,post,0.08318385185894416
velocity,10.755,common,0.08358925110466049
velocity,10.76,common,0.0839975821010491
velocity,10.765,common,0.08440882757225594
velocity,10.77,common,0.08482296972507071
velocity,10.775,common,0.08523999026092167
velocity,10.78,common,0.08565987038817462
velocity,10.785,common,0.08608259083474686
velocity,10.79,common,0.08650813186097364
velocity,10.795,common,0.08693647327272129
velocity,10.8,common,0.08383728011612024
velocity,10.8,pre,0.08736759443480013
velocity,10.8,post,0.08383728011612024
velocity,10.805,common,0.08427044344071685
velocity,10.81,common,0.08470634738507354
velocity,10.815,common,0.08514496673762137
velocity,10.82,common,0.08558627593277768
velocity,10.825,common,0.0860302490667547
velocity,10.83,common,0.08647685991343712
velocity,10.835,common,0.08692608194042314
velocity,10.84,common,0.08737788832503716
velocity,10.845,common,0.08783225197049219
velocity,10.85,common,0.08515556335867643
velocity,10.85,pre,0.08828914552206564
velocity,10.85,post,0.08515556335867643
velocity,10.855,common,0.08561133672476644
velocity,10.86,common,0.0860695606722191
velocity,10.865,common,0.0865302047129
velocity,10.87,common,0.08699323820066948
velocity,10.875,common,0.08745863034824787
velocity,10.88,common,0.08792635024400436
velocity,10.885,common,0.08839636686867065
velocity,10.89,common,0.0888686491119839
velocity,10.895,common,0.08934316578919747
velocity,10.9,common,0.08685679077190023
velocity,10.9,pre,0.08981988565752015
velocity,10.9,post,0.08685679077190023
velocity,10.905,common,0.08732909370799469
velocity,10.91,common,0.08780350154352526
velocity,10.915,common,0.08827998120119573
velocity,10.92,common,0.08875849964116053
velocity,10.925,common,0.08923902387703664
velocity,10.93,common,0.08972152099167573
velocity,10.935,common,0.09020595815274468
velocity,10.94,common,0.09069230262816483
velocity,10.945,common,0.09118052180129443
velocity,10.95,common,0.08870324046900457
velocity,10.95,pre,0.09167058318593832
velocity,10.95,post,0.08870324046900457
velocity,10.955,common,0.0891857407479977
velocity,10.96,common,0.08966998045544891
velocity,10.965,common,0.09015592631885645
velocity,10.97,common,0.09064354527926832
velocity,10.975,common,0.09113280450522503
velocity,10.98,common,0.09162367140640683
velocity,10.985,common,0.09211611364705116
velocity,10.99,common,0.0926100991591226
velocity,10.995,common,0.09310559615519796
velocity,11.0,common,0.09050024457316777
velocity,11.0,pre,0.09360257314111607
velocity,11.0,post,0.09050024457316777
velocity,11.005,common,0.09098678173390884
velocity,11.01,common,0.0914747005884199
velocity,11.015,common,0.09196396965807725
velocity,11.02,common,0.09245455782565047
velocity,11.025,common,0.09294643434652403
velocity,11.03,common,0.09343956885967815
velocity,11.035,common,0.09393393139832584
velocity,11.04,common,0.0944294924003193
velocity,11.045,common,0.09492622271821076
velocity,11.05,common,0.0920903735395439
velocity,11.05,pre,0.09542409362905502
velocity,11.05,post,0.0920903735395439
velocity,11.055,common,0.09257521132920618
velocity,11.06,common,0.09306110120653596
velocity,11.065,common,0.09354801505962813
velocity,11.07,common,0.09403592525401568
velocity,11.075,common,0.0945248046409193
velocity,11.08,common,0.09501462656519345
velocity,11.085,common,0.09550536487296919
velocity,11.09,common,0.09599699391897283
velocity,11.095,common,0.09648948857354357
velocity,11.1,common,0.09334681860982989
velocity,11.1,pre,0.09698282422934848
velocity,11.1,post,0.09334681860982989
velocity,11.105,common,0.09382479496753694
velocity,11.11,common,0.09430353669643929
velocity,11.115,common,0.09478302023011928
velocity,11.12,common,0.0952632225628588
velocity,11.125,common,0.09574412125474112
velocity,11.13,common,0.0962256944364512
velocity,11.135,common,0.09670792081376337
velocity,11.14,common,0.09719077967167616
velocity,11.145,common,0.09767425087828259
velocity,11.15,common,0.09416781273107011
velocity,11.15,pre,0.0981583148882607
velocity,11.15,post,0.09416781273107011
velocity,11.155,common,0.09463443078044029
velocity,11.16,common,0.09510158068889206
velocity,11.165,common,0.09556924424841708
velocity,11.17,common,0.09603740386225519
velocity,11.175,common,0.09650604254685387
velocity,11.18,common,0.09697514393346093
velocity,11.185,common,0.09744469226940454
velocity,11.19,common,0.09791467241907995
velocity,11.195,common,0.09838506986457905
velocity,11.2,common,0.09447269637204748
velocity,11.2,pre,0.09885587070603717
velocity,11.2,post,0.09447269637204748
velocity,11.205,common,0.09492417991758338
velocity,11.21,common,0.0953760217050174
velocity,11.215,common,0.09582820935902413
velocity,11.22,common,0.09628073113421678
velocity,11.225,common,0.09673357591396128
velocity,11.23,common,0.09718673320878991
velocity,11.235,common,0.09764019315460083
velocity,11.24,common,0.09809394651044624
velocity,11.245,common,0.09854798465609874
velocity,11.25,common,0.09419966391934854
velocity,11.25,pre,0.09900229958923787
velocity,11.25,post,0.09419966391934854
velocity,11.255,common,0.09463298938141786
velocity,11.26,common,0.09506656301399523
velocity,11.265,common,0.0955003784370363
velocity,11.27,common,0.09593442988863958
velocity,11.275,common,0.0963687122207546
velocity,11.28,common,0.09680322089465405
velocity,11.285,common,0.09723795197604405
velocity,11.29,common,0.09767290212995387
velocity,11.295,common,0.09810806861526018
velocity,11.3,common,0.0933050137868291
velocity,11.3,pre,0.09854344927900432
velocity,11.3,post,0.0933050137868291
velocity,11.305,common,0.09371792519906084
velocity,11.31,common,0.09413103933662005
velocity,11.315,common,0.09454435569388409
velocity,11.32,common,0.09495787434291147
velocity,11.325,common,0.09537159592638492
velocity,11.33,common,0.0957855216502056
velocity,11.335,common,0.09619965327589543
velocity,11.34,common,0.09661399311269529
velocity,11.345,common,0.0970285440094118
velocity,11.35,common,0.09176364183899005
velocity,11.35,pre,0.09744330934605464
velocity,11.35,post,0.09176364183899005
velocity,11.355,common,0.09215465360184602
velocity,11.36,common,0.09254588620406264
velocity,11.365,common,0.09293734463950568
velocity,11.37,common,0.0933290344131296
velocity,11.375,common,0.0937209615312976
velocity,11.38,common,0.09411313249195498
velocity,11.385,common,0.09450555427454414
velocity,11.39,common,0.09489823432969725
velocity,11.395,common,0.09529118056878524
velocity,11.4,common,0.08957044151770302
velocity,11.4,pre,0.09568440135319298
velocity,11.4,post,0.08957044151770302
velocity,11.405,common,0.08993883284975342
velocity,11.41,common,0.09030752387079455
velocity,11.415,common,0.09067652447425378
velocity,11.42,common,0.09104584497450734
velocity,11.425,common,0.09141549609515029
velocity,11.43,common,0.09178548895702826
velocity,11.435,common,0.09215583506614972
velocity,11.44,common,0.09252654630147866
velocity,11.445,common,0.09289763490252416
velocity,11.45,common,0.08674216550740359
velocity,11.45,pre,0.09326911345689416
velocity,11.45,post,0.08674216550740359
velocity,11.455,common,0.08708796958953637
velocity,11.46,common,0.08743420869786227
velocity,11.465,common,0.08778089682539152
velocity,11.47,common,0.0881280482755237
velocity,11.475,common,0.08847567764867194
velocity,11.48,common,0.08882379982874726
velocity,11.485,common,0.08917242996964052
velocity,11.49,common,0.08952158348155623
velocity,11.495,common,0.08987127601740832
velocity,11.5,common,0.08331917779022627
velocity,11.5,pre,0.09022152345904788
velocity,11.5,post,0.08331917779022627
velocity,11.505,common,0.0836431667974611
velocity,11.51,common,0.08396777720505148
velocity,11.515,common,0.08429302612320821
velocity,11.52,common,0.08461893084468561
velocity,11.525,common,0.08494550883032088
velocity,11.53,common,0.08527277769473257
velocity,11.535,common,0.08560075519190734
velocity,11.54,common,0.08592945920095345
velocity,11.545,common,0.08625890771181897
velocity,11.55,common,0.07936643058556277
velocity,11.55,pre,0.08658911881113408
velocity,11.55,post,0.07936643058556277
velocity,11.555,common,0.07967009504306748
velocity,11.56,common,0.07997461170980978
velocity,11.565,common,0.0802799996555701
velocity,11.57,common,0.08058627799084866
velocity,11.575,common,0.08089346585234124
velocity,11.58,common,0.08120158238846356
velocity,11.585,common,0.08151064674508464
velocity,11.59,common,0.08182067805139129
velocity,11.595,common,0.0821316954059362
velocity,11.6,common,0.07497300243227784
velocity,11.6,pre,0.08244371786287932
velocity,11.6,post,0.07497300243227784
velocity,11.605,common,0.07525851991074982
velocity,11.61,common,0.07554515691067216
velocity,11.615,common,0.07583293312429437
velocity,11.62,common,0.07612186813324019
velocity,11.625,common,0.07641198139467024
velocity,11.63,common,0.07670329222791038
velocity,11.635,common,0.07699581980121704
velocity,11.64,common,0.07728958311889754
velocity,11.645,common,0.07758460100878913
velocity,11.65,common,0.0702496878497434
velocity,11.65,pre,0.07788089210993382
velocity,11.65,post,0.0702496878497434
velocity,11.655,common,0.07051987242990634
velocity,11.66,common,0.07079147064072279
velocity,11.665,common,0.07106450126905015
velocity,11.67,common,0.07133898283588634
velocity,11.675,common,0.07161493358479393
velocity,11.68,common,0.07189237147069184
velocity,11.685,common,0.07217131414915674
velocity,11.69,common,0.0724517789661331
velocity,11.695,common,0.07273378294801963
velocity,11.7,common,0.06532445396543266
velocity,11.7,pre,0.0730173427923701
velocity,11.7,post,0.06532445396543266
velocity,11.705,common,0.065582674667689
velocity,11.71,common,0.06584261771469019
velocity,11.715,common,0.06610429926095399
velocity,11.72,common,0.06636773504533894
velocity,11.725,common,0.06663294038327355
velocity,11.73,common,0.06689993015952223
velocity,11.735,common,0.06716871882159477
velocity,11.74,common,0.06743932037358141
velocity,11.745,common,0.06771174837074778
velocity,11.75,common,0.060336029273197304
velocity,11.75,pre,0.06798601591451238
velocity,11.75,post,0.060336029273197304
velocity,11.755,common,0.06058608319166584
velocity,11.76,common,0.06083816720984084
velocity,11.765,common,0.061092292941711514
velocity,11.77,common,0.061348471455806075
velocity,11.775,common,0.0616067132732103
velocity,11.78,common,0.06186702836633908
velocity,11.785,common,0.06212942615825143
velocity,11.79,common,0.06239391552273135
velocity,11.795,common,0.06266050478491915
velocity,11.8,common,0.055426349030330994
velocity,11.8,pre,0.06292920172266085
velocity,11.8,post,0.055426349030330994
velocity,11.805,common,0.05567227369062996
velocity,11.81,common,0.0559205155083785
velocity,11.815,common,0.05617107954973547
velocity,11.82,common,0.05642397024778872
velocity,11.825,common,0.05667919140872283
velocity,11.83,common,0.056936746218464084
velocity,11.835,common,0.05719663725009972
velocity,11.84,common,0.057458866471901175
velocity,11.845,common,0.05772343525588626
velocity,11.85,common,0.05073289609015654
velocity,11.85,pre,0.05799034438704291
velocity,11.85,post,0.05073289609015654
velocity,11.855,common,0.0509787065910424
velocity,11.86,common,0.05122707652027741
velocity,11.865,common,0.05147800248962988
velocity,11.87,common,0.05173148046333845
velocity,11.875,common,0.05198750577391871
velocity,11.88,common,0.052246073138523315
velocity,11.885,common,0.0525071766756742
velocity,11.89,common,0.05277080992249229
velocity,11.895,common,0.053036965852280994
velocity,11.9,pre,0.05330563689244581
velocity,12.755,common,0.0501495005122207
velocity,12.76,common,0.050332295932854126
velocity,12.765,common,0.05051623485462627
velocity,12.77,common,0.05070132827540511
velocity,12.775,common,0.05088758711491008
velocity,12.78,common,0.051075022213219835
velocity,12.785,common,0.05126364432939214
velocity,12.79,common,0.051453464140175466
velocity,12.795,common,0.05164449223890737
velocity,12.8,common,0.05174770399974279
velocity,12.8,pre,0.051836739134475986
velocity,12.8,post,0.05174770399974279
velocity,12.805,common,0.05192940268971788
velocity,12.81,common,0.05211230021480804
velocity,12.815,common,0.05229640781219555
velocity,12.82,common,0.05248173663578798
velocity,12.825,common,0.052668297755348495
velocity,12.83,common,0.05285610215559806
velocity,12.835,common,0.05304516073540134
velocity,12.84,common,0.05323548430704184
velocity,12.845,common,0.053427083595500954
velocity,12.85,common,0.05328055356894296
velocity,12.85,pre,0.05361996923777697
velocity,12.85,post,0.05328055356894296
velocity,12.855,common,0.05346363929235437
velocity,12.86,common,0.05364800391021859
velocity,12.865,common,0.05383365862498947
velocity,12.87,common,0.05402061454974141
velocity,12.875,common,0.05420888270729534
velocity,12.88,common,0.05439847402941201
velocity,12.885,common,0.05458939935590014
velocity,12.89,common,0.054781669433767416
velocity,12.895,common,0.05497529491634879
velocity,12.9,common,0.05453905690605194
velocity,12.9,pre,0.05517028636238296
velocity,12.9,post,0.05453905690605194
velocity,12.905,common,0.054724694647776094
velocity,12.91,common,0.054911702104333084
velocity,12.915,common,0.055100090221321694
velocity,12.92,common,0.055289869843691865
velocity,12.925,common,0.055481051714506534
velocity,12.93,common,0.055673646473602297
velocity,12.935,common,0.05586766465623896
velocity,12.94,common,0.056063116691720184
velocity,12.945,common,0.05626001290187963
velocity,12.95,common,0.05550662828324913
velocity,12.95,pre,0.05645836349962678
velocity,12.95,post,0.05550662828324913
velocity,12.955,common,0.05569581024540464
velocity,12.96,common,0.05588645949646376
velocity,12.965,common,0.0560785864280891
velocity,12.97,common,0.05627220131131079
velocity,12.975,common,0.05646731429461805
velocity,12.98,common,0.056663935401986006
velocity,12.985,common,0.056862074530846976
velocity,12.99,common,0.05706174144996639
velocity,12.995,common,0.057262945797367584
velocity,13.0,common,0.05617609837399648
velocity,13.0,pre,0.05746569707806606
velocity,13.0,post,0.05617609837399648
velocity,13.005,common,0.05636964334481467
velocity,13.01,common,0.05656475469047648
velocity,13.015,common,0.05676144185282752
velocity,13.02,common,0.056959714123884016
velocity,13.025,common,0.057159580643312634
velocity,13.03,common,0.057361050395972786
velocity,13.035,common,0.05756413220936174
velocity,13.04,common,0.05776883475105901
velocity,13.045,common,0.05797516652617874
velocity,13.05,common,0.056547987558019215
velocity,13.05,pre,0.05818313587476124
velocity,13.05,post,0.056547987558019215
velocity,13.055,common,0.05674652357367066
velocity,13.06,common,0.05694672022685991
velocity,13.065,common,0.05714858552679163
velocity,13.07,common,0.0573521272974505
velocity,13.075,common,0.05755735317506493
velocity,13.08,common,0.05776427060556371
velocity,13.085,common,0.057972886842069075
velocity,13.09,common,0.05818320894243795
velocity,13.095,common,0.058395243766832756
velocity,13.1,common,0.056628504573192864
velocity,13.1,pre,0.05860899797532483
velocity,13.1,post,0.056628504573192864
velocity,13.105,common,0.056832437902410674
velocity,13.11,common,0.05703811436898205
velocity,13.115,common,0.05724554002981046
velocity,13.12,common,0.05745472072175425
velocity,13.125,common,0.0576656620596492
velocity,13.13,common,0.05787836943454115
velocity,13.135,common,0.05809284801198002
velocity,13.14,common,0.058309102730361904
velocity,13.145,common,0.058527138299522496
velocity,13.15,common,0.05642741689799967
velocity,13.15,pre,0.058746959199298045
velocity,13.15,post,0.05642741689799967
velocity,13.155,common,0.05663689565646727
velocity,13.16,common,0.05684818158225302
velocity,13.165,common,0.05706127830651014
velocity,13.17,common,0.057276189214883824
velocity,13.175,common,0.05749291744708025
velocity,13.18,common,0.057711465896633465
velocity,13.185,common,0.057931837210829354
velocity,13.19,common,0.058154033790811833
velocity,13.195,common,0.058378057791834095
velocity,13.2,common,0.055956010105971975
velocity,13.2,pre,0.058603911123766596
velocity,13.2,post,0.055956010105971975
velocity,13.205,common,0.05617089480559298
velocity,13.21,common,0.056387626837598424
velocity,13.215,common,0.05660620708046145
velocity,13.22,common,0.056826636160570265
velocity,13.225,common,0.05704891445406692
velocity,13.23,common,0.05727304208889704
velocity,13.235,common,0.057499018947068596
velocity,13.24,common,0.05772684466710855
velocity,13.245,common,0.057956518646755724
velocity,13.25,common,0.055225459510809094
velocity,13.25,pre,0.05818804004582603
velocity,13.25,post,0.055225459510809094
velocity,13.255,common,0.055445314489451655
velocity,13.26,common,0.05566703013762274
velocity,13.265,common,0.05589060449692378
velocity,13.27,common,0.05611603537684745
velocity,13.275,common,0.056343320359258646
velocity,13.28,common,0.05657245680313516
velocity,13.285,common,0.05680344184947868
velocity,13.29,common,0.05703627242643186
velocity,13.295,common,0.05727094525460098
velocity,13.3,common,0.05424602119467447
velocity,13.3,pre,0.05750745685256226
velocity,13.3,post,0.05424602119467447
velocity,13.305,common,0.05447013949990977
velocity,13.31,common,0.0546961053698615
velocity,13.315,common,0.054923914236505555
velocity,13.32,common,0.05515356134986902
velocity,13.325,common,0.055385041785190554
velocity,13.33,common,0.05561835045012883
velocity,13.335,common,0.055853482092185575
velocity,13.34,common,0.056090431306244845
velocity,13.345,common,0.05632919254225211
velocity,13.35,common,0.05302743618673718
velocity,13.35,pre,0.05656976011299057
velocity,13.35,post,0.05302743618673718
velocity,13.355,common,0.05325490627202632
velocity,13.36,common,0.05348418860659249
velocity,13.365,common,0.053715276573477744
velocity,13.37,common,0.05394816345258793
velocity,13.375,common,0.05418284242967416
velocity,13.38,common,0.05441930660550721
velocity,13.385,common,0.05465754900497622
velocity,13.39,common,0.05489756258627288
velocity,13.395,common,0.05513934025011884
velocity,13.4,common,0.05158077964071662
velocity,13.4,pre,0.055382874848907915
velocity,13.4,post,0.05158077964071662
velocity,13.405,common,0.05181059614397254
velocity,13.41,common,0.052042175388929635
velocity,13.415,common,0.0522755095690557
velocity,13.42,common,0.05251059087440646
velocity,13.425,common,0.05274741150149616
velocity,13.43,common,0.05298596366300653
velocity,13.435,common,0.0532262395974775
velocity,13.44,common,0.05346823157883435
velocity,13.445,common,0.05371193192580587
velocity,13.45,pre,0.05395733301123583
velocity,13.455,common,0.05015289415929015
velocity,13.46,common,0.05038581845953668
velocity,13.465,common,0.05062044502774553
velocity,13.47,common,0.050856766037268034
velocity,13.475,common,0.05109477377511506
velocity,13.48,common,0.051334460650787235
velocity,13.485,common,0.05157581920490164
velocity,13.49,common,0.05181884211749241
velocity,13.495,common,0.05206352221611171
velocity,13.5,pre,0.052309852483599754
velocity,13.545,common,0.050221008092979684
velocity,13.55,pre,0.05046768386359001
velocity,14.9,pre,0.050131526798416794
velocity,14.945,common,0.050086443657544284
velocity,14.95,pre,0.05050027103772414
velocity,14.995,common,0.05026386631626406
velocity,15.0,pre,0.05067612363172912
velocity,15.045,common,0.050280853470863744
velocity,15.05,pre,0.05068980496227187
velocity,15.095,common,0.050171372543094755
velocity,15.1,pre,0.05057548865561883
velocity,15.15,pre,0.05036402435250449
velocity,15.2,pre,0.05007802943826693
gravity_angle,0.0,common,undefined
gravity_angle,0.0,pre,undefined
gravity_angle,0.0,post,undefined
gravity_angle,0.005,common,undefined
gravity_angle,0.01,common,undefined
gravity_angle,0.015,common,undefined
gravity_angle,0.02,common,undefined
gravity_angle,0.025,common,undefined
gravity_angle,0.03,common,undefined
gravity_angle,0.035,common,undefined
gravity_angle,0.04,common,undefined
gravity_angle,0.045,common,undefined
gravity_angle,0.05,common,86.30383867186686
gravity_angle,0.05,pre,undefined
gravity_angle,0.05,post,86.30383867186686
gravity_angle,0.055,common,86.30387197299639
gravity_angle,0.06,common,86.30390988561042
gravity_angle,0.065,common,86.30395242206097
gravity_angle,0.07,common,86.30399959530473
gravity_angle,0.075,common,86.30405141886683
gravity_angle,0.08,common,86.30410790680274
gravity_angle,0.085,common,86.3041690736583
gravity_angle,0.09,common,86.30423493442794
gravity_angle,0.095,common,86.30430550451135
gravity_angle,0.1,common,72.2349810947233
gravity_angle,0.1,pre,86.30438079966828
gravity_angle,0.1,post,72.2349810947233
gravity_angle,0.105,common,72.23497432053104
gravity_angle,0.11,common,72.23497188446866
gravity_angle,0.115,common,72.23497380239867
gravity_angle,0.12,common,72.23498008947142
gravity_angle,0.125,common,72.23499076005758
gravity_angle,0.13,common,72.23500582768042
gravity_angle,0.135,common,72.23502530494808
gravity_angle,0.14,common,72.23504920348591
gravity_angle,0.145,common,72.23507753386895
gravity_angle,0.15,common,38.65099244717681
gravity_angle,0.15,pre,72.23511030555449
gravity_angle,0.15,post,38.65099244717681
gravity_angle,0.155,common,38.650717281198105
gravity_angle,0.16,common,38.6504413393162
gravity_angle,0.165,common,38.65016461918847
gravity_angle,0.17,common,38.64988711679317
gravity_angle,0.175,common,38.64960882640705
gravity_angle,0.18,common,38.64932974058484
gravity_angle,0.185,common,38.649049850141246
gravity_angle,0.19,common,38.648769144135635
gravity_angle,0.195,common,38.648487609858435
gravity_angle,0.2,common,9.079894346172006
gravity_angle,0.2,pre,38.64820523282063
gravity_angle,0.2,post,9.079894346172006
gravity_angle,0.205,common,9.079440892120301
gravity_angle,0.21,common,9.078984144218818
gravity_angle,0.215,common,9.078524283629214
gravity_angle,0.22,common,9.078061492077572
gravity_angle,0.225,common,9.077595951727163
gravity_angle,0.23,common,9.077127845050159
gravity_angle,0.235,common,9.076657354699991
gravity_angle,0.24,common,9.076184663383156
gravity_angle,0.245,common,9.075709953733847
gravity_angle,0.25,common,18.88283862707401
gravity_angle,0.25,pre,9.075233408186488
gravity_angle,0.25,post,18.88283862707401
gravity_angle,0.255,common,18.88289787844608
gravity_angle,0.26,common,18.88296033084671
gravity_angle,0.265,common,18.883026030257373
gravity_angle,0.27,common,18.88309501973624
gravity_angle,0.275,common,18.883167339335383
gravity_angle,0.28,common,18.883243026019993
gravity_angle,0.285,common,18.88332211359054
gravity_angle,0.29,common,18.88340463260911
gravity_angle,0.295,common,18.88349061032809
gravity_angle,0.3,common,25.151423150214914
gravity_angle,0.3,pre,18.8835800706216
gravity_angle,0.3,post,25.151423150214914
gravity_angle,0.305,common,25.15153926908733
gravity_angle,0.31,common,25.151658270776547
gravity_angle,0.315,common,25.151780127609722
gravity_angle,0.32,common,25.15190480838186
gravity_angle,0.325,common,25.152032278337774
gravity_angle,0.33,common,25.15216249915803
gravity_angle,0.335,common,25.15229542894818
gravity_angle,0.34,common,25.15243102223232
gravity_angle,0.345,common,25.152569229950046
gravity_angle,0.35,common,28.08455938419662
gravity_angle,0.35,pre,25.152709999457702
gravity_angle,0.35,post,28.08455938419662
gravity_angle,0.355,common,28.084691022101516
gravity_angle,0.36,common,28.084824565213253
gravity_angle,0.365,common,28.08495993771999
gravity_angle,0.37,common,28.085097060498583
gravity_angle,0.375,common,28.0852358511466
gravity_angle,0.38,common,28.085376224018894
gravity_angle,0.385,common,28.085518090267325
gravity_angle,0.39,common,28.085661357884266
gravity_angle,0.395,common,28.085805931749636
gravity_angle,0.4,common,29.423148695276225
gravity_angle,0.4,pre,28.085951713681485
gravity_angle,0.4,post,29.423148695276225
gravity_angle,0.405,common,29.423284421040833
gravity_angle,0.41,common,29.423420842305017
gravity_angle,0.415,common,29.42355784849652
gravity_angle,0.42,common,29.42369532638676
gravity_angle,0.425,common,29.42383316016274
gravity_angle,0.43,common,29.42397123150198
gravity_angle,0.435,common,29.424109419650396
gravity_angle,0.44,common,29.424247601503442
gravity_angle,0.445,common,29.424385651689782
gravity_angle,0.45,common,29.945526677706543
gravity_angle,0.45,pre,29.42452344265813
gravity_angle,0.45,post,29.945526677706543
gravity_angle,0.455,common,29.945657099533637
gravity_angle,0.46,common,29.94578685441264
gravity_angle,0.465,common,29.945915808235622
gravity_angle,0.47,common,29.946043825177828
gravity_angle,0.475,common,29.946170767798257
gravity_angle,0.48,common,29.946296497142004
gravity_angle,0.485,common,29.946420872845586
gravity_angle,0.49,common,29.946543753243496
gravity_angle,0.495,common,29.946664995477263
gravity_angle,0.5,common,30.032773070642243
gravity_angle,0.5,pre,29.946784455606057
gravity_angle,0.5,post,30.032773070642243
gravity_angle,0.505,common,30.032887533859334
gravity_angle,0.51,common,30.032999873630388
gravity_angle,0.515,common,30.033109943554546
gravity_angle,0.52,common,30.033217596636092
gravity_angle,0.525,common,30.033322685402666
gravity_angle,0.53,common,30.033425062024463
gravity_angle,0.535,common,30.033524578434985
gravity_angle,0.54,common,30.033621086452012
gravity_angle,0.545,common,30.033714437900002
gravity_angle,0.55,common,29.887598351249128
gravity_angle,0.55,pre,30.033804484733135
gravity_angle,0.55,post,29.887598351249128
gravity_angle,0.555,common,29.887684917543442
gravity_angle,0.56,common,29.887767883429767
gravity_angle,0.565,common,29.887847101832552
gravity_angle,0.57,common,29.887922426291773
gravity_angle,0.575,common,29.88799371108723
gravity_angle,0.58,common,29.8880608113632
gravity_angle,0.585,common,29.888123583252757
gravity_angle,0.59,common,29.88818188400244
gravity_angle,0.595,common,29.88823557209572
gravity_angle,0.6,common,29.62261978508127
gravity_angle,0.6,pre,29.888284507376778
gravity_angle,0.6,post,29.62261978508127
gravity_angle,0.605,common,29.622665986999348
gravity_angle,0.61,common,29.622707179591522
gravity_angle,0.615,common,29.622743226777146
gravity_angle,0.62,common,29.622773994292956
gravity_angle,0.625,common,29.622799349812603
gravity_angle,0.63,common,29.62281916306516
gravity_angle,0.635,common,29.622833305952778
gravity_angle,0.64,common,29.622841652665667
gravity_angle,0.645,common,29.622844079797645
gravity_angle,0.65,common,29.3007219802946
gravity_angle,0.65,pre,29.622840466458285
gravity_angle,0.65,post,29.3007219802946
gravity_angle,0.655,common,29.300715848236006
gravity_angle,0.66,common,29.300703462000047
gravity_angle,0.665,common,29.300684707569193
gravity_angle,0.67,common,29.300659473840412
gravity_angle,0.675,common,29.30062765272954
gravity_angle,0.68,common,29.30058913927283
gravity_angle,0.685,common,29.30054383172671
gravity_angle,0.69,common,29.30049163166504
gravity_angle,0.695,common,29.300432444073923
gravity_angle,0.7,common,28.955576406826708
gravity_angle,0.7,pre,29.30036617744375
gravity_angle,0.7,post,28.955576406826708
gravity_angle,0.705,common,28.955507574462498
gravity_angle,0.71,common,28.955431500902527
gravity_angle,0.715,common,28.955348103868285
gravity_angle,0.72,common,28.95525730489823
gravity_angle,0.725,common,28.955159029426603
gravity_angle,0.73,common,28.955053206859915
gravity_angle,0.735,common,28.95493977064979
gravity_angle,0.74,common,28.95481865836301
gravity_angle,0.745,common,28.954689811748295
gravity_angle,0.75,common,28.602938511496678
gravity_angle,0.75,pre,28.954553176799376
gravity_angle,0.75,post,28.602938511496678
gravity_angle,0.755,common,28.602799259738784
gravity_angle,0.76,common,28.602652118878613
gravity_angle,0.765,common,28.602497045875356
gravity_angle,0.77,common,28.602334002135184
gravity_angle,0.775,common,28.60216295355858
gravity_angle,0.78,common,28.601983870584224
gravity_angle,0.785,common,28.601796728228553
gravity_angle,0.79,common,28.60160150612254
gravity_angle,0.795,common,28.601398188544035
gravity_angle,0.8,common,28.24729265430378
gravity_angle,0.8,pre,28.60118676444631
gravity_angle,0.8,post,28.24729265430378
gravity_angle,0.805,common,28.247078770065315
gravity_angle,0.81,common,28.246856747441374
gravity_angle,0.815,common,28.246626587290525
gravity_angle,0.82,common,28.246388295222108
gravity_angle,0.825,common,28.246141881606945
gravity_angle,0.83,common,28.245887361584654
gravity_angle,0.835,common,28.245624755066892
gravity_angle,0.84,common,28.24535408673632
gravity_angle,0.845,common,28.245075386042
gravity_angle,0.85,common,27.88604370094912
gravity_angle,0.85,pre,28.2447886871911
gravity_angle,0.85,post,27.88604370094912
gravity_angle,0.855,common,27.88575504746585
gravity_angle,0.86,common,27.885458435580652
gravity_angle,0.865,common,27.885153911443858
gravity_angle,0.87,common,27.884841525905514
gravity_angle,0.875,common,27.884521334488976
gravity_angle,0.88,common,27.884193397360434
gravity_angle,0.885,common,27.88385777929488
gravity_angle,0.89,common,27.883514549637663
gravity_angle,0.895,common,27.883163782262802
gravity_angle,0.9,common,27.5123925790993
gravity_angle,0.9,pre,27.88280555552752
gravity_angle,0.9,post,27.5123925790993
gravity_angle,0.905,common,27.512033307949704
gravity_angle,0.91,common,27.51166668545197
gravity_angle,0.915,common,27.51129280102537
gravity_angle,0.92,common,27.510911748386416
gravity_angle,0.925,common,27.51052362548698
gravity_angle,0.93,common,27.51012853444835
gravity_angle,0.935,common,27.509726581492295
gravity_angle,0.94,common,27.50931787686837
gravity_angle,0.945,common,27.508902534778436
gravity_angle,0.95,common,27.11749151421407
gravity_angle,0.95,pre,27.508480673297466
gravity_angle,0.95,post,27.11749151421407
gravity_angle,0.955,common,27.11706989364385
gravity_angle,0.96,common,27.11664192046994
gravity_angle,0.965,common,27.116207722109607
gravity_angle,0.97,common,27.1157674295562
gravity_angle,0.975,common,27.115321177286074
gravity_angle,0.98,common,27.114869103163144
gravity_angle,0.985,common,27.11441134834042
gravity_angle,0.99,common,27.113948057158705
gravity_angle,0.995,common,27.113479377043276
gravity_angle,1.0,common,26.69216380931115
gravity_angle,1.0,pre,27.11300545839748
gravity_angle,1.0,post,26.69216380931115
gravity_angle,1.005,common,26.691691692373713
gravity_angle,1.01,common,26.691214547950704
gravity_angle,1.015,common,26.690732533396414
gravity_angle,1.02,common,26.6902458086608
gravity_angle,1.025,common,26.689754536172742
gravity_angle,1.03,common,26.689258880722825
gravity_angle,1.035,common,26.68875900934267
gravity_angle,1.04,common,26.68825509118392
gravity_angle,1.045,common,26.687747297394857
gravity_angle,1.05,common,26.228281929576116
gravity_angle,1.05,pre,26.687235800995712
gravity_angle,1.05,post,26.228281929576116
gravity_angle,1.055,common,26.227773929840673
gravity_angle,1.06,common,26.22726246510273
gravity_angle,1.065,common,26.226747712497808
gravity_angle,1.07,common,26.2262298505973
gravity_angle,1.075,common,26.22570905927833
gravity_angle,1.08,common,26.225185519592767
gravity_angle,1.085,common,26.22465941363542
gravity_angle,1.09,common,26.224130924411906
gravity_angle,1.095,common,26.223600235705586
gravity_angle,1.1,common,25.719786977540313
gravity_angle,1.1,pre,26.223067531944505
gravity_angle,1.1,post,25.719786977540313
gravity_angle,1.105,common,25.719259450903262
gravity_angle,1.11,common,25.718730154662595
gravity_angle,1.115,common,25.718199274335277
gravity_angle,1.12,common,25.717666995628516
gravity_angle,1.125,common,25.71713350430623
gravity_angle,1.13,common,25.716598986055445
gravity_angle,1.135,common,25.716063626352753
gravity_angle,1.14,common,25.715527610332256
gravity_angle,1.145,common,25.714991122653238
gravity_angle,1.15,common,25.163291434623677
gravity_angle,1.15,pre,25.714454347368903
gravity_angle,1.15,post,25.163291434623677
gravity_angle,1.155,common,25.162761377644795
gravity_angle,1.16,common,25.162231268572523
gravity_angle,1.165,common,25.161701289579018
gravity_angle,1.17,common,25.161171621793173
gravity_angle,1.175,common,25.160642445174027
gravity_angle,1.18,common,25.16011393838446
gravity_angle,1.185,common,25.15958627866742
gravity_angle,1.19,common,25.15905964172339
gravity_angle,1.195,common,25.158534201588893
gravity_angle,1.2,common,24.558228269768485
gravity_angle,1.2,pre,25.158010130518356
gravity_angle,1.2,post,24.558228269768485
gravity_angle,1.205,common,24.557712237994842
gravity_angle,1.21,common,24.557197785429008
gravity_angle,1.215,common,24.556685079746373
gravity_angle,1.22,common,24.556174286451736
gravity_angle,1.225,common,24.555665568769268
gravity_angle,1.23,common,24.555159087533738
gravity_angle,1.235,common,24.554655001085678
gravity_angle,1.24,common,24.55415346516726
gravity_angle,1.245,common,24.55365463282258
gravity_angle,1.25,common,23.9065753140371
gravity_angle,1.25,pre,24.553158654299533
gravity_angle,1.25,post,23.9065753140371
gravity_angle,1.255,common,23.906088443477543
gravity_angle,1.26,common,23.90560459919023
gravity_angle,1.265,common,23.905123924589052
gravity_angle,1.27,common,23.904646559980392
gravity_angle,1.275,common,23.90417264247734
gravity_angle,1.28,common,23.903702305917324
gravity_angle,1.285,common,23.903235680782938
gravity_angle,1.29,common,23.902772894125903
gravity_angle,1.295,common,23.902314069494505
gravity_angle,1.3,common,23.212262617692765
gravity_angle,1.3,pre,23.901859326864148
gravity_angle,1.3,post,23.212262617692765
gravity_angle,1.305,common,23.21181780732651
gravity_angle,1.31,common,23.211377204665897
gravity_angle,1.315,common,23.210940921162333
gravity_angle,1.32,common,23.210509064480053
gravity_angle,1.325,common,23.21008173844129
gravity_angle,1.33,common,23.209659042976075
gravity_angle,1.335,common,23.2092410740751
gravity_angle,1.34,common,23.208827923746114
gravity_angle,1.345,common,23.208419679974725
gravity_angle,1.35,common,22.48042695832465
gravity_angle,1.35,pre,23.20801642668871
gravity_angle,1.35,post,22.48042695832465
gravity_angle,1.355,common,22.48003424863593
gravity_angle,1.36,common,22.479646602416206
gravity_angle,1.365,common,22.479264094019868
gravity_angle,1.37,common,22.478886793638374
gravity_angle,1.375,common,22.47851476728125
gravity_angle,1.38,common,22.478148076760306
gravity_angle,1.385,common,22.47778677967833
gravity_angle,1.39,common,22.47743092942113
gravity_angle,1.395,common,22.477080575153778
gravity_angle,1.4,common,21.71668815768222
gravity_angle,1.4,pre,22.47673576182073
gravity_angle,1.4,post,21.71668815768222
gravity_angle,1.405,common,21.716354323239095
gravity_angle,1.41,common,21.7160260467578
gravity_angle,1.415,common,21.71570336323501
gravity_angle,1.42,common,21.715386303457137
gravity_angle,1.425,common,21.715074894016247
gravity_angle,1.43,common,21.71476915733162
gravity_angle,1.435,common,21.71446911167286
gravity_angle,1.44,common,21.714174771188237
gravity_angle,1.445,common,21.71388614593654
gravity_angle,1.45,common,20.92658464025844
gravity_angle,1.45,pre,21.713603241922012
gravity_angle,1.45,post,20.92658464025844
gravity_angle,1.455,common,20.926313002612268
gravity_angle,1.46,common,20.92604704643376
gravity_angle,1.465,common,20.925786768075923
gravity_angle,1.47,common,20.92553215995951
gravity_angle,1.475,common,20.92528321062405
gravity_angle,1.48,common,20.925039904781624
gravity_angle,1.485,common,20.924802223374744
gravity_angle,1.49,common,20.92457014363671
gravity_angle,1.495,common,20.924343639156344
gravity_angle,1.5,common,20.115238786175578
gravity_angle,1.5,pre,20.924122679944656
gravity_angle,1.5,post,20.115238786175578
gravity_angle,1.505,common,20.115029243813773
gravity_angle,1.51,common,20.11482515139446
gravity_angle,1.515,common,20.1146264702042
gravity_angle,1.52,common,20.11443315817526
gravity_angle,1.525,common,20.114245169966573
gravity_angle,1.53,common,20.114062457046458
gravity_angle,1.535,common,20.11388496777845
gravity_angle,1.54,common,20.113712647509843
gravity_angle,1.545,common,20.11354543866209
gravity_angle,1.55,common,19.28725258701769
gravity_angle,1.55,pre,20.11338328082444
gravity_angle,1.55,post,19.28725258701769
gravity_angle,1.555,common,19.28710184890432
gravity_angle,1.56,common,19.28695601393192
gravity_angle,1.565,common,19.286815014447757
gravity_angle,1.57,common,19.286678780274816
gravity_angle,1.575,common,19.286547238814173
gravity_angle,1.58,common,19.286420315150448
gravity_angle,1.585,common,19.286297932158174
gravity_angle,1.59,common,19.286180010610426
gravity_angle,1.595,common,19.286066469287597
gravity_angle,1.6,common,18.446783055842314
gravity_angle,1.6,pre,19.285957225089913
gravity_angle,1.6,post,18.446783055842314
gravity_angle,1.605,common,18.44668505323277
gravity_angle,1.61,common,18.44659115178712
gravity_angle,1.615,common,18.446501263099318
gravity_angle,1.62,common,18.446415297251466
gravity_angle,1.625,common,18.446333162930582
gravity_angle,1.63,common,18.446254767546527
gravity_angle,1.635,common,18.44618001735054
gravity_angle,1.64,common,18.44610881755358
gravity_angle,1.645,common,18.446041072446402
gravity_angle,1.65,common,17.59772485268187
gravity_angle,1.65,pre,18.44597668551895
gravity_angle,1.65,post,17.59772485268187
gravity_angle,1.655,common,17.59767129151713
gravity_angle,1.66,common,17.597620850007583
gravity_angle,1.665,common,17.597573428601248
gravity_angle,1.67,common,17.597528927347966
gravity_angle,1.675,common,17.597487246020705
gravity_angle,1.68,common,17.59744828423587
gravity_angle,1.685,common,17.59741194157357
gravity_angle,1.69,common,17.59737811769643
gravity_angle,1.695,common,17.5973467124691
gravity_angle,1.7,common,16.743932044925476
gravity_angle,1.7,pre,17.597317626075114
gravity_angle,1.7,post,16.743932044925476
gravity_angle,1.705,common,16.74391305061555
gravity_angle,1.71,common,16.743896100323017
gravity_angle,1.715,common,16.74388109364558
gravity_angle,1.72,common,16.743867930908777
gravity_angle,1.725,common,16.743856513279265
gravity_angle,1.73,common,16.74384674287829
gravity_angle,1.735,common,16.74383852289301
gravity_angle,1.74,common,16.74383175768566
gravity_angle,1.745,common,16.743826352901312
gravity_angle,1.75,common,15.889431260890525
gravity_angle,1.75,pre,16.7438222155734
gravity_angle,1.75,post,15.889431260890525
gravity_angle,1.755,common,15.88943606118956
gravity_angle,1.76,common,15.889441824614808
gravity_angle,1.765,common,15.889448460123324
gravity_angle,1.77,common,15.889455878443618
gravity_angle,1.775,common,15.889463992174063
gravity_angle,1.78,common,15.889472715877936
gravity_angle,1.785,common,15.88948196617611
gravity_angle,1.79,common,15.889491661836688
gravity_angle,1.795,common,15.88950172386217
gravity_angle,1.8,common,15.038602670139744
gravity_angle,1.8,pre,15.889512075573947
gravity_angle,1.8,post,15.038602670139744
gravity_angle,1.805,common,15.038620261779682
gravity_angle,1.81,common,15.03863781647743
gravity_angle,1.815,common,15.038655261905625
gravity_angle,1.82,common,15.038672528386945
gravity_angle,1.825,common,15.03868954896536
gravity_angle,1.83,common,15.03870625947605
gravity_angle,1.835,common,15.038722598610015
gravity_angle,1.84,common,15.038738507977046
gravity_angle,1.845,common,15.038753932162843
gravity_angle,1.85,common,14.196324373138431
gravity_angle,1.85,pre,15.038768818785115
gravity_angle,1.85,post,14.196324373138431
gravity_angle,1.855,common,14.196344124355317
gravity_angle,1.86,common,14.196362996860454
gravity_angle,1.865,common,14.196380944847206
gravity_angle,1.87,common,14.196397925794324
gravity_angle,1.875,common,14.196413900506165
gravity_angle,1.88,common,14.196428833147966
gravity_angle,1.885,common,14.196442691277701
gravity_angle,1.89,common,14.196455445875046
gravity_angle,1.895,common,14.196467071363713
gravity_angle,1.9,common,13.368085527527152
gravity_angle,1.9,pre,14.196477545632801
gravity_angle,1.9,post,13.368085527527152
gravity_angle,1.905,common,13.368097680827459
gravity_angle,1.91,common,13.368108335851812
gravity_angle,1.915,common,13.368117478971422
gravity_angle,1.92,common,13.368125100179928
gravity_angle,1.925,common,13.368131193095964
gravity_angle,1.93,common,13.368135754961733
gravity_angle,1.935,common,13.368138786637886
gravity_angle,1.94,common,13.368140292593381
gravity_angle,1.945,common,13.368140280891906
gravity_angle,1.95,common,12.560072806000262
gravity_angle,1.95,pre,13.368138763174818
gravity_angle,1.95,post,12.560072806000262
gravity_angle,1.955,common,12.560068861764146
gravity_angle,1.96,common,12.560063068272768
gravity_angle,1.965,common,12.560055447132411
gravity_angle,1.97,common,12.560046023573554
gravity_angle,1.975,common,12.560034826415635
gravity_angle,1.98,common,12.560021888026833
gravity_angle,1.985,common,12.560007244281184
gravity_angle,1.99,common,12.559990934510465
gravity_angle,1.995,common,12.559973001452704
gravity_angle,2.0,common,11.779224213027781
gravity_angle,2.0,pre,12.55995349119714
gravity_angle,2.0,post,11.779224213027781
gravity_angle,2.005,common,11.779197192283505
gravity_angle,2.01,common,11.779168265823952
gravity_angle,2.015,common,11.779137490660363
gravity_angle,2.02,common,11.779104927086374
gravity_angle,2.025,common,11.779070638605607
gravity_angle,2.03,common,11.779034691855957
gravity_angle,2.035,common,11.7789971565305
gravity_angle,2.04,common,11.778958105294171
gravity_angle,2.045,common,11.778917613698223
gravity_angle,2.05,common,11.033225832764806
gravity_angle,2.05,pre,11.778875760090433
gravity_angle,2.05,post,11.033225832764806
gravity_angle,2.055,common,11.033170433347735
gravity_angle,2.06,common,11.033113369780128
gravity_angle,2.065,common,11.033054731665192
gravity_angle,2.07,common,11.032994611221813
gravity_angle,2.075,common,11.032933103179975
gravity_angle,2.08,common,11.032870304674555
gravity_angle,2.085,common,11.032806315135486
gravity_angle,2.09,common,11.032741236175173
gravity_angle,2.095,common,11.032675171475185
gravity_angle,2.1,common,10.330405113235319
gravity_angle,2.1,pre,11.032608226668701
gravity_angle,2.1,post,10.330405113235319
gravity_angle,2.105,common,10.330317783477671
gravity_angle,2.11,common,10.33022930908929
gravity_angle,2.115,common,10.330139806591403
gravity_angle,2.12,common,10.33004939417682
gravity_angle,2.125,common,10.32995819158183
gravity_angle,2.13,common,10.329866319957882
gravity_angle,2.135,common,10.329773901738841
gravity_angle,2.14,common,10.329681060509579
gravity_angle,2.145,common,10.32958792087233
gravity_angle,2.15,common,9.67945751646078
gravity_angle,2.15,pre,10.329494608310952
gravity_angle,2.15,post,9.67945751646078
gravity_angle,2.155,common,9.679336470393448
gravity_angle,2.16,common,9.679215033345791
gravity_angle,2.165,common,9.679093340590349
gravity_angle,2.17,common,9.678971527928569
gravity_angle,2.175,common,9.678849731550265
gravity_angle,2.18,common,9.678728087891248
gravity_angle,2.185,common,9.67860673349282
gravity_angle,2.19,common,9.678485804857731
gravity_angle,2.195,common,9.678365438310294
gravity_angle,2.2,common,9.088945873469912
gravity_angle,2.2,pre,9.678245769852992
gravity_angle,2.2,post,9.088945873469912
gravity_angle,2.205,common,9.088791058959394
gravity_angle,2.21,common,9.088636775036786
gravity_angle,2.215,common,9.0884831657274
gravity_angle,2.22,common,9.088330374349047
gravity_angle,2.225,common,9.088178543368254
gravity_angle,2.23,common,9.088027814259975
gravity_angle,2.235,common,9.087878327366896
gravity_angle,2.24,common,9.087730221760157
gravity_angle,2.245,common,9.087583635101245
gravity_angle,2.25,common,8.566550436292923
gravity_angle,2.25,pre,9.08743870350569
gravity_angle,2.25,post,8.566550436292923
gravity_angle,2.255,common,8.566363445461368
gravity_angle,2.26,common,8.56617799019976
gravity_angle,2.265,common,8.565994212425617
gravity_angle,2.27,common,8.565812252138603
gravity_angle,2.275,common,8.565632247290711
gravity_angle,2.28,common,8.565454333656264
gravity_angle,2.285,common,8.565278644706593
gravity_angle,2.29,common,8.56510531148507
gravity_angle,2.295,common,8.564934462484809
gravity_angle,2.3,common,8.118132013769797
gravity_angle,2.3,pre,8.564766223531455
gravity_angle,2.3,post,8.118132013769797
gravity_angle,2.305,common,8.117915905110806
gravity_angle,2.31,common,8.117702325820348
gravity_angle,2.315,common,8.117491405225795
gravity_angle,2.32,common,8.117283269685778
gravity_angle,2.325,common,8.117078042480033
gravity_angle,2.33,common,8.116875843706758
gravity_angle,2.335,common,8.1166767901797
gravity_angle,2.34,common,8.11648099532979
gravity_angle,2.345,common,8.116288569111356
gravity_angle,2.35,common,7.7467851547910715
gravity_angle,2.35,pre,8.116099617909823
gravity_angle,2.35,post,7.7467851547910715
gravity_angle,2.355,common,7.746544157654132
gravity_angle,2.36,common,7.746306580658503
gravity_angle,2.365,common,7.746072531811324
gravity_angle,2.37,common,7.745842115369326
gravity_angle,2.375,common,7.745615431764298
gravity_angle,2.38,common,7.745392577528471
gravity_angle,2.385,common,7.745173645229423
gravity_angle,2.39,common,7.744958723402886
gravity_angle,2.395,common,7.744747896494601
gravity_angle,2.4,common,7.4521484947951775
gravity_angle,2.4,pre,7.744541244803101
gravity_angle,2.4,post,7.4521484947951775
gravity_angle,2.405,common,7.451887604110511
gravity_angle,2.41,common,7.451630848044049
gravity_angle,2.415,common,7.451378307530375
gravity_angle,2.42,common,7.4511300593278795
gravity_angle,2.425,common,7.450886175980492
gravity_angle,2.43,common,7.450646725781187
gravity_angle,2.435,common,7.450411772744064
gravity_angle,2.44,common,7.4501813765751725
gravity_angle,2.445,common,7.449955592651988
gravity_angle,2.45,common,7.230228170177491
gravity_angle,2.45,pre,7.449734472005202
gravity_angle,2.45,post,7.230228170177491
gravity_angle,2.455,common,7.229952702999281
gravity_angle,2.46,common,7.229681868319054
gravity_angle,2.465,common,7.229415717997502
gravity_angle,2.47,common,7.229154299678551
gravity_angle,2.475,common,7.228897656785469
gravity_angle,2.48,common,7.228645828525518
gravity_angle,2.485,common,7.228398849894729
gravity_angle,2.49,common,7.228156751690529
gravity_angle,2.495,common,7.227919560525789
gravity_angle,2.5,common,7.073839309809178
gravity_angle,2.5,pre,7.227687298846813
gravity_angle,2.5,post,7.073839309809178
gravity_angle,2.505,common,7.07355454516908
gravity_angle,2.51,common,7.073274694547551
gravity_angle,2.515,common,7.072999782554556
gravity_angle,2.52,common,7.07272982989638
gravity_angle,2.525,common,7.072464853408925
gravity_angle,2.53,common,7.072204866091786
gravity_angle,2.535,common,7.071949877147535
gravity_angle,2.54,common,7.07169989202613
gravity_angle,2.545,common,7.071454912468992
gravity_angle,2.55,common,6.973540485585428
gravity_angle,2.55,pre,7.071214936559659
gravity_angle,2.55,post,6.973540485585428
gravity_angle,2.555,common,6.973251500989678
gravity_angle,2.56,common,6.972967533798623
gravity_angle,2.565,common,6.972688586364522
gravity_angle,2.57,common,6.9724146577294945
gravity_angle,2.575,common,6.97214574368372
gravity_angle,2.58,common,6.97188183682583
gravity_angle,2.585,common,6.971622926626385
gravity_angle,2.59,common,6.97136899949409
gravity_angle,2.595,common,6.9711200388443935
gravity_angle,2.6,common,6.918762572052243
gravity_angle,2.6,pre,6.970876025171187
gravity_angle,2.6,post,6.918762572052243
gravity_angle,2.605,common,6.918474317868064
gravity_angle,2.61,common,6.918191070855484
gravity_angle,2.615,common,6.917912818094788
gravity_angle,2.62,common,6.9176395441172005
gravity_angle,2.625,common,6.917371230979865
gravity_angle,2.63,common,6.917107858341376
gravity_angle,2.635,common,6.916849403538694
gravity_angle,2.64,common,6.916595841666514
gravity_angle,2.645,common,6.916347145658169
gravity_angle,2.65,common,6.898817266710244
gravity_angle,2.65,pre,6.916103286368361
gravity_angle,2.65,post,6.898817266710244
gravity_angle,2.655,common,6.898534825555383
gravity_angle,2.66,common,6.898257342119432
gravity_angle,2.665,common,6.897984795800065
gravity_angle,2.67,common,6.897717164257927
gravity_angle,2.675,common,6.897454423494162
gravity_angle,2.68,common,6.897196547930507
gravity_angle,2.685,common,6.896943510491446
gravity_angle,2.69,common,6.896695282683625
gravity_angle,2.695,common,6.896451834679397
gravity_angle,2.7,common,6.903594013116135
gravity_angle,2.7,pre,6.8962131353989
gravity_angle,2.7,post,6.903594013116135
gravity_angle,2.705,common,6.903322927499947
gravity_angle,2.71,common,6.903056779224935
gravity_angle,2.715,common,6.902795546917898
gravity_angle,2.72,common,6.9025392082161785
gravity_angle,2.725,common,6.902287739840521
gravity_angle,2.73,common,6.902041117671553
gravity_angle,2.735,common,6.901799316822589
gravity_angle,2.74,common,6.901562311715897
gravity_angle,2.745,common,6.901330076155173
gravity_angle,2.75,common,6.923915877289927
gravity_angle,2.75,pre,6.901102583399312
gravity_angle,2.75,post,6.923915877289927
gravity_angle,2.755,common,6.923662418101962
gravity_angle,2.76,common,6.923413955115077
gravity_angle,2.765,common,6.9231704714315345
gravity_angle,2.77,common,6.922931949762919
gravity_angle,2.775,common,6.922698372491618
gravity_angle,2.78,common,6.922469721733589
gravity_angle,2.785,common,6.922245979399309
gravity_angle,2.79,common,6.922027127251651
gravity_angle,2.795,common,6.921813146967326
gravity_angle,2.8,common,6.951635603573815
gravity_angle,2.8,pre,6.921604020192792
gravity_angle,2.8,post,6.951635603573815
gravity_angle,2.805,common,6.951406883254672
gravity_angle,2.81,common,6.951183322496067
gravity_angle,2.815,common,6.950964911868685
gravity_angle,2.82,common,6.950751641948924
gravity_angle,2.825,common,6.950543503362163
gravity_angle,2.83,common,6.9503404868273195
gravity_angle,2.835,common,6.950142583199247
gravity_angle,2.84,common,6.949949783508613
gravity_angle,2.845,common,6.949762079002319
gravity_angle,2.85,common,6.979587136556831
gravity_angle,2.85,pre,6.949579461179971
gravity_angle,2.85,post,6.979587136556831
gravity_angle,2.855,common,6.97939101894268
gravity_angle,2.86,common,6.979200327322611
gravity_angle,2.865,common,6.979015060283408
gravity_angle,2.87,common,6.9788352165856535
gravity_angle,2.875,common,6.9786607951901996
gravity_angle,2.88,common,6.9784917952821806
gravity_angle,2.885,common,6.978328216291099
gravity_angle,2.89,common,6.978170057912437
gravity_angle,2.895,common,6.978017320124384
gravity_angle,2.9,common,7.001488279501454
gravity_angle,2.9,pre,6.977870003207092
gravity_angle,2.9,post,7.001488279501454
gravity_angle,2.905,common,7.0013330837830825
gravity_angle,2.91,common,7.001183657627888
gravity_angle,2.915,common,7.001040005885711
gravity_angle,2.92,common,7.00090213353349
gravity_angle,2.925,common,7.000770045683011
gravity_angle,2.93,common,7.000643747584009
gravity_angle,2.935,common,7.000523244626332
gravity_angle,2.94,common,7.000408542339644
gravity_angle,2.945,common,7.000299646393971
gravity_angle,2.95,common,7.011850803303862
gravity_angle,2.95,pre,7.000196562594079
gravity_angle,2.95,post,7.011850803303862
gravity_angle,2.955,common,7.011744833742004
gravity_angle,2.96,common,7.011645008969135
gravity_angle,2.965,common,7.011551336466737
gravity_angle,2.97,common,7.01146382361731
gravity_angle,2.975,common,7.011382477691022
gravity_angle,2.98,common,7.011307305834789
gravity_angle,2.985,common,7.011238315056165
gravity_angle,2.99,common,7.011175512208831
gravity_angle,2.995,common,7.0111189039746
gravity_angle,3.0,common,7.00591822804906
gravity_angle,3.0,pre,7.011068496844804
gravity_angle,3.0,post,7.00591822804906
gravity_angle,3.005,common,7.005869183455235
gravity_angle,3.01,common,7.005826632261063
gravity_angle,3.015,common,7.005790579679327
gravity_angle,3.02,common,7.005761030464965
gravity_angle,3.025,common,7.0057379888928
gravity_angle,3.03,common,7.005721458729741
gravity_angle,3.035,common,7.005711443211479
gravity_angle,3.04,common,7.005707945014028
gravity_angle,3.045,common,7.005710966226426
gravity_angle,3.05,common,6.979627534230492
gravity_angle,3.05,pre,7.005720508321236
gravity_angle,3.05,post,6.979627534230492
gravity_angle,3.055,common,6.97964186414912
gravity_angle,3.06,common,6.979662946028298
gravity_angle,3.065,common,6.979690777343158
gravity_angle,3.07,common,6.979725354689482
gravity_angle,3.075,common,6.979766673749362
gravity_angle,3.08,common,6.979814729264766
gravity_angle,3.085,common,6.979869515002244
gravity_angle,3.09,common,6.979931023721918
gravity_angle,3.095,common,6.979999247145035
gravity_angle,3.1,common,6.9295793801894705
gravity_angle,3.1,pre,6.980074175921379
gravity_angle,3.1,post,6.9295793801894705
gravity_angle,3.105,common,6.929661660158073
gravity_angle,3.11,common,6.929750799702177
gravity_angle,3.115,common,6.929846783244755
gravity_angle,3.12,common,6.929949593904409
gravity_angle,3.125,common,6.930059213465253
gravity_angle,3.13,common,6.93017562234498
gravity_angle,3.135,common,6.930298799563318
gravity_angle,3.14,common,6.93042872271109
gravity_angle,3.145,common,6.930565367919403
gravity_angle,3.15,common,6.852999535535
gravity_angle,3.15,pre,6.930708709828491
gravity_angle,3.15,post,6.852999535535
gravity_angle,3.155,common,6.853151932292291
gravity_angle,3.16,common,6.853311093963367
gravity_angle,3.165,common,6.853476987406187
gravity_angle,3.17,common,6.853649577811926
gravity_angle,3.175,common,6.85382882867972
gravity_angle,3.18,common,6.854014701791112
gravity_angle,3.185,common,6.854207157183507
gravity_angle,3.19,common,6.854406153125699
gravity_angle,3.195,common,6.854611646094257
gravity_angle,3.2,common,6.747679653308687
gravity_angle,3.2,pre,6.8548235907488815
gravity_angle,3.2,post,6.747679653308687
gravity_angle,3.205,common,6.7479015420287025
gravity_angle,3.21,common,6.748129862595008
gravity_angle,3.215,common,6.748364561105444
gravity_angle,3.22,common,6.748605581738499
gravity_angle,3.225,common,6.74885286673782
gravity_angle,3.23,common,6.749106356393984
gravity_angle,3.235,common,6.749365989031064
gravity_angle,3.24,common,6.749631700991636
gravity_angle,3.245,common,6.749903426623405
gravity_angle,3.25,common,6.611895319926211
gravity_angle,3.25,pre,6.750181098267718
gravity_angle,3.25,post,6.611895319926211
gravity_angle,3.255,common,6.612183099258599
gravity_angle,3.26,common,6.61247672170826
gravity_angle,3.265,common,6.612776111062238
gravity_angle,3.27,common,6.613081189076486
gravity_angle,3.275,common,6.6133918754711525
gravity_angle,3.28,common,6.6137080879282975
gravity_angle,3.285,common,6.614029742088705
gravity_angle,3.29,common,6.614356751551181
gravity_angle,3.295,common,6.614689027872702
gravity_angle,3.3,common,6.444310261895832
gravity_angle,3.3,pre,6.6150264805712835
gravity_angle,3.3,post,6.444310261895832
gravity_angle,3.305,common,6.444657389780639
gravity_angle,3.31,common,6.445009519335843
gravity_angle,3.315,common,6.445366552243044
gravity_angle,3.32,common,6.445728388195224
gravity_angle,3.325,common,6.446094924905133
gravity_angle,3.33,common,6.446466058117641
gravity_angle,3.335,common,6.44684168162016
gravity_angle,3.34,common,6.447221687257155
gravity_angle,3.345,common,6.447605964945153
gravity_angle,3.35,common,6.243884752844996
gravity_angle,3.35,pre,6.447994402687927
gravity_angle,3.35,post,6.243884752844996
gravity_angle,3.355,common,6.244281999232657
gravity_angle,3.36,common,6.244683175173266
gravity_angle,3.365,common,6.245088162111614
gravity_angle,3.37,common,6.245496839694789
gravity_angle,3.375,common,6.245909085795707
gravity_angle,3.38,common,6.246324776537359
gravity_angle,3.385,common,6.246743786320754
gravity_angle,3.39,common,6.2471659878498835
gravity_angle,3.395,common,6.247591252162886
gravity_angle,3.4,common,6.009811589667558
gravity_angle,3.4,pre,6.24801944866101
gravity_angle,3.4,post,6.009811589667558
gravity_angle,3.405,common,6.010247475324028
gravity_angle,3.41,common,6.010686025651814
gravity_angle,3.415,common,6.011127105120013
gravity_angle,3.42,common,6.01157057672343
gravity_angle,3.425,common,6.01201630201756
gravity_angle,3.43,common,6.012464141157244
gravity_angle,3.435,common,6.012913952934246
gravity_angle,3.44,common,6.013365594817893
gravity_angle,3.445,common,6.0138189229952275
gravity_angle,3.45,common,5.741503315374566
gravity_angle,3.45,pre,6.014273792414358
gravity_angle,3.45,post,5.741503315374566
gravity_angle,3.455,common,5.741964683351122
gravity_angle,3.46,common,5.742427307298748
gravity_angle,3.465,common,5.742891038986769
gravity_angle,3.47,common,5.743355729137627
gravity_angle,3.475,common,5.743821227470296
gravity_angle,3.48,common,5.7442873827508
gravity_angle,3.485,common,5.744754042840328
gravity_angle,3.49,common,5.745221054744616
gravity_angle,3.495,common,5.7456882646649206
gravity_angle,3.5,common,5.438649521715872
gravity_angle,3.5,pre,5.746155518050836
gravity_angle,3.5,post,5.438649521715872
gravity_angle,3.505,common,5.4391221737293005
gravity_angle,3.51,common,5.439594583631916
gravity_angle,3.515,common,5.440066595360923
gravity_angle,3.52,common,5.440538052305039
gravity_angle,3.525,common,5.441008797359205
gravity_angle,3.53,common,5.441478672978882
gravity_angle,3.535,common,5.441947521238567
gravity_angle,3.54,common,5.442415183887753
gravity_angle,3.545,common,5.442881502409963
gravity_angle,3.55,common,5.101354068903145
gravity_angle,3.55,pre,5.443346318078624
gravity_angle,3.55,post,5.101354068903145
gravity_angle,3.555,common,5.101823395339869
gravity_angle,3.56,common,5.102290946766767
gravity_angle,3.565,common,5.1027565643586525
gravity_angle,3.57,common,5.103220089286211
gravity_angle,3.575,common,5.1036813627758795
gravity_angle,3.58,common,5.1041402261711335
gravity_angle,3.585,common,5.104596520994343
gravity_angle,3.59,common,5.105050089007755
gravity_angle,3.595,common,5.105500772276119
gravity_angle,3.6,common,4.730350854942504
gravity_angle,3.6,pre,5.105948413229509
gravity_angle,3.6,post,4.730350854942504
gravity_angle,3.605,common,4.730802394913269
gravity_angle,3.61,common,4.731250642563106
gravity_angle,3.615,common,4.73169544128528
gravity_angle,3.62,common,4.732136635036873
gravity_angle,3.625,common,4.732574068402436
gravity_angle,3.63,common,4.733007586656319
gravity_angle,3.635,common,4.733437035829015
gravity_angle,3.64,common,4.733862262768955
gravity_angle,3.645,common,4.7342831152076235
gravity_angle,3.65,common,4.327286123699927
gravity_angle,3.65,pre,4.734699441823748
gravity_angle,3.65,post,4.327286123699927
gravity_angle,3.655,common,4.327706009064059
gravity_angle,3.66,common,4.328121144137225
gravity_angle,3.665,common,4.328531379271137
gravity_angle,3.67,common,4.328936565958114
gravity_angle,3.675,common,4.329336556896761
gravity_angle,3.68,common,4.329731206055975
gravity_angle,3.685,common,4.330120368739564
gravity_angle,3.69,common,4.330503901648448
gravity_angle,3.695,common,4.330881662947862
gravity_angle,3.7,common,3.8950495716592317
gravity_angle,3.7,pre,4.331253512327174
gravity_angle,3.7,post,3.8950495716592317
gravity_angle,3.705,common,3.895424833355567
gravity_angle,3.71,common,3.8957939830350767
gravity_angle,3.715,common,3.8961568825030684
gravity_angle,3.72,common,3.8965133952889275
gravity_angle,3.725,common,3.8968633867093714
gravity_angle,3.73,common,3.897206723931858
gravity_angle,3.735,common,3.8975432760362745
gravity_angle,3.74,common,3.897872914076971
gravity_angle,3.745,common,3.8981955111428075
gravity_angle,3.75,common,3.438144234834379
gravity_angle,3.75,pre,3.89851094241774
gravity_angle,3.75,post,3.438144234834379
gravity_angle,3.755,common,3.43846297838433
gravity_angle,3.76,common,3.4387743769661254
gravity_angle,3.765,common,3.4390783082360956
gravity_angle,3.77,common,3.439374652163676
gravity_angle,3.775,common,3.4396632910896794
gravity_angle,3.78,common,3.439944109785956
gravity_angle,3.785,common,3.4402169955123063
gravity_angle,3.79,common,3.4404818380726727
gravity_angle,3.795,common,3.4407385298744315
gravity_angle,3.8,common,2.9631258628064483
gravity_angle,3.8,pre,3.4409869659757306
gravity_angle,3.8,post,2.9631258628064483
gravity_angle,3.805,common,2.9633773540054977
gravity_angle,3.81,common,2.9636204301682896
gravity_angle,3.815,common,2.9638549893665997
gravity_angle,3.82,common,2.9640809325789936
gravity_angle,3.825,common,2.9642981637426606
gravity_angle,3.83,common,2.9645065898071703
gravity_angle,3.835,common,2.9647061207832626
gravity_angle,3.84,common,2.9648966697916035
gravity_angle,3.845,common,2.9650781531102792
gravity_angle,3.85,common,2.479266660094105
gravity_angle,3.85,pre,2.9652504902204266
gravity_angle,3.85,post,2.479266660094105
gravity_angle,3.855,common,2.4794414238464184
gravity_angle,3.86,common,2.4796069133302887
gravity_angle,3.865,common,2.4797630521204703
gravity_angle,3.87,common,2.4799097672983716
gravity_angle,3.875,common,2.4800469894933252
gravity_angle,3.88,common,2.4801746529240245
gravity_angle,3.885,common,2.480292695434251
gravity_angle,3.89,common,2.4804010585320233
gravity_angle,3.895,common,2.480499687422016
gravity_angle,3.9,common,1.9999524853033763
gravity_angle,3.9,pre,2.4805885310361244
gravity_angle,3.9,post,1.9999524853033763
gravity_angle,3.905,common,2.000042726715003
gravity_angle,3.91,common,2.00012313634372
gravity_angle,3.915,common,2.0001936693469293
gravity_angle,3.92,common,2.0002542849766805
gravity_angle,3.925,common,2.000304946603357
gravity_angle,3.93,common,2.000345621746585
gravity_angle,3.935,common,2.000376282086942
gravity_angle,3.94,common,2.000396903487441
gravity_angle,3.945,common,2.0004074660094986
gravity_angle,3.95,common,1.546357712544665
gravity_angle,3.95,pre,2.000407953921921
gravity_angle,3.95,post,1.546357712544665
gravity_angle,3.955,common,1.5463592928640424
gravity_angle,3.96,common,1.5463510031366503
gravity_angle,3.965,common,1.5463328376305494
gravity_angle,3.97,common,1.546304795242024
gravity_angle,3.975,common,1.5462668794896546
gravity_angle,3.98,common,1.546219098514961
gravity_angle,3.985,common,1.546161465079246
gravity_angle,3.99,common,1.5460939965500318
gravity_angle,3.995,common,1.5460167148931225
gravity_angle,4.0,common,1.1576749926685639
gravity_angle,4.0,pre,1.5459296466493024
gravity_angle,4.0,post,1.1576749926685639
gravity_angle,4.005,common,1.157596422978485
gravity_angle,4.01,common,1.1575090587530072
gravity_angle,4.015,common,1.1574129415111578
gravity_angle,4.02,common,1.1573081176823738
gravity_angle,4.025,common,1.1571946385679468
gravity_angle,4.03,common,1.1570725603080134
gravity_angle,4.035,common,1.1569419438298307
gravity_angle,4.04,common,1.1568028548075495
gravity_angle,4.045,common,1.1566553636060675
gravity_angle,4.05,common,0.9120410473930417
gravity_angle,4.05,pre,1.156499545228783
gravity_angle,4.05,post,0.9120410473930417
gravity_angle,4.055,common,0.9119352308079671
gravity_angle,4.06,common,0.911824098008337
gravity_angle,4.065,common,0.9117077351787732
gravity_angle,4.07,common,0.9115862328066494
gravity_angle,4.075,common,0.9114596855908096
gravity_angle,4.08,common,0.9113281923608764
gravity_angle,4.085,common,0.9111918559855344
gravity_angle,4.09,common,0.9110507832729503
gravity_angle,4.095,common,0.9109050848708995
gravity_angle,4.1,common,0.9056316650724668
gravity_angle,4.1,pre,0.9107548751657696
gravity_angle,4.1,post,0.9056316650724668
gravity_angle,4.105,common,0.9056117676241491
gravity_angle,4.11,common,0.9055921742648035
gravity_angle,4.115,common,0.9055729723096304
gravity_angle,4.12,common,0.9055542511081558
gravity_angle,4.125,common,0.9055361019385605
gravity_angle,4.13,common,0.9055186178825696
gravity_angle,4.135,common,0.9055018937171225
gravity_angle,4.14,common,0.905486025783774
gravity_angle,4.145,common,0.9054711118768805
gravity_angle,4.15,common,1.1115798063470275
gravity_angle,4.15,pre,0.9054572511091064
gravity_angle,4.15,post,1.1115798063470275
gravity_angle,4.155,common,1.1117002550166142
gravity_angle,4.16,common,1.111824919803379
gravity_angle,4.165,common,1.1119538416497838
gravity_angle,4.17,common,1.112087061219338
gravity_angle,4.175,common,1.1122246188014724
gravity_angle,4.18,common,1.1123665542194334
gravity_angle,4.185,common,1.1125129067353128
gravity_angle,4.19,common,1.1126637149587675
gravity_angle,4.195,common,1.1128190167538738
gravity_angle,4.2,common,1.4121132614745433
gravity_angle,4.2,pre,1.1129788491451031
gravity_angle,4.2,post,1.4121132614745433
gravity_angle,4.205,common,1.4123559965776038
gravity_angle,4.21,common,1.4126043823395087
gravity_angle,4.215,common,1.4128584075502866
gravity_angle,4.22,common,1.4131180595096315
gravity_angle,4.225,common,1.4133833239727849
gravity_angle,4.23,common,1.4136541850919262
gravity_angle,4.235,common,1.4139306253682937
gravity_angle,4.24,common,1.4142126255905347
gravity_angle,4.245,common,1.414500164793071
gravity_angle,4.25,common,1.7339460435400724
gravity_angle,4.25,pre,1.4147932201929718
gravity_angle,4.25,post,1.7339460435400724
gravity_angle,4.255,common,1.7342851035893156
gravity_angle,4.26,common,1.7346298577579105
gravity_angle,4.265,common,1.734980250588105
gravity_angle,4.27,common,1.7353362247141646
gravity_angle,4.275,common,1.73569772082793
gravity_angle,4.28,common,1.7360646776688449
gravity_angle,4.285,common,1.7364370319974847
gravity_angle,4.29,common,1.7368147185782152
gravity_angle,4.295,common,1.737197670158165
gravity_angle,4.3,common,2.046286089131323
gravity_angle,4.3,pre,1.7375858174538445
gravity_angle,4.3,post,2.046286089131323
gravity_angle,4.305,common,2.0466996653296623
gravity_angle,4.31,common,2.047118231566206
gravity_angle,4.315,common,2.0475416968571083
gravity_angle,4.32,common,2.0479699683412638
gravity_angle,4.325,common,2.0484029512785673
gravity_angle,4.33,common,2.048840549057107
gravity_angle,4.335,common,2.049282663198757
gravity_angle,4.34,common,2.049729193359627
gravity_angle,4.345,common,2.050180037346704
gravity_angle,4.35,common,2.3364416519894466
gravity_angle,4.35,pre,2.05063509112133
gravity_angle,4.35,post,2.3364416519894466
gravity_angle,4.355,common,2.3369101791816593
gravity_angle,4.36,common,2.3373825480564805
gravity_angle,4.365,common,2.33785864047518
gravity_angle,4.37,common,2.3383383367267427
gravity_angle,4.375,common,2.3388215155497325
gravity_angle,4.38,common,2.3393080541566014
gravity_angle,4.385,common,2.3397978282570024
gravity_angle,4.39,common,2.3402907120821292
gravity_angle,4.395,common,2.3407865784139767
gravity_angle,4.4,common,2.5991542260925407
gravity_angle,4.4,pre,2.3412852986087596
gravity_angle,4.4,post,2.5991542260925407
gravity_angle,4.405,common,2.5996588432323846
gravity_angle,4.41,common,2.600165880122102
gravity_angle,4.415,common,2.6006751997002335
gravity_angle,4.42,common,2.6011866638092096
gravity_angle,4.425,common,2.601700133225766
gravity_angle,4.43,common,2.6022154677038705
gravity_angle,4.435,common,2.602732526008007
gravity_angle,4.44,common,2.6032511659498665
gravity_angle,4.445,common,2.603771244427853
gravity_angle,4.45,common,2.8324673718075166
gravity_angle,4.45,pre,2.604292617464385
gravity_angle,4.45,post,2.8324673718075166
gravity_angle,4.455,common,2.832989451615902
gravity_angle,4.46,common,2.8335123758985694
gravity_angle,4.465,common,2.834035996799843
gravity_angle,4.47,common,2.8345601659279174
gravity_angle,4.475,common,2.8350847344026158
gravity_angle,4.48,common,2.835609552895568
gravity_angle,4.485,common,2.836134471674505
gravity_angle,4.49,common,2.8366593406453684
gravity_angle,4.495,common,2.837184009400467
gravity_angle,4.5,common,3.0359320019287113
gravity_angle,4.5,pre,2.837708327258915
gravity_angle,4.5,post,3.0359320019287113
gravity_angle,4.505,common,3.036453272399318
gravity_angle,4.51,common,3.036973756926551
gravity_angle,4.515,common,3.037493304696335
gravity_angle,4.52,common,3.0380117649528344
gravity_angle,4.525,common,3.0385289870413454
gravity_angle,4.53,common,3.0390448204559837
gravity_angle,4.535,common,3.0395591148823367
gravity_angle,4.54,common,3.0400717202439558
gravity_angle,4.545,common,3.0405824867475295
gravity_angle,4.55,common,3.2097241696078354
gravity_angle,4.55,pre,3.041091264928059
gravity_angle,4.55,post,3.2097241696078354
gravity_angle,4.555,common,3.210227115679074
gravity_angle,4.56,common,3.210727675402808
gravity_angle,4.565,common,3.2112257022776465
gravity_angle,4.57,common,3.211721050424023
gravity_angle,4.575,common,3.212213574626917
gravity_angle,4.58,common,3.212703130383703
gravity_angle,4.585,common,3.2131895739410012
gravity_angle,4.59,common,3.213672762340636
gravity_angle,4.595,common,3.214152553460957
gravity_angle,4.6,common,3.3541866470614004
gravity_angle,4.6,pre,3.2146288060588692
gravity_angle,4.6,post,3.3541866470614004
gravity_angle,4.605,common,3.3546550229004706
gravity_angle,4.61,common,3.355119515959427
gravity_angle,4.615,common,3.3555799904385637
gravity_angle,4.62,common,3.3560363116614504
gravity_angle,4.625,common,3.3564883461104422
gravity_angle,4.63,common,3.356935961467018
gravity_angle,4.635,common,3.357379026648799
gravity_angle,4.64,common,3.3578174118424897
gravity_angle,4.645,common,3.358250988545999
gravity_angle,4.65,common,3.469604682787499
gravity_angle,4.65,pre,3.358679629599324
gravity_angle,4.65,post,3.469604682787499
gravity_angle,4.655,common,3.4700240364741757
gravity_angle,4.66,common,3.470438176871609
gravity_angle,4.665,common,3.470846984121505
gravity_angle,4.67,common,3.4712503398868875
gravity_angle,4.675,common,3.4716481273881308
gravity_angle,4.68,common,3.4720402314291947
gravity_angle,4.685,common,3.472426538430142
gravity_angle,4.69,common,3.472806936452708
gravity_angle,4.695,common,3.4731813152301587
gravity_angle,4.7,common,3.556127711049348
gravity_angle,4.7,pre,3.4735495661948272
gravity_angle,4.7,post,3.556127711049348
gravity_angle,4.705,common,3.556485858386032
gravity_angle,4.71,common,3.5568376761799443
gravity_angle,4.715,common,3.5571830643668743
gravity_angle,4.72,common,3.5575219246922507
gravity_angle,4.725,common,3.557854160730309
gravity_angle,4.73,common,3.5581796779083987
gravity_angle,4.735,common,3.5584983835235153
gravity_angle,4.74,common,3.558810186764076
gravity_angle,4.745,common,3.5591149987288437
gravity_angle,4.75,common,3.613786757801049
gravity_angle,4.75,pre,3.5594127324430094
gravity_angle,4.75,post,3.613786757801049
gravity_angle,4.755,common,3.614074161064598
gravity_angle,4.76,common,3.614354365863525
gravity_angle,4.765,common,3.614627294259394
gravity_angle,4.77,common,3.614892870276196
gravity_angle,4.775,common,3.6151510199168353
gravity_angle,4.78,common,3.615401671171386
gravity_angle,4.785,common,3.615644754029018
gravity_angle,4.79,common,3.615880200486041
gravity_angle,4.795,common,3.6161079445608446
gravity_angle,4.8,common,3.64257412116531
gravity_angle,4.8,pre,3.6163279222960787
gravity_angle,4.8,post,3.64257412116531
gravity_angle,4.805,common,3.642784141912558
gravity_angle,4.81,common,3.6429863592869296
gravity_angle,4.815,common,3.643180718217831
gravity_angle,4.82,common,3.643367165626839
gravity_angle,4.825,common,3.6435456504318293
gravity_angle,4.83,common,3.6437161235505604
gravity_angle,4.835,common,3.643878537900311
gravity_angle,4.84,common,3.6440328484025817
gravity_angle,4.845,common,3.6441790119826525
gravity_angle,4.85,common,3.6425614648359743
gravity_angle,4.85,pre,3.644316987571202
gravity_angle,4.85,post,3.6425614648359743
gravity_angle,4.855,common,3.6426904722196602
gravity_angle,4.86,common,3.642811335254528
gravity_angle,4.865,common,3.642924020945168
gravity_angle,4.87,common,3.6430284982048957
gravity_angle,4.875,common,3.6431247378489466
gravity_angle,4.88,common,3.6432127125905476
gravity_angle,4.885,common,3.6432923970381457
gravity_angle,4.89,common,3.6433637676906008
gravity_angle,4.895,common,3.6434268029286336
gravity_angle,4.9,common,3.6140393366664667
gravity_angle,4.9,pre,3.6434814830143516
gravity_angle,4.9,post,3.6140393366664667
gravity_angle,4.905,common,3.6140866656410697
gravity_angle,4.91,common,3.614125757019706
gravity_angle,4.915,common,3.614156597724403
gravity_angle,4.92,common,3.6141791764089835
gravity_angle,4.925,common,3.614193483448036
gravity_angle,4.93,common,3.614199510931093
gravity_angle,4.935,common,3.6141972526530273
gravity_angle,4.94,common,3.6141867041060305
gravity_angle,4.945,common,3.6141678624703273
gravity_angle,4.95,common,3.557666687393064
gravity_angle,4.95,pre,3.6141407266061676
gravity_angle,4.95,post,3.557666687393064
gravity_angle,4.955,common,3.55763445457147
gravity_angle,4.96,common,3.5575941080674878
gravity_angle,4.965,common,3.5575456514779944
gravity_angle,4.97,common,3.55748908989951
gravity_angle,4.975,common,3.557424429920008
gravity_angle,4.98,common,3.5573516796097526
gravity_angle,4.985,common,3.5572708485100293
gravity_angle,4.99,common,3.5571819476268516
gravity_angle,4.995,common,3.5570849894222483
gravity_angle,5.0,common,3.474623301693149
gravity_angle,5.0,pre,3.5569799878034507
gravity_angle,5.0,post,3.474623301693149
gravity_angle,5.005,common,3.4745160993817237
gravity_angle,5.01,common,3.4744010823965117
gravity_angle,5.015,common,3.474278267083575
gravity_angle,5.02,common,3.4741476710468158
gravity_angle,5.025,common,3.4740093131432395
gravity_angle,5.03,common,3.473863213476685
gravity_angle,5.035,common,3.4737093933915877
gravity_angle,5.04,common,3.4735478754698317
gravity_angle,5.045,common,3.4733786835229155
gravity_angle,5.05,common,3.3667605544783976
gravity_angle,5.05,pre,3.473201842588771
gravity_angle,5.05,post,3.3667605544783976
gravity_angle,5.055,common,3.366585054533792
gravity_angle,5.06,common,3.3664021643720807
gravity_angle,5.065,common,3.3662119089633165
gravity_angle,5.07,common,3.3660143143368275
gravity_angle,5.075,common,3.365809407581102
gravity_angle,5.08,common,3.3655972168438284
gravity_angle,5.085,common,3.3653777713313056
gravity_angle,5.09,common,3.365151101315042
gravity_angle,5.095,common,3.364917238127336
gravity_angle,5.1,common,3.2367455742920943
gravity_angle,5.1,pre,3.3646762141689126
gravity_angle,5.1,post,3.2367455742920943
gravity_angle,5.105,common,3.2365100823273596
gravity_angle,5.11,common,3.2362676975862144
gravity_angle,5.115,common,3.236018449902868
gravity_angle,5.12,common,3.2357623700601255
gravity_angle,5.125,common,3.235499489796378
gravity_angle,5.13,common,3.2352298418175813
gravity_angle,5.135,common,3.2349534598084766
gravity_angle,5.14,common,3.2346703784397914
gravity_angle,5.145,common,3.2343806333844847
gravity_angle,5.15,common,3.0881897411459036
gravity_angle,5.15,pre,3.234084261327943
gravity_angle,5.15,post,3.0881897411459036
gravity_angle,5.155,common,3.087903747751026
gravity_angle,5.16,common,3.087611382207564
gravity_angle,5.165,common,3.0873126763823535
gravity_angle,5.17,common,3.0870076631087895
gravity_angle,5.175,common,3.0866963762114774
gravity_angle,5.18,common,3.0863788505233583
gravity_angle,5.185,common,3.0860551219109085
gravity_angle,5.19,common,3.0857252272937115
gravity_angle,5.195,common,3.0853892046679636
gravity_angle,5.2,common,2.9257439165929537
gravity_angle,5.2,pre,3.08504709312743
gravity_angle,5.2,post,2.9257439165929537
gravity_angle,5.205,common,2.9254176949347728
gravity_angle,5.21,common,2.92508560370331
gravity_angle,5.215,common,2.924747675419038
gravity_angle,5.22,common,2.9244039437524205
gravity_angle,5.225,common,2.9240544435566678
gravity_angle,5.23,common,2.923699210900048
gravity_angle,5.235,common,2.9233382830955135
gravity_angle,5.24,common,2.9229716987323706
gravity_angle,5.245,common,2.922599497711751
gravity_angle,5.25,common,2.7551301355048605
gravity_angle,5.25,pre,2.922221721272159
gravity_angle,5.25,post,2.7551301355048605
gravity_angle,5.255,common,2.7547744311064326
gravity_angle,5.26,common,2.7544133149364387
gravity_angle,5.265,common,2.754046820650684
gravity_angle,5.27,common,2.7536749834046677
gravity_angle,5.275,common,2.7532978398916765
gravity_angle,5.28,common,2.752915428385593
gravity_angle,5.285,common,2.7525277887758257
gravity_angle,5.29,common,2.7521349626058873
gravity_angle,5.295,common,2.751736993109
gravity_angle,5.3,common,2.5830640691981133
gravity_angle,5.3,pre,2.7513339252482787
gravity_angle,5.3,post,2.5830640691981133
gravity_angle,5.305,common,2.582689911986271
gravity_angle,5.31,common,2.5823107491869317
gravity_angle,5.315,common,2.5819266181003253
gravity_angle,5.32,common,2.581537558011809
gravity_angle,5.325,common,2.581143610240428
gravity_angle,5.33,common,2.5807448181751345
gravity_angle,5.335,common,2.5803412273143493
gravity_angle,5.34,common,2.579932885302778
gravity_angle,5.345,common,2.5795198419671848
gravity_angle,5.35,common,2.4170081242233583
gravity_angle,5.35,pre,2.5791021493509776
gravity_angle,5.35,post,2.4170081242233583
gravity_angle,5.355,common,2.416626755468287
gravity_angle,5.36,common,2.416240752168642
gravity_angle,5.365,common,2.4158501596009017
gravity_angle,5.37,common,2.4154550255908926
gravity_angle,5.375,common,2.4150554005579634
gravity_angle,5.38,common,2.414651337539792
gravity_angle,5.385,common,2.4142428922260333
gravity_angle,5.39,common,2.41383012298572
gravity_angle,5.395,common,2.413413090892031
gravity_angle,5.4,common,2.26469121634982
gravity_angle,5.4,pre,2.412991859747747
gravity_angle,5.4,post,2.26469121634982
gravity_angle,5.405,common,2.2643140563481943
gravity_angle,5.41,common,2.263932636780162
gravity_angle,5.415,common,2.2635470163407923
gravity_angle,5.42,common,2.263157256812613
gravity_angle,5.425,common,2.2627634230864557
gravity_angle,5.43,common,2.2623655831764253
gravity_angle,5.435,common,2.2619638082289906
gravity_angle,5.44,common,2.2615581725327876
gravity_angle,5.445,common,2.261148753527528
gravity_angle,5.45,common,2.1333594943146976
gravity_angle,5.45,pre,2.2607356317995837
gravity_angle,5.45,post,2.1333594943146976
gravity_angle,5.455,common,2.132997993998636
gravity_angle,5.46,common,2.132632666836224
gravity_angle,5.465,common,2.1322635901958185
gravity_angle,5.47,common,2.1318908449086402
gravity_angle,5.475,common,2.1315145152589805
gravity_angle,5.48,common,2.1311346889729177
gravity_angle,5.485,common,2.130751457200394
gravity_angle,5.49,common,2.130364914498015
gravity_angle,5.495,common,2.12997515880587
gravity_angle,5.5,common,2.028814107523168
gravity_angle,5.5,pre,2.1295822914209506
gravity_angle,5.5,post,2.028814107523168
gravity_angle,5.505,common,2.0284792909258007
gravity_angle,5.51,common,2.0281411896756696
gravity_angle,5.515,common,2.0277999031480833
gravity_angle,5.52,common,2.0274555342562754
gravity_angle,5.525,common,2.0271081894110097
gravity_angle,5.53,common,2.026757978472979
gravity_angle,5.535,common,2.026405014703916
gravity_angle,5.54,common,2.026049414709563
gravity_angle,5.545,common,2.025691298387628
gravity_angle,5.55,common,1.954454858256337
gravity_angle,5.55,pre,2.0253307888618197
gravity_angle,5.55,post,1.954454858256337
gravity_angle,5.555,common,1.9541564728493734
gravity_angle,5.56,common,1.9538554814543663
gravity_angle,5.565,common,1.9535520051959554
gravity_angle,5.57,common,1.9532461684298599
gravity_angle,5.575,common,1.9529380986590106
gravity_angle,5.58,common,1.9526279264499546
gravity_angle,5.585,common,1.9523157853525102
gravity_angle,5.59,common,1.9520018118062294
gravity_angle,5.595,common,1.951686145050273
gravity_angle,5.6,common,1.9106961580657682
gravity_angle,5.6,pre,1.951368927026787
gravity_angle,5.6,post,1.9106961580657682
gravity_angle,5.605,common,1.9104416220345912
gravity_angle,5.61,common,1.91018527895945
gravity_angle,5.615,common,1.909927267021874
gravity_angle,5.62,common,1.9096677269150626
gravity_angle,5.625,common,1.9094068017346926
gravity_angle,5.63,common,1.9091446368605838
gravity_angle,5.635,common,1.9088813798446798
gravity_angle,5.64,common,1.9086171802936847
gravity_angle,5.645,common,1.9083521897455877
gravity_angle,5.65,common,1.8950746617939007
gravity_angle,5.65,pre,1.9080865615478875
gravity_angle,5.65,post,1.8950746617939007
gravity_angle,5.655,common,1.8948682263815162
gravity_angle,5.66,common,1.8946608411157821
gravity_angle,5.665,common,1.8944526525460084
gravity_angle,5.67,common,1.8942438086945763
gravity_angle,5.675,common,1.8940344589260976
gravity_angle,5.68,common,1.893824753810404
gravity_angle,5.685,common,1.8936148449907306
gravity_angle,5.69,common,1.8934048850447565
gravity_angle,5.695,common,1.8931950273492852
gravity_angle,5.7,common,1.9030506811564292
gravity_angle,5.7,pre,1.892985425940287
gravity_angle,5.7,post,1.9030506811564292
gravity_angle,5.705,common,1.9028931431978124
gravity_angle,5.71,common,1.9027354785491348
gravity_angle,5.715,common,1.9025778310857404
gravity_angle,5.72,common,1.902420344945819
gravity_angle,5.725,common,1.9022631643905608
gravity_angle,5.73,common,1.9021064336668068
gravity_angle,5.735,common,1.9019502968639717
gravity_angle,5.74,common,1.9017948977772985
gravity_angle,5.745,common,1.90164037976481
gravity_angle,5.75,common,1.929139783435875
gravity_angle,5.75,pre,1.9014868856136617
gravity_angle,5.75,post,1.929139783435875
gravity_angle,5.755,common,1.9290287374912687
gravity_angle,5.76,common,1.9289182559707692
gravity_angle,5.765,common,1.9288084687808493
gravity_angle,5.77,common,1.928699504886724
gravity_angle,5.775,common,1.928591492181719
gravity_angle,5.78,common,1.928484557354065
gravity_angle,5.785,common,1.9283788257613186
gravity_angle,5.79,common,1.9282744212972964
gravity_angle,5.795,common,1.9281714662719485
gravity_angle,5.8,common,1.9679127122911824
gravity_angle,5.8,pre,1.928070081278078
gravity_angle,5.8,post,1.9679127122911824
gravity_angle,5.805,common,1.967843069149416
gravity_angle,5.81,common,1.9677744668980577
gravity_angle,5.815,common,1.967707011789428
gravity_angle,5.82,common,1.9676408080945098
gravity_angle,5.825,common,1.967575957993775
gravity_angle,5.83,common,1.967512561465917
gravity_angle,5.835,common,1.9674507161865382
gravity_angle,5.84,common,1.9673905174177113
gravity_angle,5.845,common,1.9673320579123295
gravity_angle,5.85,common,2.014599730571091
gravity_angle,5.85,pre,1.967275427810265
gravity_angle,5.85,post,2.014599730571091
gravity_angle,5.855,common,2.0145642384965923
gravity_angle,5.86,common,2.0145299941678725
gravity_angle,5.865,common,2.014497073343726
gravity_angle,5.87,common,2.0144655490418377
gravity_angle,5.875,common,2.0144354914644116
gravity_angle,5.88,common,2.014406967912943
gravity_angle,5.885,common,2.0143800427214456
gravity_angle,5.89,common,2.014354777180281
gravity_angle,5.895,common,2.0143312294732025
gravity_angle,5.9,common,2.0652954947800297
gravity_angle,5.9,pre,2.0143094546053693
gravity_angle,5.9,post,2.0652954947800297
gravity_angle,5.905,common,2.0652851614879304
gravity_angle,5.91,common,2.0652759900284994
gravity_angle,5.915,common,2.065268022272863
gravity_angle,5.92,common,2.0652612969477633
gravity_angle,5.925,common,2.0652558495816065
gravity_angle,5.93,common,2.0652517124673055
gravity_angle,5.935,common,2.065248914626733
gravity_angle,5.94,common,2.0652474817729027
gravity_angle,5.945,common,2.0652474362841886
gravity_angle,5.95,common,2.116899928738573
gravity_angle,5.95,pre,2.0652487971741533
gravity_angle,5.95,post,2.116899928738573
gravity_angle,5.955,common,2.116904376623377
gravity_angle,5.96,common,2.1169096156042717
gravity_angle,5.965,common,2.1169156538299028
gravity_angle,5.97,common,2.116922496250569
gravity_angle,5.975,common,2.1169301446173847
gravity_angle,5.98,common,2.116938597473547
gravity_angle,5.985,common,2.11694785015801
gravity_angle,5.99,common,2.1169578948086705
gravity_angle,5.995,common,2.1169687203679772
gravity_angle,6.0,common,2.1669413671369897
gravity_angle,6.0,pre,2.11698031259837
gravity_angle,6.0,post,2.1669413671369897
gravity_angle,6.005,common,2.1669492014130407
gravity_angle,6.01,common,2.166957207139197
gravity_angle,6.015,common,2.16696536218928
gravity_angle,6.02,common,2.1669736415450185
gravity_angle,6.025,common,2.1669820173240435
gravity_angle,6.03,common,2.166990458812931
gravity_angle,6.035,common,2.166998932500916
gravity_angle,6.04,common,2.167007402118811
gravity_angle,6.045,common,2.167015828683814
gravity_angle,6.05,common,2.213381387491268
gravity_angle,6.05,pre,2.1670241705390874
gravity_angle,6.05,post,2.213381387491268
gravity_angle,6.055,common,2.2133806433315506
gravity_angle,6.06,common,2.2133792615184062
gravity_angle,6.065,common,2.21337719591548
gravity_angle,6.07,common,2.2133743981010054
gravity_angle,6.075,common,2.21337081742397
gravity_angle,6.08,common,2.2133664010660197
gravity_angle,6.085,common,2.2133610941061446
gravity_angle,6.09,common,2.2133548395891247
gravity_angle,6.095,common,2.2133475785951062
gravity_angle,6.1,common,2.2544511181656377
gravity_angle,6.1,pre,2.2133392503119502
gravity_angle,6.1,post,2.2544511181656377
gravity_angle,6.105,common,2.2544298173001187
gravity_angle,6.11,common,2.2544069579396955
gravity_angle,6.115,common,2.254382478372642
gravity_angle,6.12,common,2.2543563154383466
gravity_angle,6.125,common,2.2543284046087564
gravity_angle,6.13,common,2.254298680070286
gravity_angle,6.135,common,2.2542670748132965
gravity_angle,6.14,common,2.254233520720732
gravity_angle,6.145,common,2.2541979486527004
gravity_angle,6.15,common,2.2885358353772256
gravity_angle,6.15,pre,2.2541602885444374
gravity_angle,6.15,post,2.2885358353772256
gravity_angle,6.155,common,2.288482646767329
gravity_angle,6.16,common,2.2884269570273053
gravity_angle,6.165,common,2.2883686987181293
gravity_angle,6.17,common,2.2883078039353526
gravity_angle,6.175,common,2.2882442044110323
gravity_angle,6.18,common,2.2881778316089587
gravity_angle,6.185,common,2.2881086168214657
gravity_angle,6.19,common,2.2880364912697413
gravity_angle,6.195,common,2.2879613862071597
gravity_angle,6.2,common,2.314107581967238
gravity_angle,6.2,pre,2.2878832330144885
gravity_angle,6.2,post,2.314107581967238
gravity_angle,6.205,common,2.314012552614359
gravity_angle,6.21,common,2.313914153138381
gravity_angle,6.215,common,2.313812320802236
gravity_angle,6.22,common,2.3137069934507832
gravity_angle,6.225,common,2.313598109611638
gravity_angle,6.23,common,2.3134856085969795
gravity_angle,6.235,common,2.3133694306014463
gravity_angle,6.24,common,2.3132495168049476
gravity_angle,6.245,common,2.313125809471422
gravity_angle,6.25,common,2.3296982028294972
gravity_angle,6.25,pre,2.3129982520470023
gravity_angle,6.25,post,2.3296982028294972
gravity_angle,6.255,common,2.329553505001219
gravity_angle,6.26,common,2.3294047353737453
gravity_angle,6.265,common,2.3292518460664855
gravity_angle,6.27,common,2.3290947907859025
gravity_angle,6.275,common,2.3289335249205467
gravity_angle,6.28,common,2.3287680056330236
gravity_angle,6.285,common,2.3285981919532994
gravity_angle,6.29,common,2.32842404486958
gravity_angle,6.295,common,2.3282455274150498
gravity_angle,6.3,common,2.3339027090579685
gravity_angle,6.3,pre,2.328062604759397
gravity_angle,6.3,post,2.3339027090579685
gravity_angle,6.305,common,2.3337033390001323
gravity_angle,6.31,common,2.333499447271666
gravity_angle,6.315,common,2.333291009865441
gravity_angle,6.32,common,2.3330780052331908
gravity_angle,6.325,common,2.3328604143647964
gravity_angle,6.33,common,2.332638220860965
gravity_angle,6.335,common,2.3324114110071164
gravity_angle,6.34,common,2.3321799738508333
gravity_angle,6.345,common,2.3319439012631737
gravity_angle,6.35,common,2.325402810857279
gravity_angle,6.35,pre,2.331703188009488
gravity_angle,6.35,post,2.325402810857279
gravity_angle,6.355,common,2.3251471710399483
gravity_angle,6.36,common,2.3248868796285347
gravity_angle,6.365,common,2.324621943583204
gravity_angle,6.37,common,2.3243523729714903
gravity_angle,6.375,common,2.32407818102705
gravity_angle,6.38,common,2.323799384196001
gravity_angle,6.385,common,2.3235160021866865
gravity_angle,6.39,common,2.3232280580140765
gravity_angle,6.395,common,2.322935578040684
gravity_angle,6.4,common,2.303001870458451
gravity_angle,6.4,pre,2.322638592015571
gravity_angle,6.4,post,2.303001870458451
gravity_angle,6.405,common,2.3026921720109947
gravity_angle,6.41,common,2.302378057500192
gravity_angle,6.415,common,2.302059569343488
gravity_angle,6.42,common,2.3017367534354998
gravity_angle,6.425,common,2.3014096591680784
gravity_angle,6.43,common,2.3010783394495307
gravity_angle,6.435,common,2.3007428507207655
gravity_angle,6.44,common,2.300403252964256
gravity_angle,6.445,common,2.300059609715308
gravity_angle,6.45,common,2.265665006267503
gravity_angle,6.45,pre,2.29971198806755
gravity_angle,6.45,post,2.265665006267503
gravity_angle,6.455,common,2.265307439714469
gravity_angle,6.46,common,2.264946076047447
gravity_angle,6.465,common,2.264580994566199
gravity_angle,6.47,common,2.264212278081486
gravity_angle,6.475,common,2.2638400128963725
gravity_angle,6.48,common,2.263464288799005
gravity_angle,6.485,common,2.263085199033839
gravity_angle,6.49,common,2.262702840283842
gravity_angle,6.495,common,2.262317312643686
gravity_angle,6.5,common,2.212561201391788
gravity_angle,6.5,pre,2.2619287195871443
gravity_angle,6.5,post,2.212561201391788
gravity_angle,6.505,common,2.212165840559878
gravity_angle,6.51,common,2.211767672465018
gravity_angle,6.515,common,2.211366811392249
gravity_angle,6.52,common,2.2109633748239084
gravity_angle,6.525,common,2.210557483388349
gravity_angle,6.53,common,2.210149260810242
gravity_angle,6.535,common,2.209738833856028
gravity_angle,6.54,common,2.209326332277795
gravity_angle,6.545,common,2.208911888749644
gravity_angle,6.55,common,2.1431073719904803
gravity_angle,6.55,pre,2.208495638806911
gravity_angle,6.55,post,2.1431073719904803
gravity_angle,6.555,common,2.142687796063103
gravity_angle,6.56,common,2.142266729911299
gravity_angle,6.565,common,2.1418443176274873
gravity_angle,6.57,common,2.141420705849221
gravity_angle,6.575,common,2.140996043687308
gravity_angle,6.58,common,2.140570482638948
gravity_angle,6.585,common,2.1401441765059595
gravity_angle,6.59,common,2.139717281297652
gravity_angle,6.595,common,2.1392899551547817
gravity_angle,6.6,common,2.0570165482760774
gravity_angle,6.6,pre,2.1388623582402433
gravity_angle,6.6,post,2.0570165482760774
gravity_angle,6.605,common,2.056589187798324
gravity_angle,6.61,common,2.056161908114662
gravity_angle,6.615,common,2.055734874967552
gravity_angle,6.62,common,2.055308255715783
gravity_angle,6.625,common,2.054882219231037
gravity_angle,6.63,common,2.0544569357929414
gravity_angle,6.635,common,2.0540325769763883
gravity_angle,6.64,common,2.053609315536789
gravity_angle,6.645,common,2.0531873253088873
gravity_angle,6.65,common,1.9543527952017437
gravity_angle,6.65,pre,2.0527667810795394
gravity_angle,6.65,post,1.9543527952017437
gravity_angle,6.655,common,1.9539360270487005
gravity_angle,6.66,common,1.9535210659701567
gravity_angle,6.665,common,1.953108088802181
gravity_angle,6.67,common,1.9526972728618288
gravity_angle,6.675,common,1.952288795815999
gravity_angle,6.68,common,1.9518828355648945
gravity_angle,6.685,common,1.9514795701120977
gravity_angle,6.69,common,1.9510791774466494
gravity_angle,6.695,common,1.950681835409119
gravity_angle,6.7,common,1.835593928117418
gravity_angle,6.7,pre,1.950287721575112
gravity_angle,6.7,post,1.835593928117418
gravity_angle,6.705,common,1.8352069599079417
gravity_angle,6.71,common,1.8348235620086446
gravity_angle,6.715,common,1.834443910202326
gravity_angle,6.72,common,1.8340681794911091
gravity_angle,6.725,common,1.8336965439633575
gravity_angle,6.73,common,1.833329176674008
gravity_angle,6.735,common,1.8329662495069308
gravity_angle,6.74,common,1.8326079330564915
gravity_angle,6.745,common,1.8322543964963292
gravity_angle,6.75,common,1.7016999501271968
gravity_angle,6.75,pre,1.8319058074544372
gravity_angle,6.75,post,1.7016999501271968
gravity_angle,6.755,common,1.7013615442682022
gravity_angle,6.76,common,1.7010283783894997
gravity_angle,6.765,common,1.7007006144303287
gravity_angle,6.77,common,1.700378412279202
gravity_angle,6.775,common,1.7000619296563517
gravity_angle,6.78,common,1.6997513219925693
gravity_angle,6.785,common,1.6994467423098099
gravity_angle,6.79,common,1.699148341100362
gravity_angle,6.795,common,1.6988562662168283
gravity_angle,6.8,common,1.5541818787056754
gravity_angle,6.8,pre,1.6985706627532042
gravity_angle,6.8,post,1.5541818787056754
gravity_angle,6.805,common,1.5539089675025768
gravity_angle,6.81,common,1.553642737731936
gravity_angle,6.815,common,1.5533833251120244
gravity_angle,6.82,common,1.5531308621511883
gravity_angle,6.825,common,1.5528854780566719
gravity_angle,6.83,common,1.5526472986228013
gravity_angle,6.835,common,1.5524164461306986
gravity_angle,6.84,common,1.552193039258141
gravity_angle,6.845,common,1.5519771929848065
gravity_angle,6.85,common,1.3951647104264344
gravity_angle,6.85,pre,1.5517690184959676
gravity_angle,6.85,post,1.3951647104264344
gravity_angle,6.855,common,1.3949709404027564
gravity_angle,6.86,common,1.3947849341683625
gravity_angle,6.865,common,1.3946067903421797
gravity_angle,6.87,common,1.3944366034139348
gravity_angle,6.875,common,1.394274463648058
gravity_angle,6.88,common,1.3941204570204966
gravity_angle,6.885,common,1.393974665146649
gravity_angle,6.89,common,1.3938371652202997
gravity_angle,6.895,common,1.3937080299473719
gravity_angle,6.9,common,1.2274436930226775
gravity_angle,6.9,pre,1.393587327486534
gravity_angle,6.9,post,1.2274436930226775
gravity_angle,6.905,common,1.2273378938935
gravity_angle,6.91,common,1.2272404613036065
gravity_angle,6.915,common,1.2271514484885921
gravity_angle,6.92,common,1.227070903932866
gravity_angle,6.925,common,1.2269988713179538
gravity_angle,6.93,common,1.2269353894988888
gravity_angle,6.935,common,1.226880492465631
gravity_angle,6.94,common,1.2268342093156677
gravity_angle,6.945,common,1.2267965642303809
gravity_angle,6.95,common,1.0545521016913348
gravity_angle,6.95,pre,1.2267675764596437
gravity_angle,6.95,post,1.0545521016913348
gravity_angle,6.955,common,1.0545365660361492
gravity_angle,6.96,common,1.0545294136194496
gravity_angle,6.965,common,1.0545306476447647
gravity_angle,6.97,common,1.0545402663562131
gravity_angle,6.975,common,1.054558263031759
gravity_angle,6.98,common,1.0545846259929579
gravity_angle,6.985,common,1.0546193386156397
gravity_angle,6.99,common,1.0546623793377166
gravity_angle,6.995,common,1.054713721691075
gravity_angle,7.0,common,0.8809074670779903
gravity_angle,7.0,pre,1.0547733343184835
gravity_angle,7.0,post,0.8809074670779903
gravity_angle,7.005,common,0.8809756529318006
gravity_angle,7.01,common,0.8810515589861297
gravity_angle,7.015,common,0.8811351386332705
gravity_angle,7.02,common,0.8812263405773711
gravity_angle,7.025,common,0.8813251088572358
gravity_angle,7.03,common,0.8814313829052475
gravity_angle,7.035,common,0.8815450976018432
gravity_angle,7.04,common,0.8816661833280093
gravity_angle,7.045,common,0.8817945660360275
gravity_angle,7.05,common,0.7122231411531146
gravity_angle,7.05,pre,0.8819301672987578
gravity_angle,7.05,post,0.7122231411531146
gravity_angle,7.055,common,0.7123557191315948
gravity_angle,7.06,common,0.7124945857488378
gravity_angle,7.065,common,0.7126396515026149
gravity_angle,7.07,common,0.7127908229478647
gravity_angle,7.075,common,0.7129480028135646
gravity_angle,7.08,common,0.7131110900784225
gravity_angle,7.085,common,0.7132799800524265
gravity_angle,7.09,common,0.7134545644871995
gravity_angle,7.095,common,0.7136347316568535
gravity_angle,7.1,common,0.5566642063142092
gravity_angle,7.1,pre,0.7138203664696103
gravity_angle,7.1,post,0.5566642063142092
gravity_angle,7.105,common,0.5568207794247635
gravity_angle,7.11,common,0.5569813513437837
gravity_angle,7.115,common,0.5571458066939052
gravity_angle,7.12,common,0.5573140274613281
gravity_angle,7.125,common,0.5574858931012872
gravity_angle,7.13,common,0.557661280649219
gravity_angle,7.135,common,0.5578400648388826
gravity_angle,7.14,common,0.5580221182136702
gravity_angle,7.145,common,0.5582073112434975
gravity_angle,7.15,pre,0.5583955124491856
gravity_angle,7.4,common,0.5877947544767599
gravity_angle,7.4,post,0.5877947544767599
gravity_angle,7.405,common,0.5872274480721883
gravity_angle,7.41,common,0.586660119201073
gravity_angle,7.415,common,0.5860929161050207
gravity_angle,7.42,common,0.5855259862405038
gravity_angle,7.425,common,0.5849594762247072
gravity_angle,7.43,common,0.5843935318031475
gravity_angle,7.435,common,0.5838282977880305
gravity_angle,7.44,common,0.58326391802527
gravity_angle,7.445,common,0.5827005353484671
gravity_angle,7.45,common,0.6855161734167432
gravity_angle,7.45,pre,0.5821382915329149
gravity_angle,7.45,post,0.6855161734167432
gravity_angle,7.455,common,0.6849753085364158
gravity_angle,7.46,common,0.6844364011949162
gravity_angle,7.465,common,0.6838995839578428
gravity_angle,7.47,common,0.6833649876245925
gravity_angle,7.475,common,0.682832741194874
gravity_angle,7.48,common,0.6823029718199449
gravity_angle,7.485,common,0.6817758047780687
gravity_angle,7.49,common,0.6812513634406282
gravity_angle,7.495,common,0.6807297692272561
gravity_angle,7.5,common,0.7779953508521158
gravity_angle,7.5,pre,0.6802111415895894
gravity_angle,7.5,post,0.7779953508521158
gravity_angle,7.505,common,0.777502156410496
gravity_angle,7.51,common,0.7770124637184936
gravity_angle,7.515,common,0.7765263768471845
gravity_angle,7.52,common,0.776043997433952
gravity_angle,7.525,common,0.7755654246973275
gravity_angle,7.53,common,0.7750907554034956
gravity_angle,7.535,common,0.7746200838609634
gravity_angle,7.54,common,0.7741535019011531
gravity_angle,7.545,common,0.7736910988915092
gravity_angle,7.55,common,0.8635837683543018
gravity_angle,7.55,pre,0.7732329617067901
gravity_angle,7.55,post,0.8635837683543018
gravity_angle,7.555,common,0.8631512300384014
gravity_angle,7.56,common,0.8627232506882795
gravity_angle,7.565,common,0.8622998998154275
gravity_angle,7.57,common,0.8618812442783014
gravity_angle,7.575,common,0.8614673482802232
gravity_angle,7.58,common,0.8610582733996177
gravity_angle,7.585,common,0.8606540785946725
gravity_angle,7.59,common,0.8602548202293752
gravity_angle,7.595,common,0.8598605520896333
gravity_angle,7.6,common,0.9417644201261332
gravity_angle,7.6,pre,0.8594713254165885
gravity_angle,7.6,post,0.9417644201261332
gravity_angle,7.605,common,0.9413992411699227
gravity_angle,7.61,common,0.9410391989975975
gravity_angle,7.615,common,0.9406843281671549
gravity_angle,7.62,common,0.9403346607390246
gravity_angle,7.625,common,0.9399902263269743
gravity_angle,7.63,common,0.9396510521372953
gravity_angle,7.635,common,0.939317163013702
gravity_angle,7.64,common,0.9389885814887318
gravity_angle,7.645,common,0.9386653278350531
gravity_angle,7.65,common,1.0124897465820228
gravity_angle,7.65,pre,0.9383474201116346
gravity_angle,7.65,post,1.0124897465820228
gravity_angle,7.655,common,1.0121934572496165
gravity_angle,7.66,common,1.011902453462304
gravity_angle,7.665,common,1.0116167390297346
gravity_angle,7.67,common,1.011336315788308
gravity_angle,7.675,common,1.0110611836790406
gravity_angle,7.68,common,1.0107913408022753
gravity_angle,7.685,common,1.010526783491019
gravity_angle,7.69,common,1.0102675063838165
gravity_angle,7.695,common,1.0100135024917374
gravity_angle,7.7,common,1.0758611178709352
gravity_angle,7.7,pre,1.0097647632742597
gravity_angle,7.7,post,1.0758611178709352
gravity_angle,7.705,common,1.0756310792459638
gravity_angle,7.71,common,1.0754061296228379
gravity_angle,7.715,common,1.075186249745519
gravity_angle,7.72,common,1.0749714191713995
gravity_angle,7.725,common,1.0747616163466809
gravity_angle,7.73,common,1.0745568186907297
gravity_angle,7.735,common,1.0743570026758578
gravity_angle,7.74,common,1.0741621439055553
gravity_angle,7.745,common,1.073972217205088
gravity_angle,7.75,common,1.1319685631989473
gravity_angle,7.75,pre,1.0737871966898378
gravity_angle,7.75,post,1.1319685631989473
gravity_angle,7.755,common,1.1317990697504259
gravity_angle,7.76,common,1.1316342301617375
gravity_angle,7.765,common,1.13147401192012
gravity_angle,7.77,common,1.131318382230986
gravity_angle,7.775,common,1.1311673081012246
gravity_angle,7.78,common,1.1310207564148413
gravity_angle,7.785,common,1.1308786940254183
gravity_angle,7.79,common,1.130741087823173
gravity_angle,7.795,common,1.1306079048278475
gravity_angle,7.8,common,1.1808158180274608
gravity_angle,7.8,pre,1.130479112253277
gravity_angle,7.8,post,1.1808158180274608
gravity_angle,7.805,common,1.1806992922372075
gravity_angle,7.81,common,1.1805868636491765
gravity_angle,7.815,common,1.1804784969631423
gravity_angle,7.82,common,1.1803741574944437
gravity_angle,7.825,common,1.1802738112347475
gravity_angle,7.83,common,1.1801774249356565
gravity_angle,7.835,common,1.1800849661676007
gravity_angle,7.84,common,1.1799964033910666
gravity_angle,7.845,common,1.179911706015448
gravity_angle,7.85,common,1.2222959345681907
gravity_angle,7.85,pre,1.1798308444699195
gravity_angle,7.85,post,1.2222959345681907
gravity_angle,7.855,common,1.2222241217621712
gravity_angle,7.86,common,1.2221558419594247
gravity_angle,7.865,common,1.2220910667806373
gravity_angle,7.87,common,1.2220297692099402
gravity_angle,7.875,common,1.2219719236375028
gravity_angle,7.88,common,1.2219175059107261
gravity_angle,7.885,common,1.2218664933815042
gravity_angle,7.89,common,1.221818864942991
gravity_angle,7.895,common,1.2217746010695916
gravity_angle,7.9,common,1.256199163702766
gravity_angle,7.9,pre,1.2217336838539061
gravity_angle,7.9,post,1.256199163702766
gravity_angle,7.905,common,1.2561642087084897
gravity_angle,7.91,common,1.2561323131709852
gravity_angle,7.915,common,1.2561034633363943
gravity_angle,7.92,common,1.2560776473150252
gravity_angle,7.925,common,1.256054855080113
gravity_angle,7.93,common,1.2560350785036563
gravity_angle,7.935,common,1.2560183113585264
gravity_angle,7.94,common,1.2560045493332772
gravity_angle,7.945,common,1.2559937900317943
gravity_angle,7.95,common,1.282242316284323
gravity_angle,7.95,pre,1.2559860329839057
gravity_angle,7.95,post,1.282242316284323
gravity_angle,7.955,common,1.282237611051386
gravity_angle,7.96,common,1.282235654565179
gravity_angle,7.965,common,1.2822364524994225
gravity_angle,7.97,common,1.2822400125525402
gravity_angle,7.975,common,1.2822463444309973
gravity_angle,7.98,common,1.2822554598322942
gravity_angle,7.985,common,1.282267372427891
gravity_angle,7.99,common,1.282282097831573
gravity_angle,7.995,common,1.2822996535757087
gravity_angle,8.0,common,1.300112661860991
gravity_angle,8.0,pre,1.2823200590752248
gravity_angle,8.0,post,1.300112661860991
gravity_angle,8.005,common,1.3001333824072336
gravity_angle,8.01,common,1.300156743484849
gravity_angle,8.015,common,1.3001827715680525
gravity_angle,8.02,common,1.3002114949807986
gravity_angle,8.025,common,1.3002429438368597
gravity_angle,8.03,common,1.3002771499983572
gravity_angle,8.035,common,1.3003141470090025
gravity_angle,8.04,common,1.3003539700488722
gravity_angle,8.045,common,1.300396655863061
gravity_angle,8.05,common,1.3095216171322945
gravity_angle,8.05,pre,1.3004422427034616
gravity_angle,8.05,post,1.3095216171322945
gravity_angle,8.055,common,1.3095649099928357
gravity_angle,8.06,common,1.3096109425173652
gravity_angle,8.065,common,1.3096597599004915
gravity_angle,8.07,common,1.3097114086689632
gravity_angle,8.075,common,1.3097659366016674
gravity_angle,8.08,common,1.3098233926448573
gravity_angle,8.085,common,1.309883826831796
gravity_angle,8.09,common,1.309947290201255
gravity_angle,8.095,common,1.3100138347034567
gravity_angle,8.1,common,1.3102647369019997
gravity_angle,8.1,pre,1.310083513117124
gravity_angle,8.1,post,1.3102647369019997
gravity_angle,8.105,common,1.31032956094734
gravity_angle,8.11,common,1.3103974032295904
gravity_angle,8.115,common,1.3104683224642788
gravity_angle,8.12,common,1.3105423779091088
gravity_angle,8.125,common,1.3106196292583938
gravity_angle,8.13,common,1.3107001365461073
gravity_angle,8.135,common,1.3107839600414175
gravity_angle,8.14,common,1.3108711601483938
gravity_angle,8.145,common,1.31096179729432
gravity_angle,8.15,common,1.3022850178890901
gravity_angle,8.15,pre,1.3110559318338677
gravity_angle,8.15,post,1.3022850178890901
gravity_angle,8.155,common,1.3023716894449147
gravity_angle,8.16,common,1.3024617822068985
gravity_angle,8.165,common,1.3025553607981073
gravity_angle,8.17,common,1.3026524893986335
gravity_angle,8.175,common,1.3027532316396604
gravity_angle,8.18,common,1.3028576504894518
gravity_angle,8.185,common,1.3029658081489013
gravity_angle,8.19,common,1.3030777659323098
gravity_angle,8.195,common,1.303193584165009
gravity_angle,8.2,common,1.2857361850900906
gravity_angle,8.2,pre,1.30331332206735
gravity_angle,8.2,post,1.2857361850900906
gravity_angle,8.205,common,1.2858457065026985
gravity_angle,8.21,common,1.285959102604449
gravity_angle,8.215,common,1.286076434810944
gravity_angle,8.22,common,1.2861977630411345
gravity_angle,8.225,common,1.2863231456019628
gravity_angle,8.23,common,1.2864526390804794
gravity_angle,8.235,common,1.2865862982428813
gravity_angle,8.24,common,1.2867241759226247
gravity_angle,8.245,common,1.2868663229185877
gravity_angle,8.25,common,1.2610413509628144
gravity_angle,8.25,pre,1.2870127878936664
gravity_angle,8.25,post,1.2610413509628144
gravity_angle,8.255,common,1.2611746220387117
gravity_angle,8.26,common,1.2613121887882968
gravity_angle,8.265,common,1.2614540998781494
gravity_angle,8.27,common,1.2616004014468696
gravity_angle,8.275,common,1.2617511370043704
gravity_angle,8.28,common,1.261906347344075
gravity_angle,8.285,common,1.262066070448657
gravity_angle,8.29,common,1.2622303414000342
gravity_angle,8.295,common,1.2623991922959212
gravity_angle,8.3,common,1.2289403432289883
gravity_angle,8.3,pre,1.2625726521642948
gravity_angle,8.3,post,1.2289403432289883
gravity_angle,8.305,common,1.2290973611058795
gravity_angle,8.31,common,1.229258981112624
gravity_angle,8.315,common,1.229425230242901
gravity_angle,8.32,common,1.2295961320766977
gravity_angle,8.325,common,1.2297717067067409
gravity_angle,8.33,common,1.2299519706672561
gravity_angle,8.335,common,1.230136936875136
gravity_angle,8.34,common,1.2303266145592184
gravity_angle,8.345,common,1.2305210092108678
gravity_angle,8.35,common,1.1905166707344224
gravity_angle,8.35,pre,1.2307201225232658
gravity_angle,8.35,post,1.1905166707344224
gravity_angle,8.355,common,1.1906958201558755
gravity_angle,8.36,common,1.1908796921686249
gravity_angle,8.365,common,1.1910682848083036
gravity_angle,8.37,common,1.1912615920431644
gravity_angle,8.375,common,1.1914596037466378
gravity_angle,8.38,common,1.1916623056551743
gravity_angle,8.385,common,1.1918696793364607
gravity_angle,8.39,common,1.192081702170756
gravity_angle,8.395,common,1.1922983473153679
gravity_angle,8.4,common,1.147193648243952
gravity_angle,8.4,pre,1.1925195836969191
gravity_angle,8.4,post,1.147193648243952
gravity_angle,8.405,common,1.1473911762667917
gravity_angle,8.41,common,1.147593309101202
gravity_angle,8.415,common,1.1478000110321527
gravity_angle,8.42,common,1.1480112419524677
gravity_angle,8.425,common,1.1482269573715413
gravity_angle,8.43,common,1.1484471084080996
gravity_angle,8.435,common,1.148671641812721
gravity_angle,8.44,common,1.1489004999626415
gravity_angle,8.445,common,1.149133620891046
gravity_angle,8.45,common,1.100690022215451
gravity_angle,8.45,pre,1.1493709383095612
gravity_angle,8.45,post,1.100690022215451
gravity_angle,8.455,common,1.100899784547035
gravity_angle,8.46,common,1.1011137700561857
gravity_angle,8.465,common,1.1013319076892658
gravity_angle,8.47,common,1.101554122045664
gravity_angle,8.475,common,1.101780333422293
gravity_angle,8.48,common,1.1020104578489598
gravity_angle,8.485,common,1.102244407144361
gravity_angle,8.49,common,1.102482088969528
gravity_angle,8.495,common,1.102723406886629
gravity_angle,8.5,common,1.0529296802356811
gravity_angle,8.5,pre,1.1029682604108866
gravity_angle,8.5,post,1.0529296802356811
gravity_angle,8.505,common,1.0531432417804076
gravity_angle,8.51,common,1.0533603880451752
gravity_angle,8.515,common,1.0535810147034805
gravity_angle,8.52,common,1.053805013508274
gravity_angle,8.525,common,1.0540322723753086
gravity_angle,8.53,common,1.0542626754585025
gravity_angle,8.535,common,1.0544961032487574
gravity_angle,8.54,common,1.054732432658515
gravity_angle,8.545,common,1.0549715371183064
gravity_angle,8.55,common,1.0059080201150425
gravity_angle,8.55,pre,1.0552132866800785
gravity_angle,8.55,post,1.0059080201150425
gravity_angle,8.555,common,1.0061151827595125
gravity_angle,8.56,common,1.006325078389405
gravity_angle,8.565,common,1.0065375752541967
gravity_angle,8.57,common,1.0067525384657912
gravity_angle,8.575,common,1.0069698301257537
gravity_angle,8.58,common,1.007189309432045
gravity_angle,8.585,common,1.0074108328119364
gravity_angle,8.59,common,1.007634254035109
gravity_angle,8.595,common,1.0078594243481767
gravity_angle,8.6,common,0.9615284175640926
gravity_angle,8.6,pre,1.0080861925965914
gravity_angle,8.6,post,0.9615284175640926
gravity_angle,8.605,common,0.9617182155479498
gravity_angle,8.61,common,0.9619097619429137
gravity_angle,8.615,common,0.962102906890899
gravity_angle,8.62,common,0.9622974984991907
gravity_angle,8.625,common,0.9624933829683379
gravity_angle,8.63,common,0.9626904047514963
gravity_angle,8.635,common,0.9628884066819453
gravity_angle,8.64,common,0.963087230126339
gravity_angle,8.645,common,0.9632867151348818
gravity_angle,8.65,common,0.92143360786003
gravity_angle,8.65,pre,0.9634867005804811
gravity_angle,8.65,post,0.92143360786003
gravity_angle,8.655,common,0.9215957336704552
gravity_angle,8.66,common,0.9217586025862902
gravity_angle,8.665,common,0.9219220586567877
gravity_angle,8.67,common,0.9220859451767411
gravity_angle,8.675,common,0.9222501048405686
gravity_angle,8.68,common,0.9224143798975476
gravity_angle,8.685,common,0.922578612311756
gravity_angle,8.69,common,0.9227426439030062
gravity_angle,8.695,common,0.9229063165153985
gravity_angle,8.7,common,0.8868646772495459
gravity_angle,8.7,pre,0.9230694721644969
gravity_angle,8.7,post,0.8868646772495459
gravity_angle,8.705,common,0.8869911731936683
gravity_angle,8.71,common,0.887117517605137
gravity_angle,8.715,common,0.8872435617751612
gravity_angle,8.72,common,0.8873691575860607
gravity_angle,8.725,common,0.8874941576658719
gravity_angle,8.73,common,0.8876184155351898
gravity_angle,8.735,common,0.8877417857635058
gravity_angle,8.74,common,0.8878641241202612
gravity_angle,8.745,common,0.8879852877070851
gravity_angle,8.75,common,0.8585796140314452
gravity_angle,8.75,pre,0.8881051351262411
gravity_angle,8.75,post,0.8585796140314452
gravity_angle,8.755,common,0.8586665226730693
gravity_angle,8.76,common,0.858752626903476
gravity_angle,8.765,common,0.85883779817716
gravity_angle,8.77,common,0.8589219097820338
gravity_angle,8.775,common,0.8590048369817385
gravity_angle,8.78,common,0.8590864571488129
gravity_angle,8.785,common,0.8591666498925606
gravity_angle,8.79,common,0.8592452971901153
gravity_angle,8.795,common,0.8593222835211443
gravity_angle,8.8,common,0.8368503490769514
gravity_angle,8.8,pre,0.8593974959794841
gravity_angle,8.8,post,0.8368503490769514
gravity_angle,8.805,common,0.8368989362899505
gravity_angle,8.81,common,0.8369464151529754
gravity_angle,8.815,common,0.836992687871987
gravity_angle,8.82,common,0.837037659470796
gravity_angle,8.825,common,0.8370812379107807
gravity_angle,8.83,common,0.8371233341900638
gravity_angle,8.835,common,0.8371638624452503
gravity_angle,8.84,common,0.8372027400448531
gravity_angle,8.845,common,0.8372398876931452
gravity_angle,8.85,common,0.8215341113770402
gravity_angle,8.85,pre,0.8372752295065782
gravity_angle,8.85,post,0.8215341113770402
gravity_angle,8.855,common,0.8215513287656969
gravity_angle,8.86,common,0.8215675440056651
gravity_angle,8.865,common,0.8215826965846237
gravity_angle,8.87,common,0.8215967294288034
gravity_angle,8.875,common,0.8216095889507111
gravity_angle,8.88,common,0.8216212251372503
gravity_angle,8.885,common,0.8216315915868628
gravity_angle,8.89,common,0.8216406455866434
gravity_angle,8.895,common,0.821648348141601
gravity_angle,8.9,common,0.8121915715241594
gravity_angle,8.9,pre,0.8216546640332639
gravity_angle,8.9,post,0.8121915715241594
gravity_angle,8.905,common,0.8121896072409188
gravity_angle,8.91,common,0.8121871578316403
gravity_angle,8.915,common,0.8121842014291766
gravity_angle,8.92,common,0.8121807197413352
gravity_angle,8.925,common,0.8121766980683278
gravity_angle,8.93,common,0.8121721253139722
gravity_angle,8.935,common,0.8121669940144268
gravity_angle,8.94,common,0.812161300326575
gravity_angle,8.945,common,0.8121550440496543
gravity_angle,8.95,common,0.8082128213765963
gravity_angle,8.95,pre,0.8121482286195483
gravity_angle,8.95,post,0.8082128213765963
gravity_angle,8.955,common,0.8082078158282459
gravity_angle,8.96,common,0.8082031902084679
gravity_angle,8.965,common,0.8081989571713544
gravity_angle,8.97,common,0.8081951325915747
gravity_angle,8.975,common,0.8081917355490482
gravity_angle,8.98,common,0.8081887882946456
gravity_angle,8.985,common,0.8081863162348021
gravity_angle,8.99,common,0.8081843478660355
gravity_angle,8.995,common,0.8081829147662529
gravity_angle,9.0,common,0.808917933430305
gravity_angle,9.0,pre,0.8081820515341519
gravity_angle,9.0,post,0.808917933430305
gravity_angle,9.005,common,0.8089281112252135
gravity_angle,9.01,common,0.8089397650083363
gravity_angle,9.015,common,0.8089529329512375
gravity_angle,9.02,common,0.8089676556723617
gravity_angle,9.025,common,0.8089839761910105
gravity_angle,9.03,common,0.809001939857354
gravity_angle,9.035,common,0.8090215942810074
gravity_angle,9.04,common,0.809042989264024
gravity_angle,9.045,common,0.8090661767198359
gravity_angle,9.05,common,0.8136160488720164
gravity_angle,9.05,pre,0.8090912105984136
gravity_angle,9.05,post,0.8136160488720164
gravity_angle,9.055,common,0.8136595970810976
gravity_angle,9.06,common,0.813705796109483
gravity_angle,9.065,common,0.8137546972322645
gravity_angle,9.07,common,0.8138063531067157
gravity_angle,9.075,common,0.8138608176993535
gravity_angle,9.08,common,0.8139181461887425
gravity_angle,9.085,common,0.8139783948668959
gravity_angle,9.09,common,0.8140416210616631
gravity_angle,9.095,common,0.8141078830160773
gravity_angle,9.1,common,0.8216248236539719
gravity_angle,9.1,pre,0.8141772398070591
gravity_angle,9.1,post,0.8216248236539719
gravity_angle,9.105,common,0.8217178430828166
gravity_angle,9.11,common,0.8218146040237999
gravity_angle,9.115,common,0.8219151570302229
gravity_angle,9.12,common,0.8220195528535436
gravity_angle,9.125,common,0.822127842348242
gravity_angle,9.13,common,0.8222400763572146
gravity_angle,9.135,common,0.8223563056251488
gravity_angle,9.14,common,0.8224765806915588
gravity_angle,9.145,common,0.8226009517838933
gravity_angle,9.15,common,0.8322628818298606
gravity_angle,9.15,pre,0.8227294687142729
gravity_angle,9.15,post,0.8322628818298606
gravity_angle,9.155,common,0.8324176837251774
gravity_angle,9.16,common,0.832577084887147
gravity_angle,9.165,common,0.8327411220392507
gravity_angle,9.17,common,0.8329098309531707
gravity_angle,9.175,common,0.8330832463663537
gravity_angle,9.18,common,0.8332614018787481
gravity_angle,9.185,common,0.8334443298602489
gravity_angle,9.19,common,0.8336320613684046
gravity_angle,9.195,common,0.833824626038359
gravity_angle,9.2,common,0.8448303829611943
gravity_angle,9.2,pre,0.8340220520040771
gravity_angle,9.2,post,0.8448303829611943
gravity_angle,9.205,common,0.8450543192593997
gravity_angle,9.21,common,0.8452833650920104
gravity_angle,9.215,common,0.8455175327190609
gravity_angle,9.22,common,0.845756832509985
gravity_angle,9.225,common,0.8460012728891659
gravity_angle,9.23,common,0.8462508602386846
gravity_angle,9.235,common,0.8465055988328499
gravity_angle,9.24,common,0.8467654907687325
gravity_angle,9.245,common,0.8470305358914265
gravity_angle,9.25,common,0.8585898440822077
gravity_angle,9.25,pre,0.8473007317269652
gravity_angle,9.25,post,0.8585898440822077
gravity_angle,9.255,common,0.8588847576219775
gravity_angle,9.26,common,0.8591848751227175
gravity_angle,9.265,common,0.8594901774001786
gravity_angle,9.27,common,0.8598006427590711
gravity_angle,9.275,common,0.8601162469369567
gravity_angle,9.28,common,0.8604369630624659
gravity_angle,9.285,common,0.8607627616040926
gravity_angle,9.29,common,0.8610936103294884
gravity_angle,9.295,common,0.8614294742684612
gravity_angle,9.3,common,0.8727545594502967
gravity_angle,9.3,pre,0.861770315660637
gravity_angle,9.3,post,0.8727545594502967
gravity_angle,9.305,common,0.8731168365596501
gravity_angle,9.31,common,0.8734839767515394
gravity_angle,9.315,common,0.8738559264564262
gravity_angle,9.32,common,0.8742326292984708
gravity_angle,9.325,common,0.8746140260795772
gravity_angle,9.33,common,0.8750000547665845
gravity_angle,9.335,common,0.8753906504686856
gravity_angle,9.34,common,0.8757857454275719
gravity_angle,9.345,common,0.8761852690081926
gravity_angle,9.35,common,0.8864876064490128
gravity_angle,9.35,pre,0.8765891476851327
gravity_angle,9.35,post,0.8864876064490128
gravity_angle,9.355,common,0.886908727624147
gravity_angle,9.36,common,0.8873339596641626
gravity_angle,9.365,common,0.8877632154015983
gravity_angle,9.37,common,0.8881964049140118
gravity_angle,9.375,common,0.8886334355252248
gravity_angle,9.38,common,0.8890742118177211
gravity_angle,9.385,common,0.8895186356434478
gravity_angle,9.39,common,0.8899666061469373
gravity_angle,9.395,common,0.8904180197728618
gravity_angle,9.4,common,0.8989113444987362
gravity_angle,9.4,pre,0.8908727702916094
gravity_angle,9.4,post,0.8989113444987362
gravity_angle,9.405,common,0.8993787758151118
gravity_angle,9.41,common,0.8998492111503371
gravity_angle,9.415,common,0.9003225335690463
gravity_angle,9.42,common,0.9007986236895027
gravity_angle,9.425,common,0.9012773597273309
gravity_angle,9.43,common,0.9017586175168303
gravity_angle,9.435,common,0.9022422705600297
gravity_angle,9.44,common,0.9027281900569403
gravity_angle,9.445,common,0.903216244953374
gravity_angle,9.45,common,0.9091255498220492
gravity_angle,9.45,pre,0.903706301978024
gravity_angle,9.45,post,0.9091255498220492
gravity_angle,9.455,common,0.9096238049021448
gravity_angle,9.46,common,0.9101236795824438
gravity_angle,9.465,common,0.9106250330972849
gravity_angle,9.47,common,0.9111277227701556
gravity_angle,9.475,common,0.911631604059528
gravity_angle,9.48,common,0.9121365306147498
gravity_angle,9.485,common,0.9126423543371427
gravity_angle,9.49,common,0.9131489254283197
gravity_angle,9.495,common,0.9136560924572708
gravity_angle,9.5,common,0.9162316801383548
gravity_angle,9.5,pre,0.9141637024158359
gravity_angle,9.5,post,0.9162316801383548
gravity_angle,9.505,common,0.9167434045002569
gravity_angle,9.51,common,0.9172551725799359
gravity_angle,9.515,common,0.9177668270161283
gravity_angle,9.52,common,0.9182782092010356
gravity_angle,9.525,common,0.9187891593552635
gravity_angle,9.53,common,0.9192995165907301
gravity_angle,9.535,common,0.9198091189853637
gravity_angle,9.54,common,0.9203178036473567
gravity_angle,9.545,common,0.9208254067931568
gravity_angle,9.55,common,0.9193609720745981
gravity_angle,9.55,pre,0.9213317638193602
gravity_angle,9.55,post,0.9193609720745981
gravity_angle,9.555,common,0.9198679452633244
gravity_angle,9.56,common,0.9203732816741241
gravity_angle,9.565,common,0.9208768151939128
gravity_angle,9.57,common,0.9213783792371563
gravity_angle,9.575,common,0.9218778068192662
gravity_angle,9.58,common,0.9223749306337915
gravity_angle,9.585,common,0.9228695831266702
gravity_angle,9.59,common,0.9233615965861182
gravity_angle,9.595,common,0.9238508032121856
gravity_angle,9.6,common,0.9177048463206309
gravity_angle,9.6,pre,0.9243370352011671
gravity_angle,9.6,post,0.9177048463206309
gravity_angle,9.605,common,0.9181888474775614
gravity_angle,9.61,common,0.9186695094358345
gravity_angle,9.615,common,0.9191466653903289
gravity_angle,9.62,common,0.9196201488685987
gravity_angle,9.625,common,0.9200897938257205
gravity_angle,9.63,common,0.920555434719964
gravity_angle,9.635,common,0.9210169065923148
gravity_angle,9.64,common,0.9214740451581549
gravity_angle,9.645,common,0.9219266868806293
gravity_angle,9.65,common,0.9105471013779985
gravity_angle,9.65,pre,0.9223746690637058
gravity_angle,9.65,post,0.9105471013779985
gravity_angle,9.655,common,0.9109906287633813
gravity_angle,9.66,common,0.9114291693590546
gravity_angle,9.665,common,0.9118625636368992
gravity_angle,9.67,common,0.912290653241056
gravity_angle,9.675,common,0.9127132810659283
gravity_angle,9.68,common,0.9131302913425838
gravity_angle,9.685,common,0.9135415297187811
gravity_angle,9.69,common,0.9139468433394398
gravity_angle,9.695,common,0.9143460809351496
gravity_angle,9.7,common,0.8972982664056516
gravity_angle,9.7,pre,0.9147390928936077
gravity_angle,9.7,post,0.8972982664056516
gravity_angle,9.705,common,0.8976851344972612
gravity_angle,9.71,common,0.8980654940460262
gravity_angle,9.715,common,0.8984392005482901
gravity_angle,9.72,common,0.89880611147871
gravity_angle,9.725,common,0.899166086374802
gravity_angle,9.73,common,0.8995189869054832
gravity_angle,9.735,common,0.8998646769564949
gravity_angle,9.74,common,0.900203022701095
gravity_angle,9.745,common,0.9005338926815882
gravity_angle,9.75,common,0.8775329289542453
gravity_angle,9.75,pre,0.9008571578725582
gravity_angle,9.75,post,0.8775329289542453
gravity_angle,9.755,common,0.8778487858036347
gravity_angle,9.76,common,0.8781568046439165
gravity_angle,9.765,common,0.8784568633381511
gravity_angle,9.77,common,0.8787488424823016
gravity_angle,9.775,common,0.8790326254709487
gravity_angle,9.78,common,0.8793080985751192
gravity_angle,9.785,common,0.8795751509982501
gravity_angle,9.79,common,0.8798336749472351
gravity_angle,9.795,common,0.8800835656891349
gravity_angle,9.8,common,0.8510306200397554
gravity_angle,9.8,pre,0.8803247216201137
gravity_angle,9.8,post,0.8510306200397554
gravity_angle,9.805,common,0.8512634347299142
gravity_angle,9.81,common,0.8514873372037586
gravity_angle,9.815,common,0.8517022344284098
gravity_angle,9.82,common,0.851908036752415
gravity_angle,9.825,common,0.8521046579698127
gravity_angle,9.83,common,0.8522920153644649
gravity_angle,9.835,common,0.8524700297577995
gravity_angle,9.84,common,0.8526386255681018
gravity_angle,9.845,common,0.8527977308416156
gravity_angle,9.85,common,0.8178198862049723
gravity_angle,9.85,pre,0.8529472773076456
gravity_angle,9.85,post,0.8178198862049723
gravity_angle,9.855,common,0.8179604549245724
gravity_angle,9.86,common,0.8180913523669898
gravity_angle,9.865,common,0.8182125204463035
gravity_angle,9.87,common,0.8183239049667733
gravity_angle,9.875,common,0.8184254556566984
gravity_angle,9.88,common,0.8185171261944587
gravity_angle,9.885,common,0.8185988742441221
gravity_angle,9.89,common,0.8186706614828202
gravity_angle,9.895,common,0.8187324536172422
gravity_angle,9.9,common,0.778223724817988
gravity_angle,9.9,pre,0.8187842204052893
gravity_angle,9.9,post,0.778223724817988
gravity_angle,9.905,common,0.7782662390544369
gravity_angle,9.91,common,0.7782986942788203
gravity_angle,9.915,common,0.7783210719376884
gravity_angle,9.92,common,0.7783333576765017
gravity_angle,9.925,common,0.7783355413521524
gravity_angle,9.93,common,0.778327617029912
gravity_angle,9.935,common,0.7783095829989917
gravity_angle,9.94,common,0.778281441759891
gravity_angle,9.945,common,0.7782432000336411
gravity_angle,9.95,common,0.7329030649376447
gravity_angle,9.95,pre,0.7781948687526672
gravity_angle,9.95,post,0.7329030649376447
gravity_angle,9.955,common,0.7328457808500236
gravity_angle,9.96,common,0.7327784720973677
gravity_angle,9.965,common,0.7327011625744113
gravity_angle,9.97,common,0.7326138804537707
gravity_angle,9.975,common,0.7325166581616894
gravity_angle,9.98,common,0.7324095323531307
gravity_angle,9.985,common,0.7322925438946634
gravity_angle,9.99,common,0.7321657378362211
gravity_angle,9.995,common,0.7320291633731978
gravity_angle,10.0,common,0.6828939780417312
gravity_angle,10.0,pre,0.7318828738257438
gravity_angle,10.0,post,0.6828939780417312
gravity_angle,10.005,common,0.6827400244185388
gravity_angle,10.01,common,0.6825765451684549
gravity_angle,10.015,common,0.6824036074526345
gravity_angle,10.02,common,0.6822212825190077
gravity_angle,10.025,common,0.6820296456424861
gravity_angle,10.03,common,0.6818287760829348
gravity_angle,10.035,common,0.6816187570277619
gravity_angle,10.04,common,0.6813996755409939
gravity_angle,10.045,common,0.6811716225075832
gravity_angle,10.05,common,0.6296340426326792
gravity_angle,10.05,pre,0.68093469256434
gravity_angle,10.05,post,0.6296340426326792
gravity_angle,10.055,common,0.6293924025273897
gravity_angle,10.06,common,0.6291422309523028
gravity_angle,10.065,common,0.6288836365997927
gravity_angle,10.07,common,0.6286167317653919
gravity_angle,10.075,common,0.6283416322599449
gravity_angle,10.08,common,0.6280584573464032
gravity_angle,10.085,common,0.627767329650207
gravity_angle,10.09,common,0.6274683750866877
gravity_angle,10.095,common,0.627161722775285
gravity_angle,10.1,common,0.5749730398068433
gravity_angle,10.1,pre,0.6268475049521176
gravity_angle,10.1,post,0.5749730398068433
gravity_angle,10.105,common,0.574659717545873
gravity_angle,10.11,common,0.5743393647680395
gravity_angle,10.115,common,0.5740121268808877
gravity_angle,10.12,common,0.573678152098476
gravity_angle,10.125,common,0.573337591360827
gravity_angle,10.13,common,0.5729905982143872
gravity_angle,10.135,common,0.5726373287302996
gravity_angle,10.14,common,0.5722779413797155
gravity_angle,10.145,common,0.5719125969417527
gravity_angle,10.15,common,0.5211601691939564
gravity_angle,10.15,pre,0.5715414583906258
gravity_angle,10.15,post,0.5211601691939564
gravity_angle,10.155,common,0.5207994499362294
gravity_angle,10.16,common,0.5204336883647198
gravity_angle,10.165,common,0.5200630579662204
gravity_angle,10.17,common,0.5196877339793068
gravity_angle,10.175,common,0.5193078932307325
gravity_angle,10.18,common,0.51892371403746
gravity_angle,10.185,common,0.518535376081143
gravity_angle,10.19,common,0.5181430602745709
gravity_angle,10.195,common,0.5177469486573074
gravity_angle,10.2,pre,0.5173472242516024
gravity_magnitude,0.0,common,9.81
gravity_magnitude,0.0,pre,9.81
gravity_magnitude,0.0,post,9.81
gravity_magnitude,0.005,common,9.81
gravity_magnitude,0.01,common,9.81
gravity_magnitude,0.015,common,9.81
gravity_magnitude,0.02,common,9.81
gravity_magnitude,0.025,common,9.81
gravity_magnitude,0.03,common,9.81
gravity_magnitude,0.035,common,9.81
gravity_magnitude,0.04,common,9.81
gravity_magnitude,0.045,common,9.81
gravity_magnitude,0.05,common,9.809937872642973
gravity_magnitude,0.05,pre,9.81
gravity_magnitude,0.05,post,9.809937872642973
gravity_magnitude,0.055,common,9.809937871415212
gravity_magnitude,0.06,common,9.809937870189092
gravity_magnitude,0.065,common,9.809937868964708
gravity_magnitude,0.07,common,9.809937867742157
gravity_magnitude,0.075,common,9.809937866521537
gravity_magnitude,0.08,common,9.809937865302944
gravity_magnitude,0.085,common,9.809937864086473
gravity_magnitude,0.09,common,9.809937862872227
gravity_magnitude,0.095,common,9.809937861660298
gravity_magnitude,0.1,common,9.809525614039316
gravity_magnitude,0.1,pre,9.80993786045079
gravity_magnitude,0.1,post,9.809525614039316
gravity_magnitude,0.105,common,9.809525605294198
gravity_magnitude,0.11,common,9.809525596588953
gravity_magnitude,0.115,common,9.809525587924401
gravity_magnitude,0.12,common,9.80952557930137
gravity_magnitude,0.125,common,9.80952557072068
gravity_magnitude,0.13,common,9.80952556218316
gravity_magnitude,0.135,common,9.80952555368963
gravity_magnitude,0.14,common,9.809525545240914
gravity_magnitude,0.145,common,9.809525536837839
gravity_magnitude,0.15,common,9.808845510895095
gravity_magnitude,0.15,pre,9.80952552848122
gravity_magnitude,0.15,post,9.808845510895095
gravity_magnitude,0.155,common,9.808845490725494
gravity_magnitude,0.16,common,9.808845470740273
gravity_magnitude,0.165,common,9.808845450940934
gravity_magnitude,0.17,common,9.808845431328916
gravity_magnitude,0.175,common,9.808845411905592
gravity_magnitude,0.18,common,9.808845392672273
gravity_magnitude,0.185,common,9.808845373630202
gravity_magnitude,0.19,common,9.808845354780559
gravity_magnitude,0.195,common,9.808845336124447
gravity_magnitude,0.2,common,9.806212782481122
gravity_magnitude,0.2,pre,9.808845317662902
gravity_magnitude,0.2,post,9.806212782481122
gravity_magnitude,0.205,common,9.806212702706533
gravity_magnitude,0.21,common,9.80621262331092
gravity_magnitude,0.215,common,9.806212544293075
gravity_magnitude,0.22,common,9.806212465651479
gravity_magnitude,0.225,common,9.806212387384292
gravity_magnitude,0.23,common,9.806212309489363
gravity_magnitude,0.235,common,9.80621223196422
gravity_magnitude,0.24,common,9.806212154806087
gravity_magnitude,0.245,common,9.806212078011868
gravity_magnitude,0.25,common,9.798527492301018
gravity_magnitude,0.25,pre,9.806212001578158
gravity_magnitude,0.25,post,9.798527492301018
gravity_magnitude,0.255,common,9.798527228561047
gravity_magnitude,0.26,common,9.79852696532247
gravity_magnitude,0.265,common,9.79852670257424
gravity_magnitude,0.27,common,9.798526440304672
gravity_magnitude,0.275,common,9.798526178501454
gravity_magnitude,0.28,common,9.798525917151663
gravity_magnitude,0.285,common,9.798525656241784
gravity_magnitude,0.29,common,9.79852539575773
gravity_magnitude,0.295,common,9.798525135684864
gravity_magnitude,0.3,common,9.782211635671786
gravity_magnitude,0.3,pre,9.798524876008008
gravity_magnitude,0.3,post,9.782211635671786
gravity_magnitude,0.305,common,9.782210978036604
gravity_magnitude,0.31,common,9.782210320874691
gravity_magnitude,0.315,common,9.782209664154609
gravity_magnitude,0.32,common,9.782209007844175
gravity_magnitude,0.325,common,9.782208351910512
gravity_magnitude,0.33,common,9.782207696320107
gravity_magnitude,0.335,common,9.782207041038866
gravity_magnitude,0.34,common,9.782206386032167
gravity_magnitude,0.345,common,9.782205731264918
gravity_magnitude,0.35,common,9.753434992952105
gravity_magnitude,0.35,pre,9.782205076701619
gravity_magnitude,0.35,post,9.753434992952105
gravity_magnitude,0.355,common,9.753433635990485
gravity_magnitude,0.36,common,9.753432279103869
gravity_magnitude,0.365,common,9.753430922230866
gravity_magnitude,0.37,common,9.753429565309988
gravity_magnitude,0.375,common,9.753428208279773
gravity_magnitude,0.38,common,9.753426851078899
gravity_magnitude,0.385,common,9.753425493646288
gravity_magnitude,0.39,common,9.753424135921238
gravity_magnitude,0.395,common,9.753422777843518
gravity_magnitude,0.4,common,9.70868750125812
gravity_magnitude,0.4,pre,9.753421419353494
gravity_magnitude,0.4,post,9.70868750125812
gravity_magnitude,0.405,common,9.708685047864916
gravity_magnitude,0.41,common,9.708682593528978
gravity_magnitude,0.415,common,9.708680138161101
gravity_magnitude,0.42,common,9.708677681674075
gravity_magnitude,0.425,common,9.70867522398287
gravity_magnitude,0.43,common,9.708672765004838
gravity_magnitude,0.435,common,9.708670304659867
gravity_magnitude,0.44,common,9.708667842870588
gravity_magnitude,0.445,common,9.70866537956253
gravity_magnitude,0.45,common,9.645246229739517
gravity_magnitude,0.45,pre,9.70866291466431
gravity_magnitude,0.45,post,9.645246229739517
gravity_magnitude,0.455,common,9.645242206085278
gravity_magnitude,0.46,common,9.645238179773997
gravity_magnitude,0.465,common,9.64523415071649
gravity_magnitude,0.47,common,9.645230118829643
gravity_magnitude,0.475,common,9.645226084036649
gravity_magnitude,0.48,common,9.64522204626726
gravity_magnitude,0.485,common,9.645218005458004
gravity_magnitude,0.49,common,9.645213961552411
gravity_magnitude,0.495,common,9.645209914501226
gravity_magnitude,0.5,common,9.561359007634287
gravity_magnitude,0.5,pre,9.645205864262618
gravity_magnitude,0.5,post,9.561359007634287
gravity_magnitude,0.505,common,9.561352885172447
gravity_magnitude,0.51,common,9.561346757987645
gravity_magnitude,0.515,common,9.561340626056388
gravity_magnitude,0.52,common,9.561334489367395
gravity_magnitude,0.525,common,9.56132834792184
gravity_magnitude,0.53,common,9.561322201733576
gravity_magnitude,0.535,common,9.561316050829351
gravity_magnitude,0.54,common,9.561309895249002
gravity_magnitude,0.545,common,9.561303735045641
gravity_magnitude,0.55,common,9.4562098695788
gravity_magnitude,0.55,pre,9.561297570285817
gravity_magnitude,0.55,post,9.4562098695788
gravity_magnitude,0.555,common,9.456201092755459
gravity_magnitude,0.56,common,9.456192309771636
gravity_magnitude,0.565,common,9.456183520777472
gravity_magnitude,0.57,common,9.456174725942871
gravity_magnitude,0.575,common,9.456165925457624
gravity_magnitude,0.58,common,9.456157119531516
gravity_magnitude,0.585,common,9.45614830839441
gravity_magnitude,0.59,common,9.456139492296296
gravity_magnitude,0.595,common,9.456130671507342
gravity_magnitude,0.6,common,9.329781256101713
gravity_magnitude,0.6,pre,9.456121846317886
gravity_magnitude,0.6,post,9.329781256101713
gravity_magnitude,0.605,common,9.32976927653421
gravity_magnitude,0.61,common,9.32975729169265
gravity_magnitude,0.615,common,9.329745302043026
gravity_magnitude,0.62,common,9.32973330807849
gravity_magnitude,0.625,common,9.329721310319213
gravity_magnitude,0.63,common,9.329709309312216
gravity_magnitude,0.635,common,9.329697305631163
gravity_magnitude,0.64,common,9.329685299876125
gravity_magnitude,0.645,common,9.32967329267332
gravity_magnitude,0.65,common,9.182696978227568
gravity_magnitude,0.65,pre,9.329661284674799
gravity_magnitude,0.65,post,9.182696978227568
gravity_magnitude,0.655,common,9.182681295862102
gravity_magnitude,0.66,common,9.182665613720852
gravity_magnitude,0.665,common,9.182649932739693
gravity_magnitude,0.67,common,9.182634253886548
gravity_magnitude,0.675,common,9.182618578160804
gravity_magnitude,0.68,common,9.182602906592695
gravity_magnitude,0.685,common,9.182587240242642
gravity_magnitude,0.69,common,9.182571580200545
gravity_magnitude,0.695,common,9.182555927585051
gravity_magnitude,0.7,common,9.016085503072398
gravity_magnitude,0.7,pre,9.182540283542776
gravity_magnitude,0.7,post,9.016085503072398
gravity_magnitude,0.705,common,9.016065712436852
gravity_magnitude,0.71,common,9.01604593466556
gravity_magnitude,0.715,common,9.016026171294815
gravity_magnitude,0.72,common,9.016006423892517
gravity_magnitude,0.725,common,9.015986694056984
gravity_magnitude,0.73,common,9.015966983415712
gravity_magnitude,0.735,common,9.015947293624112
gravity_magnitude,0.74,common,9.015927626364194
gravity_magnitude,0.745,common,9.015907983343215
gravity_magnitude,0.75,common,8.831472488185911
gravity_magnitude,0.75,pre,9.015888366292296
gravity_magnitude,0.75,post,8.831472488185911
gravity_magnitude,0.755,common,8.831448324539956
gravity_magnitude,0.76,common,8.831424195769827
gravity_magnitude,0.765,common,8.831400104076536
gravity_magnitude,0.77,common,8.831376051684153
gravity_magnitude,0.775,common,8.831352040837906
gravity_magnitude,0.78,common,8.831328073802252
gravity_magnitude,0.785,common,8.831304152858893
gravity_magnitude,0.79,common,8.831280280304767
gravity_magnitude,0.795,common,8.831256458450026
gravity_magnitude,0.8,common,8.630696499122699
gravity_magnitude,0.8,pre,8.831232689615959
gravity_magnitude,0.8,post,8.630696499122699
gravity_magnitude,0.805,common,8.630667876456014
gravity_magnitude,0.81,common,8.630639321336856
gravity_magnitude,0.815,common,8.630610836587136
gravity_magnitude,0.82,common,8.630582425033152
gravity_magnitude,0.825,common,8.630554089502974
gravity_magnitude,0.83,common,8.630525832823798
gravity_magnitude,0.835,common,8.630497657819287
gravity_magnitude,0.84,common,8.630469567306903
gravity_magnitude,0.845,common,8.630441564095205
gravity_magnitude,0.85,common,8.415837046498165
gravity_magnitude,0.85,pre,8.630413650981165
gravity_magnitude,0.85,post,8.415837046498165
gravity_magnitude,0.855,common,8.415804078105548
gravity_magnitude,0.86,common,8.415771220335072
gravity_magnitude,0.865,common,8.415738476446538
gravity_magnitude,0.87,common,8.415705849674662
gravity_magnitude,0.875,common,8.415673343225869
gravity_magnitude,0.88,common,8.41564096027509
gravity_magnitude,0.885,common,8.415608703962562
gravity_magnitude,0.89,common,8.415576577390652
gravity_magnitude,0.895,common,8.41554458362069
gravity_magnitude,0.9,common,8.18914472140294
gravity_magnitude,0.9,pre,8.41551272566981
gravity_magnitude,0.9,post,8.18914472140294
gravity_magnitude,0.905,common,8.189107714899846
gravity_magnitude,0.91,common,8.189070870275339
gravity_magnitude,0.915,common,8.189034190893686
gravity_magnitude,0.92,common,8.188997680054971
gravity_magnitude,0.925,common,8.188961340991586
gravity_magnitude,0.93,common,8.188925176864744
gravity_magnitude,0.935,common,8.188889190761056
gravity_magnitude,0.94,common,8.18885338568914
gravity_magnitude,0.945,common,8.188817764576298
gravity_magnitude,0.95,common,7.952966607986449
gravity_magnitude,0.95,pre,8.188782330265242
gravity_magnitude,0.95,post,7.952966607986449
gravity_magnitude,0.955,common,7.952926030218529
gravity_magnitude,0.96,common,7.952885669479209
gravity_magnitude,0.965,common,7.952845528768259
gravity_magnitude,0.97,common,7.952805610975759
gravity_magnitude,0.975,common,7.952765918878688
gravity_magnitude,0.98,common,7.952726455137597
gravity_magnitude,0.985,common,7.952687222293371
gravity_magnitude,0.99,common,7.9526482227640845
gravity_magnitude,0.995,common,7.9526094588419465
gravity_magnitude,1.0,common,7.709664944211206
gravity_magnitude,1.0,pre,7.952570932690351
gravity_magnitude,1.0,post,7.709664944211206
gravity_magnitude,1.005,common,7.709621356913015
gravity_magnitude,1.01,common,7.7095780396133975
gravity_magnitude,1.015,common,7.709534994385583
gravity_magnitude,1.02,common,7.7094922231462455
gravity_magnitude,1.025,common,7.709449727652711
gravity_magnitude,1.03,common,7.709407509500306
gravity_magnitude,1.035,common,7.709365570119827
gravity_magnitude,1.04,common,7.709323910775151
gravity_magnitude,1.045,common,7.709282532560989
gravity_magnitude,1.05,common,7.4615321609565886
gravity_magnitude,1.05,pre,7.70924143640077
gravity_magnitude,1.05,post,7.4615321609565886
gravity_magnitude,1.055,common,7.461486133932953
gravity_magnitude,1.06,common,7.461440420494311
gravity_magnitude,1.065,common,7.461395021198277
gravity_magnitude,1.07,common,7.461349936404042
gravity_magnitude,1.075,common,7.461305166270757
gravity_magnitude,1.08,common,7.4612607107561
gravity_magnitude,1.085,common,7.461216569615012
gravity_magnitude,1.09,common,7.461172742398598
gravity_magnitude,1.095,common,7.461129228453213
gravity_magnitude,1.1,common,7.2107097093427805
gravity_magnitude,1.1,pre,7.461086026919725
gravity_magnitude,1.1,post,7.2107097093427805
gravity_magnitude,1.105,common,7.210661722803332
gravity_magnitude,1.11,common,7.210614076652067
gravity_magnitude,1.115,common,7.210566769395646
gravity_magnitude,1.12,common,7.210519799312245
gravity_magnitude,1.125,common,7.210473164451651
gravity_magnitude,1.13,common,7.210426862635536
gravity_magnitude,1.135,common,7.210380891457956
gravity_magnitude,1.14,common,7.210335248286026
gravity_magnitude,1.145,common,7.210289930260819
gravity_magnitude,1.15,common,6.959120091195769
gravity_magnitude,1.15,pre,7.210244934298443
gravity_magnitude,1.15,post,6.959120091195769
gravity_magnitude,1.155,common,6.959070441373138
gravity_magnitude,1.16,common,6.959021135419204
gravity_magnitude,1.165,common,6.958972169391549
gravity_magnitude,1.17,common,6.958923539107328
gravity_magnitude,1.175,common,6.958875240145433
gravity_magnitude,1.18,common,6.958827267848902
gravity_magnitude,1.185,common,6.958779617327499
gravity_magnitude,1.19,common,6.958732283460545
gravity_magnitude,1.195,common,6.958685260899924
gravity_magnitude,1.2,common,6.708420315495447
gravity_magnitude,1.2,pre,6.958638544073312
gravity_magnitude,1.2,post,6.708420315495447
gravity_magnitude,1.205,common,6.708369037313339
gravity_magnitude,1.21,common,6.7083180784818275
gravity_magnitude,1.215,common,6.708267432422
gravity_magnitude,1.22,common,6.708217092325452
gravity_magnitude,1.225,common,6.708167051158751
gravity_magnitude,1.23,common,6.708117301668118
gravity_magnitude,1.235,common,6.708067836384304
gravity_magnitude,1.24,common,6.7080186476276715
gravity_magnitude,1.245,common,6.707969727513449
gravity_magnitude,1.25,common,6.459980876261213
gravity_magnitude,1.25,pre,6.707921067957196
gravity_magnitude,1.25,post,6.459980876261213
gravity_magnitude,1.255,common,6.459927694020049
gravity_magnitude,1.26,common,6.459874776595822
gravity_magnitude,1.265,common,6.459822114848727
gravity_magnitude,1.27,common,6.459769699445747
gravity_magnitude,1.275,common,6.459717520867391
gravity_magnitude,1.28,common,6.4596655694145895
gravity_magnitude,1.285,common,6.459613835215764
gravity_magnitude,1.29,common,6.4595623082340525
gravity_magnitude,1.295,common,6.45951097827469
gravity_magnitude,1.3,common,6.214888888740579
gravity_magnitude,1.3,pre,6.459459834992525
gravity_magnitude,1.3,post,6.214888888740579
gravity_magnitude,1.305,common,6.214833201608393
gravity_magnitude,1.31,common,6.214777695866942
gravity_magnitude,1.315,common,6.214722360177293
gravity_magnitude,1.32,common,6.2146671830685865
gravity_magnitude,1.325,common,6.2146121529466996
gravity_magnitude,1.33,common,6.214557258103055
gravity_magnitude,1.335,common,6.214502486723509
gravity_magnitude,1.34,common,6.214447826897354
gravity_magnitude,1.345,common,6.214393266626409
gravity_magnitude,1.35,common,5.9739694684846025
gravity_magnitude,1.35,pre,6.214338793834182
gravity_magnitude,1.35,post,5.9739694684846025
gravity_magnitude,1.355,common,5.973910373123273
gravity_magnitude,1.36,common,5.973851351211472
gravity_magnitude,1.365,common,5.973792389849068
gravity_magnitude,1.37,common,5.973733476086865
gravity_magnitude,1.375,common,5.973674596936659
gravity_magnitude,1.38,common,5.973615739381328
gravity_magnitude,1.385,common,5.973556890384957
gravity_magnitude,1.39,common,5.973498036902974
gravity_magnitude,1.395,common,5.973439165892299
gravity_magnitude,1.4,common,5.737817474159499
gravity_magnitude,1.4,pre,5.97338026432149
gravity_magnitude,1.4,post,5.737817474159499
gravity_magnitude,1.405,common,5.737753822783343
gravity_magnitude,1.41,common,5.737690119776231
gravity_magnitude,1.415,common,5.7376263515476715
gravity_magnitude,1.42,common,5.737562504556342
gravity_magnitude,1.425,common,5.737498565320727
gravity_magnitude,1.43,common,5.7374345204297
gravity_magnitude,1.435,common,5.737370356553049
gravity_magnitude,1.44,common,5.737306060451918
gravity_magnitude,1.445,common,5.737241618989172
gravity_magnitude,1.45,common,5.5068326386104
gravity_magnitude,1.45,pre,5.737177019139658
gravity_magnitude,1.45,post,5.5068326386104
gravity_magnitude,1.455,common,5.5067631273825635
gravity_magnitude,1.46,common,5.5066934320821
gravity_magnitude,1.465,common,5.506623539459206
gravity_magnitude,1.47,common,5.506553436418286
gravity_magnitude,1.475,common,5.506483110028241
gravity_magnitude,1.48,common,5.5064125475325865
gravity_magnitude,1.485,common,5.506341736359417
gravity_magnitude,1.49,common,5.506270664131194
gravity_magnitude,1.495,common,5.506199318674361
gravity_magnitude,1.5,common,5.281253805123612
gravity_magnitude,1.5,pre,5.506127688028755
gravity_magnitude,1.5,post,5.281253805123612
gravity_magnitude,1.505,common,5.2811770850095225
gravity_magnitude,1.51,common,5.281100052324982
gravity_magnitude,1.515,common,5.281022695256827
gravity_magnitude,1.52,common,5.280945002247933
gravity_magnitude,1.525,common,5.280866962006106
gravity_magnitude,1.53,common,5.280788563512754
gravity_magnitude,1.535,common,5.280709796031283
gravity_magnitude,1.54,common,5.280630649115245
gravity_magnitude,1.545,common,5.280551112616202
gravity_magnitude,1.55,common,5.061190837634845
gravity_magnitude,1.55,pre,5.2804711766913215
gravity_magnitude,1.55,post,5.061190837634845
gravity_magnitude,1.555,common,5.061105637653567
gravity_magnitude,1.56,common,5.061020012308991
gravity_magnitude,1.565,common,5.060933952277148
gravity_magnitude,1.57,common,5.060847448578148
gravity_magnitude,1.575,common,5.060760492582756
gravity_magnitude,1.58,common,5.060673076018635
gravity_magnitude,1.585,common,5.060585190976258
gravity_magnitude,1.59,common,5.060496829914474
gravity_magnitude,1.595,common,5.060407985665741
gravity_magnitude,1.6,common,4.84665455489056
gravity_magnitude,1.6,pre,5.060318651441003
gravity_magnitude,1.6,post,4.84665455489056
gravity_magnitude,1.605,common,4.846559806295913
gravity_magnitude,1.61,common,4.846464546305604
gravity_magnitude,1.615,common,4.846368768983645
gravity_magnitude,1.62,common,4.846272468802505
gravity_magnitude,1.625,common,4.846175640646543
gravity_magnitude,1.63,common,4.846078279815039
gravity_magnitude,1.635,common,4.845980382024839
gravity_magnitude,1.64,common,4.845881943412626
gravity_magnitude,1.645,common,4.845782960536773
gravity_magnitude,1.65,common,4.63758542349954
gravity_magnitude,1.65,pre,4.8456834303788305
gravity_magnitude,1.65,post,4.63758542349954
gravity_magnitude,1.655,common,4.637480373018123
gravity_magnitude,1.66,common,4.637374761082176
gravity_magnitude,1.665,common,4.637268585787979
gravity_magnitude,1.67,common,4.637161845672797
gravity_magnitude,1.675,common,4.637054539714588
gravity_magnitude,1.68,common,4.636946667331289
gravity_magnitude,1.685,common,4.636838228379701
gravity_magnitude,1.69,common,4.636729223153967
gravity_magnitude,1.695,common,4.636619652383632
gravity_magnitude,1.7,common,4.433881183061017
gravity_magnitude,1.7,pre,4.63650951723131
gravity_magnitude,1.7,post,4.433881183061017
gravity_magnitude,1.705,common,4.433765484050279
gravity_magnitude,1.71,common,4.4336492158729115
gravity_magnitude,1.715,common,4.4335323809668665
gravity_magnitude,1.72,common,4.433414982206229
gravity_magnitude,1.725,common,4.433297022896959
gravity_magnitude,1.73,common,4.43317850677223
gravity_magnitude,1.735,common,4.433059437987369
gravity_magnitude,1.74,common,4.43293982111441
gravity_magnitude,1.745,common,4.432819661136265
gravity_magnitude,1.75,common,4.2354227805250595
gravity_magnitude,1.75,pre,4.432698963440509
gravity_magnitude,1.75,post,4.2354227805250595
gravity_magnitude,1.755,common,4.235296552727363
gravity_magnitude,1.76,common,4.235169793173876
gravity_magnitude,1.765,common,4.235042508567604
gravity_magnitude,1.77,common,4.234914706003329
gravity_magnitude,1.775,common,4.234786392959505
gravity_magnitude,1.78,common,4.2346575772897985
gravity_magnitude,1.785,common,4.234528267214295
gravity_magnitude,1.79,common,4.234398471310365
gravity_magnitude,1.795,common,4.234268198503206
gravity_magnitude,1.8,common,4.0420974659050755
gravity_magnitude,1.8,pre,4.234137458056078
gravity_magnitude,1.8,post,4.0420974659050755
gravity_magnitude,1.805,common,4.041961317123045
gravity_magnitude,1.81,common,4.0418247178565645
gravity_magnitude,1.815,common,4.041687678595385
gravity_magnitude,1.82,common,4.041550210138799
gravity_magnitude,1.825,common,4.041412323584186
gravity_magnitude,1.83,common,4.041274030315321
gravity_magnitude,1.835,common,4.041135341990396
gravity_magnitude,1.84,common,4.040996270529816
gravity_magnitude,1.845,common,4.040856828103775
gravity_magnitude,1.85,common,3.8538177876286195
gravity_magnitude,1.85,pre,4.04071702711959
gravity_magnitude,1.85,post,3.8538177876286195
gravity_magnitude,1.855,common,3.8536727938208566
gravity_magnitude,1.86,common,3.853527469280605
gravity_magnitude,1.865,common,3.8533818274270057
gravity_magnitude,1.87,common,3.853235881874065
gravity_magnitude,1.875,common,3.853089646416736
gravity_magnitude,1.88,common,3.8529431350168357
gravity_magnitude,1.885,common,3.852796361788844
gravity_magnitude,1.89,common,3.852649340985563
gravity_magnitude,1.895,common,3.8525020869836766
gravity_magnitude,1.9,common,3.6705354207063223
gravity_magnitude,1.9,pre,3.852354614269215
gravity_magnitude,1.9,post,3.6705354207063223
gravity_magnitude,1.905,common,3.6703830644185214
gravity_magnitude,1.91,common,3.670230526433622
gravity_magnitude,1.915,common,3.670077821924191
gravity_magnitude,1.92,common,3.669924966119461
gravity_magnitude,1.925,common,3.669771974290091
gravity_magnitude,1.93,common,3.6696188617328866
gravity_magnitude,1.935,common,3.669465643755533
gravity_magnitude,1.94,common,3.669312335661343
gravity_magnitude,1.945,common,3.6691589527340325
gravity_magnitude,1.95,common,3.4922491153246584
gravity_magnitude,1.95,pre,3.669005510222542
gravity_magnitude,1.95,post,3.4922491153246584
gravity_magnitude,1.955,common,3.4920911858210184
gravity_magnitude,1.96,common,3.491933240590722
gravity_magnitude,1.965,common,3.491775295159364
gravity_magnitude,1.97,common,3.491617364959189
gravity_magnitude,1.975,common,3.4914594653138478
gravity_magnitude,1.98,common,3.4913016114232907
gravity_magnitude,1.985,common,3.4911438183487924
gravity_magnitude,1.99,common,3.490986100998157
gravity_magnitude,1.995,common,3.490828474111077
gravity_magnitude,2.0,common,3.31900647787592
gravity_magnitude,2.0,pre,3.4906709522447015
gravity_magnitude,2.0,post,3.31900647787592
gravity_magnitude,2.005,common,3.3188449396708295
gravity_magnitude,2.01,common,3.3186835541354975
gravity_magnitude,2.015,common,3.318522335644384
gravity_magnitude,2.02,common,3.3183612983302213
gravity_magnitude,2.025,common,3.3182004560702048
gravity_magnitude,2.03,common,3.3180398224724543
gravity_magnitude,2.035,common,3.317879410862764
gravity_magnitude,2.04,common,3.317719234271645
gravity_magnitude,2.045,common,3.3175593054216908
gravity_magnitude,2.05,common,3.1508997588830594
gravity_magnitude,2.05,pre,3.317399636715261
gravity_magnitude,2.05,post,3.1508997588830594
gravity_magnitude,2.055,common,3.150736598451166
gravity_magnitude,2.06,common,3.1505737460867493
gravity_magnitude,2.065,common,3.150411213542186
gravity_magnitude,2.07,common,3.1502490121954487
gravity_magnitude,2.075,common,3.1500871530390873
gravity_magnitude,2.08,common,3.1499256466696073
gravity_magnitude,2.085,common,3.149764503277268
gravity_magnitude,2.09,common,3.1496037326362867
gravity_magnitude,2.095,common,3.14944334409547
gravity_magnitude,2.1,common,2.988056307680724
gravity_magnitude,2.1,pre,3.1492833465692955
gravity_magnitude,2.1,post,2.988056307680724
gravity_magnitude,2.105,common,2.9878933707508324
gravity_magnitude,2.11,common,2.9877308693495275
gravity_magnitude,2.115,common,2.9875688113104113
gravity_magnitude,2.12,common,2.987407203988975
gravity_magnitude,2.125,common,2.987246054255561
gravity_magnitude,2.13,common,2.9870853684887964
gravity_magnitude,2.135,common,2.9869251525695457
gravity_magnitude,2.14,common,2.986765411875358
gravity_magnitude,2.145,common,2.9866061512754216
gravity_magnitude,2.15,common,2.830624840973555
gravity_magnitude,2.15,pre,2.986447375126044
gravity_magnitude,2.15,post,2.830624840973555
gravity_magnitude,2.155,common,2.8304636747061824
gravity_magnitude,2.16,common,2.830303030478311
gravity_magnitude,2.165,common,2.8301429112138203
gravity_magnitude,2.17,common,2.8299833192949446
gravity_magnitude,2.175,common,2.8298242565600553
gravity_magnitude,2.18,common,2.829665724301991
gravity_magnitude,2.185,common,2.8295077232669312
gravity_magnitude,2.19,common,2.829350253653825
gravity_magnitude,2.195,common,2.829193315114364
gravity_magnitude,2.2,common,2.6787591304072773
gravity_magnitude,2.2,pre,2.829036906753509
gravity_magnitude,2.2,post,2.6787591304072773
gravity_magnitude,2.205,common,2.6786008455569617
gravity_magnitude,2.21,common,2.678443118550777
gravity_magnitude,2.215,common,2.678285946826114
gravity_magnitude,2.22,common,2.67812932726323
gravity_magnitude,2.225,common,2.6779732561883076
gravity_magnitude,2.23,common,2.6778177293770753
gravity_magnitude,2.235,common,2.677662742058959
gravity_magnitude,2.24,common,2.6775082889218016
gravity_magnitude,2.245,common,2.677354364117101
gravity_magnitude,2.25,common,2.5326010908423155
gravity_magnitude,2.25,pre,2.677200961265804
gravity_magnitude,2.25,post,2.5326010908423155
gravity_magnitude,2.255,common,2.5324462583447307
gravity_magnitude,2.26,common,2.5322919633759
gravity_magnitude,2.265,common,2.5321381977974085
gravity_magnitude,2.27,common,2.531984952949929
gravity_magnitude,2.275,common,2.5318322196615215
gravity_magnitude,2.28,common,2.5316799882564656
gravity_magnitude,2.285,common,2.531528248564583
gravity_magnitude,2.29,common,2.531376989931049
gravity_magnitude,2.295,common,2.531226201226697
gravity_magnitude,2.3,common,2.3922654487210533
gravity_magnitude,2.3,pre,2.5310758708587784
gravity_magnitude,2.3,post,2.3922654487210533
gravity_magnitude,2.305,common,2.3921140427664787
gravity_magnitude,2.31,common,2.3919630975402573
gravity_magnitude,2.315,common,2.3918125997553217
gravity_magnitude,2.32,common,2.391662535690468
gravity_magnitude,2.325,common,2.3915128912034085
gravity_magnitude,2.33,common,2.3913636517442347
gravity_magnitude,2.335,common,2.3912148023692916
gravity_magnitude,2.34,common,2.391066327755439
gravity_magnitude,2.345,common,2.390918212214684
gravity_magnitude,2.35,common,2.2578280414315737
gravity_magnitude,2.35,pre,2.390770439709187
gravity_magnitude,2.35,post,2.2578280414315737
gravity_magnitude,2.355,common,2.257679436990257
gravity_magnitude,2.36,common,2.2575311649068173
gravity_magnitude,2.365,common,2.2573832076689797
gravity_magnitude,2.37,common,2.2572355474616748
gravity_magnitude,2.375,common,2.2570881661838484
gravity_magnitude,2.38,common,2.2569410454655463
gravity_magnitude,2.385,common,2.2567941666852622
gravity_magnitude,2.39,common,2.256647510987545
gravity_magnitude,2.395,common,2.256501059300825
gravity_magnitude,2.4,common,2.129319204221937
gravity_magnitude,2.4,pre,2.2563547923554665
gravity_magnitude,2.4,post,2.129319204221937
gravity_magnitude,2.405,common,2.129172231525261
gravity_magnitude,2.41,common,2.1290254211506054
gravity_magnitude,2.415,common,2.128878752710964
gravity_magnitude,2.42,common,2.1287322056819438
gravity_magnitude,2.425,common,2.1285857594209467
gravity_magnitude,2.43,common,2.1284393931864685
gravity_magnitude,2.435,common,2.128293086157494
gravity_magnitude,2.44,common,2.1281468174529827
gravity_magnitude,2.445,common,2.128000566151398
gravity_magnitude,2.45,common,2.006722628810861
gravity_magnitude,2.45,pre,2.127854311310295
gravity_magnitude,2.45,post,2.006722628810861
gravity_magnitude,2.455,common,2.0065756811537767
gravity_magnitude,2.46,common,2.006428698212317
gravity_magnitude,2.465,common,2.0062816583890273
gravity_magnitude,2.47,common,2.006134540134366
gravity_magnitude,2.475,common,2.0059873219666278
gravity_magnitude,2.48,common,2.0058399824917776
gravity_magnitude,2.485,common,2.0056925004232253
gravity_magnitude,2.49,common,2.005544854601479
gravity_magnitude,2.495,common,2.005397024013681
gravity_magnitude,2.5,common,1.8899787503653336
gravity_magnitude,2.5,pre,2.0052489878130055
gravity_magnitude,2.5,post,1.8899787503653336
gravity_magnitude,2.505,common,1.8898299356564188
gravity_magnitude,2.51,common,1.8896808775310285
gravity_magnitude,2.515,common,1.8895315550118283
gravity_magnitude,2.52,common,1.889381947358034
gravity_magnitude,2.525,common,1.8892320340842934
gravity_magnitude,2.53,common,1.889081794979294
gravity_magnitude,2.535,common,1.8889312101241167
gravity_magnitude,2.54,common,1.888780259910301
gravity_magnitude,2.545,common,1.8886289250576134
gravity_magnitude,2.55,common,1.7789905856079997
gravity_magnitude,2.55,pre,1.8884771866314907
gravity_magnitude,2.55,post,1.7789905856079997
gravity_magnitude,2.555,common,1.7788379071914289
gravity_magnitude,2.56,common,1.7786847851303058
gravity_magnitude,2.565,common,1.778531200895861
gravity_magnitude,2.57,common,1.7783771363703984
gravity_magnitude,2.575,common,1.7782225738633866
gravity_magnitude,2.58,common,1.7780674961271092
gravity_magnitude,2.585,common,1.7779118863719052
gravity_magnitude,2.59,common,1.7777557282809529
gravity_magnitude,2.595,common,1.7775990060246052
gravity_magnitude,2.6,common,1.673629507648057
gravity_magnitude,2.6,pre,1.777441704274242
gravity_magnitude,2.6,post,1.673629507648057
gravity_magnitude,2.605,common,1.6734710566651412
gravity_magnitude,2.61,common,1.6733119877870166
gravity_magnitude,2.615,common,1.6731522865863049
gravity_magnitude,2.62,common,1.6729919391904247
gravity_magnitude,2.625,common,1.6728309322933352
gravity_magnitude,2.63,common,1.6726692531667435
gravity_magnitude,2.635,common,1.6725068896707551
gravity_magnitude,2.64,common,1.672343830263948
gravity_magnitude,2.645,common,1.6721800640128794
gravity_magnitude,2.65,common,1.573738984496373
gravity_magnitude,2.65,pre,1.6720155806009878
gravity_magnitude,2.65,post,1.573738984496373
gravity_magnitude,2.655,common,1.5735731247508582
gravity_magnitude,2.66,common,1.5734065148045087
gravity_magnitude,2.665,common,1.5732391456468395
gravity_magnitude,2.67,common,1.5730710089208007
gravity_magnitude,2.675,common,1.572902096929015
gravity_magnitude,2.68,common,1.5727324026394172
gravity_magnitude,2.685,common,1.5725619196902159
gravity_magnitude,2.69,common,1.5723906423942484
gravity_magnitude,2.695,common,1.5722185657426557
gravity_magnitude,2.7,common,1.4791356443406123
gravity_magnitude,2.7,pre,1.572045685407934
gravity_magnitude,2.7,post,1.4791356443406123
gravity_magnitude,2.705,common,1.4789611713290132
gravity_magnitude,2.71,common,1.4787858700333256
gravity_magnitude,2.715,common,1.4786097377045788
gravity_magnitude,2.72,common,1.4784327722904447
gravity_magnitude,2.725,common,1.4782549724352982
gravity_magnitude,2.73,common,1.4780763374796333
gravity_magnitude,2.735,common,1.4778968674587905
gravity_magnitude,2.74,common,1.4777165631010387
gravity_magnitude,2.745,common,1.4775354258249997
gravity_magnitude,2.75,common,1.389608509543983
gravity_magnitude,2.75,pre,1.4773534577364043
gravity_magnitude,2.75,post,1.389608509543983
gravity_magnitude,2.755,common,1.3894247678760383
gravity_magnitude,2.76,common,1.3892401813942659
gravity_magnitude,2.765,common,1.3890547538938591
gravity_magnitude,2.77,common,1.3888684898491643
gravity_magnitude,2.775,common,1.3886813944074223
gravity_magnitude,2.78,common,1.3884934733819012
gravity_magnitude,2.785,common,1.3883047332443965
gravity_magnitude,2.79,common,1.3881151811171133
gravity_magnitude,2.795,common,1.3879248247639353
gravity_magnitude,2.8,common,1.3049181319708474
gravity_magnitude,2.8,pre,1.387733672581092
gravity_magnitude,2.8,post,1.3049181319708474
gravity_magnitude,2.805,common,1.3047250795673477
gravity_magnitude,2.81,common,1.3045312289686386
gravity_magnitude,2.815,common,1.3043365901966606
gravity_magnitude,2.82,common,1.3041411738747275
gravity_magnitude,2.825,common,1.3039449912154595
gravity_magnitude,2.83,common,1.3037480540081674
gravity_magnitude,2.835,common,1.303550374605699
gravity_magnitude,2.84,common,1.3033519659107853
gravity_magnitude,2.845,common,1.3031528413618627
gravity_magnitude,2.85,common,1.2247973848621463
gravity_magnitude,2.85,pre,1.3029530149184225
gravity_magnitude,2.85,post,1.2247973848621463
gravity_magnitude,2.855,common,1.2245955976755827
gravity_magnitude,2.86,common,1.224393117688452
gravity_magnitude,2.865,common,1.2241899602520672
gravity_magnitude,2.87,common,1.2239861411873942
gravity_magnitude,2.875,common,1.22378167676818
gravity_magnitude,2.88,common,1.223576583703684
gravity_magnitude,2.885,common,1.22337087912104
gravity_magnitude,2.89,common,1.2231645805472269
gravity_magnitude,2.895,common,1.2229577058907068
gravity_magnitude,2.9,common,1.148955105133311
gravity_magnitude,2.9,pre,1.222750273422733
gravity_magnitude,2.9,post,1.148955105133311
gravity_magnitude,2.905,common,1.148745722145117
gravity_magnitude,2.91,common,1.1485358005508974
gravity_magnitude,2.915,common,1.1483253596318015
gravity_magnitude,2.92,common,1.1481144189646102
gravity_magnitude,2.925,common,1.1479029984015767
gravity_magnitude,2.93,common,1.1476911180500782
gravity_magnitude,2.935,common,1.147478798252049
gravity_magnitude,2.94,common,1.1472660595632451
gravity_magnitude,2.945,common,1.1470529227323407
gravity_magnitude,2.95,common,1.0770830855238867
gravity_magnitude,2.95,pre,1.1468394086798916
gravity_magnitude,2.95,post,1.0770830855238867
gravity_magnitude,2.955,common,1.0768676997745459
gravity_magnitude,2.96,common,1.0766519637613765
gravity_magnitude,2.965,common,1.0764358989222433
gravity_magnitude,2.97,common,1.076219526790302
gravity_magnitude,2.975,common,1.0760028689724273
gravity_magnitude,2.98,common,1.075785947127649
gravity_magnitude,2.985,common,1.0755687829455667
gravity_magnitude,2.99,common,1.075351398124809
gravity_magnitude,2.995,common,1.0751338143515365
gravity_magnitude,3.0,common,1.008866328595424
gravity_magnitude,3.0,pre,1.074916053278013
gravity_magnitude,3.0,post,1.008866328595424
gravity_magnitude,3.005,common,1.0086468353275269
gravity_magnitude,3.01,common,1.008427196357296
gravity_magnitude,3.015,common,1.0082074332998072
gravity_magnitude,3.02,common,1.0079875676576062
gravity_magnitude,3.025,common,1.0077676207997328
gravity_magnitude,3.03,common,1.0075476139409574
gravity_magnitude,3.035,common,1.0073275681212177
gravity_magnitude,3.04,common,1.0071075041852922
gravity_magnitude,3.045,common,1.006887442762718
gravity_magnitude,3.05,common,0.943995973278188
gravity_magnitude,3.05,pre,1.0066674042479988
gravity_magnitude,3.05,post,0.943995973278188
gravity_magnitude,3.055,common,0.9437743903530507
gravity_magnitude,3.06,common,0.9435528630328491
gravity_magnitude,3.065,common,0.9433314111136823
gravity_magnitude,3.07,common,0.9431100540836521
gravity_magnitude,3.075,common,0.942888811104476
gravity_magnitude,3.08,common,0.9426677009934981
gravity_magnitude,3.085,common,0.9424467422061014
gravity_magnitude,3.09,common,0.9422259528185268
gravity_magnitude,3.095,common,0.9420053505111365
gravity_magnitude,3.1,common,0.8821837574636593
gravity_magnitude,3.1,pre,0.941784952552128
gravity_magnitude,3.1,post,0.8821837574636593
gravity_magnitude,3.105,common,0.8819620356887512
gravity_magnitude,3.11,common,0.8817405484431653
gravity_magnitude,3.115,common,0.8815193118848619
gravity_magnitude,3.12,common,0.8812983416996492
gravity_magnitude,3.125,common,0.881077653087134
gravity_magnitude,3.13,common,0.8808572607472662
gravity_magnitude,3.135,common,0.8806371788673921
gravity_magnitude,3.14,common,0.8804174211099056
gravity_magnitude,3.145,common,0.8801980006004584
gravity_magnitude,3.15,common,0.8231762819100545
gravity_magnitude,3.15,pre,0.8799789299167582
gravity_magnitude,3.15,post,0.8231762819100545
gravity_magnitude,3.155,common,0.8229561236625695
gravity_magnitude,3.16,common,0.8227363395685252
gravity_magnitude,3.165,common,0.8225169406846078
gravity_magnitude,3.17,common,0.8222979374786661
gravity_magnitude,3.175,common,0.8220793398214337
gravity_magnitude,3.18,common,0.8218611569788692
gravity_magnitude,3.185,common,0.82164339760517
gravity_magnitude,3.19,common,0.8214260697364395
gravity_magnitude,3.195,common,0.821209180785015
gravity_magnitude,3.2,common,0.7667669474569525
gravity_magnitude,3.2,pre,0.8209927375344712
gravity_magnitude,3.2,post,0.7667669474569525
gravity_magnitude,3.205,common,0.7665496510766445
gravity_magnitude,3.21,common,0.7663328161345291
gravity_magnitude,3.215,common,0.7661164476256861
gravity_magnitude,3.22,common,0.7659005498990421
gravity_magnitude,3.225,common,0.7656851266556206
gravity_magnitude,3.23,common,0.7654701809475206
gravity_magnitude,3.235,common,0.7652557151775667
gravity_magnitude,3.24,common,0.7650417310996449
gravity_magnitude,3.245,common,0.7648282298197469
gravity_magnitude,3.25,common,0.7128035640717716
gravity_magnitude,3.25,pre,0.7646152117976879
gravity_magnitude,3.25,post,0.7128035640717716
gravity_magnitude,3.255,common,0.7125899091010073
gravity_magnitude,3.26,common,0.7123767426645635
gravity_magnitude,3.265,common,0.7121640633385695
gravity_magnitude,3.27,common,0.7119518690612239
gravity_magnitude,3.275,common,0.7117401571378448
gravity_magnitude,3.28,common,0.7115289242465774
gravity_magnitude,3.285,common,0.711318166444773
gravity_magnitude,3.29,common,0.7111078791760104
gravity_magnitude,3.295,common,0.7108980572777863
gravity_magnitude,3.3,common,0.6611903278668656
gravity_magnitude,3.3,pre,0.7106886949898108
gravity_magnitude,3.3,post,0.6611903278668656
gravity_magnitude,3.305,common,0.6609805125447128
gravity_magnitude,3.31,common,0.6607711508347478
gravity_magnitude,3.315,common,0.6605622351826561
gravity_magnitude,3.32,common,0.6603537574699256
gravity_magnitude,3.325,common,0.6601457090252154
gravity_magnitude,3.33,common,0.6599380806362927
gravity_magnitude,3.335,common,0.6597308625625544
gravity_magnitude,3.34,common,0.6595240445480854
gravity_magnitude,3.345,common,0.6593176158352705
gravity_magnitude,3.35,common,0.6118838813806011
gravity_magnitude,3.35,pre,0.6591115651789323
gravity_magnitude,3.35,post,0.6118838813806011
gravity_magnitude,3.355,common,0.6116775190634325
gravity_magnitude,3.36,common,0.6114715178668426
gravity_magnitude,3.365,common,0.6112658650206377
gravity_magnitude,3.37,common,0.6110605473231221
gravity_magnitude,3.375,common,0.6108555511576963
gravity_magnitude,3.38,common,0.610650862509905
gravity_magnitude,3.385,common,0.6104464669848859
gravity_magnitude,3.39,common,0.6102423498252243
gravity_magnitude,3.395,common,0.6100384959291834
gravity_magnitude,3.4,common,0.5648841789161132
gravity_magnitude,3.4,pre,0.6098348898693011
gravity_magnitude,3.4,post,0.5648841789161132
gravity_magnitude,3.405,common,0.5646803545572645
gravity_magnitude,3.41,common,0.5644767516295062
gravity_magnitude,3.415,common,0.5642733536049427
gravity_magnitude,3.42,common,0.5640701437033258
gravity_magnitude,3.425,common,0.563867104912287
gravity_magnitude,3.43,common,0.5636642200078086
gravity_magnitude,3.435,common,0.5634614715749073
gravity_magnitude,3.44,common,0.5632588420285369
gravity_magnitude,3.445,common,0.5630563136346556
gravity_magnitude,3.45,common,0.5202216288194279
gravity_magnitude,3.45,pre,0.5628538685314393
gravity_magnitude,3.45,post,0.5202216288194279
gravity_magnitude,3.455,common,0.5200190106670526
gravity_magnitude,3.46,common,0.5198164423928162
gravity_magnitude,3.465,common,0.519613905574035
gravity_magnitude,3.47,common,0.5194113817438915
gravity_magnitude,3.475,common,0.5192088524132927
gravity_magnitude,3.48,common,0.5190062990927302
gravity_magnitude,3.485,common,0.5188037033141608
gravity_magnitude,3.49,common,0.5186010466528455
gravity_magnitude,3.495,common,0.5183983107491663
gravity_magnitude,3.5,common,0.47794236569325044
gravity_magnitude,3.5,pre,0.5181954773303605
gravity_magnitude,3.5,post,0.47794236569325044
gravity_magnitude,3.505,common,0.4777393614869485
gravity_magnitude,3.51,common,0.4775362225451172
gravity_magnitude,3.515,common,0.4773329306346561
gravity_magnitude,3.52,common,0.47712946769495623
gravity_magnitude,3.525,common,0.4769258158591665
gravity_magnitude,3.53,common,0.47672195747525414
gravity_magnitude,3.535,common,0.47651787512683974
gravity_magnitude,3.54,common,0.4763135516538064
gravity_magnitude,3.545,common,0.4761089701726142
gravity_magnitude,3.55,common,0.4380935222641824
gravity_magnitude,3.55,pre,0.47590411409636246
gravity_magnitude,3.55,post,0.4380935222641824
gravity_magnitude,3.555,common,0.4378884640868499
gravity_magnitude,3.56,common,0.4376830938720939
gravity_magnitude,3.565,common,0.4374773956717952
gravity_magnitude,3.57,common,0.4372713539134061
gravity_magnitude,3.575,common,0.4370649534184565
gravity_magnitude,3.58,common,0.4368581794206392
gravity_magnitude,3.585,common,0.4366510175834719
gravity_magnitude,3.59,common,0.4364434540175175
gravity_magnitude,3.595,common,0.43623547529713846
gravity_magnitude,3.6,common,0.40071011509820487
gravity_magnitude,3.6,pre,0.4360270684767755
gravity_magnitude,3.6,post,0.40071011509820487
gravity_magnitude,3.605,common,0.40050145336686604
gravity_magnitude,3.61,common,0.400292329431684
gravity_magnitude,3.615,common,0.40008273151934404
gravity_magnitude,3.62,common,0.3998726484006738
gravity_magnitude,3.625,common,0.39966206940442817
gravity_magnitude,3.63,common,0.3994509844305103
gravity_magnitude,3.635,common,0.3992393839626054
gravity_magnitude,3.64,common,0.3990272590801869
gravity_magnitude,3.645,common,0.3988146014699385
gravity_magnitude,3.65,common,0.3658047559446356
gravity_magnitude,3.65,pre,0.39860140343651373
gravity_magnitude,3.65,post,0.3658047559446356
gravity_magnitude,3.655,common,0.36559124140617527
gravity_magnitude,3.66,common,0.3653771587914054
gravity_magnitude,3.665,common,0.3651625019861271
gravity_magnitude,3.67,common,0.3649472655364967
gravity_magnitude,3.675,common,0.3647314446566199
gravity_magnitude,3.68,common,0.3645150352354687
gravity_magnitude,3.685,common,0.3642980338430899
gravity_magnitude,3.69,common,0.36408043773611
gravity_magnitude,3.695,common,0.36386224486252416
gravity_magnitude,3.7,common,0.3333609462091367
gravity_magnitude,3.7,pre,0.36364345386577135
gravity_magnitude,3.7,post,0.3333609462091367
gravity_magnitude,3.705,common,0.33314177962483527
gravity_magnitude,3.71,common,0.3329219960010903
gravity_magnitude,3.715,common,0.33270159580030345
gravity_magnitude,3.72,common,0.3324805801963908
gravity_magnitude,3.725,common,0.33225895107530334
gravity_magnitude,3.73,common,0.3320367110348066
gravity_magnitude,3.735,common,0.33181386338353214
gravity_magnitude,3.74,common,0.3315904121392883
gravity_magnitude,3.745,common,0.3313663620266265
gravity_magnitude,3.75,common,0.3033302383026406
gravity_magnitude,3.75,pre,0.33114171847368645
gravity_magnitude,3.75,post,0.3033302383026406
gravity_magnitude,3.755,common,0.30310517082086896
gravity_magnitude,3.76,common,0.30287950090034244
gravity_magnitude,3.765,common,0.3026532358267726
gravity_magnitude,3.77,common,0.30242638357731266
gravity_magnitude,3.775,common,0.3021989528138249
gravity_magnitude,3.78,common,0.3019709528754362
gravity_magnitude,3.785,common,0.301742393770402
gravity_magnitude,3.79,common,0.3015132861672587
gravity_magnitude,3.795,common,0.30128364138529484
gravity_magnitude,3.8,common,0.27563304704605684
gravity_magnitude,3.8,pre,0.3010534713843498
gravity_magnitude,3.8,post,0.27563304704605684
gravity_magnitude,3.805,common,0.27540241976671176
gravity_magnitude,3.81,common,0.27517126812537285
gravity_magnitude,3.815,common,0.2749396057729765
gravity_magnitude,3.82,common,0.2747074469617523
gravity_magnitude,3.825,common,0.27447480653179035
gravity_magnitude,3.83,common,0.27424169989701674
gravity_magnitude,3.835,common,0.274008143030553
gravity_magnitude,3.84,common,0.2737741524494943
gravity_magnitude,3.845,common,0.2735397451991304
gravity_magnitude,3.85,common,0.2501623833007933
gravity_magnitude,3.85,pre,0.27330493883659024
gravity_magnitude,3.85,post,0.2501623833007933
gravity_magnitude,3.855,common,0.24992710155617281
gravity_magnitude,3.86,common,0.24969143013044182
gravity_magnitude,3.865,common,0.24945538791776123
gravity_magnitude,3.87,common,0.24921899426177596
gravity_magnitude,3.875,common,0.24898226893674646
gravity_magnitude,3.88,common,0.2487452321282202
gravity_magnitude,3.885,common,0.24850790441327675
gravity_magnitude,3.89,common,0.24827030674035555
gravity_magnitude,3.895,common,0.24803246040869098
gravity_magnitude,3.9,common,0.22678935611833673
gravity_magnitude,3.9,pre,0.24779438704737622
gravity_magnitude,3.9,post,0.22678935611833673
gravity_magnitude,3.905,common,0.226550801574966
gravity_magnitude,3.91,common,0.2263120356882844
gravity_magnitude,3.915,common,0.22607308092159073
gravity_magnitude,3.92,common,0.22583395998906752
gravity_magnitude,3.925,common,0.2255946958332693
gravity_magnitude,3.93,common,0.22535531160235323
gravity_magnitude,3.935,common,0.22511583062709484
gravity_magnitude,3.94,common,0.2248762763976977
gravity_magnitude,3.945,common,0.22463667254043784
gravity_magnitude,3.95,common,0.20536911441011618
gravity_magnitude,3.95,pre,0.22439704279414308
gravity_magnitude,3.95,post,0.20536911441011618
gravity_magnitude,3.955,common,0.20512900515137922
gravity_magnitude,3.96,common,0.2048888888965834
gravity_magnitude,3.965,common,0.20464878962255995
gravity_magnitude,3.97,common,0.20440873133135717
gravity_magnitude,3.975,common,0.2041687380262669
gravity_magnitude,3.98,common,0.20392883368782222
gravity_magnitude,3.985,common,0.20368904224980788
gravity_magnitude,3.99,common,0.20344938757531317
gravity_magnitude,3.995,common,0.20320989343284523
gravity_magnitude,4.0,common,0.18574611269209207
gravity_magnitude,4.0,pre,0.20297058347250818
gravity_magnitude,4.0,post,0.18574611269209207
gravity_magnitude,4.005,common,0.18550632699018266
gravity_magnitude,4.01,common,0.18526674417417333
gravity_magnitude,4.015,common,0.18502738750758851
gravity_magnitude,4.02,common,0.18478828004897174
gravity_magnitude,4.025,common,0.1845494446287823
gravity_magnitude,4.03,common,0.1843109038264945
gravity_magnitude,4.035,common,0.18407267994794907
gravity_magnitude,4.04,common,0.18383479500297817
gravity_magnitude,4.045,common,0.183597270683304
gravity_magnitude,4.05,common,0.16775816410241084
gravity_magnitude,4.05,pre,0.18336012834076598
gravity_magnitude,4.05,post,0.16775816410241084
gravity_magnitude,4.055,common,0.1675205469788743
gravity_magnitude,4.06,common,0.16728332700371595
gravity_magnitude,4.065,common,0.16704652455610258
gravity_magnitude,4.07,common,0.16681015959847656
gravity_magnitude,4.075,common,0.16657425165655937
gravity_magnitude,4.08,common,0.16633881979979392
gravity_magnitude,4.085,common,0.1661038826222505
gravity_magnitude,4.09,common,0.16586945822397858
gravity_magnitude,4.095,common,0.1656355641928915
gravity_magnitude,4.1,common,0.15123944208895956
gravity_magnitude,4.1,pre,0.16540221758712725
gravity_magnitude,4.1,post,0.15123944208895956
gravity_magnitude,4.105,common,0.15100561481296815
gravity_magnitude,4.11,common,0.15077234367632109
gravity_magnitude,4.115,common,0.15053964427827893
gravity_magnitude,4.12,common,0.15030753162916533
gravity_magnitude,4.125,common,0.15007602013541899
gravity_magnitude,4.13,common,0.1498451235853011
gravity_magnitude,4.135,common,0.14961485513517658
gravity_magnitude,4.14,common,0.1493852272964613
gravity_magnitude,4.145,common,0.14915625192320014
gravity_magnitude,4.15,common,0.1360230483933016
gravity_magnitude,4.15,pre,0.14892794020031452
gravity_magnitude,4.15,post,0.1360230483933016
gravity_magnitude,4.155,common,0.13579424002974783
gravity_magnitude,4.16,common,0.13556609536553665
gravity_magnitude,4.165,common,0.1353386237902292
gravity_magnitude,4.17,common,0.13511183398884086
gravity_magnitude,4.175,common,0.13488573393344616
gravity_magnitude,4.18,common,0.13466033087546236
gravity_magnitude,4.185,common,0.13443563133870917
gravity_magnitude,4.19,common,0.13421164111315953
gravity_magnitude,4.195,common,0.13398836524945068
gravity_magnitude,4.2,common,0.12194373611531617
gravity_magnitude,4.2,pre,0.13376580805413418
gravity_magnitude,4.2,post,0.12194373611531617
gravity_magnitude,4.205,common,0.12172065360523732
gravity_magnitude,4.21,common,0.12149827987083484
gravity_magnitude,4.215,common,0.1212766172705031
gravity_magnitude,4.22,common,0.1210556674105856
gravity_magnitude,4.225,common,0.12083543114428963
gravity_magnitude,4.23,common,0.12061590857135052
gravity_magnitude,4.235,common,0.12039709903846685
gravity_magnitude,4.24,common,0.12017900114048885
gravity_magnitude,4.245,common,0.11996161272238304
gravity_magnitude,4.25,common,0.108840927614958
gravity_magnitude,4.25,pre,0.11974493088193228
gravity_magnitude,4.25,post,0.108840927614958
gravity_magnitude,4.255,common,0.10862367712947041
gravity_magnitude,4.26,common,0.10840711316817497
gravity_magnitude,4.265,common,0.10819123092722371
gravity_magnitude,4.27,common,0.10797602487603264
gravity_magnitude,4.275,common,0.10776148876360736
gravity_magnitude,4.28,common,0.10754761562558812
gravity_magnitude,4.285,common,0.10733439779202847
gravity_magnitude,4.29,common,0.1071218268958738
gravity_magnitude,4.295,common,0.10690989388217353
gravity_magnitude,4.3,pre,0.10669858901795237
gravity_magnitude,6.74,common,0.10016040536830495
gravity_magnitude,6.745,common,0.1003852583902507
gravity_magnitude,6.75,common,0.10324744596766955
gravity_magnitude,6.75,pre,0.10061093380344488
gravity_magnitude,6.75,post,0.10324744596766955
gravity_magnitude,6.755,common,0.10347430138905978
gravity_magnitude,6.76,common,0.10370196455447811
gravity_magnitude,6.765,common,0.1039304291709886
gravity_magnitude,6.77,common,0.10415968818410981
gravity_magnitude,6.775,common,0.10438973378523286
gravity_magnitude,6.78,common,0.1046205574198229
gravity_magnitude,6.785,common,0.10485214979632929
gravity_magnitude,6.79,common,0.10508450089584365
gravity_magnitude,6.795,common,0.10531759998245604
gravity_magnitude,6.8,common,0.10797487839895403
gravity_magnitude,6.8,pre,0.10555143561434832
gravity_magnitude,6.8,post,0.10797487839895403
gravity_magnitude,6.805,common,0.10820977262171105
gravity_magnitude,6.81,common,0.10844537178212121
gravity_magnitude,6.815,common,0.10868166227451681
gravity_magnitude,6.82,common,0.10891862984113843
gravity_magnitude,6.825,common,0.10915625958665842
gravity_magnitude,6.83,common,0.10939453599332793
gravity_magnitude,6.835,common,0.10963344293674915
gravity_magnitude,6.84,common,0.10987296370223021
gravity_magnitude,6.845,common,0.110113081001737
gravity_magnitude,6.85,common,0.1124110473054003
gravity_magnitude,6.85,pre,0.11035377699140092
gravity_magnitude,6.85,post,0.1124110473054003
gravity_magnitude,6.855,common,0.11265257398037676
gravity_magnitude,6.86,common,0.11289463352173534
gravity_magnitude,6.865,common,0.11313720643309289
gravity_magnitude,6.87,common,0.11338027274132756
gravity_magnitude,6.875,common,0.11362381201669436
gravity_magnitude,6.88,common,0.11386780339341307
gravity_magnitude,6.885,common,0.11411222559066658
gravity_magnitude,6.89,common,0.11435705693401843
gravity_magnitude,6.895,common,0.11460227537720868
gravity_magnitude,6.9,common,0.1164040604189065
gravity_magnitude,6.9,pre,0.11484785852430868
gravity_magnitude,6.9,post,0.1164040604189065
gravity_magnitude,6.905,common,0.11665015974109494
gravity_magnitude,6.91,common,0.11689656796943204
gravity_magnitude,6.915,common,0.11714326173856371
gravity_magnitude,6.92,common,0.11739021742993394
gravity_magnitude,6.925,common,0.117637411195469
gravity_magnitude,6.93,common,0.1178848189814854
gravity_magnitude,6.935,common,0.11813241655278794
gravity_magnitude,6.94,common,0.11838017951694546
gravity_magnitude,6.945,common,0.11862808334872277
gravity_magnitude,6.95,common,0.11982341580173816
gravity_magnitude,6.95,pre,0.11887610341463883
gravity_magnitude,6.95,post,0.11982341580173816
gravity_magnitude,6.955,common,0.12007158085137348
gravity_magnitude,6.96,common,0.1203198016926379
gravity_magnitude,6.965,common,0.12056805350870192
gravity_magnitude,6.97,common,0.12081631147858829
gravity_magnitude,6.975,common,0.12106455080198586
gravity_magnitude,6.98,common,0.12131274672402803
gravity_magnitude,6.985,common,0.12156087456004805
gravity_magnitude,6.99,common,0.12180890972023484
gravity_magnitude,6.995,common,0.12205682773419468
gravity_magnitude,7.0,common,0.12256953919670721
gravity_magnitude,7.0,pre,0.12230460427539569
gravity_magnitude,7.0,post,0.12256953919670721
gravity_magnitude,7.005,common,0.12281706991866237
gravity_magnitude,7.01,common,0.12306439994983087
gravity_magnitude,7.015,common,0.12331150558879322
gravity_magnitude,7.02,common,0.12355836337913573
gravity_magnitude,7.025,common,0.1238049501328593
gravity_magnitude,7.03,common,0.12405124295352898
gravity_magnitude,7.035,common,0.12429721925911785
gravity_magnitude,7.04,common,0.12454285680452593
gravity_magnitude,7.045,common,0.12478813370379349
gravity_magnitude,7.05,common,0.12458110088627095
gravity_magnitude,7.05,pre,0.1250330284518988
gravity_magnitude,7.05,post,0.12458110088627095
gravity_magnitude,7.055,common,0.12482537944562111
gravity_magnitude,7.06,common,0.12506922364307727
gravity_magnitude,7.065,common,0.1253126133455762
gravity_magnitude,7.07,common,0.12555552888887078
gravity_magnitude,7.075,common,0.12579795109713743
gravity_magnitude,7.08,common,0.1260398613021252
gravity_magnitude,7.085,common,0.1262812413617489
gravity_magnitude,7.09,common,0.12652207367819557
gravity_magnitude,7.095,common,0.1267623412154677
gravity_magnitude,7.1,common,0.12583900717433139
gravity_magnitude,7.1,pre,0.1270020275163617
gravity_magnitude,7.1,post,0.12583900717433139
gravity_magnitude,7.105,common,0.1260777654454177
gravity_magnitude,7.11,common,0.12631590234145662
gravity_magnitude,7.115,common,0.12655340338437782
gravity_magnitude,7.12,common,0.12679025474051642
gravity_magnitude,7.125,common,0.1270264432344259
gravity_magnitude,7.13,common,0.1272619563620232
gravity_magnitude,7.135,common,0.1274967823030888
gravity_magnitude,7.14,common,0.1277309099330619
gravity_magnitude,7.145,common,0.1279643288341461
gravity_magnitude,7.15,common,0.12636635964377696
gravity_magnitude,7.15,pre,0.12819702930569932
gravity_magnitude,7.15,post,0.12636635964377696
gravity_magnitude,7.155,common,0.12659791003966525
gravity_magnitude,7.16,common,0.12682871773002802
gravity_magnitude,7.165,common,0.12705877539760202
gravity_magnitude,7.17,common,0.1272880764789761
gravity_magnitude,7.175,common,0.12751661517117974
gravity_magnitude,7.18,common,0.12774438643752717
gravity_magnitude,7.185,common,0.1279713860126943
gravity_magnitude,7.19,common,0.12819761040701394
gravity_magnitude,7.195,common,0.12842305691001243
gravity_magnitude,7.2,common,0.1262243178796929
gravity_magnitude,7.2,pre,0.12864772359316134
gravity_magnitude,7.2,post,0.1262243178796929
gravity_magnitude,7.205,common,0.126447722736879
gravity_magnitude,7.21,common,0.12667034146963552
gravity_magnitude,7.215,common,0.12689217469265124
gravity_magnitude,7.22,common,0.12711322380665813
gravity_magnitude,7.225,common,0.12733349099713287
gravity_magnitude,7.23,common,0.12755297923222209
gravity_magnitude,7.235,common,0.12777169225989304
gravity_magnitude,7.24,common,0.12798963460428858
gravity_magnitude,7.245,common,0.12820681156131997
gravity_magnitude,7.25,common,0.12550452701121095
gravity_magnitude,7.25,pre,0.1284232291934888
gravity_magnitude,7.25,post,0.12550452701121095
gravity_magnitude,7.255,common,0.12571968881807472
gravity_magnitude,7.26,common,0.12593410318558895
gravity_magnitude,7.265,common,0.12614777861976556
gravity_magnitude,7.27,common,0.12636072436443335
gravity_magnitude,7.275,common,0.12657295039218397
gravity_magnitude,7.28,common,0.12678446739458415
gravity_magnitude,7.285,common,0.12699528677167393
gravity_magnitude,7.29,common,0.12720542062076312
gravity_magnitude,7.295,common,0.12741488172452264
gravity_magnitude,7.3,common,0.12431936120654008
gravity_magnitude,7.3,pre,0.12762368353839904
gravity_magnitude,7.3,post,0.12431936120654008
gravity_magnitude,7.305,common,0.12452702506463709
gravity_magnitude,7.31,common,0.12473405804843019
gravity_magnitude,7.315,common,0.12494047571003364
gravity_magnitude,7.32,common,0.12514629421578505
gravity_magnitude,7.325,common,0.1253515303303594
gravity_magnitude,7.33,common,0.12555620140025248
gravity_magnitude,7.335,common,0.12576032533671366
gravity_magnitude,7.34,common,0.12596392059808892
gravity_magnitude,7.345,common,0.12616700617164156
gravity_magnitude,7.35,common,0.12279150492667057
gravity_magnitude,7.35,pre,0.1263696015548188
gravity_magnitude,7.35,post,0.12279150492667057
gravity_magnitude,7.355,common,0.12299317443004654
gravity_magnitude,7.36,common,0.12319439536907595
gravity_magnitude,7.365,common,0.12339518878194156
gravity_magnitude,7.37,common,0.12359557613482508
gravity_magnitude,7.375,common,0.12379557930077745
gravity_magnitude,7.38,common,0.1239952205381698
gravity_magnitude,7.385,common,0.12419452246876617
gravity_magnitude,7.39,common,0.1243935080554266
gravity_magnitude,7.395,common,0.12459220057947995
gravity_magnitude,7.4,common,0.1210442819357258
gravity_magnitude,7.4,pre,0.12479062361776094
gravity_magnitude,7.4,post,0.1210442819357258
gravity_magnitude,7.405,common,0.12124205884465056
gravity_magnitude,7.41,common,0.12143961651407054
gravity_magnitude,7.415,common,0.12163697935557849
gravity_magnitude,7.42,common,0.12183417197893931
gravity_magnitude,7.425,common,0.12203121916785342
gravity_magnitude,7.43,common,0.12222814585555675
gravity_magnitude,7.435,common,0.12242497710025901
gravity_magnitude,7.44,common,0.12262173806046306
gravity_magnitude,7.445,common,0.12281845397017932
gravity_magnitude,7.45,common,0.11919372867524025
gravity_magnitude,7.45,pre,0.12301515011405506
gravity_magnitude,7.45,post,0.11919372867524025
gravity_magnitude,7.455,common,0.11939009432829373
gravity_magnitude,7.46,common,0.11958649372634511
gravity_magnitude,7.465,common,0.11978295220619195
gravity_magnitude,7.47,common,0.11997949505274796
gravity_magnitude,7.475,common,0.12017614747417582
gravity_magnitude,7.48,common,0.12037293457708031
gravity_magnitude,7.485,common,0.12056988134180635
gravity_magnitude,7.49,common,0.12076701259786837
gravity_magnitude,7.495,common,0.1209643529995148
gravity_magnitude,7.5,common,0.11734287046267333
gravity_magnitude,7.5,pre,0.12116192700147543
gravity_magnitude,7.5,post,0.11734287046267333
gravity_magnitude,7.505,common,0.11754043217967691
gravity_magnitude,7.51,common,0.1177382787127641
gravity_magnitude,7.515,common,0.11793643378951835
gravity_magnitude,7.52,common,0.11813492084070809
gravity_magnitude,7.525,common,0.11833376297729004
gravity_magnitude,7.53,common,0.11853298296770376
gravity_magnitude,7.535,common,0.11873260321554113
gravity_magnitude,7.54,common,0.11893264573754436
gravity_magnitude,7.545,common,0.1191331321420055
gravity_magnitude,7.55,common,0.11557818075634607
gravity_magnitude,7.55,pre,0.11933408360757092
gravity_magnitude,7.55,post,0.11557818075634607
gravity_magnitude,7.555,common,0.11577940924723507
gravity_magnitude,7.56,common,0.11598114651590308
gravity_magnitude,7.565,common,0.1161834123162393
gravity_magnitude,7.57,common,0.11638622589024195
gravity_magnitude,7.575,common,0.1165896059491871
gravity_magnitude,7.58,common,0.11679357065534823
gravity_magnitude,7.585,common,0.11699813760424149
gravity_magnitude,7.59,common,0.11720332380745013
gravity_magnitude,7.595,common,0.11740914567601735
gravity_magnitude,7.6,common,0.11396790183599492
gravity_magnitude,7.6,pre,0.11761561900444129
gravity_magnitude,7.6,post,0.11396790183599492
gravity_magnitude,7.605,common,0.114174885814883
gravity_magnitude,7.61,common,0.1143825531281184
gravity_magnitude,7.615,common,0.11459091759862616
gravity_magnitude,7.62,common,0.11479999237380056
gravity_magnitude,7.625,common,0.11500978991277577
gravity_magnitude,7.63,common,0.11522032197437149
gravity_magnitude,7.635,common,0.1154315996057278
gravity_magnitude,7.64,common,0.11564363313166304
gravity_magnitude,7.645,common,0.11585643214473684
gravity_magnitude,7.65,common,0.11256179853200798
gravity_magnitude,7.65,pre,0.11607000549603974
gravity_magnitude,7.65,post,0.11256179853200798
gravity_magnitude,7.655,common,0.11277604048188472
gravity_magnitude,7.66,common,0.11299107372732031
gravity_magnitude,7.665,common,0.11320690480495088
gravity_magnitude,7.67,common,0.11342353948005801
gravity_magnitude,7.675,common,0.11364098274118817
gravity_magnitude,7.68,common,0.11385923879555193
gravity_magnitude,7.685,common,0.11407831106517463
gravity_magnitude,7.69,common,0.11429820218385522
gravity_magnitude,7.695,common,0.11451891399488368
gravity_magnitude,7.7,common,0.11139194710691491
gravity_magnitude,7.7,pre,0.11474044754955592
gravity_magnitude,7.7,post,0.11139194710691491
gravity_magnitude,7.705,common,0.11161421972521701
gravity_magnitude,7.71,common,0.1118373145955811
gravity_magnitude,7.715,common,0.11206123034813231
gravity_magnitude,7.72,common,0.11228596482307118
gravity_magnitude,7.725,common,0.11251151507318724
gravity_magnitude,7.73,common,0.1127378773671257
gravity_magnitude,7.735,common,0.11296504719346245
gravity_magnitude,7.74,common,0.11319301926553216
gravity_magnitude,7.745,common,0.11342178752703624
gravity_magnitude,7.75,common,0.1104742433485093
gravity_magnitude,7.75,pre,0.11365134515840758
gravity_magnitude,7.75,post,0.1104742433485093
gravity_magnitude,7.755,common,0.11070452003719566
gravity_magnitude,7.76,common,0.1109355702875785
gravity_magnitude,7.765,common,0.11116738499678291
gravity_magnitude,7.77,common,0.11139995433233096
gravity_magnitude,7.775,common,0.11163326774225801
gravity_magnitude,7.78,common,0.11186731396594496
gravity_magnitude,7.785,common,0.11210208104565567
gravity_magnitude,7.79,common,0.11233755633875653
gravity_magnitude,7.795,common,0.11257372653062347
gravity_magnitude,7.8,common,0.10981038160506884
gravity_magnitude,7.8,pre,0.11281057764820268
gravity_magnitude,7.8,post,0.10981038160506884
gravity_magnitude,7.805,common,0.11004784699914971
gravity_magnitude,7.81,common,0.11028596294834081
gravity_magnitude,7.815,common,0.11052471356270921
gravity_magnitude,7.82,common,0.11076408235560464
gravity_magnitude,7.825,common,0.11100405226038035
gravity_magnitude,7.83,common,0.11124460564765926
gravity_magnitude,7.835,common,0.11148572434316506
gravity_magnitude,7.84,common,0.11172738964610573
gravity_magnitude,7.845,common,0.1119695823480491
gravity_magnitude,7.85,common,0.10939008736767875
gravity_magnitude,7.85,pre,0.11221228275232242
gravity_magnitude,7.85,post,0.10939008736767875
gravity_magnitude,7.855,common,0.10963322599604197
gravity_magnitude,7.86,common,0.10987683057019915
gravity_magnitude,7.865,common,0.11012088003295162
gravity_magnitude,7.87,common,0.11036535292228855
gravity_magnitude,7.875,common,0.11061022739300164
gravity_magnitude,7.88,common,0.11085548123865152
gravity_magnitude,7.885,common,0.11110109191391082
gravity_magnitude,7.89,common,0.11134703655720912
gravity_magnitude,7.895,common,0.11159329201371371
gravity_magnitude,7.9,common,0.10919339479668011
gravity_magnitude,7.9,pre,0.11183983485856785
gravity_magnitude,7.9,post,0.10919339479668011
gravity_magnitude,7.905,common,0.10944014829143356
gravity_magnitude,7.91,common,0.10968714029496418
gravity_magnitude,7.915,common,0.10993434671101276
gravity_magnitude,7.92,common,0.11018174327002228
gravity_magnitude,7.925,common,0.1104293055534491
gravity_magnitude,7.93,common,0.11067700901822874
gravity_magnitude,7.935,common,0.11092482902135359
gravity_magnitude,7.94,common,0.11117274084454465
gravity_magnitude,7.945,common,0.1114207197189856
gravity_magnitude,7.95,common,0.10919277653974824
gravity_magnitude,7.95,pre,0.11166874085009404
gravity_magnitude,7.95,post,0.10919277653974824
gravity_magnitude,7.955,common,0.10944075311682333
gravity_magnitude,7.96,common,0.10968872085913084
gravity_magnitude,7.965,common,0.10993665505278116
gravity_magnitude,7.97,common,0.11018453105837445
gravity_magnitude,7.975,common,0.11043232433561201
gravity_magnitude,7.98,common,0.1106800104677852
gravity_magnitude,7.985,common,0.11092756518614166
gravity_magnitude,7.99,common,0.11117496439409003
gravity_magnitude,7.995,common,0.11142218419122685
gravity_magnitude,8.0,common,0.10935497929561322
gravity_magnitude,8.0,pre,0.11166920089715227
gravity_magnitude,8.0,post,0.10935497929561322
gravity_magnitude,8.005,common,0.10960169420174637
gravity_magnitude,8.01,common,0.10984815777739598
gravity_magnitude,8.015,common,0.11009434716254063
gravity_magnitude,8.02,common,0.11034023981095231
gravity_magnitude,8.025,common,0.11058581351262475
gravity_magnitude,8.03,common,0.11083104641584995
gravity_magnitude,8.035,common,0.11107591704893238
gravity_magnitude,8.04,common,0.11132040434151591
gravity_magnitude,8.045,common,0.11156448764549864
gravity_magnitude,8.05,common,0.10964250255452157
gravity_magnitude,8.05,pre,0.11180814675552142
gravity_magnitude,8.05,post,0.10964250255452157
gravity_magnitude,8.055,common,0.10988562532857138
gravity_magnitude,8.06,common,0.11012828323602264
gravity_magnitude,8.065,common,0.11037045754586217
gravity_magnitude,8.07,common,0.11061213004784598
gravity_magnitude,8.075,common,0.11085328307050979
gravity_magnitude,8.08,common,0.11109389949863413
gravity_magnitude,8.085,common,0.11133396279014818
gravity_magnitude,8.09,common,0.11157345699245802
gravity_magnitude,8.095,common,0.11181236675817274
gravity_magnitude,8.1,common,0.11001477202484189
gravity_magnitude,8.1,pre,0.11205067736021768
gravity_magnitude,8.1,post,0.11001477202484189
gravity_magnitude,8.105,common,0.11025235603186267
gravity_magnitude,8.11,common,0.11048931167525744
gravity_magnitude,8.115,common,0.11072562620652882
gravity_magnitude,8.12,common,0.11096128755209378
gravity_magnitude,8.125,common,0.11119628432509998
gravity_magnitude,8.13,common,0.11143060583654396
gravity_magnitude,8.135,common,0.11166424210569836
gravity_magnitude,8.14,common,0.11189718386981617
gravity_magnitude,8.145,common,0.1121294225931031
gravity_magnitude,8.15,common,0.11042918167663984
gravity_magnitude,8.15,pre,0.1123609504749723
gravity_magnitude,8.15,post,0.11042918167663984
gravity_magnitude,8.155,common,0.11065985344675866
gravity_magnitude,8.16,common,0.11088979937531285
gravity_magnitude,8.165,common,0.11111901394627743
gravity_magnitude,8.17,common,0.11134749240470221
gravity_magnitude,8.175,common,0.11157523076118459
gravity_magnitude,8.18,common,0.11180222579553067
gravity_magnitude,8.185,common,0.11202847505968805
gravity_magnitude,8.19,common,0.11225397687985783
gravity_magnitude,8.195,common,0.11247873035785538
gravity_magnitude,8.2,common,0.11084227457186024
gravity_magnitude,8.2,pre,0.11270273537168762
gravity_magnitude,8.2,post,0.11084227457186024
gravity_magnitude,8.205,common,0.11106536474984274
gravity_magnitude,8.21,common,0.11128770696392287
gravity_magnitude,8.215,common,0.11150930345595178
gravity_magnitude,8.22,common,0.1117301572387106
gravity_magnitude,8.225,common,0.11195027209256736
gravity_magnitude,8.23,common,0.11216965256135225
gravity_magnitude,8.235,common,0.11238830394749577
gravity_magnitude,8.24,common,0.11260623230637279
gravity_magnitude,8.245,common,0.11282344443990588
gravity_magnitude,8.25,common,0.11121136009766452
gravity_magnitude,8.25,pre,0.11303994788941552
gravity_magnitude,8.25,post,0.11121136009766452
gravity_magnitude,8.255,common,0.11142696379610584
gravity_magnitude,8.26,common,0.11164187458153485
gravity_magnitude,8.265,common,0.11185610220590192
gravity_magnitude,8.27,common,0.11206965712482742
gravity_magnitude,8.275,common,0.11228255048680857
gravity_magnitude,8.28,common,0.1124947941217247
gravity_magnitude,8.285,common,0.11270640052866199
gravity_magnitude,8.29,common,0.11291738286305986
gravity_magnitude,8.295,common,0.11312775492320881
gravity_magnitude,8.3,common,0.11149678486711245
gravity_magnitude,8.3,pre,0.11333753113608935
gravity_magnitude,8.3,post,0.11149678486711245
gravity_magnitude,8.305,common,0.11170574627391261
gravity_magnitude,8.31,common,0.11191414116153986
gravity_magnitude,8.315,common,0.11212198579889687
gravity_magnitude,8.32,common,0.1123292970210521
gravity_magnitude,8.325,common,0.11253609221206773
gravity_magnitude,8.33,common,0.11274238928727698
gravity_magnitude,8.335,common,0.1129482066750267
gravity_magnitude,8.34,common,0.11315356329789772
gravity_magnitude,8.345,common,0.11335847855343495
gravity_magnitude,8.35,common,0.11166486927022667
gravity_magnitude,8.35,pre,0.11356297229439782
gravity_magnitude,8.35,post,0.11166486927022667
gravity_magnitude,8.355,common,0.11186869277425338
gravity_magnitude,8.36,common,0.11207213463913668
gravity_magnitude,8.365,common,0.11227521601329826
gravity_magnitude,8.37,common,0.11247795841733321
gravity_magnitude,8.375,common,0.11268038372217504
gravity_magnitude,8.38,common,0.11288251412689121
gravity_magnitude,8.385,common,0.11308437213616251
gravity_magnitude,8.39,common,0.11328598053744088
gravity_magnitude,8.395,common,0.11348736237783363
gravity_magnitude,8.4,common,0.11169121653128933
gravity_magnitude,8.4,pre,0.11368854094071601
gravity_magnitude,8.4,post,0.11169121653128933
gravity_magnitude,8.405,common,0.11189191368836049
gravity_magnitude,8.41,common,0.11209245399334122
gravity_magnitude,8.415,common,0.11229286135641559
gravity_magnitude,8.42,common,0.11249315982876773
gravity_magnitude,8.425,common,0.11269337357822629
gravity_magnitude,8.43,common,0.11289352686480392
gravity_magnitude,8.435,common,0.11309364401613031
gravity_magnitude,8.44,common,0.11329374940281767
gravity_magnitude,8.445,common,0.11349386741379242
gravity_magnitude,8.45,common,0.11156377615343338
gravity_magnitude,8.45,pre,0.11369402243159321
gravity_magnitude,8.45,post,0.11156377615343338
gravity_magnitude,8.455,common,0.11176366387724812
gravity_magnitude,8.46,common,0.11196363699611389
gravity_magnitude,8.465,common,0.11216371979441853
gravity_magnitude,8.47,common,0.11236393645208942
gravity_magnitude,8.475,common,0.1125643110201544
gravity_magnitude,8.48,common,0.11276486739643232
gravity_magnitude,8.485,common,0.11296562930136211
gravity_magnitude,8.49,common,0.1131666202540238
gravity_magnitude,8.495,common,0.11336786354834061
gravity_magnitude,8.5,common,0.11128482416127206
gravity_magnitude,8.5,pre,0.11356938222953161
gravity_magnitude,8.5,post,0.11128482416127206
gravity_magnitude,8.505,common,0.11148629406588562
gravity_magnitude,8.51,common,0.1116880849802584
gravity_magnitude,8.515,common,0.11189021914187158
gravity_magnitude,8.52,common,0.11209271844830937
gravity_magnitude,8.525,common,0.11229560443514153
gravity_magnitude,8.53,common,0.11249889825417725
gravity_magnitude,8.535,common,0.1127026206520867
gravity_magnitude,8.54,common,0.1129067919494382
gravity_magnitude,8.545,common,0.11311143202015828
gravity_magnitude,8.55,common,0.11087103667277631
gravity_magnitude,8.55,pre,0.11331656027143922
gravity_magnitude,8.55,post,0.11087103667277631
gravity_magnitude,8.555,common,0.11107631813471386
gravity_magnitude,8.56,common,0.11128212622356415
gravity_magnitude,8.565,common,0.11148847891415414
gravity_magnitude,8.57,common,0.11169539363923064
gravity_magnitude,8.575,common,0.11190288727188857
gravity_magnitude,8.58,common,0.11211097610851617
gravity_magnitude,8.585,common,0.11231967585233882
gravity_magnitude,8.59,common,0.11252900159755264
gravity_magnitude,8.595,common,0.11273896781406023
gravity_magnitude,8.6,common,0.11035114586709938
gravity_magnitude,8.6,pre,0.11294958833283708
gravity_magnitude,8.6,post,0.11035114586709938
gravity_magnitude,8.605,common,0.11056208589677219
gravity_magnitude,8.61,common,0.11077370782910556
gravity_magnitude,8.615,common,0.11098602358394238
gravity_magnitude,8.62,common,0.11119904439011563
gravity_magnitude,8.625,common,0.11141278077409922
gravity_magnitude,8.63,common,0.11162724254938716
gravity_magnitude,8.635,common,0.11184243880655487
gravity_magnitude,8.64,common,0.11205837790407003
gravity_magnitude,8.645,common,0.11227506745982474
gravity_magnitude,8.65,common,0.10976122686819423
gravity_magnitude,8.65,pre,0.11249251434340835
gravity_magnitude,8.65,post,0.10976122686819423
gravity_magnitude,8.655,common,0.10997910823332013
gravity_magnitude,8.66,common,0.11019776110533996
gravity_magnitude,8.665,common,0.1104171901562605
gravity_magnitude,8.67,common,0.1106373992860128
gravity_magnitude,8.675,common,0.11085839161850153
gravity_magnitude,8.68,common,0.11108016949842714
gravity_magnitude,8.685,common,0.1113027344888824
gravity_magnitude,8.69,common,0.11152608736973413
gravity_magnitude,8.695,common,0.11175022813679547
gravity_magnitude,8.7,common,0.10913830414684611
gravity_magnitude,8.7,pre,0.11197515600176722
gravity_magnitude,8.7,post,0.10913830414684611
gravity_magnitude,8.705,common,0.10936371950433532
gravity_magnitude,8.71,common,0.10958992148303182
gravity_magnitude,8.715,common,0.10981690703039249
gravity_magnitude,8.72,common,0.11004467231659198
gravity_magnitude,8.725,common,0.11027321273834723
gravity_magnitude,8.73,common,0.11050252292351281
gravity_magnitude,8.735,common,0.11073259673643676
gravity_magnitude,8.74,common,0.11096342728409425
gravity_magnitude,8.745,common,0.11119500692296391
gravity_magnitude,8.75,common,0.10851347199183259
gravity_magnitude,8.75,pre,0.1114273272666697
gravity_magnitude,8.75,post,0.10851347199183259
gravity_magnitude,8.755,common,0.10874626637101059
gravity_magnitude,8.76,common,0.10897978654645435
gravity_magnitude,8.765,common,0.10921402202656516
gravity_magnitude,8.77,common,0.10944896161356965
gravity_magnitude,8.775,common,0.10968459341474635
gravity_magnitude,8.78,common,0.1099209048543397
gravity_magnitude,8.785,common,0.1101578826861509
gravity_magnitude,8.79,common,0.11039551300681794
gravity_magnitude,8.795,common,0.110633781269728
gravity_magnitude,8.8,common,0.1079059263780966
gravity_magnitude,8.8,pre,0.11087267229959075
gravity_magnitude,8.8,post,0.1079059263780966
gravity_magnitude,8.805,common,0.10814521370205732
gravity_magnitude,8.81,common,0.10838509611072666
gravity_magnitude,8.815,common,0.1086255566920773
gravity_magnitude,8.82,common,0.10886657796827137
gravity_magnitude,8.825,common,0.10910814191317009
gravity_magnitude,8.83,common,0.10935022997040633
gravity_magnitude,8.835,common,0.10959282307197249
gravity_magnitude,8.84,common,0.1098359016573216
gravity_magnitude,8.845,common,0.11007944569296413
gravity_magnitude,8.85,common,0.10731914704439305
gravity_magnitude,8.85,pre,0.11032343469252837
gravity_magnitude,8.85,post,0.10731914704439305
gravity_magnitude,8.855,common,0.10756339910549251
gravity_magnitude,8.86,common,0.10780805860266263
gravity_magnitude,8.865,common,0.10805310385396893
gravity_magnitude,8.87,common,0.10829851280740677
gravity_magnitude,8.875,common,0.10854426306296006
gravity_magnitude,8.88,common,0.1087903318950616
gravity_magnitude,8.885,common,0.10903669627533041
gravity_magnitude,8.89,common,0.10928333289563774
gravity_magnitude,8.895,common,0.10953021819144126
gravity_magnitude,8.9,common,0.10674000699108888
gravity_magnitude,8.9,pre,0.10977732836536447
gravity_magnitude,8.9,post,0.10674000699108888
gravity_magnitude,8.905,common,0.10698720612415791
gravity_magnitude,8.91,common,0.1072345866699358
gravity_magnitude,8.915,common,0.10748212429565562
gravity_magnitude,8.92,common,0.10772979453024512
gravity_magnitude,8.925,common,0.1079775727888066
gravity_magnitude,8.93,common,0.10822543439721954
gravity_magnitude,8.935,common,0.10847335461681773
gravity_magnitude,8.94,common,0.10872130866913032
gravity_magnitude,8.945,common,0.10896927176067273
gravity_magnitude,8.95,common,0.10614095791052236
gravity_magnitude,8.95,pre,0.1092172191077232
gravity_magnitude,8.95,post,0.10614095791052236
gravity_magnitude,8.955,common,0.10638879825716074
gravity_magnitude,8.96,common,0.10663657795652526
gravity_magnitude,8.965,common,0.10688427240326703
gravity_magnitude,8.97,common,0.10713185709869677
gravity_magnitude,8.975,common,0.10737930767527004
gravity_magnitude,8.98,common,0.10762659992092694
gravity_magnitude,8.985,common,0.10787370980327537
gravity_magnitude,8.99,common,0.10812061349359503
gravity_magnitude,8.995,common,0.10836728739061385
gravity_magnitude,9.0,common,0.10548481241255736
gravity_magnitude,9.0,pre,0.10861370814408922
gravity_magnitude,9.0,post,0.10548481241255736
gravity_magnitude,9.005,common,0.10573092979468157
gravity_magnitude,9.01,common,0.10597675233733739
gravity_magnitude,9.015,common,0.10622225756531556
gravity_magnitude,9.02,common,0.10646742334410497
gravity_magnitude,9.025,common,0.10671222790198875
gravity_magnitude,9.03,common,0.1069566498517247
gravity_magnitude,9.035,common,0.10720066821185803
gravity_magnitude,9.04,common,0.10744426242762728
gravity_magnitude,9.045,common,0.10768741239143154
gravity_magnitude,9.05,common,0.10473117822959921
gravity_magnitude,9.05,pre,0.10793009846284463
gravity_magnitude,9.05,post,0.10473117822959921
gravity_magnitude,9.055,common,0.10497338575804704
gravity_magnitude,9.06,common,0.10521509522925676
gravity_magnitude,9.065,common,0.10545628848837296
gravity_magnitude,9.07,common,0.10569694792135209
gravity_magnitude,9.075,common,0.10593705647245244
gravity_magnitude,9.08,common,0.1061765976611646
gravity_magnitude,9.085,common,0.10641555559856819
gravity_magnitude,9.09,common,0.10665391500307742
gravity_magnitude,9.095,common,0.1068916612155899
gravity_magnitude,9.1,common,0.10384340219981425
gravity_magnitude,9.1,pre,0.10712878021399774
gravity_magnitude,9.1,post,0.10384340219981425
gravity_magnitude,9.105,common,0.10407990813933843
gravity_magnitude,9.11,common,0.10431576380160834
gravity_magnitude,9.115,common,0.10455095711390072
gravity_magnitude,9.12,common,0.10478547669077543
gravity_magnitude,9.125,common,0.10501931184529134
gravity_magnitude,9.13,common,0.10525245259950289
gravity_magnitude,9.135,common,0.1054848896942584
gravity_magnitude,9.14,common,0.10571661459826487
gravity_magnitude,9.145,common,0.10594761951642795
gravity_magnitude,9.15,common,0.1027949572668092
gravity_magnitude,9.15,pre,0.10617789739744232
gravity_magnitude,9.15,post,0.1027949572668092
gravity_magnitude,9.155,common,0.10302454342994594
gravity_magnitude,9.16,common,0.10325339305220993
gravity_magnitude,9.165,common,0.10348150130258738
gravity_magnitude,9.17,common,0.10370886411581814
gravity_magnitude,9.175,common,0.10393547819623095
gravity_magnitude,9.18,common,0.10416134102078445
gravity_magnitude,9.185,common,0.10438645084136766
gravity_magnitude,9.19,common,0.1046108066862832
gravity_magnitude,9.195,common,0.10483440836097202
gravity_magnitude,9.2,common,0.10157445730922987
gravity_magnitude,9.2,pre,0.10505725644795838
gravity_magnitude,9.2,post,0.10157445730922987
gravity_magnitude,9.205,common,0.10179660018128445
gravity_magnitude,9.21,common,0.10201799461757233
gravity_magnitude,9.215,common,0.10223864347173794
gravity_magnitude,9.22,common,0.10245855036593099
gravity_magnitude,9.225,common,0.10267771968689665
gravity_magnitude,9.23,common,0.10289615658129847
gravity_magnitude,9.235,common,0.10311386695025782
gravity_magnitude,9.24,common,0.10333085744315973
gravity_magnitude,9.245,common,0.10354713545068606
gravity_magnitude,9.25,common,0.10018878122029484
gravity_magnitude,9.25,pre,0.10376270909711494
gravity_magnitude,9.25,post,0.10018878122029484
gravity_magnitude,9.255,common,0.10040370372555074
gravity_magnitude,9.26,common,0.10061794129953228
gravity_magnitude,9.265,common,0.10083150416290998
gravity_magnitude,9.27,common,0.10104440323166664
gravity_magnitude,9.275,common,0.10125665010582274
gravity_magnitude,9.28,common,0.10146825705748164
gravity_magnitude,9.285,common,0.10167923701821202
gravity_magnitude,9.29,common,0.10188960356573418
gravity_magnitude,9.295,common,0.10209937090999865
gravity_magnitude,9.3,pre,0.10230855387858817
gravity_magnitude,9.335,common,0.10011358070770449
gravity_magnitude,9.34,common,0.10031872813793896
gravity_magnitude,9.345,common,0.10052344985685835
gravity_magnitude,9.35,pre,0.10072776589282562
landmark_worst,0.0,common,1.012212435040431
landmark_worst,0.0,pre,undefined
landmark_worst,0.0,post,1.012212435040431
landmark_worst,0.005,common,1.0123047235514389
landmark_worst,0.01,common,1.012319703966195
landmark_worst,0.015,common,1.0122556670228244
landmark_worst,0.02,common,1.0121109101701793
landmark_worst,0.025,common,1.0118837385628499
landmark_worst,0.03,common,1.0115724660902243
landmark_worst,0.035,common,1.011175416439283
landmark_worst,0.04,common,1.010808603555232
landmark_worst,0.045,common,1.0103963228737667
landmark_worst,0.05,common,1.0097852132720977
landmark_worst,0.05,pre,1.0099127682982396
landmark_worst,0.05,post,1.0097852132720977
landmark_worst,0.055,common,1.00923775974285
landmark_worst,0.06,common,1.0086158209438092
landmark_worst,0.065,common,1.0079178222164302
landmark_worst,0.07,common,1.0071421847071698
landmark_worst,0.075,common,1.0062873258298108
landmark_worst,0.08,common,1.0053516597475234
landmark_worst,0.085,common,1.004333597874712
landmark_worst,0.09,common,1.003231549398679
landmark_worst,0.095,common,1.0020439218210964
landmark_worst,0.1,common,1.0004293441554584
landmark_worst,0.1,pre,1.0007691215192678
landmark_worst,0.1,post,1.0004293441554584
landmark_worst,0.105,common,0.9990839428320223
landmark_worst,0.11,common,0.9976480516927988
landmark_worst,0.115,common,0.9961200718669991
landmark_worst,0.12,common,0.9944984055891778
landmark_worst,0.125,common,0.9927814568491408
landmark_worst,0.13,common,0.9909676320604204
landmark_worst,0.135,common,0.9890553407470407
landmark_worst,0.14,common,0.9870429962482767
landmark_worst,0.145,common,0.9849290164410696
landmark_worst,0.15,common,0.9825744082732834
landmark_worst,0.15,pre,0.9827118244797369
landmark_worst,0.15,post,0.9825744082732834
landmark_worst,0.155,common,0.9802934707144108
landmark_worst,0.16,common,0.9779062178995728
landmark_worst,0.165,common,0.9754110860739229
landmark_worst,0.17,common,0.9736015289912874
landmark_worst,0.175,common,0.9718244906887745
landmark_worst,0.18,common,0.9700040577294976
landmark_worst,0.185,common,0.9681412300976274
landmark_worst,0.19,common,0.9662370373304312
landmark_worst,0.195,common,0.9642925382393802
landmark_worst,0.2,common,0.9629844818603948
landmark_worst,0.2,pre,0.9623088206264369
landmark_worst,0.2,post,0.9629844818603948
landmark_worst,0.205,common,0.9609530784377724
landmark_worst,0.21,common,0.9588831061454702
landmark_worst,0.215,common,0.956775718613666
landmark_worst,0.22,common,0.9546320972455385
landmark_worst,0.225,common,0.9524534509233863
landmark_worst,0.23,common,0.9508881268820613
landmark_worst,0.235,common,0.949659841215971
landmark_worst,0.24,common,0.9484295246132999
landmark_worst,0.245,common,0.9471982193816539
landmark_worst,0.25,common,0.946708006782247
landmark_worst,0.25,pre,0.9459669627120966
landmark_worst,0.25,post,0.946708006782247
landmark_worst,0.255,common,0.9453867759271055
landmark_worst,0.26,common,0.9440660078757404
landmark_worst,0.265,common,0.9427467196514738
landmark_worst,0.27,common,0.9414299238205285
landmark_worst,0.275,common,0.9401166286256221
landmark_worst,0.28,common,0.9388078381171892
landmark_worst,0.285,common,0.9375045522819364
landmark_worst,0.29,common,0.936207767168454
landmark_worst,0.295,common,0.9349184750096039
landmark_worst,0.3,common,0.9345839322447178
landmark_worst,0.3,pre,0.9336376643414125
landmark_worst,0.3,post,0.9345839322447178
landmark_worst,0.305,common,0.9331760186274949
landmark_worst,0.31,common,0.9317758895108429
landmark_worst,0.315,common,0.9303845133010666
landmark_worst,0.32,common,0.9290028554899556
landmark_worst,0.325,common,0.9276318787768716
landmark_worst,0.33,common,0.9262725431862978
landmark_worst,0.335,common,0.9249258061805912
landmark_worst,0.34,common,0.9235926227676744
landmark_worst,0.345,common,0.92227394560342
landmark_worst,0.35,common,0.9221819874825881
landmark_worst,0.35,pre,0.9209707250884721
landmark_worst,0.35,post,0.9221819874825881
landmark_worst,0.355,common,0.9207154494299472
landmark_worst,0.36,common,0.9192624181369766
landmark_worst,0.365,common,0.9178238222237329
landmark_worst,0.37,common,0.9164005889675619
landmark_worst,0.375,common,0.9149936444070315
landmark_worst,0.38,common,0.9136039134396312
landmark_worst,0.385,common,0.9122323199129891
landmark_worst,0.39,common,0.91087978670936
landmark_worst,0.395,common,0.9095472358231491
landmark_worst,0.4,common,0.9098162931065698
landmark_worst,0.4,pre,0.908235588431238
landmark_worst,0.4,post,0.9098162931065698
landmark_worst,0.405,common,0.9083102737962991
landmark_worst,0.41,common,0.9068219246040791
landmark_worst,0.415,common,0.9053521409351746
landmark_worst,0.42,common,0.9039018184181173
landmark_worst,0.425,common,0.902471852990189
landmark_worst,0.43,common,0.9010631409753869
landmark_worst,0.435,common,0.8996765791546314
landmark_worst,0.44,common,0.8983130648279666
landmark_worst,0.445,common,0.8969734958685183
landmark_worst,0.45,common,0.8977313996634181
landmark_worst,0.45,pre,0.8956587707679817
landmark_worst,0.45,post,0.8977313996634181
landmark_worst,0.455,common,0.8961991216534725
landmark_worst,0.46,common,0.8946872527799231
landmark_worst,0.465,common,0.8931966592004187
landmark_worst,0.47,common,0.8917282088325913
landmark_worst,0.475,common,0.8902827714252015
landmark_worst,0.48,common,0.888861218620867
landmark_worst,0.485,common,0.8874644240101152
landmark_worst,0.49,common,0.8860932631765066
landmark_worst,0.495,common,0.884748613732577
landmark_worst,0.5,common,0.8860954156273064
landmark_worst,0.5,pre,0.8834313553463542
landmark_worst,0.5,post,0.8860954156273064
landmark_worst,0.505,common,0.884546049099274
landmark_worst,0.51,common,0.8830186025597588
landmark_worst,0.515,common,0.881513914509108
landmark_worst,0.52,common,0.880032826690964
landmark_worst,0.525,common,0.8785761841556242
landmark_worst,0.53,common,0.8771448353144303
landmark_worst,0.535,common,0.8757396319849142
landmark_worst,0.54,common,0.8743614294264096
landmark_worst,0.545,common,0.8730110863658662
landmark_worst,0.55,common,0.8749898866598121
landmark_worst,0.55,pre,0.8716894650135876
landmark_worst,0.55,post,0.8749898866598121
landmark_worst,0.555,common,0.8734295001483781
landmark_worst,0.56,common,0.8718915355232334
landmark_worst,0.565,common,0.8703768034246502
landmark_worst,0.57,common,0.8688861191403967
landmark_worst,0.575,common,0.8674203026686321
landmark_worst,0.58,common,0.8659801787716189
landmark_worst,0.585,common,0.864566577019933
landmark_worst,0.59,common,0.8631803318268678
landmark_worst,0.595,common,0.8618222824727183
landmark_worst,0.6,common,0.8644096044191303
landmark_worst,0.6,pre,0.8604932731186428
landmark_worst,0.6,post,0.8644096044191303
landmark_worst,0.605,common,0.8628416069586167
landmark_worst,0.61,common,0.8612957362508256
landmark_worst,0.615,common,0.8597727737752648
landmark_worst,0.62,common,0.8582735069609144
landmark_worst,0.625,common,0.8567987292555898
landmark_worst,0.63,common,0.8553492401862126
landmark_worst,0.635,common,0.8539258454096409
landmark_worst,0.64,common,0.8525293567537087
landmark_worst,0.645,common,0.8511605922481283
landmark_worst,0.65,common,0.8542748797303824
landmark_worst,0.65,pre,0.8498203761449142
landmark_worst,0.65,post,0.8542748797303824
landmark_worst,0.655,common,0.8527002780884582
landmark_worst,0.66,common,0.8511468979455433
landmark_worst,0.665,common,0.8496154898507
landmark_worst,0.67,common,0.8481068114857025
landmark_worst,0.675,common,0.8466216277467539
landmark_worst,0.68,common,0.8451607108174748
landmark_worst,0.685,common,0.8437248402327903
landmark_worst,0.69,common,0.8423148029333248
landmark_worst,0.695,common,0.840931393309925
landmark_worst,0.7,common,0.8444528595795566
landmark_worst,0.7,pre,0.8395754132379235
landmark_worst,0.7,post,0.8444528595795566
landmark_worst,0.705,common,0.8428705124288689
landmark_worst,0.71,common,0.8413080263997806
landmark_worst,0.715,common,0.839766119350003
landmark_worst,0.72,common,0.8382455173262854
landmark_worst,0.725,common,0.8367469546630674
landmark_worst,0.73,common,0.8352711740730095
landmark_worst,0.735,common,0.8338189267290024
landmark_worst,0.74,common,0.832390972337233
landmark_worst,0.745,common,0.8309880792008985
landmark_worst,0.75,common,0.8347833142739802
landmark_worst,0.75,pre,0.8296110242741349
landmark_worst,0.75,post,0.8347833142739802
landmark_worst,0.755,common,0.8331902616700615
landmark_worst,0.76,common,0.8316153779968833
landmark_worst,0.765,common,0.8300593469808096
landmark_worst,0.77,common,0.8285228614662684
landmark_worst,0.775,common,0.8270066235346433
landmark_worst,0.78,common,0.8255113446158485
landmark_worst,0.785,common,0.8240377455921691
landmark_worst,0.79,common,0.8225865568939207
landmark_worst,0.795,common,0.821158518586492
landmark_worst,0.8,common,0.8251051765261267
landmark_worst,0.8,pre,0.8197543804483098
landmark_worst,0.8,post,0.8251051765261267
landmark_worst,0.805,common,0.8234970655259198
landmark_worst,0.81,common,0.8219051950988542
landmark_worst,0.815,common,0.8203302138899837
landmark_worst,0.82,common,0.8187727804696048
landmark_worst,0.825,common,0.8172335634745698
landmark_worst,0.83,common,0.815713241743257
landmark_worst,0.835,common,0.8142125044437468
landmark_worst,0.84,common,0.8127320511947602
landmark_worst,0.845,common,0.8112725921788974
landmark_worst,0.85,common,0.8152811007455809
landmark_worst,0.85,pre,0.809834848247697
landmark_worst,0.85,post,0.8152811007455809
landmark_worst,0.855,common,0.8136526982790713
landmark_worst,0.86,common,0.8120384453421562
landmark_worst,0.865,common,0.8104389550994129
landmark_worst,0.87,common,0.8088548513347807
landmark_worst,0.875,common,0.8072867686165702
landmark_worst,0.88,common,0.8057353524572014
landmark_worst,0.885,common,0.8042012594672343
landmark_worst,0.89,common,0.8026851575032359
landmark_worst,0.895,common,0.8011877258090134
landmark_worst,0.9,common,0.8052178412176556
landmark_worst,0.9,pre,0.7997096551497241
landmark_worst,0.9,post,0.8052178412176556
landmark_worst,0.905,common,0.8035636073224148
landmark_worst,0.91,common,0.8019213261329713
landmark_worst,0.915,common,0.8002915754707866
landmark_worst,0.92,common,0.7986749443674591
landmark_worst,0.925,common,0.797072033253928
landmark_worst,0.93,common,0.7954834541455785
landmark_worst,0.935,common,0.7939098308228166
landmark_worst,0.94,common,0.7923517990066603
landmark_worst,0.945,common,0.7908100065288799
landmark_worst,0.95,common,0.7948804654262109
landmark_worst,0.95,pre,0.789285113496203
landmark_worst,0.95,post,0.7948804654262109
landmark_worst,0.955,common,0.7931951459496738
landmark_worst,0.96,common,0.7915195218596305
landmark_worst,0.965,common,0.7898541362464135
landmark_worst,0.97,common,0.7881995439065379
landmark_worst,0.975,common,0.7865563115559557
landmark_worst,0.98,common,0.7849250180404406
landmark_worst,0.985,common,0.7833062545426882
landmark_worst,0.99,common,0.781700624785693
landmark_worst,0.995,common,0.7801087452319505
landmark_worst,1.0,common,0.7842987198574181
landmark_worst,1.0,pre,0.7785312452779999
landmark_worst,1.0,post,0.7842987198574181
landmark_worst,1.005,common,0.7825779071068509
landmark_worst,1.01,common,0.7808645095744874
landmark_worst,1.015,common,0.7791590366180163
landmark_worst,1.02,common,0.7774620097087884
landmark_worst,1.025,common,0.7757739626683616
landmark_worst,1.03,common,0.7740954419034413
landmark_worst,1.035,common,0.7724270066388258
landmark_worst,1.04,common,0.7707692291479453
landmark_worst,1.045,common,0.7691226949805592
landmark_worst,1.05,common,0.7735646039973954
landmark_worst,1.05,pre,0.7674880031871508
landmark_worst,1.05,post,0.7735646039973954
landmark_worst,1.055,common,0.7718052099851382
landmark_worst,1.06,common,0.7700509610862796
landmark_worst,1.065,common,0.768302334213438
landmark_worst,1.07,common,0.7665598187148586
landmark_worst,1.075,common,0.7648239166328672
landmark_worst,1.08,common,0.7630951429619952
landmark_worst,1.085,common,0.7613740259064206
landmark_worst,1.09,common,0.7596611071363434
landmark_worst,1.095,common,0.7579569420428917
landmark_worst,1.1,common,0.7628214964719041
landmark_worst,1.1,pre,0.7562620999911314
landmark_worst,1.1,post,0.7628214964719041
landmark_worst,1.105,common,0.7610220903418525
landmark_worst,1.11,common,0.7592255993185075
landmark_worst,1.115,common,0.7574324693528472
landmark_worst,1.12,common,0.7556431590679521
landmark_worst,1.125,common,0.7538581400373338
landmark_worst,1.13,common,0.752077897064191
landmark_worst,1.135,common,0.750302928461287
landmark_worst,1.14,common,0.7485337463310984
landmark_worst,1.145,common,0.7467708768458817
landmark_worst,1.15,common,0.7522467774926616
landmark_worst,1.15,pre,0.745014860527262
landmark_worst,1.15,post,0.7522467774926616
landmark_worst,1.155,common,0.7504077576679131
landmark_worst,1.16,common,0.7485694911297879
landmark_worst,1.165,common,0.7467323944676388
landmark_worst,1.17,common,0.7448968970916476
landmark_worst,1.175,common,0.7430634415283095
landmark_worst,1.18,common,0.7412324837180654
landmark_worst,1.185,common,0.739404493314812
landmark_worst,1.19,common,0.7375799539869993
landmark_worst,1.195,common,0.7357593637200028
landmark_worst,1.2,common,0.7420312678857236
landmark_worst,1.2,pre,0.7339432351194212
landmark_worst,1.2,post,0.7420312678857236
landmark_worst,1.205,common,0.740154866923992
landmark_worst,1.21,common,0.7382771519517091
landmark_worst,1.215,common,0.7363985118528659
landmark_worst,1.22,common,0.734519348389872
landmark_worst,1.225,common,0.7326400765128247
landmark_worst,1.23,common,0.7307611246720643
landmark_worst,1.235,common,0.7288829351337979
landmark_worst,1.24,common,0.7270059642985531
landmark_worst,1.245,common,0.7251306830222061
landmark_worst,1.25,common,0.732359371639457
landmark_worst,1.25,pre,0.7232575769392894
landmark_worst,1.25,post,0.732359371639457
landmark_worst,1.255,common,0.7304495199274201
landmark_worst,1.26,common,0.7285364056896529
landmark_worst,1.265,common,0.7266203917750478
landmark_worst,1.27,common,0.7247018538741719
landmark_worst,1.275,common,0.7227811808383721
landmark_worst,1.28,common,0.7208587750031878
landmark_worst,1.285,common,0.7189350525159208
landmark_worst,1.29,common,0.7170104436671763
landmark_worst,1.295,common,0.7150853932261753
landmark_worst,1.3,common,0.7233932674428427
landmark_worst,1.3,pre,0.7131603607796106
landmark_worst,1.3,post,0.7233932674428427
landmark_worst,1.305,common,0.7214553618026628
landmark_worst,1.31,common,0.7195123854583894
landmark_worst,1.315,common,0.717564676877703
landmark_worst,1.32,common,0.7156125872369953
landmark_worst,1.325,common,0.7136564807459214
landmark_worst,1.33,common,0.71169673497715
landmark_worst,1.335,common,0.7097337412012147
landmark_worst,1.34,common,0.707767904726341
landmark_worst,1.345,common,0.7057996452431119
landmark_worst,1.35,common,0.7152630329788443
landmark_worst,1.35,pre,0.7038293971738031
landmark_worst,1.35,post,0.7152630329788443
landmark_worst,1.355,common,0.7133036621448746
landmark_worst,1.36,common,0.7113375708733854
landmark_worst,1.365,common,0.7093650748605309
landmark_worst,1.37,common,0.7073865022821051
landmark_worst,1.375,common,0.7054021941189209
landmark_worst,1.38,common,0.7034125044881141
landmark_worst,1.385,common,0.701417800980331
landmark_worst,1.39,common,0.6994184650027304
landmark_worst,1.395,common,0.6974148921277248
landmark_worst,1.4,common,0.7080627876981617
landmark_worst,1.4,pre,0.6954074924473547
landmark_worst,1.4,post,0.7080627876981617
landmark_worst,1.405,common,0.706089458232286
landmark_worst,1.41,common,0.7041079309856214
landmark_worst,1.415,common,0.7021185004141296
landmark_worst,1.42,common,0.7001214731305284
landmark_worst,1.425,common,0.6981171682258733
landmark_worst,1.43,common,0.6961059175976085
landmark_worst,1.435,common,0.6940880662841062
landmark_worst,1.44,common,0.6920639728056754
landmark_worst,1.445,common,0.690034009512022
landmark_worst,1.45,common,0.7018514685308328
landmark_worst,1.45,pre,0.6879985629361172
landmark_worst,1.45,post,0.7018514685308328
landmark_worst,1.455,common,0.6998723570719435
landmark_worst,1.46,common,0.6978837520676912
landmark_worst,1.465,common,0.6958859281412275
landmark_worst,1.47,common,0.6938791716600302
landmark_worst,1.475,common,0.6918637810492694
landmark_worst,1.48,common,0.6898400671120171
landmark_worst,1.485,common,0.6878083533563575
landmark_worst,1.49,common,0.6857689763294332
landmark_worst,1.495,common,0.6837222859584593
landmark_worst,1.5,common,0.7013045102385356
landmark_worst,1.5,pre,0.6816686458987228
landmark_worst,1.5,post,0.7013045102385356
landmark_worst,1.505,common,0.6993008416613875
landmark_worst,1.51,common,0.6973028091440027
landmark_worst,1.515,common,0.6953109306240038
landmark_worst,1.52,common,0.6933257319529528
landmark_worst,1.525,common,0.6913477469655787
landmark_worst,1.53,common,0.689377517546719
landmark_worst,1.535,common,0.6874155936957504
landmark_worst,1.54,common,0.68546253358827
landmark_worst,1.545,common,0.6835189036347874
landmark_worst,1.55,common,0.7019133651827473
landmark_worst,1.55,pre,0.681585278536166
landmark_worst,1.55,post,0.7019133651827473
landmark_worst,1.555,common,0.700014719842574
landmark_worst,1.56,common,0.6981219176770501
landmark_worst,1.565,common,0.6962354437089194
landmark_worst,1.57,common,0.6943557900256507
landmark_worst,1.575,common,0.6924834558401707
landmark_worst,1.58,common,0.6906189475499113
landmark_worst,1.585,common,0.6887627787939967
landmark_worst,1.59,common,0.6869154705083749
landmark_worst,1.595,common,0.6850775509787014
landmark_worst,1.6,common,0.7031412039771466
landmark_worst,1.6,pre,0.6832495558907637
landmark_worst,1.6,post,0.7031412039771466
landmark_worst,1.605,common,0.7013527404928979
landmark_worst,1.61,common,0.6995703410980211
landmark_worst,1.615,common,0.6977944585239846
landmark_worst,1.62,common,0.696025551776399
landmark_worst,1.625,common,0.694264086189612
landmark_worst,1.63,common,0.692510533480151
landmark_worst,1.635,common,0.6907653717988723
landmark_worst,1.64,common,0.6890290857816653
landmark_worst,1.645,common,0.6873021665985513
landmark_worst,1.65,common,0.7048381341798069
landmark_worst,1.65,pre,0.685585112001018
landmark_worst,1.65,post,0.7048381341798069
landmark_worst,1.655,common,0.7031641393960655
landmark_worst,1.66,common,0.7014964322504196
landmark_worst,1.665,common,0.69983543393879
landmark_worst,1.67,common,0.6981815712103379
landmark_worst,1.675,common,0.6965352764179698
landmark_worst,1.68,common,0.6948969875681553
landmark_worst,1.685,common,0.6932671483699351
landmark_worst,1.69,common,0.6916462082830015
landmark_worst,1.695,common,0.6900346225647295
landmark_worst,1.7,common,0.7068493528019795
landmark_worst,1.7,pre,0.6884328523160239
landmark_worst,1.7,post,0.7068493528019795
landmark_worst,1.705,common,0.7052931295813267
landmark_worst,1.71,common,0.7037434106981607
landmark_worst,1.715,common,0.7022005867190599
landmark_worst,1.72,common,0.7006650531184915
landmark_worst,1.725,common,0.6991372103268967
landmark_worst,1.73,common,0.6976174637784652
landmark_worst,1.735,common,0.6961062239585073
landmark_worst,1.74,common,0.6946039064503322
landmark_worst,1.745,common,0.6931109319815314
landmark_worst,1.75,common,0.70901803636228
landmark_worst,1.75,pre,0.6916277264695655
landmark_worst,1.75,post,0.70901803636228
landmark_worst,1.755,common,0.7075817994568178
landmark_worst,1.76,common,0.706152268688846
landmark_worst,1.765,common,0.7047298050439565
landmark_worst,1.77,common,0.7033147738469869
landmark_worst,1.775,common,0.70190754480892
landmark_worst,1.78,common,0.7005084920737836
landmark_worst,1.785,common,0.6991179942654808
landmark_worst,1.79,common,0.6977364345344722
landmark_worst,1.795,common,0.6963642006042366
landmark_worst,1.8,common,0.7111870296032229
landmark_worst,1.8,pre,0.695001684817425
landmark_worst,1.8,post,0.7111870296032229
landmark_worst,1.805,common,0.7098718091984664
landmark_worst,1.81,common,0.7085634748320715
landmark_worst,1.815,common,0.7072623590690447
landmark_worst,1.82,common,0.7059687983188482
landmark_worst,1.825,common,0.7046831328819523
landmark_worst,1.83,common,0.7034057069966275
landmark_worst,1.835,common,0.7021368688859286
landmark_worst,1.84,common,0.7008769708048083
landmark_worst,1.845,common,0.6996263690873
landmark_worst,1.85,common,0.7132001096932086
landmark_worst,1.85,pre,0.6983854241937094
landmark_worst,1.85,post,0.7132001096932086
landmark_worst,1.855,common,0.7120056663205211
landmark_worst,1.86,common,0.7108182605516168
landmark_worst,1.865,common,0.7096381977565901
landmark_worst,1.87,common,0.7084657867230839
landmark_worst,1.875,common,0.707301339702963
landmark_worst,1.88,common,0.7061451724594172
landmark_worst,1.885,common,0.7049976043144537
landmark_worst,1.89,common,0.7038589581967318
landmark_worst,1.895,common,0.702729560689696
landmark_worst,1.9,common,0.7149035963394546
landmark_worst,1.9,pre,0.7016097420799559
landmark_worst,1.9,post,0.7149035963394546
landmark_worst,1.905,common,0.713828354201355
landmark_worst,1.91,common,0.7127602664946063
landmark_worst,1.915,common,0.711699612627353
landmark_worst,1.92,common,0.7106466750580328
landmark_worst,1.925,common,0.7096017393423456
landmark_worst,1.93,common,0.7085650941807898
landmark_worst,1.935,common,0.7075370314667391
landmark_worst,1.94,common,0.7065178463350197
landmark_worst,1.945,common,0.7055078372109578
landmark_worst,1.95,common,0.7161490263107837
landmark_worst,1.95,pre,0.7045073058598562
landmark_worst,1.95,post,0.7161490263107837
landmark_worst,1.955,common,0.715190034774435
landmark_worst,1.96,common,0.714238272899684
landmark_worst,1.965,common,0.7132939953093018
landmark_worst,1.97,common,0.7123574593590591
landmark_worst,1.975,common,0.7114289251849275
landmark_worst,1.98,common,0.7105086557509487
landmark_worst,1.985,common,0.7095969168977495
landmark_worst,1.99,common,0.708693977391678
landmark_worst,1.995,common,0.7078001089745333
landmark_worst,2.0,common,0.7167974864396223
landmark_worst,2.0,pre,0.7069155864138608
landmark_worst,2.0,post,0.7167974864396223
landmark_worst,2.005,common,0.7159504214452782
landmark_worst,2.01,common,0.7151106120635969
landmark_worst,2.015,common,0.7142782891881815
landmark_worst,2.02,common,0.7134536861678058
landmark_worst,2.025,common,0.7126370388536056
landmark_worst,2.03,common,0.7118285856470066
landmark_worst,2.035,common,0.7110285675483746
landmark_worst,2.04,common,0.7102372282063674
landmark_worst,2.045,common,0.7094548139679723
landmark_worst,2.05,common,0.7167259413416699
landmark_worst,2.05,pre,0.7086815739292076
landmark_worst,2.05,post,0.7167259413416699
landmark_worst,2.055,common,0.7159851591768946
landmark_worst,2.06,common,0.7152516006303518
landmark_worst,2.065,common,0.7145254737429934
landmark_worst,2.07,common,0.7138069887617754
landmark_worst,2.075,common,0.7130963581864617
landmark_worst,2.08,common,0.712393796817212
landmark_worst,2.085,common,0.7116995218029386
landmark_worst,2.09,common,0.7110137526904222
landmark_worst,2.095,common,0.7103367114741755
landmark_worst,2.1,common,0.7158354466314439
landmark_worst,2.1,pre,0.7096686226470392
landmark_worst,2.1,post,0.7158354466314439
landmark_worst,2.105,common,0.7151941008915347
landmark_worst,2.11,common,0.7145598792710283
landmark_worst,2.115,common,0.7139329676047325
landmark_worst,2.12,common,0.71331355370221
landmark_worst,2.125,common,0.7127018273937205
landmark_worst,2.13,common,0.7120979805769656
landmark_worst,2.135,common,0.7115022072646361
landmark_worst,2.14,common,0.7109147036327504
landmark_worst,2.145,common,0.7103356680697813
landmark_worst,2.15,common,0.7140605050784492
landmark_worst,2.15,pre,0.7097653012265625
landmark_worst,2.15,post,0.7140605050784492
landmark_worst,2.155,common,0.7135107324715716
landmark_worst,2.16,common,0.7129679068803648
landmark_worst,2.165,common,0.7124321923120737
landmark_worst,2.17,common,0.7119037545249495
landmark_worst,2.175,common,0.7113827610727639
landmark_worst,2.18,common,0.7108693813501352
landmark_worst,2.185,common,0.7103637866386691
landmark_worst,2.19,common,0.7098661501539075
landmark_worst,2.195,common,0.7093766470930867
landmark_worst,2.2,common,0.7113781012287552
landmark_worst,2.2,pre,0.7088954546837027
landmark_worst,2.2,post,0.7113781012287552
landmark_worst,2.205,common,0.7109112724915216
landmark_worst,2.21,common,0.7104511259743636
landmark_worst,2.215,common,0.709997803944265
landmark_worst,2.22,common,0.7095514501930641
landmark_worst,2.225,common,0.7091122100799038
landmark_worst,2.23,common,0.7086802305744887
landmark_worst,2.235,common,0.7082556603011534
landmark_worst,2.24,common,0.707838649583743
landmark_worst,2.245,common,0.707429350491308
landmark_worst,2.25,common,0.707814360726175
landmark_worst,2.25,pre,0.7070279168846139
landmark_worst,2.25,post,0.707814360726175
landmark_worst,2.255,common,0.7074213799336484
landmark_worst,2.26,common,0.7070347194414607
landmark_worst,2.265,common,0.706654499564078
landmark_worst,2.27,common,0.7062808419030522
landmark_worst,2.275,common,0.7059138693867003
landmark_worst,2.28,common,0.7055537063105767
landmark_worst,2.285,common,0.7052004783787378
landmark_worst,2.29,common,0.7048543127458099
landmark_worst,2.295,common,0.7045153380598603
landmark_worst,2.3,common,0.703446628873624
landmark_worst,2.3,pre,0.7041836845060812
landmark_worst,2.3,post,0.703446628873624
landmark_worst,2.305,common,0.70311825049406
landmark_worst,2.31,common,0.7027957251568896
landmark_worst,2.315,common,0.7024791507177149
landmark_worst,2.32,common,0.7021686260614767
landmark_worst,2.325,common,0.7018642511385998
landmark_worst,2.33,common,0.7015661270018966
landmark_worst,2.335,common,0.7012743558442384
landmark_worst,2.34,common,0.7009890410370027
landmark_worst,2.345,common,0.7007102871693048
landmark_worst,2.35,common,0.6983993099433429
landmark_worst,2.35,pre,0.7004382000880212
landmark_worst,2.35,post,0.6983993099433429
landmark_worst,2.355,common,0.6981264325770042
landmark_worst,2.36,common,0.697858828980154
landmark_worst,2.365,common,0.697596573765317
landmark_worst,2.37,common,0.6973397422893195
landmark_worst,2.375,common,0.6970884106850732
landmark_worst,2.38,common,0.6968426558940849
landmark_worst,2.385,common,0.6966025556996877
landmark_worst,2.39,common,0.6963681887610148
landmark_worst,2.395,common,0.6961396346477224
landmark_worst,2.4,common,0.692833084719378
landmark_worst,2.4,pre,0.6959169738754715
landmark_worst,2.4,post,0.692833084719378
landmark_worst,2.405,common,0.6926069784478976
landmark_worst,2.41,common,0.6923854494819007
landmark_worst,2.415,common,0.6921685481519344
landmark_worst,2.42,common,0.6919563252144519
landmark_worst,2.425,common,0.691748831878396
landmark_worst,2.43,common,0.6915461198324482
landmark_worst,2.435,common,0.6913482412729556
landmark_worst,2.44,common,0.6911552489325471
landmark_worst,2.445,common,0.6909671961094542
landmark_worst,2.45,common,0.6869288008977821
landmark_worst,2.45,pre,0.6907841366975485
landmark_worst,2.45,post,0.6869288008977821
landmark_worst,2.455,common,0.6867412344333375
landmark_worst,2.46,common,0.686557427548512
landmark_worst,2.465,common,0.6863774050252357
landmark_worst,2.47,common,0.6862011917150838
landmark_worst,2.475,common,0.6860288125598215
landmark_worst,2.48,common,0.6858602926125487
landmark_worst,2.485,common,0.6856956570594662
landmark_worst,2.49,common,0.6855349312422725
landmark_worst,2.495,common,0.6853781406812105
landmark_worst,2.5,common,0.680868798444205
landmark_worst,2.5,pre,0.685225311098781
landmark_worst,2.5,post,0.680868798444205
landmark_worst,2.505,common,0.6807120516502192
landmark_worst,2.51,common,0.6805581218564645
landmark_worst,2.515,common,0.6804070068319408
landmark_worst,2.52,common,0.68025870401861
landmark_worst,2.525,common,0.6801132105451351
landmark_worst,2.53,common,0.6799705232411601
landmark_worst,2.535,common,0.6798306386521433
landmark_worst,2.54,common,0.6796935530547609
landmark_worst,2.545,common,0.6795592624729057
landmark_worst,2.55,common,0.6748190946353666
landmark_worst,2.55,pre,0.6794277626942926
landmark_worst,2.55,post,0.6748190946353666
landmark_worst,2.555,common,0.6746858661785882
landmark_worst,2.56,common,0.674554383552939
landmark_worst,2.565,common,0.6744246158891432
landmark_worst,2.57,common,0.6742965315537841
landmark_worst,2.575,common,0.6741700981556547
landmark_worst,2.58,common,0.6740452825525816
landmark_worst,2.585,common,0.6739220508587459
landmark_worst,2.59,common,0.6738003684525198
landmark_worst,2.595,common,0.6736801999848423
landmark_worst,2.6,common,0.6689154734436441
landmark_worst,2.6,pre,0.6735615093881555
landmark_worst,2.6,post,0.6689154734436441
landmark_worst,2.605,common,0.6687987150620197
landmark_worst,2.61,common,0.6686824985305241
landmark_worst,2.615,common,0.6685667626070251
landmark_worst,2.62,common,0.6684514448112213
landmark_worst,2.625,common,0.6683364814233236
landmark_worst,2.63,common,0.6682218074831637
landmark_worst,2.635,common,0.668107356789759
landmark_worst,2.64,common,0.6679930619013534
landmark_worst,2.645,common,0.6678788541359638
landmark_worst,2.65,common,0.6632553538758731
landmark_worst,2.65,pre,0.6677646635724582
landmark_worst,2.65,post,0.6632553538758731
landmark_worst,2.655,common,0.6631480760923156
landmark_worst,2.66,common,0.6630399988541853
landmark_worst,2.665,common,0.6629310287833449
landmark_worst,2.67,common,0.662821070760833
landmark_worst,2.675,common,0.6627100279180979
landmark_worst,2.68,common,0.6625978016286469
landmark_worst,2.685,common,0.6624842915001449
landmark_worst,2.69,common,0.6623693953669899
landmark_worst,2.695,common,0.6622530092834004
landmark_worst,2.7,common,0.6578959238374477
landmark_worst,2.7,pre,0.6621350275170431
landmark_worst,2.7,post,0.6578959238374477
landmark_worst,2.705,common,0.657791020851176
landmark_worst,2.71,common,0.6576838358954946
landmark_worst,2.715,common,0.6575742417919354
landmark_worst,2.72,common,0.6574621091048208
landmark_worst,2.725,common,0.6573473061260142
landmark_worst,2.73,common,0.6572296988601322
landmark_worst,2.735,common,0.6571091510102661
landmark_worst,2.74,common,0.6569855239642415
landmark_worst,2.745,common,0.6568586767814614
landmark_worst,2.75,common,0.6528579622015136
landmark_worst,2.75,pre,0.656728466180371
landmark_worst,2.75,post,0.6528579622015136
landmark_worst,2.755,common,0.6527480982600603
landmark_worst,2.76,common,0.6526343270814726
landmark_worst,2.765,common,0.6525164863155797
landmark_worst,2.77,common,0.6523944108486005
landmark_worst,2.775,common,0.6522679327834146
landmark_worst,2.78,common,0.6521368814204377
landmark_worst,2.785,common,0.6520010832391564
landmark_worst,2.79,common,0.6518603618803637
landmark_worst,2.795,common,0.6517145381291465
landmark_worst,2.8,common,0.6481342502702079
landmark_worst,2.8,pre,0.6515634298986777
landmark_worst,2.8,post,0.6481342502702079
landmark_worst,2.805,common,0.6480118403986219
landmark_worst,2.81,common,0.6478837585789623
landmark_worst,2.815,common,0.647749806490816
landmark_worst,2.82,common,0.6476097825887374
landmark_worst,2.825,common,0.6474634820814212
landmark_worst,2.83,common,0.6473106969117545
landmark_worst,2.835,common,0.6471512157378044
landmark_worst,2.84,common,0.6469848239148097
landmark_worst,2.845,common,0.6468113034782267
landmark_worst,2.85,common,0.6437013431512804
landmark_worst,2.85,pre,0.6466304331279019
landmark_worst,2.85,post,0.6437013431512804
landmark_worst,2.855,common,0.6435586513089572
landmark_worst,2.86,common,0.6434083947099271
landmark_worst,2.865,common,0.6432503392165471
landmark_worst,2.87,common,0.6430842470982141
landmark_worst,2.875,common,0.6429098770145202
landmark_worst,2.88,common,0.6427269839997287
landmark_worst,2.885,common,0.6425353194486392
landmark_worst,2.89,common,0.6423346311039142
landmark_worst,2.895,common,0.6421246630449499
landmark_worst,2.9,common,0.6395334190772641
landmark_worst,2.9,pre,0.6419051556783579
landmark_worst,2.9,post,0.6395334190772641
landmark_worst,2.905,common,0.6393627876231155
landmark_worst,2.91,common,0.6391825934989763
landmark_worst,2.915,common,0.6389925683319734
landmark_worst,2.92,common,0.638792439945061
landmark_worst,2.925,common,0.638581932351175
landmark_worst,2.93,common,0.6383607657493354
landmark_worst,2.935,common,0.6381286565227814
landmark_worst,2.94,common,0.6378853172392301
landmark_worst,2.945,common,0.6376304566533492
landmark_worst,2.95,common,0.6356167226898961
landmark_worst,2.95,pre,0.6373637797115363
landmark_worst,2.95,post,0.6356167226898961
landmark_worst,2.955,common,0.6354109368237755
landmark_worst,2.96,common,0.635193523521282
landmark_worst,2.965,common,0.6349641837380922
landmark_worst,2.97,common,0.6347226146480276
landmark_worst,2.975,common,0.6344685096571301
landmark_worst,2.98,common,0.634201558420503
landmark_worst,2.985,common,0.6339214468620277
landmark_worst,2.99,common,0.6336278571970484
landmark_worst,2.995,common,0.6333204679581362
landmark_worst,3.0,common,0.6319627205415956
landmark_worst,3.0,pre,0.6329989540240268
landmark_worst,3.0,post,0.6319627205415956
landmark_worst,3.005,common,0.6317154971685341
landmark_worst,3.01,common,0.6314545711924315
landmark_worst,3.015,common,0.6311796190129302
landmark_worst,3.02,common,0.6308903135889407
landmark_worst,3.025,common,0.6305863244830071
landmark_worst,3.03,common,0.630267317909423
landmark_worst,3.035,common,0.629932956786193
landmark_worst,3.04,common,0.6295829007909548
landmark_worst,3.045,common,0.6292168064209624
landmark_worst,3.05,common,0.6286176247385773
landmark_worst,3.05,pre,0.6288343270572406
landmark_worst,3.05,post,0.6286176247385773
landmark_worst,3.055,common,0.6283241946480749
landmark_worst,3.06,common,0.6280150523934487
landmark_worst,3.065,common,0.6276898589687849
landmark_worst,3.07,common,0.627348272670221
landmark_worst,3.075,common,0.6269899491813301
landmark_worst,3.08,common,0.626614541663257
landmark_worst,3.085,common,0.6262217008497103
landmark_worst,3.09,common,0.6258110751469073
landmark_worst,3.095,common,0.6253823107385614
landmark_worst,3.1,common,0.6256657005497247
landmark_worst,3.1,pre,0.6249350516960134
landmark_worst,3.1,post,0.6256657005497247
landmark_worst,3.105,common,0.6253234265452075
landmark_worst,3.11,common,0.624963590648783
landmark_worst,3.115,common,0.6245858508808301
landmark_worst,3.12,common,0.6241898637709412
landmark_worst,3.125,common,0.6237752844934434
landmark_worst,3.13,common,0.623341767008523
landmark_worst,3.135,common,0.6228889642090271
landmark_worst,3.14,common,0.6224165280730052
landmark_worst,3.145,common,0.6219241098220564
landmark_worst,3.15,common,0.6232241095965765
landmark_worst,3.15,pre,0.6214113600855373
landmark_worst,3.15,post,0.6232241095965765
landmark_worst,3.155,common,0.6228330562938595
landmark_worst,3.16,common,0.6224228586224393
landmark_worst,3.165,common,0.6219931871691057
landmark_worst,3.17,common,0.6215437127201251
landmark_worst,3.175,common,0.6210741064517019
landmark_worst,3.18,common,0.6205840401264499
landmark_worst,3.185,common,0.6200731862959001
landmark_worst,3.19,common,0.6195412185090435
landmark_worst,3.195,common,0.61898781152692
landmark_worst,3.2,common,0.6214281967632173
landmark_worst,3.2,pre,0.618412641543243
landmark_worst,3.2,post,0.6214281967632173
landmark_worst,3.205,common,0.6209915491803003
landmark_worst,3.21,common,0.6205345533369118
landmark_worst,3.215,common,0.620056910270018
landmark_worst,3.22,common,0.6195583233382843
landmark_worst,3.225,common,0.6190384984648428
landmark_worst,3.23,common,0.6184971443857283
landmark_worst,3.235,common,0.6179339729039187
landmark_worst,3.24,common,0.6173486991489123
landmark_worst,3.245,common,0.6167410418417498
landmark_worst,3.25,common,0.6204080542876568
landmark_worst,3.25,pre,0.6161107235653982
landmark_worst,3.25,post,0.6204080542876568
landmark_worst,3.255,common,0.6199322822611558
landmark_worst,3.26,common,0.6194354387990931
landmark_worst,3.265,common,0.6189172741664569
landmark_worst,3.27,common,0.6183775433633506
landmark_worst,3.275,common,0.6178160064074012
landmark_worst,3.28,common,0.617232428620487
landmark_worst,3.285,common,0.6166265809196178
landmark_worst,3.29,common,0.6159982401117982
landmark_worst,3.295,common,0.6153471891926907
landmark_worst,3.3,common,0.6202594317249631
landmark_worst,3.3,pre,0.6146732176488914
landmark_worst,3.3,post,0.6202594317249631
landmark_worst,3.305,common,0.6197541223866195
landmark_worst,3.31,common,0.6192275767649897
landmark_worst,3.315,common,0.6186796119542083
landmark_worst,3.32,common,0.6181100522551463
landmark_worst,3.325,common,0.617518729473982
landmark_worst,3.33,common,0.6169054832226589
landmark_worst,3.335,common,0.6162701612209761
landmark_worst,3.34,common,0.6156126196000479
landmark_worst,3.345,common,0.6149327232068582
landmark_worst,3.35,common,0.6210138249846587
landmark_worst,3.35,pre,0.6142303459096375
landmark_worst,3.35,post,0.6210138249846587
landmark_worst,3.355,common,0.6204911545553259
landmark_worst,3.36,common,0.6199476796997195
landmark_worst,3.365,common,0.619383298346445
landmark_worst,3.37,common,0.618797917859762
landmark_worst,3.375,common,0.6181914553222396
landmark_worst,3.38,common,0.6175638378160473
landmark_worst,3.385,common,0.6169150027025586
landmark_worst,3.39,common,0.616244897899951
landmark_worst,3.395,common,0.6155534821584755
landmark_worst,3.4,common,0.6226131243394254
landmark_worst,3.4,pre,0.6148407253330773
landmark_worst,3.4,post,0.6226131243394254
landmark_worst,3.405,common,0.6220870020033086
landmark_worst,3.41,common,0.6215410921917056
landmark_worst,3.415,common,0.6209753817743854
landmark_worst,3.42,common,0.6203898687272921
landmark_worst,3.425,common,0.6197845623642606
landmark_worst,3.43,common,0.6191594835638637
landmark_worst,3.435,common,0.6185146649910771
landmark_worst,3.44,common,0.6178501513134409
landmark_worst,3.445,common,0.6171659994114151
landmark_worst,3.45,common,0.6248932770182223
landmark_worst,3.45,pre,0.6164622785826221
landmark_worst,3.45,post,0.6248932770182223
landmark_worst,3.455,common,0.6243782503658962
landmark_worst,3.46,common,0.6238449727789352
landmark_worst,3.465,common,0.6232935206360636
landmark_worst,3.47,common,0.6227239822750802
landmark_worst,3.475,common,0.6221364581435739
landmark_worst,3.48,common,0.6215310609418149
landmark_worst,3.485,common,0.6209079157575909
landmark_worst,3.49,common,0.6202671601927385
landmark_worst,3.495,common,0.6196089444811591
landmark_worst,3.5,common,0.6275794705607449
landmark_worst,3.5,pre,0.6189334315980963
landmark_worst,3.5,post,0.6275794705607449
landmark_worst,3.505,common,0.6270895188113859
landmark_worst,3.51,common,0.6265832572568739
landmark_worst,3.515,common,0.6260608442883687
landmark_worst,3.52,common,0.6255224501554938
landmark_worst,3.525,common,0.6249682570186135
landmark_worst,3.53,common,0.6243984589916284
landmark_worst,3.535,common,0.6238132621751743
landmark_worst,3.54,common,0.6232128846801265
landmark_worst,3.545,common,0.6225975566413282
landmark_worst,3.55,common,0.630293255514831
landmark_worst,3.55,pre,0.6219675202214665
landmark_worst,3.55,post,0.630293255514831
landmark_worst,3.555,common,0.6298406070688644
landmark_worst,3.56,common,0.6293738422204695
landmark_worst,3.565,common,0.6288931865919198
landmark_worst,3.57,common,0.6283988766346815
landmark_worst,3.575,common,0.6278911595829255
landmark_worst,3.58,common,0.6273702933975662
landmark_worst,3.585,common,0.6268365467008665
landmark_worst,3.59,common,0.6262901987016685
landmark_worst,3.595,common,0.6257315391113147
landmark_worst,3.6,common,0.6325705876583336
landmark_worst,3.6,pre,0.6251608680503402
landmark_worst,3.6,post,0.6325705876583336
landmark_worst,3.605,common,0.6321646862813682
landmark_worst,3.61,common,0.631746942239215
landmark_worst,3.615,common,0.6313176282545451
landmark_worst,3.62,common,0.6308770260998993
landmark_worst,3.625,common,0.6304254264687189
landmark_worst,3.63,common,0.6299631288384795
landmark_worst,3.635,common,0.6294904413261008
landmark_worst,3.64,common,0.629007680535811
landmark_worst,3.645,common,0.6285151713996542
landmark_worst,3.65,common,0.6338892441128487
landmark_worst,3.65,pre,0.6280132470108354
landmark_worst,3.65,post,0.6338892441128487
landmark_worst,3.655,common,0.6335359629482759
landmark_worst,3.66,common,0.6331730215455914
landmark_worst,3.665,common,0.6328007169063571
landmark_worst,3.67,common,0.6324193528370419
landmark_worst,3.675,common,0.6320292397654216
landmark_worst,3.68,common,0.6316306945516945
landmark_worst,3.685,common,0.6312240402945516
landmark_worst,3.69,common,0.6308096061324517
landmark_worst,3.695,common,0.6303877270403446
landmark_worst,3.7,common,0.6337041438619606
landmark_worst,3.7,pre,0.6299587436220967
landmark_worst,3.7,post,0.6337041438619606
landmark_worst,3.705,common,0.6334053180491962
landmark_worst,3.71,common,0.6330987706144247
landmark_worst,3.715,common,0.6327848001494615
landmark_worst,3.72,common,0.6324637096614889
landmark_worst,3.725,common,0.63213580636688
landmark_worst,3.73,common,0.6318014014826634
landmark_worst,3.735,common,0.6314608100158821
landmark_worst,3.74,common,0.6311143505510929
landmark_worst,3.745,common,0.6307623450362492
landmark_worst,3.75,common,0.6314891712639639
landmark_worst,3.75,pre,0.6304051185672087
landmark_worst,3.75,post,0.6314891712639639
landmark_worst,3.755,common,0.6312424932663153
landmark_worst,3.76,common,0.6309896703542809
landmark_worst,3.765,common,0.6307309826403441
landmark_worst,3.77,common,0.6304667124106131
landmark_worst,3.775,common,0.6301971439254542
landmark_worst,3.78,common,0.6299225632203947
landmark_worst,3.785,common,0.6296432579074995
landmark_worst,3.79,common,0.6293595169774272
landmark_worst,3.795,common,0.6290716306023597
landmark_worst,3.8,common,0.6267836240384095
landmark_worst,3.8,pre,0.6287798899399935
landmark_worst,3.8,post,0.6267836240384095
landmark_worst,3.805,common,0.6265829205686346
landmark_worst,3.81,common,0.626377213544358
landmark_worst,3.815,common,0.6261667489730878
landmark_worst,3.82,common,0.6259517731624069
landmark_worst,3.825,common,0.6257325325497227
landmark_worst,3.83,common,0.6255092735342362
landmark_worst,3.835,common,0.6252822423112792
landmark_worst,3.84,common,0.6250516847091503
landmark_worst,3.845,common,0.624817846028581
landmark_worst,3.85,common,0.6192401956484556
landmark_worst,3.85,pre,0.6245809708849503
landmark_worst,3.85,post,0.6192401956484556
landmark_worst,3.855,common,0.6190760775448504
landmark_worst,3.86,common,0.61890763794419
landmark_worst,3.865,common,0.6187350786140405
landmark_worst,3.87,common,0.6185586002490838
landmark_worst,3.875,common,0.6183784023436749
landmark_worst,3.88,common,0.6181946830678116
landmark_worst,3.885,common,0.6180076391465852
landmark_worst,3.89,common,0.6178174657431902
landmark_worst,3.895,common,0.6176243563455485
landmark_worst,3.9,common,0.6086697136627974
landmark_worst,3.9,pre,0.6174285026566091
landmark_worst,3.9,post,0.6086697136627974
landmark_worst,3.905,common,0.6085305562177248
landmark_worst,3.91,common,0.6083873251449045
landmark_worst,3.915,common,0.6082401736362552
landmark_worst,3.92,common,0.6080892529880513
landmark_worst,3.925,common,0.6079347125220032
landmark_worst,3.93,common,0.6077766995102448
landmark_worst,3.935,common,0.6076153591042533
landmark_worst,3.94,common,0.6074508342677074
landmark_worst,3.945,common,0.6072832657132949
landmark_worst,3.95,common,0.5950763201604236
landmark_worst,3.95,pre,0.6071127918434817
landmark_worst,3.95,post,0.5950763201604236
landmark_worst,3.955,common,0.5949494904528145
landmark_worst,3.96,common,0.5948184697580029
landmark_worst,3.965,common,0.5946833638428354
landmark_worst,3.97,common,0.5945442762884064
landmark_worst,3.975,common,0.5944013084589698
landmark_worst,3.98,common,0.594254559474707
landmark_worst,3.985,common,0.5941041261883325
landmark_worst,3.99,common,0.5939501031655037
landmark_worst,3.995,common,0.5937925826690015
landmark_worst,4.0,common,0.5786761861003002
landmark_worst,4.0,pre,0.5936316546466508
landmark_worst,4.0,post,0.5786761861003002
landmark_worst,4.005,common,0.5785493907100748
landmark_worst,4.01,common,0.5784180250525799
landmark_worst,4.015,common,0.5782821533014509
landmark_worst,4.02,common,0.5781418376193015
landmark_worst,4.025,common,0.5779971381689493
landmark_worst,4.03,common,0.5778481131280302
landmark_worst,4.035,common,0.5776948187069367
landmark_worst,4.04,common,0.577537309170018
landmark_worst,4.045,common,0.5773756368599745
landmark_worst,4.05,common,0.5598938605557237
landmark_worst,4.05,pre,0.5772098522253784
landmark_worst,4.05,post,0.5598938605557237
landmark_worst,4.055,common,0.5597564524490518
landmark_worst,4.06,common,0.5596139575180386
landmark_worst,4.065,common,0.5594664076781894
landmark_worst,4.07,common,0.5593138333694391
landmark_worst,4.075,common,0.5591562636005933
landmark_worst,4.08,common,0.5589937259963447
landmark_worst,4.085,common,0.5588262468467738
landmark_worst,4.09,common,0.5586538511592454
landmark_worst,4.095,common,0.5584765627126
landmark_worst,4.1,common,0.5393332347765046
landmark_worst,4.1,pre,0.5582944041135501
landmark_worst,4.1,post,0.5393332347765046
landmark_worst,4.105,common,0.5391773061306983
landmark_worst,4.11,common,0.5390157674962718
landmark_worst,4.115,common,0.5388486299378156
landmark_worst,4.12,common,0.5386759038118887
landmark_worst,4.125,common,0.5384975988329895
landmark_worst,4.13,common,0.5383137241410372
landmark_worst,4.135,common,0.5381242883702502
landmark_worst,4.14,common,0.5379292997193077
landmark_worst,4.145,common,0.5377287660226817
landmark_worst,4.15,common,0.5177245490870409
landmark_worst,4.15,pre,0.5375226948230185
landmark_worst,4.15,post,0.5177245490870409
landmark_worst,4.155,common,0.5175456589512092
landmark_worst,4.16,common,0.5173607499793923
landmark_worst,4.165,common,0.5171698243254629
landmark_worst,4.17,common,0.5169728842942581
landmark_worst,4.175,common,0.5167699324159806
landmark_worst,4.18,common,0.5165609715209016
landmark_worst,4.185,common,0.5163460048142413
landmark_worst,4.19,common,0.5161250359511049
landmark_worst,4.195,common,0.5158980691113543
landmark_worst,4.2,common,0.4958539720259943
landmark_worst,4.2,pre,0.5156651090742888
landmark_worst,4.2,post,0.4958539720259943
landmark_worst,4.205,common,0.49565141654381956
landmark_worst,4.21,common,0.49544264493194373
landmark_worst,4.215,common,0.4952276614384233
landmark_worst,4.22,common,0.4950064712755585
landmark_worst,4.225,common,0.4947790806897517
landmark_worst,4.23,common,0.49454549703047435
landmark_worst,4.235,common,0.494305728818231
landmark_worst,4.24,common,0.49405978581140936
landmark_worst,4.245,common,0.4938076790718987
landmark_worst,4.25,common,0.47448661810517134
landmark_worst,4.25,pre,0.4935494210293783
landmark_worst,4.25,post,0.47448661810517134
landmark_worst,4.255,common,0.4742632357156021
landmark_worst,4.26,common,0.47403371515125636
landmark_worst,4.265,common,0.4737980716193472
landmark_worst,4.27,common,0.47355632194276304
landmark_worst,4.275,common,0.4733084846143595
landmark_worst,4.28,common,0.47305457984938126
landmark_worst,4.285,common,0.4727946296359347
landmark_worst,4.29,common,0.47252865778342035
landmark_worst,4.295,common,0.4722566899688502
landmark_worst,4.3,common,0.45429588349125244
landmark_worst,4.3,pre,0.4719787537809725
landmark_worst,4.3,post,0.45429588349125244
landmark_worst,4.305,common,0.454057475188799
landmark_worst,4.31,common,0.4538133078592077
landmark_worst,4.315,common,0.45356341361518515
landmark_worst,4.32,common,0.45330782659565183
landmark_worst,4.325,common,0.4530465829970894
landmark_worst,4.33,common,0.45277972110242604
landmark_worst,4.335,common,0.4525072813074157
landmark_worst,4.34,common,0.4531527120538011
landmark_worst,4.345,common,0.4538196607743728
landmark_worst,4.35,common,0.43733168078910717
landmark_worst,4.35,pre,0.45449421829416237
landmark_worst,4.35,post,0.43733168078910717
landmark_worst,4.355,common,0.43788565234876226
landmark_worst,4.36,common,0.43844608429743953
landmark_worst,4.365,common,0.43901292935614666
landmark_worst,4.37,common,0.43958613904380295
landmark_worst,4.375,common,0.4401656636647579
landmark_worst,4.38,common,0.4407514522964791
landmark_worst,4.385,common,0.4413434527774323
landmark_worst,4.39,common,0.44194161169516893
landmark_worst,4.395,common,0.4425458743746424
landmark_worst,4.4,common,0.42760787086921076
landmark_worst,4.4,pre,0.4431561848667755
landmark_worst,4.4,post,0.42760787086921076
landmark_worst,4.405,common,0.4281092316834575
landmark_worst,4.41,common,0.4286156084275991
landmark_worst,4.415,common,0.42912693815753566
landmark_worst,4.42,common,0.4296431567025889
landmark_worst,4.425,common,0.4301641986587457
landmark_worst,4.43,common,0.4306899973823131
landmark_worst,4.435,common,0.43122048498400894
landmark_worst,4.44,common,0.43175559232350663
landmark_worst,4.445,common,0.432295249004459
landmark_worst,4.45,common,0.4189858532952773
landmark_worst,4.45,pre,0.43283938337002
landmark_worst,4.45,post,0.4189858532952773
landmark_worst,4.455,common,0.4194337178081513
landmark_worst,4.46,common,0.41988515831585266
landmark_worst,4.465,common,0.42034009830691405
landmark_worst,4.47,common,0.4207984601111864
landmark_worst,4.475,common,0.4212601649012777
landmark_worst,4.48,common,0.42172513269465406
landmark_worst,4.485,common,0.4221932823564172
landmark_worst,4.49,common,0.42266453160278183
landmark_worst,4.495,common,0.4231387970052727
landmark_worst,4.5,common,0.41148242748613006
landmark_worst,4.5,pre,0.4236159939956657
landmark_worst,4.5,post,0.41148242748613006
landmark_worst,4.505,common,0.411876716688701
landmark_worst,4.51,common,0.4122731753920211
landmark_worst,4.515,common,0.4126717165556636
landmark_worst,4.52,common,0.4130722521598351
landmark_worst,4.525,common,0.41347469321724084
landmark_worst,4.53,common,0.4138789497858186
landmark_worst,4.535,common,0.4142849309823643
landmark_worst,4.54,common,0.4146925449970623
landmark_worst,4.545,common,0.4151016991089375
landmark_worst,4.55,common,0.4050803476080104
landmark_worst,4.55,pre,0.41551229970224607
landmark_worst,4.55,post,0.4050803476080104
landmark_worst,4.555,common,0.4054217804803458
landmark_worst,4.56,common,0.4057640423924298
landmark_worst,4.565,common,0.4061070397852198
landmark_worst,4.57,common,0.4064506784235362
landmark_worst,4.575,common,0.40679486341993243
landmark_worst,4.58,common,0.407139499259573
landmark_worst,4.585,common,0.40748448982614066
landmark_worst,4.59,common,0.40782973842876435
landmark_worst,4.595,common,0.4081751478299904
landmark_worst,4.6,common,0.39973787475893896
landmark_worst,4.6,pre,0.4085206202747891
landmark_worst,4.6,post,0.39973787475893896
landmark_worst,4.605,common,0.4000280331467228
landmark_worst,4.61,common,0.40031778207061214
landmark_worst,4.615,common,0.4006070263708444
landmark_worst,4.62,common,0.40089567064031484
landmark_worst,4.625,common,0.40118361926092866
landmark_worst,4.63,common,0.40147077644098433
landmark_worst,4.635,common,0.4017570462535843
landmark_worst,4.64,common,0.4020423326760681
landmark_worst,4.645,common,0.4023265396304528
landmark_worst,4.65,common,0.3953952336479524
landmark_worst,4.65,pre,0.4026095710248809
landmark_worst,4.65,post,0.3953952336479524
landmark_worst,4.655,common,0.39563666695632377
landmark_worst,4.66,common,0.3958765919691201
landmark_worst,4.665,common,0.3961149175547746
landmark_worst,4.67,common,0.3963515528751909
landmark_worst,4.675,common,0.3965864074334901
landmark_worst,4.68,common,0.3968193911226462
landmark_worst,4.685,common,0.3970504142749799
landmark_worst,4.69,common,0.3972793877124938
landmark_worst,4.695,common,0.39750622279801595
landmark_worst,4.7,common,0.39197709182034596
landmark_worst,4.7,pre,0.3977308314871255
landmark_worst,4.7,post,0.39197709182034596
landmark_worst,4.705,common,0.39217341499088576
landmark_worst,4.71,common,0.392367307332746
landmark_worst,4.715,common,0.39255868772934516
landmark_worst,4.72,common,0.39274747597842163
landmark_worst,4.725,common,0.39293359284820095
landmark_worst,4.73,common,0.39311696013410663
landmark_worst,4.735,common,0.39329750071597686
landmark_worst,4.74,common,0.3934751386157372
landmark_worst,4.745,common,0.3936497990554916
landmark_worst,4.75,common,0.3893909544242688
landmark_worst,4.75,pre,0.39382140851597724
landmark_worst,4.75,post,0.3893909544242688
landmark_worst,4.755,common,0.3895468878225415
landmark_worst,4.76,common,0.3896996756577991
landmark_worst,4.765,common,0.3898492526656153
landmark_worst,4.77,common,0.3899955551458447
landmark_worst,4.775,common,0.390138521022293
landmark_worst,4.78,common,0.3902780899024128
landmark_worst,4.785,common,0.3904142031369591
landmark_worst,4.79,common,0.39054680387955026
landmark_worst,4.795,common,0.39067583714606485
landmark_worst,4.8,common,0.3875221603333256
landmark_worst,4.8,pre,0.3908012498738242
landmark_worst,4.8,post,0.3875221603333256
landmark_worst,4.805,common,0.3876434653076594
landmark_worst,4.81,common,0.38776113950350555
landmark_worst,4.815,common,0.38787513857582334
landmark_worst,4.82,common,0.38798542035665534
landmark_worst,4.825,common,0.38809194491184906
landmark_worst,4.83,common,0.38819467459714485
landmark_worst,4.835,common,0.3882935741135615
landmark_worst,4.84,common,0.3883886105620019
landmark_worst,4.845,common,0.3884797534970199
landmark_worst,4.85,common,0.3862269136965841
landmark_worst,4.85,pre,0.38856697497967163
landmark_worst,4.85,post,0.3862269136965841
landmark_worst,4.855,common,0.38632019309304705
landmark_worst,4.86,common,0.386409593549348
landmark_worst,4.865,common,0.38649509528802733
landmark_worst,4.87,common,0.3865766812111033
landmark_worst,4.875,common,0.38665433694670204
landmark_worst,4.88,common,0.3867280508943573
landmark_worst,4.885,common,0.3867978142689081
landmark_worst,4.89,common,0.3868636211429284
landmark_worst,4.895,common,0.38692546848762227
landmark_worst,4.9,common,0.38532537461304894
landmark_worst,4.9,pre,0.3869833562121124
landmark_worst,4.9,post,0.38532537461304894
landmark_worst,4.905,common,0.38539773149575995
landmark_worst,4.91,common,0.38546618852773545
landmark_worst,4.915,common,0.38553075216548827
landmark_worst,4.92,common,0.3855914318688991
landmark_worst,4.925,common,0.3856482401311352
landmark_worst,4.93,common,0.3857011925066239
landmark_worst,4.935,common,0.38575030763702334
landmark_worst,4.94,common,0.3857956072751355
landmark_worst,4.945,common,0.3858371163067104
landmark_worst,4.95,common,0.38459713208080776
landmark_worst,4.95,pre,0.38587486277008615
landmark_worst,4.95,post,0.38459713208080776
landmark_worst,4.955,common,0.3846557078542493
landmark_worst,4.96,common,0.3847105619487099
landmark_worst,4.965,common,0.38476172638225864
landmark_worst,4.97,common,0.38480923627207214
landmark_worst,4.975,common,0.3848531298428455
landmark_worst,4.98,common,0.38489344843284157
landmark_worst,4.985,common,0.3849302364975518
landmark_worst,4.99,common,0.3849635416109258
landmark_worst,4.995,common,0.384993414464154
landmark_worst,5.0,common,0.383781302808194
landmark_worst,5.0,pre,0.38501990886196646
landmark_worst,5.0,post,0.383781302808194
landmark_worst,5.005,common,0.38383274195264977
landmark_worst,5.01,common,0.3838807917049072
landmark_worst,5.015,common,0.3839255065720154
landmark_worst,5.02,common,0.3839669440073588
landmark_worst,5.025,common,0.38400516439560284
landmark_worst,5.03,common,0.38404023103515667
landmark_worst,5.035,common,0.3840722101181399
landmark_worst,5.04,common,0.38410117070785577
landmark_worst,5.045,common,0.3841271847137669
landmark_worst,5.05,common,0.3825830382018137
landmark_worst,5.05,pre,0.38415032686397915
landmark_worst,5.05,post,0.3825830382018137
landmark_worst,5.055,common,0.3826329454429248
landmark_worst,5.06,common,0.3826798920209886
landmark_worst,5.065,common,0.38272394972640844
landmark_worst,5.07,common,0.3827651929086734
landmark_worst,5.075,common,0.38280369843918455
landmark_worst,5.08,common,0.3828395456717806
landmark_worst,5.085,common,0.38287281640097715
landmark_worst,5.09,common,0.3829035948179487
landmark_worst,5.095,common,0.38293196746428143
landmark_worst,5.1,common,0.38068745251717295
landmark_worst,5.1,pre,0.38295802318352096
landmark_worst,5.1,post,0.38068745251717295
landmark_worst,5.105,common,0.38073991617757935
landmark_worst,5.11,common,0.38078988001927444
landmark_worst,5.115,common,0.38083742633966694
landmark_worst,5.12,common,0.38088263941998424
landmark_worst,5.125,common,0.38092560547038357
landmark_worst,5.13,common,0.38096641257320646
landmark_worst,5.135,common,0.38100515062443413
landmark_worst,5.14,common,0.38104191127337833
landmark_worst,5.145,common,0.38107678786066396
landmark_worst,5.15,common,0.37778099808572185
landmark_worst,5.15,pre,0.38110987535454416
landmark_worst,5.15,post,0.37778099808572185
landmark_worst,5.155,common,0.3778382500760154
landmark_worst,5.16,common,0.37789343136328035
landmark_worst,5.165,common,0.37794662717585864
landmark_worst,5.17,common,0.37799792403339255
landmark_worst,5.175,common,0.3780474096808696
landmark_worst,5.18,common,0.3780951730214623
landmark_worst,5.185,common,0.37814130404821955
landmark_worst,5.19,common,0.37818589377467143
landmark_worst,5.195,common,0.3782290341644056
landmark_worst,5.2,common,0.37357915668391745
landmark_worst,5.2,pre,0.37827081805967727
landmark_worst,5.2,post,0.37357915668391745
landmark_worst,5.205,common,0.373641426401711
landmark_worst,5.21,common,0.37370196672419853
landmark_worst,5.215,common,0.37376085830095684
landmark_worst,5.22,common,0.3738181823466592
landmark_worst,5.225,common,0.37387402057188934
landmark_worst,5.23,common,0.3739284551134824
landmark_worst,5.235,common,0.37398156846446495
landmark_worst,5.24,common,0.37403344340365063
landmark_worst,5.245,common,0.37408416292495933
landmark_worst,5.25,common,0.36785799964804045
landmark_worst,5.25,pre,0.37413381016652736
landmark_worst,5.25,post,0.36785799964804045
landmark_worst,5.255,common,0.367923597623441
landmark_worst,5.26,common,0.36798767794513093
landmark_worst,5.265,common,0.3680503100875888
landmark_worst,5.27,common,0.3681115634150715
landmark_worst,5.275,common,0.3681715071171305
landmark_worst,5.28,common,0.3682302101443999
landmark_worst,5.285,common,0.3682877411447161
landmark_worst,5.29,common,0.36834416839963147
landmark_worst,5.295,common,0.3683995597613862
landmark_worst,5.3,common,0.3604857562441453
landmark_worst,5.3,pre,0.368453982590396
landmark_worst,5.3,post,0.3604857562441453
landmark_worst,5.305,common,0.36055139482711784
landmark_worst,5.31,common,0.36061557556437956
landmark_worst,5.315,common,0.3606783518012427
landmark_worst,5.32,common,0.3607397762238609
landmark_worst,5.325,common,0.360799900806618
landmark_worst,5.33,common,0.36085877676046013
landmark_worst,5.335,common,0.3609164544822241
landmark_worst,5.34,common,0.36097298350501716
landmark_worst,5.345,common,0.3610284124497027
landmark_worst,5.35,common,0.3514492644561426
landmark_worst,5.35,pre,0.3610827889775476
landmark_worst,5.35,post,0.3514492644561426
landmark_worst,5.355,common,0.35151058842385824
landmark_worst,5.36,common,0.35157036233539957
landmark_worst,5.365,common,0.35162862062568784
landmark_worst,5.37,common,0.3516853967065807
landmark_worst,5.375,common,0.3517407229318545
landmark_worst,5.38,common,0.35179463056367855
landmark_worst,5.385,common,0.351847149740618
landmark_worst,5.39,common,0.35189830944720957
landmark_worst,5.395,common,0.3519481374851574
landmark_worst,5.4,common,0.34086954799260694
landmark_worst,5.4,pre,0.3519966604461814
landmark_worst,5.4,post,0.34086954799260694
landmark_worst,5.405,common,0.3409218108661177
landmark_worst,5.41,common,0.34097230175857246
landmark_worst,5.415,common,0.3410210358548419
landmark_worst,5.42,common,0.3410680271736765
landmark_worst,5.425,common,0.34111328855399814
landmark_worst,5.43,common,0.3411568316430425
landmark_worst,5.435,common,0.3411986668863806
landmark_worst,5.44,common,0.3412388035198423
landmark_worst,5.445,common,0.3412772495633667
landmark_worst,5.45,common,0.33022719276173473
landmark_worst,5.45,pre,0.3413140118168007
landmark_worst,5.45,post,0.33022719276173473
landmark_worst,5.455,common,0.33040964747829926
landmark_worst,5.46,common,0.33059330409473975
landmark_worst,5.465,common,0.33077815915410297
landmark_worst,5.47,common,0.33096420840793217
landmark_worst,5.475,common,0.3311514468007938
landmark_worst,5.48,common,0.3313398684548382
landmark_worst,5.485,common,0.33152946665440947
landmark_worst,5.49,common,0.3317202338307053
landmark_worst,5.495,common,0.33191216154650605
landmark_worst,5.5,common,0.3229149984933456
landmark_worst,5.5,pre,0.3321052404809778
landmark_worst,5.5,post,0.3229149984933456
landmark_worst,5.505,common,0.32308870500260417
landmark_worst,5.51,common,0.3232632130533699
landmark_worst,5.515,common,0.3234385070613095
landmark_worst,5.52,common,0.3236145704859975
landmark_worst,5.525,common,0.3237913858167373
landmark_worst,5.53,common,0.323968934558557
landmark_worst,5.535,common,0.32414719721839347
landmark_worst,5.54,common,0.32432615329147774
landmark_worst,5.545,common,0.32450578124794266
landmark_worst,5.55,common,0.31521671759825337
landmark_worst,5.55,pre,0.3246860585196667
landmark_worst,5.55,post,0.31521671759825337
landmark_worst,5.555,common,0.3153784004198534
landmark_worst,5.56,common,0.31554041897573704
landmark_worst,5.565,common,0.31570274517212304
landmark_worst,5.57,common,0.3158653498302603
landmark_worst,5.575,common,0.3160282026752548
landmark_worst,5.58,common,0.31619127232526284
landmark_worst,5.585,common,0.3163545262810697
landmark_worst,5.59,common,0.3165179309160783
landmark_worst,5.595,common,0.3166814514667284
landmark_worst,5.6,common,0.3073139067539679
landmark_worst,5.6,pre,0.3168450520233729
landmark_worst,5.6,post,0.3073139067539679
landmark_worst,5.605,common,0.30746064172489185
landmark_worst,5.61,common,0.3076071943615354
landmark_worst,5.615,common,0.3077535243044425
landmark_worst,5.62,common,0.30789959003547335
landmark_worst,5.625,common,0.308045348871802
landmark_worst,5.63,common,0.30819075696052883
landmark_worst,5.635,common,0.30833576927392625
landmark_worst,5.64,common,0.30848033960535026
landmark_worst,5.645,common,0.30862442056584793
landmark_worst,5.65,common,0.2993725435687031
landmark_worst,5.65,pre,0.30876796358148245
landmark_worst,5.65,post,0.2993725435687031
landmark_worst,5.655,common,0.29950181145057386
landmark_worst,5.66,common,0.299630343119528
landmark_worst,5.665,common,0.29975808693511813
landmark_worst,5.67,common,0.29988499010102193
landmark_worst,5.675,common,0.3000109986667057
landmark_worst,5.68,common,0.30013605752997574
landmark_worst,5.685,common,0.30026011044045264
landmark_worst,5.69,common,0.300383100003995
landmark_worst,5.695,common,0.30050496768810575
landmark_worst,5.7,common,0.29153010997137346
landmark_worst,5.7,pre,0.3006256538283518
landmark_worst,5.7,post,0.29153010997137346
landmark_worst,5.705,common,0.2916398148285988
landmark_worst,5.71,common,0.29174821373360604
landmark_worst,5.715,common,0.29185524559770565
landmark_worst,5.72,common,0.2919608482767114
landmark_worst,5.725,common,0.29206495858279247
landmark_worst,5.73,common,0.2921675122974888
landmark_worst,5.735,common,0.2922684441859294
landmark_worst,5.74,common,0.2923676880122734
landmark_worst,5.745,common,0.29246517655640725
landmark_worst,5.75,common,0.28389146633444273
landmark_worst,5.75,pre,0.2925608416319241
landmark_worst,5.75,post,0.28389146633444273
landmark_worst,5.755,common,0.28397995593740893
landmark_worst,5.76,common,0.2840665780159393
landmark_worst,5.765,common,0.28415126479549563
landmark_worst,5.77,common,0.2842339476611544
landmark_worst,5.775,common,0.28431455718172743
landmark_worst,5.78,common,0.2843930231352795
landmark_worst,5.785,common,0.2844692745360449
landmark_worst,5.79,common,0.28454323966277856
landmark_worst,5.795,common,0.2846148460885504
landmark_worst,5.8,common,0.2765337672801735
landmark_worst,5.8,pre,0.28468402071200477
landmark_worst,5.8,post,0.2765337672801735
landmark_worst,5.805,common,0.2765998932870146
landmark_worst,5.81,common,0.27666362703696007
landmark_worst,5.815,common,0.2767248977851885
landmark_worst,5.82,common,0.27678363428462927
landmark_worst,5.825,common,0.2768397648233781
landmark_worst,5.83,common,0.2768932172635813
landmark_worst,5.835,common,0.276943919081798
landmark_worst,5.84,common,0.27699179741083707
landmark_worst,5.845,common,0.2770367790830721
landmark_worst,5.85,common,0.2695178299177152
landmark_worst,5.85,pre,0.27707879067523
landmark_worst,5.85,post,0.2695178299177152
landmark_worst,5.855,common,0.26956106997453005
landmark_worst,5.86,common,0.26960146312537064
landmark_worst,5.865,common,0.26963894024269974
landmark_worst,5.87,common,0.26967343215143624
landmark_worst,5.875,common,0.2697048696788804
landmark_worst,5.88,common,0.26973318370598465
landmark_worst,5.885,common,0.2697583052199393
landmark_worst,5.89,common,0.26978016536805627
landmark_worst,5.895,common,0.26996559240569296
landmark_worst,5.9,common,0.26392645873984893
landmark_worst,5.9,pre,0.27029469725361854
landmark_worst,5.9,post,0.26392645873984893
landmark_worst,5.905,common,0.2642101052599426
landmark_worst,5.91,common,0.2644970388589632
landmark_worst,5.915,common,0.26478724957883293
landmark_worst,5.92,common,0.2650807268924713
landmark_worst,5.925,common,0.26537745969337234
landmark_worst,5.93,common,0.2656774362850701
landmark_worst,5.935,common,0.26598064437049407
landmark_worst,5.94,common,0.26628707104122257
landmark_worst,5.945,common,0.2665967027666363
landmark_worst,5.95,common,0.26125361497985
landmark_worst,5.95,pre,0.26690952538297014
landmark_worst,5.95,post,0.26125361497985
landmark_worst,5.955,common,0.2615253406612598
landmark_worst,5.96,common,0.2617997786280508
landmark_worst,5.965,common,0.2620769088001588
landmark_worst,5.97,common,0.26235671041067216
landmark_worst,5.975,common,0.26263916199565834
landmark_worst,5.98,common,0.26292424138397874
landmark_worst,5.985,common,0.2632119256870929
landmark_worst,5.99,common,0.263502191288868
landmark_worst,5.995,common,0.2637950138353981
landmark_worst,6.0,common,0.25910726954183816
landmark_worst,6.0,pre,0.2640903682248456
landmark_worst,6.0,post,0.25910726954183816
landmark_worst,6.005,common,0.25936594484445663
landmark_worst,6.01,common,0.25962670982852265
landmark_worst,6.015,common,0.2598895339928815
landmark_worst,6.02,common,0.26015438605435254
landmark_worst,6.025,common,0.260421233939283
landmark_worst,6.03,common,0.2606900447752449
landmark_worst,6.035,common,0.26096078488288327
landmark_worst,6.04,common,0.26123341976794034
landmark_worst,6.045,common,0.26150791411346463
landmark_worst,6.05,common,0.2574298885352084
landmark_worst,6.05,pre,0.2617842317722226
landmark_worst,6.05,post,0.2574298885352084
landmark_worst,6.055,common,0.2576740128907878
landmark_worst,6.06,common,0.2579195576881704
landmark_worst,6.065,common,0.25816648205139053
landmark_worst,6.07,common,0.2584147442674776
landmark_worst,6.075,common,0.258664301781815
landmark_worst,6.08,common,0.2589151111938733
landmark_worst,6.085,common,0.2591671282533281
landmark_worst,6.09,common,0.2594203078565901
landmark_worst,6.095,common,0.2596746040437729
landmark_worst,6.1,common,0.2561624969801753
landmark_worst,6.1,pre,0.2599299699961181
landmark_worst,6.1,post,0.2561624969801753
landmark_worst,6.105,common,0.25639027339665343
landmark_worst,6.11,common,0.2566187597791533
landmark_worst,6.115,common,0.25684790544210634
landmark_worst,6.12,common,0.2570776588707801
landmark_worst,6.125,common,0.25730796772317155
landmark_worst,6.13,common,0.2575387788325634
landmark_worst,6.135,common,0.25777003821077477
landmark_worst,6.14,common,0.2580016910521397
landmark_worst,6.145,common,0.2582336817382342
landmark_worst,6.15,common,0.2552506586154451
landmark_worst,6.15,pre,0.25846595384339244
landmark_worst,6.15,post,0.2552506586154451
landmark_worst,6.155,common,0.2554601355564876
landmark_worst,6.16,common,0.2556695819909666
landmark_worst,6.165,common,0.2558789387108454
landmark_worst,6.17,common,0.2560881457764618
landmark_worst,6.175,common,0.2562971425282038
landmark_worst,6.18,common,0.2565058675992078
landmark_worst,6.185,common,0.25671425892910776
landmark_worst,6.19,common,0.25692225377887157
landmark_worst,6.195,common,0.257129788746761
landmark_worst,6.2,common,0.25464911855038436
landmark_worst,6.2,pre,0.25733679978544494
landmark_worst,6.2,post,0.25464911855038436
landmark_worst,6.205,common,0.25483839382899526
landmark_worst,6.21,common,0.2550268865580781
landmark_worst,6.215,common,0.25521453122256965
landmark_worst,6.22,common,0.25540126179141504
landmark_worst,6.225,common,0.2555870117424904
landmark_worst,6.23,common,0.25577171408891325
landmark_worst,6.235,common,0.25595530140677264
landmark_worst,6.24,common,0.2561377058643089
landmark_worst,6.245,common,0.25631885925258086
landmark_worst,6.25,common,0.2543245350099198
landmark_worst,6.25,pre,0.2564986930176476
landmark_worst,6.25,post,0.2543245350099198
landmark_worst,6.255,common,0.2544920078933443
landmark_worst,6.26,common,0.25465796092380605
landmark_worst,6.265,common,0.25482232558725965
landmark_worst,6.27,common,0.25498503321210925
landmark_worst,6.275,common,0.2551460150104107
landmark_worst,6.28,common,0.2553052021207659
landmark_worst,6.285,common,0.2554625256529251
landmark_worst,6.29,common,0.2556179167341266
landmark_worst,6.295,common,0.25577130655718666
landmark_worst,6.3,common,0.2542556133317396
landmark_worst,6.3,pre,0.25592262643035996
landmark_worst,6.3,post,0.2542556133317396
landmark_worst,6.305,common,0.2544002598908188
landmark_worst,6.31,common,0.25454269781190275
landmark_worst,6.315,common,0.2546828600405689
landmark_worst,6.32,common,0.25482067987921203
landmark_worst,6.325,common,0.2549560910461783
landmark_worst,6.33,common,0.2550890277367224
landmark_worst,6.335,common,0.2552194246857762
landmark_worst,6.34,common,0.2553472172325255
landmark_worst,6.345,common,0.25547234138679437
landmark_worst,6.35,common,0.25443005783559686
landmark_worst,6.35,pre,0.255594733897218
landmark_worst,6.35,post,0.25443005783559686
landmark_worst,6.355,common,0.2545516932461441
landmark_worst,6.36,common,0.25467051905119426
landmark_worst,6.365,common,0.25478647514290936
landmark_worst,6.37,common,0.25489950243239745
landmark_worst,6.375,common,0.2550095429259037
landmark_worst,6.38,common,0.25511653980263527
landmark_worst,6.385,common,0.25522043749418
landmark_worst,6.39,common,0.2553211817654722
landmark_worst,6.395,common,0.25541871979726616
landmark_worst,6.4,common,0.25483818001918174
landmark_worst,6.4,pre,0.2555130002700539
landmark_worst,6.4,post,0.25483818001918174
landmark_worst,6.405,common,0.2549376639483616
landmark_worst,6.41,common,0.25503386624837693
landmark_worst,6.415,common,0.2551267399082618
landmark_worst,6.42,common,0.2552162397074172
landmark_worst,6.425,common,0.2553023223043678
landmark_worst,6.43,common,0.25538494632654984
landmark_worst,6.435,common,0.25546407246103703
landmark_worst,6.44,common,0.2555396635461211
landmark_worst,6.445,common,0.25561168466364115
landmark_worst,6.45,common,0.2554637246424423
landmark_worst,6.45,pre,0.25568010323196444
landmark_worst,6.45,post,0.2554637246424423
landmark_worst,6.455,common,0.25554306619333855
landmark_worst,6.46,common,0.2556188207442214
landmark_worst,6.465,common,0.2556909605656823
landmark_worst,6.47,common,0.2557594605261899
landmark_worst,6.475,common,0.2558242981848331
landmark_worst,6.48,common,0.2558854538840326
landmark_worst,6.485,common,0.25594291084209453
landmark_worst,6.49,common,0.2559966552454544
landmark_worst,6.495,common,0.2560466763404789
landmark_worst,6.5,common,0.2562733074967794
landmark_worst,6.5,pre,0.256092966524674
landmark_worst,6.5,post,0.2562733074967794
landmark_worst,6.505,common,0.25633563692690003
landmark_worst,6.51,common,0.25639426884554345
landmark_worst,6.515,common,0.256449200182232
landmark_worst,6.52,common,0.2565004312046491
landmark_worst,6.525,common,0.2565479656033179
landmark_worst,6.53,common,0.25659181057483904
landmark_worst,6.535,common,0.2566319769035232
landmark_worst,6.54,common,0.2566684790412475
landmark_worst,6.545,common,0.25670133518536736
landmark_worst,6.55,common,0.2572064907841081
landmark_worst,6.55,pre,0.25673056735450955
landmark_worst,6.55,post,0.2572064907841081
landmark_worst,6.555,common,0.25725588543690503
landmark_worst,6.56,common,0.25730167987893116
landmark_worst,6.565,common,0.2573438993516797
landmark_worst,6.57,common,0.25738257299067596
landmark_worst,6.575,common,0.25741773388858014
landmark_worst,6.58,common,0.25744941915535297
landmark_worst,6.585,common,0.2574776699753006
landmark_worst,6.59,common,0.2575025316608411
landmark_worst,6.595,common,0.2575240537028243
landmark_worst,6.6,common,0.25816868203001603
landmark_worst,6.6,pre,0.2575422898172538
landmark_worst,6.6,post,0.25816868203001603
landmark_worst,6.605,common,0.25820985906173305
landmark_worst,6.61,common,0.25824773465238593
landmark_worst,6.615,common,0.2582823634968415
landmark_worst,6.62,common,0.25831380445043056
landmark_worst,6.625,common,0.2583421205586544
landmark_worst,6.63,common,0.2583673790826964
landmark_worst,6.635,common,0.2583896515206129
landmark_worst,6.64,common,0.2584090136240824
landmark_worst,6.645,common,0.2584255454105907
landmark_worst,6.65,common,0.2590286539995125
landmark_worst,6.65,pre,0.2584393311709558
landmark_worst,6.65,post,0.2590286539995125
landmark_worst,6.655,common,0.2590665660953329
landmark_worst,6.66,common,0.25910165018462716
landmark_worst,6.665,common,0.2591339886040765
landmark_worst,6.67,common,0.25916366776359323
landmark_worst,6.675,common,0.259190778135756
landmark_worst,6.68,common,0.2592154142404065
landmark_worst,6.685,common,0.25923767462436814
landmark_worst,6.69,common,0.25925766183622995
landmark_worst,6.695,common,0.2592754823961676
landmark_worst,6.7,common,0.25962170201491663
landmark_worst,6.7,pre,0.25929124676076254
landmark_worst,6.7,post,0.25962170201491663
landmark_worst,6.705,common,0.25966108874535454
landmark_worst,6.71,common,0.2596982505727447
landmark_worst,6.715,common,0.2597332927663663
landmark_worst,6.72,common,0.2597663242249637
landmark_worst,6.725,common,0.2597974574261741
landmark_worst,6.73,common,0.2598268083712882
landmark_worst,6.735,common,0.2598544965253836
landmark_worst,6.74,common,0.2598806447528584
landmark_worst,6.745,common,0.25990537924843093
landmark_worst,6.75,common,0.2597585533998287
landmark_worst,6.75,pre,0.25992882946365253
landmark_worst,6.75,post,0.2597585533998287
landmark_worst,6.755,common,0.25980350733557667
landmark_worst,6.76,common,0.259846911378148
landmark_worst,6.765,common,0.25988888669638927
landmark_worst,6.77,common,0.259929557350454
landmark_worst,6.775,common,0.25996905020873373
landmark_worst,6.78,common,0.2600074948610497
landmark_worst,6.785,common,0.26004502352820014
landmark_worst,6.79,common,0.26008177096798035
landmark_worst,6.795,common,0.26011787437779355
landmark_worst,6.8,common,0.2592393383127535
landmark_worst,6.8,pre,0.26015347329397903
landmark_worst,6.8,post,0.2592393383127535
landmark_worst,6.805,common,0.2592929416577983
landmark_worst,6.81,common,0.25934567902163086
landmark_worst,6.815,common,0.25939767908582506
landmark_worst,6.82,common,0.2594490725024068
landmark_worst,6.825,common,0.25949999179097305
landmark_worst,6.83,common,0.259550571233478
landmark_worst,6.835,common,0.2596009467668157
landmark_worst,6.84,common,0.25965125587335514
landmark_worst,6.845,common,0.2597016374695857
landmark_worst,6.85,common,0.25787128984416197
landmark_worst,6.85,pre,0.25975223179301904
landmark_worst,6.85,post,0.25787128984416197
landmark_worst,6.855,common,0.25793536619529484
landmark_worst,6.86,common,0.25799920924680075
landmark_worst,6.865,common,0.25806294659445955
landmark_worst,6.87,common,0.2581267068336832
landmark_worst,6.875,common,0.258190619451325
landmark_worst,6.88,common,0.2582548147166533
landmark_worst,6.885,common,0.2583194235716522
landmark_worst,6.89,common,0.25838457752079347
landmark_worst,6.895,common,0.25845040852042994
landmark_worst,6.9,common,0.2554883203668489
landmark_worst,6.9,pre,0.2585170488679564
landmark_worst,6.9,post,0.2554883203668489
landmark_worst,6.905,common,0.2555633298334682
landmark_worst,6.91,common,0.25563863737653936
landmark_worst,6.915,common,0.25571436176424317
landmark_worst,6.92,common,0.2557906218668447
landmark_worst,6.925,common,0.2558675365561581
landmark_worst,6.93,common,0.25594522460548436
landmark_worst,6.935,common,0.25602380459015334
landmark_worst,6.94,common,0.25610339478878574
landmark_worst,6.945,common,0.256184113085391
landmark_worst,6.95,common,0.2519701821505193
landmark_worst,6.95,pre,0.2562660768724179
landmark_worst,6.95,post,0.2519701821505193
landmark_worst,6.955,common,0.25205526886683066
landmark_worst,6.96,common,0.25214104884004457
landmark_worst,6.965,common,0.25222762593030124
landmark_worst,6.97,common,0.25231510336684826
landmark_worst,6.975,common,0.2524035836644416
landmark_worst,6.98,common,0.2524931685411203
landmark_worst,6.985,common,0.2525839588374485
landmark_worst,6.99,common,0.2526760544372952
landmark_worst,6.995,common,0.2527695541902318
landmark_worst,7.0,common,0.24725862673178373
landmark_worst,7.0,pre,0.25286455583561573
landmark_worst,7.0,post,0.24725862673178373
landmark_worst,7.005,common,0.24735180795347642
landmark_worst,7.01,common,0.2474459242374868
landmark_worst,7.015,common,0.24754106056582978
landmark_worst,7.02,common,0.24763730077125765
landmark_worst,7.025,common,0.2477347274754678
landmark_worst,7.03,common,0.24783342202915634
landmark_worst,7.035,common,0.24793346445396228
landmark_worst,7.04,common,0.24803493338634258
landmark_worst,7.045,common,0.2481379060234115
landmark_worst,7.05,common,0.24136800179763437
landmark_worst,7.05,pre,0.24824245807077885
landmark_worst,7.05,post,0.24136800179763437
landmark_worst,7.055,common,0.24146646954949338
landmark_worst,7.06,common,0.2415659612709399
landmark_worst,7.065,common,0.24166654130396667
landmark_worst,7.07,common,0.24176827254878627
landmark_worst,7.075,common,0.24187121642483375
landmark_worst,7.08,common,0.24197543283373324
landmark_worst,7.085,common,0.24208098012423032
landmark_worst,7.09,common,0.24218791505910192
landmark_worst,7.095,common,0.24229629278404952
landmark_worst,7.1,common,0.2343882532121351
landmark_worst,7.1,pre,0.24240616679857685
landmark_worst,7.1,post,0.2343882532121351
landmark_worst,7.105,common,0.2344887452999278
landmark_worst,7.11,common,0.2345902132919366
landmark_worst,7.115,common,0.23469270115198199
landmark_worst,7.12,common,0.23479625131743073
landmark_worst,7.125,common,0.23490090468124078
landmark_worst,7.13,common,0.23500670057582634
landmark_worst,7.135,common,0.2351136767587387
landmark_worst,7.14,common,0.23522186940014814
landmark_worst,7.145,common,0.2353313130721161
landmark_worst,7.15,common,0.22647939057750502
landmark_worst,7.15,pre,0.23544204073964264
landmark_worst,7.15,post,0.22647939057750502
landmark_worst,7.155,common,0.2265785801078223
landmark_worst,7.16,common,0.22667858815749584
landmark_worst,7.165,common,0.22677944022540586
landmark_worst,7.17,common,0.2268811603712477
landmark_worst,7.175,common,0.22698377121525268
landmark_worst,7.18,common,0.2270872939394588
landmark_worst,7.185,common,0.22719174829050612
landmark_worst,7.19,common,0.2272971525839453
landmark_worst,7.195,common,0.22740352371002803
landmark_worst,7.2,common,0.2178579520286531
landmark_worst,7.2,pre,0.22751087714095644
landmark_worst,7.2,post,0.2178579520286531
landmark_worst,7.205,common,0.2179528050889755
landmark_worst,7.21,common,0.21804824481478197
landmark_worst,7.215,common,0.21814428133509237
landmark_worst,7.22,common,0.21824092355474775
landmark_worst,7.225,common,0.2183381791677291
landmark_worst,7.23,common,0.2184360546716906
landmark_worst,7.235,common,0.21853455538367925
landmark_worst,7.24,common,0.21863368545700826
landmark_worst,7.245,common,0.21873344789926308
landmark_worst,7.25,common,0.20877748035269747
landmark_worst,7.25,pre,0.21883384459140287
landmark_worst,7.25,post,0.20877748035269747
landmark_worst,7.255,common,0.2088655403680441
landmark_worst,7.26,common,0.2089539181088935
landmark_worst,7.265,common,0.20904261211791783
landmark_worst,7.27,common,0.20913162001051788
landmark_worst,7.275,common,0.20922093849750542
landmark_worst,7.28,common,0.20931056340863108
landmark_worst,7.285,common,0.20940048971693387
landmark_worst,7.29,common,0.20949071156387936
landmark_worst,7.295,common,0.2095812222852478
landmark_worst,7.3,common,0.1995060551531592
landmark_worst,7.3,pre,0.20967201443775038
landmark_worst,7.3,post,0.1995060551531592
landmark_worst,7.305,common,0.19958562787273862
landmark_worst,7.31,common,0.19966524799329263
landmark_worst,7.315,common,0.19974490647962914
landmark_worst,7.32,common,0.19982459370476832
landmark_worst,7.325,common,0.19990429947788116
landmark_worst,7.33,common,0.1999840130727071
landmark_worst,7.335,common,0.20006372325642427
landmark_worst,7.34,common,0.20014341831893592
landmark_worst,7.345,common,0.20022308610254372
landmark_worst,7.35,common,0.1903042236877334
landmark_worst,7.35,pre,0.20030271403196684
landmark_worst,7.35,post,0.1903042236877334
landmark_worst,7.355,common,0.19037445531483335
landmark_worst,7.36,common,0.1904444933385171
landmark_worst,7.365,common,0.19051432498319007
landmark_worst,7.37,common,0.19058393721726669
landmark_worst,7.375,common,0.19065331678258654
landmark_worst,7.38,common,0.19072245022396617
landmark_worst,7.385,common,0.19079132391884843
landmark_worst,7.39,common,0.1908599241070227
landmark_worst,7.395,common,0.19092823692037655
landmark_worst,7.4,common,0.18140622235656775
landmark_worst,7.4,pre,0.1909962484126541
landmark_worst,7.4,post,0.18140622235656775
landmark_worst,7.405,common,0.18146708088025348
landmark_worst,7.41,common,0.18152755767252582
landmark_worst,7.415,common,0.18158763957961416
landmark_worst,7.42,common,0.18164731349647809
landmark_worst,7.425,common,0.18170656639445254
landmark_worst,7.43,common,0.18176538534871103
landmark_worst,7.435,common,0.18182375756552357
landmark_worst,7.44,common,0.1818816704092699
landmark_worst,7.445,common,0.18193911142918986
landmark_worst,7.45,common,0.17300641297104496
landmark_worst,7.45,pre,0.1819960683858373
landmark_worst,7.45,post,0.17300641297104496
landmark_worst,7.455,common,0.17305859568949444
landmark_worst,7.46,common,0.17311027690617814
landmark_worst,7.465,common,0.17316144577599718
landmark_worst,7.47,common,0.17321209175314956
landmark_worst,7.475,common,0.1732622046144551
landmark_worst,7.48,common,0.17331177448225227
landmark_worst,7.485,common,0.17336079184684
landmark_worst,7.49,common,0.17340924758844672
landmark_worst,7.495,common,0.17345713299870077
landmark_worst,7.5,common,0.16525170387415272
landmark_worst,7.5,pre,0.17350443980158162
landmark_worst,7.5,post,0.16525170387415272
landmark_worst,7.505,common,0.16529650031372836
landmark_worst,7.51,common,0.16534075141014598
landmark_worst,7.515,common,0.16538445054282022
landmark_worst,7.52,common,0.16542759157294934
landmark_worst,7.525,common,0.16547016886084454
landmark_worst,7.53,common,0.16566547363335052
landmark_worst,7.535,common,0.16596978684071675
landmark_worst,7.54,common,0.16627809904402044
landmark_worst,7.545,common,0.1665904152856335
landmark_worst,7.55,common,0.16017079162726225
landmark_worst,7.55,pre,0.16690674034037567
landmark_worst,7.55,post,0.16017079162726225
landmark_worst,7.555,common,0.1604363044710568
landmark_worst,7.56,common,0.16070537714450586
landmark_worst,7.565,common,0.1609780115042395
landmark_worst,7.57,common,0.1612542091387406
landmark_worst,7.575,common,0.1615339713608432
landmark_worst,7.58,common,0.16181729920015492
landmark_worst,7.585,common,0.16210419339541982
landmark_worst,7.59,common,0.1623946543868109
landmark_worst,7.595,common,0.1626886823081703
landmark_worst,7.6,common,0.15683340080272853
landmark_worst,7.6,pre,0.16298627697918974
landmark_worst,7.6,post,0.15683340080272853
landmark_worst,7.605,common,0.1570838825551249
landmark_worst,7.61,common,0.15733751433009704
landmark_worst,7.615,common,0.1575942934978697
landmark_worst,7.62,common,0.1578542171281027
landmark_worst,7.625,common,0.15811728198344177
landmark_worst,7.63,common,0.15838348451306697
landmark_worst,7.635,common,0.15865282084624008
landmark_worst,7.64,common,0.1589252867858562
landmark_worst,7.645,common,0.1592008778020042
landmark_worst,7.65,common,0.15389723214555512
landmark_worst,7.65,pre,0.15947958902554357
landmark_worst,7.65,post,0.15389723214555512
landmark_worst,7.655,common,0.15413264377431302
landmark_worst,7.66,common,0.1543707940198261
landmark_worst,7.665,common,0.15461167612186166
landmark_worst,7.67,common,0.15485528301083415
landmark_worst,7.675,common,0.15510160730314385
landmark_worst,7.68,common,0.15535064129658663
landmark_worst,7.685,common,0.15560237696582568
landmark_worst,7.69,common,0.15585680595793946
landmark_worst,7.695,common,0.15611391958804963
landmark_worst,7.7,common,0.15134102734095375
landmark_worst,7.7,pre,0.15637370883503365
landmark_worst,7.7,post,0.15134102734095375
landmark_worst,7.705,common,0.15156139238078772
landmark_worst,7.71,common,0.15178408890509248
landmark_worst,7.715,common,0.15200910664130513
landmark_worst,7.72,common,0.15223643502805734
landmark_worst,7.725,common,0.1524660632129689
landmark_worst,7.73,common,0.1526979800505611
landmark_worst,7.735,common,0.1529321741003079
landmark_worst,7.74,common,0.1531686336248153
landmark_worst,7.745,common,0.15340734658814417
landmark_worst,7.75,common,0.14913990832422602
landmark_worst,7.75,pre,0.1536483006542797
landmark_worst,7.75,post,0.14913990832422602
landmark_worst,7.755,common,0.14934534362369348
landmark_worst,7.76,common,0.14955271508633514
landmark_worst,7.765,common,0.14976200982597263
landmark_worst,7.77,common,0.14997321472124384
landmark_worst,7.775,common,0.15018631641630928
landmark_worst,7.78,common,0.15040130132173185
landmark_worst,7.785,common,0.1506181556155193
landmark_worst,7.79,common,0.15083686524435164
landmark_worst,7.795,common,0.15105741592497807
landmark_worst,7.8,common,0.14726786850052745
landmark_worst,7.8,pre,0.15127979314579945
landmark_worst,7.8,post,0.14726786850052745
landmark_worst,7.805,common,0.14745863986415247
landmark_worst,7.81,common,0.14765097295603244
landmark_worst,7.815,common,0.14784485344169412
landmark_worst,7.82,common,0.14804026683857616
landmark_worst,7.825,common,0.14823719851978734
landmark_worst,7.83,common,0.1484356337180361
landmark_worst,7.835,common,0.148635557529743
landmark_worst,7.84,common,0.14883695491932894
landmark_worst,7.845,common,0.14903981072367892
landmark_worst,7.85,common,0.14569869021252727
landmark_worst,7.85,pre,0.14924410965677998
landmark_worst,7.85,post,0.14569869021252727
landmark_worst,7.855,common,0.14587527834433475
landmark_worst,7.86,common,0.14605308466639735
landmark_worst,7.865,common,0.14623209476879068
landmark_worst,7.87,common,0.14641229420979515
landmark_worst,7.875,common,0.14659366852236141
landmark_worst,7.88,common,0.1467762032207071
landmark_worst,7.885,common,0.14695988380705322
landmark_worst,7.89,common,0.14714469577848668
landmark_worst,7.895,common,0.1473306246339479
landmark_worst,7.9,common,0.14440513225621268
landmark_worst,7.9,pre,0.14751765588133178
landmark_worst,7.9,post,0.14440513225621268
landmark_worst,7.905,common,0.1445682900829915
landmark_worst,7.91,common,0.14473236329606806
landmark_worst,7.915,common,0.1448973388785084
landmark_worst,7.92,common,0.14506320391720756
landmark_worst,7.925,common,0.14522994561115718
landmark_worst,7.93,common,0.1453975512797524
landmark_worst,7.935,common,0.14556600837113867
landmark_worst,7.94,common,0.14573530447057834
landmark_worst,7.945,common,0.14590542730883818
landmark_worst,7.95,common,0.14335641892718198
landmark_worst,7.95,pre,0.1460763647705704
landmark_worst,7.95,post,0.14335641892718198
landmark_worst,7.955,common,0.14350719955722493
landmark_worst,7.96,common,0.14365864164621703
landmark_worst,7.965,common,0.14381073497230018
landmark_worst,7.97,common,0.14396346955705105
landmark_worst,7.975,common,0.1441168356741105
landmark_worst,7.98,common,0.14427082385770873
landmark_worst,7.985,common,0.14442542491108148
landmark_worst,7.99,common,0.1445806299147532
landmark_worst,7.995,common,0.14473643023468089
landmark_worst,8.0,common,0.14251434267407642
landmark_worst,8.0,pre,0.14489281753024047
landmark_worst,8.0,post,0.14251434267407642
landmark_worst,8.005,common,0.14265407946289538
landmark_worst,8.01,common,0.14279427742092882
landmark_worst,8.015,common,0.14293493026319593
landmark_worst,8.02,common,0.14307603207253053
landmark_worst,8.025,common,0.14321757730676501
landmark_worst,8.03,common,0.14335956080564877
landmark_worst,8.035,common,0.14350197779746532
landmark_worst,8.04,common,0.14364482390535663
landmark_worst,8.045,common,0.14378809515331395
landmark_worst,8.05,common,0.14182865002022477
landmark_worst,8.05,pre,0.1439317879718426
landmark_worst,8.05,post,0.14182865002022477
landmark_worst,8.055,common,0.14195887745449276
landmark_worst,8.06,common,0.1420894193148206
landmark_worst,8.065,common,0.1422202739427838
landmark_worst,8.07,common,0.14235144013710327
landmark_worst,8.075,common,0.1424829171575674
landmark_worst,8.08,common,0.14261470472850496
landmark_worst,8.085,common,0.1427468030418106
landmark_worst,8.09,common,0.1428792127594895
landmark_worst,8.095,common,0.1430119350157266
landmark_worst,8.1,common,0.14123274231885966
landmark_worst,8.1,pre,0.14314497141846183
landmark_worst,8.1,post,0.14123274231885966
landmark_worst,8.105,common,0.1413550583317308
landmark_worst,8.11,common,0.14147758981016242
landmark_worst,8.115,common,0.14160033981438272
landmark_worst,8.12,common,0.1417233119000089
landmark_worst,8.125,common,0.14184651011726962
landmark_worst,8.13,common,0.14196993900967358
landmark_worst,8.135,common,0.14209360361210446
landmark_worst,8.14,common,0.14221750944833458
landmark_worst,8.145,common,0.14234166252796146
landmark_worst,8.15,common,0.14064097260582573
landmark_worst,8.15,pre,0.14246606934274547
landmark_worst,8.15,post,0.14064097260582573
landmark_worst,8.155,common,0.14075685734508125
landmark_worst,8.16,common,0.14087289510894946
landmark_worst,8.165,common,0.14098909311404584
landmark_worst,8.17,common,0.14110545905154154
landmark_worst,8.175,common,0.1412220010810913
landmark_worst,8.18,common,0.14133872782416065
landmark_worst,8.185,common,0.14145564835675462
landmark_worst,8.19,common,0.14157277220155753
landmark_worst,8.195,common,0.1416901093194672
landmark_worst,8.2,common,0.13994883383139034
landmark_worst,8.2,pre,0.14180767010055334
landmark_worst,8.2,post,0.13994883383139034
landmark_worst,8.205,common,0.1400594531947914
landmark_worst,8.21,common,0.14017018418538726
landmark_worst,8.215,common,0.14028103701692116
landmark_worst,8.22,common,0.1403920223006902
landmark_worst,8.225,common,0.1405031510346149
landmark_worst,8.23,common,0.14061443459176345
landmark_worst,8.235,common,0.1407258847083648
landmark_worst,8.24,common,0.14083751347129883
landmark_worst,8.245,common,0.14094933330509513
landmark_worst,8.25,common,0.1390370292134403
landmark_worst,8.25,pre,0.14106135695843688
landmark_worst,8.25,post,0.1390370292134403
landmark_worst,8.255,common,0.13914305970609764
landmark_worst,8.26,common,0.13924916400624646
landmark_worst,8.265,common,0.13935535373847602
landmark_worst,8.27,common,0.13946164080571932
landmark_worst,8.275,common,0.1395680373749136
landmark_worst,8.28,common,0.13967455586228414
landmark_worst,8.285,common,0.13978120891826445
landmark_worst,8.29,common,0.139888009412081
landmark_worst,8.295,common,0.13999497041600614
landmark_worst,8.3,common,0.13777978738173632
landmark_worst,8.3,pre,0.14010210518931304
landmark_worst,8.3,post,0.13777978738173632
landmark_worst,8.305,common,0.13788129926362522
landmark_worst,8.31,common,0.1379828339945082
landmark_worst,8.315,common,0.1380844028498318
landmark_worst,8.32,common,0.1381860172443827
landmark_worst,8.325,common,0.13828768871673583
landmark_worst,8.33,common,0.13838942891353265
landmark_worst,8.335,common,0.13849124957361816
landmark_worst,8.34,common,0.13859316251205242
landmark_worst,8.345,common,0.13869517960401886
landmark_worst,8.35,common,0.13605691962708152
landmark_worst,8.35,pre,0.13879731276865592
landmark_worst,8.35,post,0.13605691962708152
landmark_worst,8.355,common,0.13615334731782766
landmark_worst,8.36,common,0.13624972052113885
landmark_worst,8.365,common,0.13634604851863774
landmark_worst,8.37,common,0.1364423405988459
landmark_worst,8.375,common,0.1365386060428651
landmark_worst,8.38,common,0.1366348541101223
landmark_worst,8.385,common,0.13673109402419054
landmark_worst,8.39,common,0.136827334958703
landmark_worst,8.395,common,0.13692358602339189
landmark_worst,8.4,common,0.13376818127944418
landmark_worst,8.4,pre,0.13701985625025553
landmark_worst,8.4,post,0.13376818127944418
landmark_worst,8.405,common,0.13385839523333798
landmark_worst,8.41,common,0.1339484434590019
landmark_worst,8.415,common,0.13403833198724235
landmark_worst,8.42,common,0.13412806675497851
landmark_worst,8.425,common,0.134217653594402
landmark_worst,8.43,common,0.13430709822238207
landmark_worst,8.435,common,0.13439640623013047
landmark_worst,8.44,common,0.1344855830731508
landmark_worst,8.445,common,0.1345746340614721
landmark_worst,8.45,common,0.13084771452941568
landmark_worst,8.45,pre,0.1346635643501938
landmark_worst,8.45,post,0.13084771452941568
landmark_worst,8.455,common,0.13093019042516926
landmark_worst,8.46,common,0.131012355028169
landmark_worst,8.465,common,0.13109421045887396
landmark_worst,8.47,common,0.13117575869404816
landmark_worst,8.475,common,0.13125700156099798
landmark_worst,8.48,common,0.13133794073218483
landmark_worst,8.485,common,0.1314185777202124
landmark_worst,8.49,common,0.13149891387320695
landmark_worst,8.495,common,0.1315789503705858
landmark_worst,8.5,common,0.12727594323867875
landmark_worst,8.5,pre,0.13165868821923762
landmark_worst,8.5,post,0.12727594323867875
landmark_worst,8.505,common,0.12734900595986678
landmark_worst,8.51,common,0.12742158453391447
landmark_worst,8.515,common,0.1274936772222332
landmark_worst,8.52,common,0.12756528215396015
landmark_worst,8.525,common,0.12763639732600676
landmark_worst,8.53,common,0.12770702060351932
landmark_worst,8.535,common,0.12777714972074852
landmark_worst,8.54,common,0.12784678228233887
landmark_worst,8.545,common,0.12791591576502429
landmark_worst,8.55,common,0.1230864304213125
landmark_worst,8.55,pre,0.1279845475197392
landmark_worst,8.55,post,0.1230864304213125
landmark_worst,8.555,common,0.12314853533108339
landmark_worst,8.56,common,0.123209969642058
landmark_worst,8.565,common,0.1232707285156293
landmark_worst,8.57,common,0.1233308070530569
landmark_worst,8.575,common,0.12339020030106433
landmark_worst,8.58,common,0.12344890325780258
landmark_worst,8.585,common,0.12350691087916987
landmark_worst,8.59,common,0.12356421808548537
landmark_worst,8.595,common,0.12362081976850291
landmark_worst,8.6,common,0.11836594013490649
landmark_worst,8.6,pre,0.12367671079876172
landmark_worst,8.6,post,0.11836594013490649
landmark_worst,8.605,common,0.11841594545892213
landmark_worst,8.61,common,0.11846509857481545
landmark_worst,8.615,common,0.11851339288672913
landmark_worst,8.62,common,0.1185608218601229
landmark_worst,8.625,common,0.11860737903170993
landmark_worst,8.63,common,0.11865305801962796
landmark_worst,8.635,common,0.1186978525338381
landmark_worst,8.64,common,0.11874175638672982
landmark_worst,8.645,common,0.11878476350392228
landmark_worst,8.65,common,0.11502712840463951
landmark_worst,8.65,pre,0.1188268679352457
landmark_worst,8.65,post,0.11502712840463951
landmark_worst,8.655,common,0.1151079855484666
landmark_worst,8.66,common,0.11518946143225055
landmark_worst,8.665,common,0.11527155038188483
landmark_worst,8.67,common,0.11535424641476752
landmark_worst,8.675,common,0.1154375432402084
landmark_worst,8.68,common,0.11552143425999782
landmark_worst,8.685,common,0.11560591256914907
landmark_worst,8.69,common,0.11569097095682362
landmark_worst,8.695,common,0.11577660190741589
landmark_worst,8.7,common,0.11193052298634498
landmark_worst,8.7,pre,0.11586279760182576
landmark_worst,8.7,post,0.11193052298634498
landmark_worst,8.705,common,0.11200588866097565
landmark_worst,8.71,common,0.11208167096034198
landmark_worst,8.715,common,0.11215785981407624
landmark_worst,8.72,common,0.11223444484978072
landmark_worst,8.725,common,0.11231141539552174
landmark_worst,8.73,common,0.11238876048251727
landmark_worst,8.735,common,0.112466468848023
landmark_worst,8.74,common,0.11254452893842051
landmark_worst,8.745,common,0.11262292891250855
landmark_worst,8.75,common,0.10869719154111546
landmark_worst,8.75,pre,0.11270165664499153
landmark_worst,8.75,post,0.10869719154111546
landmark_worst,8.755,common,0.10876574983937769
landmark_worst,8.76,common,0.10883450315388467
landmark_worst,8.765,common,0.1089034375284396
landmark_worst,8.77,common,0.10897253873718646
landmark_worst,8.775,common,0.10904179228946817
landmark_worst,8.78,common,0.10911118343492002
landmark_worst,8.785,common,0.10918069716878573
landmark_worst,8.79,common,0.10925031823746843
landmark_worst,8.795,common,0.10932003114430636
landmark_worst,8.8,common,0.10539002430782211
landmark_worst,8.8,pre,0.10938982015559229
landmark_worst,8.8,post,0.10539002430782211
landmark_worst,8.805,common,0.10545064242177385
landmark_worst,8.81,common,0.10551122535546315
landmark_worst,8.815,common,0.1055717560937943
landmark_worst,8.82,common,0.10563221741259708
landmark_worst,8.825,common,0.1056925918861114
landmark_worst,8.83,common,0.10575286189472265
landmark_worst,8.835,common,0.10581300963295769
landmark_worst,8.84,common,0.10587301711773357
landmark_worst,8.845,common,0.10593286619686113
landmark_worst,8.85,common,0.102065416848553
landmark_worst,8.85,pre,0.10599253855781975
landmark_worst,8.85,post,0.102065416848553
landmark_worst,8.855,common,0.10211720569376358
landmark_worst,8.86,common,0.1021687332394885
landmark_worst,8.865,common,0.10221998054133495
landmark_worst,8.87,common,0.10227092853553958
landmark_worst,8.875,common,0.10232155804919535
landmark_worst,8.88,common,0.10237184981075058
landmark_worst,8.885,common,0.10242178446077108
landmark_worst,8.89,common,0.10247134256296571
landmark_worst,8.895,common,0.10252050461549135
landmark_worst,8.9,common,0.09877138149715024
landmark_worst,8.9,pre,0.10256925106250629
landmark_worst,8.9,post,0.09877138149715024
landmark_worst,8.905,common,0.09881374880947098
landmark_worst,8.91,common,0.09885564667641406
landmark_worst,8.915,common,0.0988970556189311
landmark_worst,8.92,common,0.09893795615580596
landmark_worst,8.925,common,0.0989783288164992
landmark_worst,8.93,common,0.09901815415423777
landmark_worst,8.935,common,0.09905741275934957
landmark_worst,8.94,common,0.09910801171939289
landmark_worst,8.945,common,0.09926536470234973
landmark_worst,8.95,common,0.0959668431770592
landmark_worst,8.95,pre,0.09942523223028381
landmark_worst,8.95,post,0.0959668431770592
landmark_worst,8.955,common,0.09610334074936001
landmark_worst,8.96,common,0.09624212973551585
landmark_worst,8.965,common,0.09638322491115153
landmark_worst,8.97,common,0.09652664112155053
landmark_worst,8.975,common,0.09667239327932908
landmark_worst,8.98,common,0.09682049636193032
landmark_worst,8.985,common,0.09697096540894858
landmark_worst,8.99,common,0.09712381551927128
landmark_worst,8.995,common,0.0972790618480402
landmark_worst,9.0,common,0.09421694904186396
landmark_worst,9.0,pre,0.09743671960342315
landmark_worst,9.0,post,0.09421694904186396
landmark_worst,9.005,common,0.09435228845815703
landmark_worst,9.01,common,0.09448982235255544
landmark_worst,9.015,common,0.0946295637206035
landmark_worst,9.02,common,0.09477152558776493
landmark_worst,9.025,common,0.09491572100579403
landmark_worst,9.03,common,0.09506216304894767
landmark_worst,9.035,common,0.09521086480999252
landmark_worst,9.04,common,0.09536183939604988
landmark_worst,9.045,common,0.0955150999242348
landmark_worst,9.05,common,0.09269446414203496
landmark_worst,9.05,pre,0.09567065951712153
landmark_worst,9.05,post,0.09269446414203496
landmark_worst,9.055,common,0.09282882690478832
landmark_worst,9.06,common,0.09296527916676393
landmark_worst,9.065,common,0.0931038318932067
landmark_worst,9.07,common,0.09324449603198766
landmark_worst,9.075,common,0.09338728250880227
landmark_worst,9.08,common,0.09353220222218607
landmark_worst,9.085,common,0.09367926603836646
landmark_worst,9.09,common,0.09382848478592543
landmark_worst,9.095,common,0.09397986925029263
landmark_worst,9.1,common,0.09139669813843479
landmark_worst,9.1,pre,0.09413343016806411
landmark_worst,9.1,post,0.09139669813843479
landmark_worst,9.105,common,0.09153020537117891
landmark_worst,9.11,common,0.09166568754101143
landmark_worst,9.115,common,0.09180315329771159
landmark_worst,9.12,common,0.09194261122110137
landmark_worst,9.125,common,0.09208406981529456
landmark_worst,9.13,common,0.0922275375028129
landmark_worst,9.135,common,0.09237302261853456
landmark_worst,9.14,common,0.0925205334034973
landmark_worst,9.145,common,0.09267007799856067
landmark_worst,9.15,common,0.09031422400203709
landmark_worst,9.15,pre,0.09282166443790787
landmark_worst,9.15,post,0.09031422400203709
landmark_worst,9.155,common,0.09044689177172967
landmark_worst,9.16,common,0.09058140823249407
landmark_worst,9.165,common,0.09071777942236177
landmark_worst,9.17,common,0.09085601125523295
landmark_worst,9.175,common,0.09099610951463613
landmark_worst,9.18,common,0.09113807984736913
landmark_worst,9.185,common,0.09128192775703835
landmark_worst,9.19,common,0.09142765859749631
landmark_worst,9.195,common,0.09157527756617828
landmark_worst,9.2,common,0.08943328968032853
landmark_worst,9.2,pre,0.0917247896973506
landmark_worst,9.2,post,0.08943328968032853
landmark_worst,9.205,common,0.0895649990308336
landmark_worst,9.21,common,0.08969841691864212
landmark_worst,9.215,common,0.08983354650206264
landmark_worst,9.22,common,0.08997039076503216
landmark_worst,9.225,common,0.09010895251101708
landmark_worst,9.23,common,0.0902492343568622
landmark_worst,9.235,common,0.09039123872661763
landmark_worst,9.24,common,0.09053496784531855
landmark_worst,9.245,common,0.0906804237327607
landmark_worst,9.25,common,0.08873800798828149
landmark_worst,9.25,pre,0.09082760819724228
landmark_worst,9.25,post,0.08873800798828149
landmark_worst,9.255,common,0.08886849239873307
landmark_worst,9.26,common,0.08900052949297857
landmark_worst,9.265,common,0.08913411936613155
landmark_worst,9.27,common,0.0892692619000739
landmark_worst,9.275,common,0.08940595675836328
landmark_worst,9.28,common,0.08954420338120819
landmark_worst,9.285,common,0.08968400098048307
landmark_worst,9.29,common,0.08982534853483226
landmark_worst,9.295,common,0.08996824478482814
landmark_worst,9.3,common,0.08821215491888822
landmark_worst,9.3,pre,0.09011268822823809
landmark_worst,9.3,post,0.08821215491888822
landmark_worst,9.305,common,0.08834100712150732
landmark_worst,9.31,common,0.08847123973227136
landmark_worst,9.315,common,0.08860284975557318
landmark_worst,9.32,common,0.08873583396433873
landmark_worst,9.325,common,0.08887018889705559
landmark_worst,9.33,common,0.08900591085494271
landmark_worst,9.335,common,0.08914299589931758
landmark_worst,9.34,common,0.08928143984913176
landmark_worst,9.345,common,0.0894212382787029
landmark_worst,9.35,common,0.08784042063591
landmark_worst,9.35,pre,0.08956238651566757
landmark_worst,9.35,post,0.08784042063591
landmark_worst,9.355,common,0.08796711946100064
landmark_worst,9.36,common,0.08809501100066977
landmark_worst,9.365,common,0.0882240893780652
landmark_worst,9.37,common,0.0883543484977466
landmark_worst,9.375,common,0.08848578204600581
landmark_worst,9.38,common,0.08861838349148733
landmark_worst,9.385,common,0.0887521460860974
landmark_worst,9.39,common,0.0888870628662176
landmark_worst,9.395,common,0.0890231266542519
landmark_worst,9.4,common,0.08760895979109315
landmark_worst,9.4,pre,0.08916033006048238
landmark_worst,9.4,post,0.08760895979109315
landmark_worst,9.405,common,0.08773291569813389
landmark_worst,9.41,common,0.08785786451830008
landmark_worst,9.415,common,0.0879837980196669
landmark_worst,9.42,common,0.08811070780601334
landmark_worst,9.425,common,0.0882385853216302
landmark_worst,9.43,common,0.08836742185651822
landmark_worst,9.435,common,0.08849720855198785
landmark_worst,9.44,common,0.08862793640668583
landmark_worst,9.445,common,0.08875959628302402
landmark_worst,9.45,common,0.08750511261081403
landmark_worst,9.45,pre,0.08889217891405538
landmark_worst,9.45,post,0.08750511261081403
landmark_worst,9.455,common,0.08762572794928854
landmark_worst,9.46,common,0.08774713028182994
landmark_worst,9.465,common,0.08786930992545187
landmark_worst,9.47,common,0.08799225713669322
landmark_worst,9.475,common,0.08811596212176645
landmark_worst,9.48,common,0.0882404150471534
landmark_worst,9.485,common,0.08836560605068543
landmark_worst,9.49,common,0.08849152525307313
landmark_worst,9.495,common,0.08861816276992569
landmark_worst,9.5,common,0.08751624198218161
landmark_worst,9.5,pre,0.0887455087242147
landmark_worst,9.5,post,0.08751624198218161
landmark_worst,9.505,common,0.08763297928913998
landmark_worst,9.51,common,0.0877503002534784
landmark_worst,9.515,common,0.08786819504379244
landmark_worst,9.52,common,0.08798665392461433
landmark_worst,9.525,common,0.08810566727211032
landmark_worst,9.53,common,0.08822522559025149
landmark_worst,9.535,common,0.08834531952740685
landmark_worst,9.54,common,0.0884659398933866
landmark_worst,9.545,common,0.08858707767689344
landmark_worst,9.55,common,0.08762776089312163
landmark_worst,9.55,pre,0.08870872406340116
landmark_worst,9.55,post,0.08762776089312163
landmark_worst,9.555,common,0.08774021033092386
landmark_worst,9.56,common,0.08785305364253107
landmark_worst,9.565,common,0.08796628250682835
landmark_worst,9.57,common,0.08807988890264212
landmark_worst,9.575,common,0.08819386512928731
landmark_worst,9.58,common,0.08830820382741342
landmark_worst,9.585,common,0.08842289800016898
landmark_worst,9.59,common,0.08853794103462831
landmark_worst,9.595,common,0.08865332672347237
landmark_worst,9.6,common,0.08782058941780711
landmark_worst,9.6,pre,0.08876904928690896
landmark_worst,9.6,post,0.08782058941780711
landmark_worst,9.605,common,0.08792852537608109
landmark_worst,9.61,common,0.08803669124407312
landmark_worst,9.615,common,0.08814508210236162
landmark_worst,9.62,common,0.08825369356781972
landmark_worst,9.625,common,0.08836252181702219
landmark_worst,9.63,common,0.08847156360972336
landmark_worst,9.635,common,0.0885808163123439
landmark_worst,9.64,common,0.08869027792144143
landmark_worst,9.645,common,0.08879994708713425
landmark_worst,9.65,common,0.08806844044663929
landmark_worst,9.65,pre,0.08890982313641894
landmark_worst,9.65,post,0.08806844044663929
landmark_worst,9.655,common,0.0881718577122541
landmark_worst,9.66,common,0.08827537882236632
landmark_worst,9.665,common,0.08837900417601559
landmark_worst,9.67,common,0.08848273495116722
landmark_worst,9.675,common,0.08858657312787557
landmark_worst,9.68,common,0.08869052151110664
landmark_worst,9.685,common,0.08879458375317939
landmark_worst,9.69,common,0.08889876437579283
landmark_worst,9.695,common,0.08900306879156283
landmark_worst,9.7,common,0.08833544336363029
landmark_worst,9.7,pre,0.08910750332505173
landmark_worst,9.7,post,0.08833544336363029
landmark_worst,9.705,common,0.08843456512741202
landmark_worst,9.71,common,0.0885337126281134
landmark_worst,9.715,common,0.08863289325251388
landmark_worst,9.72,common,0.08873211538099263
landmark_worst,9.725,common,0.0888313884064717
landmark_worst,9.73,common,0.08893072275255813
landmark_worst,9.735,common,0.08903012989086455
landmark_worst,9.74,common,0.08912962235742398
landmark_worst,9.745,common,0.08922921376818177
landmark_worst,9.75,common,0.08857464446558941
landmark_worst,9.75,pre,0.08932891883348477
landmark_worst,9.75,post,0.08857464446558941
landmark_worst,9.755,common,0.08866989760817619
landmark_worst,9.76,common,0.08876515248174026
landmark_worst,9.765,common,0.08886042458782617
landmark_worst,9.77,common,0.08895573057154024
landmark_worst,9.775,common,0.0890510882322115
landmark_worst,9.78,common,0.0891465165328441
landmark_worst,9.785,common,0.08924203560829234
landmark_worst,9.79,common,0.08933766677213834
landmark_worst,9.795,common,0.08943343252220642
landmark_worst,9.8,common,0.08872786636951709
landmark_worst,9.8,pre,0.08952935654470077
landmark_worst,9.8,post,0.08872786636951709
landmark_worst,9.805,common,0.08881982372702386
landmark_worst,9.81,common,0.08891181357692719
landmark_worst,9.815,common,0.08900385986617479
landmark_worst,9.82,common,0.08909598773934035
landmark_worst,9.825,common,0.0891882235378266
landmark_worst,9.83,common,0.08928059479752691
landmark_worst,9.835,common,0.08937313024493634
landmark_worst,9.84,common,0.08946585979167311
landmark_worst,9.845,common,0.08955881452739384
landmark_worst,9.85,common,0.08872727909830926
landmark_worst,9.85,pre,0.08965202671108985
landmark_worst,9.85,post,0.08872727909830926
landmark_worst,9.855,common,0.08881657350698068
landmark_worst,9.86,common,0.088905980301776
landmark_worst,9.865,common,0.0889955312621358
landmark_worst,9.87,common,0.08908525930587365
landmark_worst,9.875,common,0.08917519847541129
landmark_worst,9.88,common,0.08926538392238739
landmark_worst,9.885,common,0.08935585189062396
landmark_worst,9.89,common,0.08944663969745295
landmark_worst,9.895,common,0.08953778571341749
landmark_worst,9.9,common,0.08849884981873854
landmark_worst,9.9,pre,0.08962932934033187
landmark_worst,9.9,post,0.08849884981873854
landmark_worst,9.905,common,0.08858607023541636
landmark_worst,9.91,common,0.08867352035855047
landmark_worst,9.915,common,0.0887612382523144
landmark_worst,9.92,common,0.08884926294838354
landmark_worst,9.925,common,0.08893763441992195
landmark_worst,9.93,common,0.08902639355406786
landmark_worst,9.935,common,0.0891155821229419
landmark_worst,9.94,common,0.08920524275321379
landmark_worst,9.945,common,0.08929541889423716
landmark_worst,9.95,common,0.08796760624997337
landmark_worst,9.95,pre,0.08938615478480204
landmark_worst,9.95,post,0.08796760624997337
landmark_worst,9.955,common,0.08805319127121375
landmark_worst,9.96,common,0.08813914434844654
landmark_worst,9.965,common,0.08822550752512488
landmark_worst,9.97,common,0.08831232355123751
landmark_worst,9.975,common,0.08839963584783539
landmark_worst,9.98,common,0.08848748847039907
landmark_worst,9.985,common,0.08857592607111152
landmark_worst,9.99,common,0.08866499386005906
landmark_worst,9.995,common,0.08875473756542707
landmark_worst,10.0,common,0.08706437676941281
landmark_worst,10.0,pre,0.08884520339271933
landmark_worst,10.0,post,0.08706437676941281
landmark_worst,10.005,common,0.08714852410357213
landmark_worst,10.01,common,0.08723318012719994
landmark_worst,10.015,common,0.08731838811514592
landmark_worst,10.02,common,0.08740419173446369
landmark_worst,10.025,common,0.0874906350037249
landmark_worst,10.03,common,0.08757776225167067
landmark_worst,10.035,common,0.0876656180752396
landmark_worst,10.04,common,0.08775424729704313
landmark_worst,10.045,common,0.08784369492233017
landmark_worst,10.05,common,0.08573337517824238
landmark_worst,10.05,pre,0.08793400609550835
landmark_worst,10.05,post,0.08573337517824238
landmark_worst,10.055,common,0.08581598563766764
landmark_worst,10.06,common,0.0858992294820322
landmark_worst,10.065,common,0.08598314841560425
landmark_worst,10.07,common,0.0860677842109562
landmark_worst,10.075,common,0.08615317866786014
landmark_worst,10.08,common,0.08623937357201397
landmark_worst,10.085,common,0.08632641065367538
landmark_worst,10.09,common,0.08641433154623963
landmark_worst,10.095,common,0.08650317774482692
landmark_worst,10.1,common,0.08393972132517168
landmark_worst,10.1,pre,0.08659299056493366
landmark_worst,10.1,post,0.08393972132517168
landmark_worst,10.105,common,0.0840203917900207
landmark_worst,10.11,common,0.0841017895193096
landmark_worst,10.115,common,0.08418395217275362
landmark_worst,10.12,common,0.0842669171867669
landmark_worst,10.125,common,0.08435072173729322
landmark_worst,10.13,common,0.08443540270293733
landmark_worst,10.135,common,0.0845209966284346
landmark_worst,10.14,common,0.08460753968851069
landmark_worst,10.145,common,0.0846950676521789
landmark_worst,10.15,common,0.08167579662254867
landmark_worst,10.15,pre,0.08478361584751741
landmark_worst,10.15,post,0.08167579662254867
landmark_worst,10.155,common,0.08175386834412818
landmark_worst,10.16,common,0.08183272106742528
landmark_worst,10.165,common,0.08191238656648642
landmark_worst,10.17,common,0.08199289616527024
landmark_worst,10.175,common,0.08207428070770952
landmark_worst,10.18,common,0.08215657052839405
landmark_worst,10.185,common,0.08223979542391711
landmark_worst,10.19,common,0.08232398462492743
landmark_worst,10.195,common,0.0824091667689068
landmark_worst,10.2,common,0.07896530065512178
landmark_worst,10.2,pre,0.08249536987371699
landmark_worst,10.2,post,0.07896530065512178
landmark_worst,10.205,common,0.0790399586354604
landmark_worst,10.21,common,0.07911540862344027
landmark_worst,10.215,common,0.07919167547998009
landmark_worst,10.22,common,0.07926878347295074
landmark_worst,10.225,common,0.07934675625630501
landmark_worst,10.23,common,0.07942561685001476
landmark_worst,10.235,common,0.07950538762086
landmark_worst,10.24,common,0.07958609026407422
landmark_worst,10.245,common,0.07966774578586872
landmark_worst,10.25,common,0.07586405798072009
landmark_worst,10.25,pre,0.07975037448685886
landmark_worst,10.25,post,0.07586405798072009
landmark_worst,10.255,common,0.07593446638230182
landmark_worst,10.26,common,0.07600563919961387
landmark_worst,10.265,common,0.07607759420666359
landmark_worst,10.27,common,0.07615034852973021
landmark_worst,10.275,common,0.07622391863594964
landmark_worst,10.28,common,0.07629832032276675
landmark_worst,10.285,common,0.07637356870826559
landmark_worst,10.29,common,0.07644967822238473
landmark_worst,10.295,common,0.07652666259901982
landmark_worst,10.3,common,0.07245703599020814
landmark_worst,10.3,pre,0.07660453486901922
landmark_worst,10.3,post,0.07245703599020814
landmark_worst,10.305,common,0.07252248632020657
landmark_worst,10.31,common,0.07258864458535426
landmark_worst,10.315,common,0.07265552206208989
landmark_worst,10.32,common,0.07272312940422346
landmark_worst,10.325,common,0.07279147664011784
landmark_worst,10.33,common,0.07286057317066885
landmark_worst,10.335,common,0.07293042776808062
landmark_worst,10.34,common,0.07300104857543119
landmark_worst,10.345,common,0.07307244310702177
landmark_worst,10.35,common,0.06885163122229207
landmark_worst,10.35,pre,0.07314461824950533
landmark_worst,10.35,post,0.06885163122229207
landmark_worst,10.355,common,0.06891167666230183
landmark_worst,10.36,common,0.06897235794822597
landmark_worst,10.365,common,0.06903368102035203
landmark_worst,10.37,common,0.06909565128298883
landmark_worst,10.375,common,0.06915827360845983
landmark_worst,10.38,common,0.06922155234172976
landmark_worst,10.385,common,0.06928549130566541
landmark_worst,10.39,common,0.06935009380690688
landmark_worst,10.395,common,0.0694153626423429
landmark_worst,10.4,common,0.06516796075432585
landmark_worst,10.4,pre,0.06948130010617311
landmark_worst,10.4,post,0.06516796075432585
landmark_worst,10.405,common,0.06522251255862044
landmark_worst,10.41,common,0.06527762691276918
landmark_worst,10.415,common,0.06533330590467375
landmark_worst,10.42,common,0.06538955121056975
landmark_worst,10.425,common,0.06544636410350269
landmark_worst,10.43,common,0.06550374546224216
landmark_worst,10.435,common,0.06556169578060168
landmark_worst,10.44,common,0.0656202151771615
landmark_worst,10.445,common,0.06567930340536984
landmark_worst,10.45,common,0.06152750927941962
landmark_worst,10.45,pre,0.06573895986400143
landmark_worst,10.45,post,0.06152750927941962
landmark_worst,10.455,common,0.061576879128555445
landmark_worst,10.46,common,0.06162675012122844
landmark_worst,10.465,common,0.06167712203670401
landmark_worst,10.47,common,0.06172799437932822
landmark_worst,10.475,common,0.061779366389058815
landmark_worst,10.48,common,0.06183123705220793
landmark_worst,10.485,common,0.06188360511237974
landmark_worst,10.49,common,0.061936469081584636
landmark_worst,10.495,common,0.06198982725151004
landmark_worst,10.5,common,0.05804186537210748
landmark_worst,10.5,pre,0.06204367770493186
landmark_worst,10.5,post,0.05804186537210748
landmark_worst,10.505,common,0.05808674886786257
landmark_worst,10.51,common,0.058132093804445645
landmark_worst,10.515,common,0.05817789902447043
landmark_worst,10.52,common,0.058224163222339156
landmark_worst,10.525,common,0.05827088495466673
landmark_worst,10.53,common,0.058318062650721786
landmark_worst,10.535,common,0.05836569462287043
landmark_worst,10.54,common,0.05841377907701327
landmark_worst,10.545,common,0.058462314122989655
landmark_worst,10.55,common,0.054803296717885155
landmark_worst,10.55,pre,0.058511297784946015
landmark_worst,10.55,post,0.054803296717885155
landmark_worst,10.555,common,0.05484470480271826
landmark_worst,10.56,common,0.05488656164247619
landmark_worst,10.565,common,0.054928866176363784
landmark_worst,10.57,common,0.05497161729560274
landmark_worst,10.575,common,0.05501481385216175
landmark_worst,10.58,common,0.055058454667376355
landmark_worst,10.585,common,0.055102538540432046
landmark_worst,10.59,common,0.055147064256718115
landmark_worst,10.595,common,0.05519203059602431
landmark_worst,10.6,common,0.05187851946770777
landmark_worst,10.6,pre,0.05523743634058496
landmark_worst,10.6,post,0.05187851946770777
landmark_worst,10.605,common,0.05191767347158915
landmark_worst,10.61,common,0.05195729105809923
landmark_worst,10.615,common,0.05199737187539467
landmark_worst,10.62,common,0.05203791558893138
landmark_worst,10.625,common,0.05207892188769775
landmark_worst,10.63,common,0.05212039049025312
landmark_worst,10.635,common,0.05216232115057761
landmark_worst,10.64,common,0.05220471366373064
landmark_worst,10.645,common,0.052247567871307764
landmark_worst,10.65,common,0.04930630172633003
landmark_worst,10.65,pre,0.05229088366669481
landmark_worst,10.65,post,0.04930630172633003
landmark_worst,10.655,common,0.0493445120948972
landmark_worst,10.66,common,0.04938322461832228
landmark_worst,10.665,common,0.04942243985106191
landmark_worst,10.67,common,0.04946215839509336
landmark_worst,10.675,common,0.04950238090357621
landmark_worst,10.68,common,0.04954310808433846
landmark_worst,10.685,common,0.0495843407031701
landmark_worst,10.69,common,0.049626079586930695
landmark_worst,10.695,common,0.04966832562647354
landmark_worst,10.7,common,0.047163556313092395
landmark_worst,10.7,pre,0.049711079779389426
landmark_worst,10.7,post,0.047163556313092395
landmark_worst,10.705,common,0.04726504653188899
landmark_worst,10.71,common,0.04736784330642151
landmark_worst,10.715,common,0.04747194863530761
landmark_worst,10.72,common,0.047577364612625656
landmark_worst,10.725,common,0.04768409342870361
landmark_worst,10.73,common,0.04779213737082151
landmark_worst,10.735,common,0.04790149882382492
landmark_worst,10.74,common,0.0480121802706314
landmark_worst,10.745,common,0.04812418429266177
landmark_worst,10.75,common,0.046420034859141354
landmark_worst,10.75,pre,0.04823751357015631
landmark_worst,10.75,post,0.046420034859141354
landmark_worst,10.755,common,0.04651700614420509
landmark_worst,10.76,common,0.046615171727373735
landmark_worst,10.765,common,0.04671453432708992
landmark_worst,10.77,common,0.04681509678307775
landmark_worst,10.775,common,0.046916862056740095
landmark_worst,10.78,common,0.04701983323146895
landmark_worst,10.785,common,0.04712401351284254
landmark_worst,10.79,common,0.04722940622872061
landmark_worst,10.795,common,0.04733601482922995
landmark_worst,10.8,common,0.04586265722489222
landmark_worst,10.8,pre,0.04744384288664947
landmark_worst,10.8,post,0.04586265722489222
landmark_worst,10.805,common,0.04595568272089765
landmark_worst,10.81,common,0.04604981015428744
landmark_worst,10.815,common,0.046145043287242345
landmark_worst,10.82,common,0.04624138602615987
landmark_worst,10.825,common,0.04633884242156386
landmark_worst,10.83,common,0.04643741666787815
landmark_worst,10.835,common,0.04653711310310116
landmark_worst,10.84,common,0.046637936208354096
landmark_worst,10.845,common,0.04673989060730788
landmark_worst,10.85,common,0.04546558660068754
landmark_worst,10.85,pre,0.046842981065501076
landmark_worst,10.85,post,0.04546558660068754
landmark_worst,10.855,common,0.04555526066446082
landmark_worst,10.86,common,0.045645964863473346
landmark_worst,10.865,common,0.04573770425580577
landmark_worst,10.87,common,0.04583048406186379
landmark_worst,10.875,common,0.045924309663624936
landmark_worst,10.88,common,0.04601918660377278
landmark_worst,10.885,common,0.04611512058469195
landmark_worst,10.89,common,0.04621211746733481
landmark_worst,10.895,common,0.046310183269965485
landmark_worst,10.9,common,0.04519996373098657
landmark_worst,10.9,pre,0.04640932416676079
landmark_worst,10.9,post,0.04519996373098657
landmark_worst,10.905,common,0.045286873386441925
landmark_worst,10.91,common,0.045374761548629815
landmark_worst,10.915,common,0.04546363473423473
landmark_worst,10.92,common,0.045553499633653516
landmark_worst,10.925,common,0.04564436310947599
landmark_worst,10.93,common,0.04573623219481985
landmark_worst,10.935,common,0.045829114091522086
landmark_worst,10.94,common,0.04592301616820486
landmark_worst,10.945,common,0.04601794595818418
landmark_worst,10.95,common,0.04503553289914776
landmark_worst,10.95,pre,0.04611391115725305
landmark_worst,10.95,post,0.04503553289914776
landmark_worst,10.955,common,0.04512023353283691
landmark_worst,10.96,common,0.04520587985856364
landmark_worst,10.965,common,0.045292479913832236
landmark_worst,10.97,common,0.045380041913074196
landmark_worst,10.975,common,0.04546857424523578
landmark_worst,10.98,common,0.04555808547121215
landmark_worst,10.985,common,0.0456485843211438
landmark_worst,10.99,common,0.04574007969155599
landmark_worst,10.995,common,0.045832580642366554
landmark_worst,11.0,common,0.04494178776743108
landmark_worst,11.0,pre,0.04592609639373481
landmark_worst,11.0,post,0.04494178776743108
landmark_worst,11.005,common,0.04502478221257255
landmark_worst,11.01,common,0.04510870614295395
landmark_worst,11.015,common,0.04519356907606294
landmark_worst,11.02,common,0.045279380700509624
landmark_worst,11.025,common,0.04536615087265084
landmark_worst,11.03,common,0.04545388961308112
landmark_worst,11.035,common,0.04554260710296294
landmark_worst,11.04,common,0.045632313680221095
landmark_worst,11.045,common,0.045723019835583245
landmark_worst,11.05,common,0.04488867218699345
landmark_worst,11.05,pre,0.04581473620848914
landmark_worst,11.05,post,0.04488867218699345
landmark_worst,11.055,common,0.0449703928412269
landmark_worst,11.06,common,0.04505304051681925
landmark_worst,11.065,common,0.045136626073748506
landmark_worst,11.07,common,0.04522116052821904
landmark_worst,11.075,common,0.04530665504835122
landmark_worst,11.08,common,0.04539312094971567
landmark_worst,11.085,common,0.045480569690733975
landmark_worst,11.09,common,0.04556901286793499
landmark_worst,11.095,common,0.04565846221107436
landmark_worst,11.1,common,0.04484691442920902
landmark_worst,11.1,pre,0.04574892957812343
landmark_worst,11.1,post,0.04484691442920902
landmark_worst,11.105,common,0.04492770855880847
landmark_worst,11.11,common,0.045009437697037025
landmark_worst,11.115,common,0.04509211382637573
landmark_worst,11.12,common,0.04517574906227765
landmark_worst,11.125,common,0.04526035564796257
landmark_worst,11.13,common,0.04534594594909112
landmark_worst,11.135,common,0.04543253244830439
landmark_worst,11.14,common,0.04552012773962992
landmark_worst,11.145,common,0.04560874452277948
landmark_worst,11.15,common,0.044788097974046384
landmark_worst,11.15,pre,0.04569839559730609
landmark_worst,11.15,post,0.044788097974046384
landmark_worst,11.155,common,0.04486821662873671
landmark_worst,11.16,common,0.0449492852602848
landmark_worst,11.165,common,0.045031316690191704
landmark_worst,11.17,common,0.04511432384253141
landmark_worst,11.175,common,0.045198319737992584
landmark_worst,11.18,common,0.04528331748779169
landmark_worst,11.185,common,0.04536933028747908
landmark_worst,11.19,common,0.045456371410632516
landmark_worst,11.195,common,0.04554445420243844
landmark_worst,11.2,common,0.0446845864373551
landmark_worst,11.2,pre,0.04563359207317826
landmark_worst,11.2,post,0.0446845864373551
landmark_worst,11.205,common,0.04476417733313192
landmark_worst,11.21,common,0.04484473673098416
landmark_worst,11.215,common,0.044926277963964895
landmark_worst,11.22,common,0.04500881443159977
landmark_worst,11.225,common,0.045092359593294946
landmark_worst,11.23,common,0.045176926961625515
landmark_worst,11.235,common,0.04526253009554509
landmark_worst,11.24,common,0.04534918259347949
landmark_worst,11.245,common,0.04543689808634582
landmark_worst,11.25,common,0.044509430531059394
landmark_worst,11.25,pre,0.045525690230470914
landmark_worst,11.25,post,0.044509430531059394
landmark_worst,11.255,common,0.04458853492650168
landmark_worst,11.26,common,0.04466862669118195
landmark_worst,11.265,common,0.044749719314264386
landmark_worst,11.27,common,0.04483182631082481
landmark_worst,11.275,common,0.044914961214722285
landmark_worst,11.28,common,0.04499913757139201
landmark_worst,11.285,common,0.04508436893054513
landmark_worst,11.29,common,0.04517066883879033
landmark_worst,11.295,common,0.045258050832171194
landmark_worst,11.3,common,0.04423639246205292
landmark_worst,11.3,pre,0.04534652842863494
landmark_worst,11.3,post,0.04423639246205292
landmark_worst,11.305,common,0.044314945669998246
landmark_worst,11.31,common,0.04439450252984357
landmark_worst,11.315,common,0.0444750763135345
landmark_worst,11.32,common,0.044556680274729143
landmark_worst,11.325,common,0.04463932764123761
landmark_worst,11.33,common,0.04472303160737276
landmark_worst,11.335,common,0.04480780532623118
landmark_worst,11.34,common,0.044893661901896344
landmark_worst,11.345,common,0.04498061438157272
landmark_worst,11.35,common,0.04384022349667799
landmark_worst,11.35,pre,0.0450686757476493
landmark_worst,11.35,post,0.04384022349667799
landmark_worst,11.355,common,0.043918058497937
landmark_worst,11.36,common,0.043996908215297226
landmark_worst,11.365,common,0.04407678531688911
landmark_worst,11.37,common,0.04415770240523688
landmark_worst,11.375,common,0.04423967200930372
landmark_worst,11.38,common,0.0443227065764676
landmark_worst,11.385,common,0.0444068184644256
landmark_worst,11.39,common,0.044492019933030015
landmark_worst,11.395,common,0.044578323136062414
landmark_worst,11.4,common,0.04329731451479658
landmark_worst,11.4,pre,0.0446657401129402
landmark_worst,11.4,post,0.04329731451479658
landmark_worst,11.405,common,0.04337416835526599
landmark_worst,11.41,common,0.04345204038126231
landmark_worst,11.415,common,0.04353094225998809
landmark_worst,11.42,common,0.04361088554307165
landmark_worst,11.425,common,0.0436918816582917
landmark_worst,11.43,common,0.043773941901236735
landmark_worst,11.435,common,0.04385707742690413
landmark_worst,11.44,common,0.04394129924123783
landmark_worst,11.445,common,0.04402661819261222
landmark_worst,11.45,common,0.04258679676654706
landmark_worst,11.45,pre,0.04411304496325911
landmark_worst,11.45,post,0.04258679676654706
landmark_worst,11.455,common,0.042662320019516975
landmark_worst,11.46,common,0.04273885519629782
landmark_worst,11.465,common,0.042816412561797745
landmark_worst,11.47,common,0.042895002213712057
landmark_worst,11.475,common,0.04297463407405011
landmark_worst,11.48,common,0.04305531788060696
landmark_worst,11.485,common,0.04313706317839115
landmark_worst,11.49,common,0.0432198793110096
landmark_worst,11.495,common,0.043303775412014356
landmark_worst,11.5,common,0.04169209355656395
landmark_worst,11.5,pre,0.04338876039620601
landmark_worst,11.5,post,0.04169209355656395
landmark_worst,11.505,common,0.04176586388578661
landmark_worst,11.51,common,0.041840628302509966
landmark_worst,11.515,common,0.04191639527885149
landmark_worst,11.52,common,0.04199317306836101
landmark_worst,11.525,common,0.04207096969756647
landmark_worst,11.53,common,0.04214979295750641
landmark_worst,11.535,common,0.0422296503952336
landmark_worst,11.54,common,0.042310549305314964
landmark_worst,11.545,common,0.04239249672131633
landmark_worst,11.55,common,0.04060281468766182
landmark_worst,11.55,pre,0.0424754994072817
landmark_worst,11.55,post,0.04060281468766182
landmark_worst,11.555,common,0.0406743560436285
landmark_worst,11.56,common,0.04074686067706219
landmark_worst,11.565,common,0.04082033491454044
landmark_worst,11.57,common,0.040894784816185234
landmark_worst,11.575,common,0.04097021616760576
landmark_worst,11.58,common,0.04104663447185485
landmark_worst,11.585,common,0.04112404494141375
landmark_worst,11.59,common,0.041202452490205974
landmark_worst,11.595,common,0.04128186172565145
landmark_worst,11.6,common,0.039316758710884914
landmark_worst,11.6,pre,0.04136227694076014
landmark_worst,11.6,post,0.039316758710884914
landmark_worst,11.605,common,0.03938556748824229
landmark_worst,11.61,common,0.039455295039119966
landmark_worst,11.615,common,0.03952594526695531
landmark_worst,11.62,common,0.03959752176868149
landmark_worst,11.625,common,0.039670027827544745
landmark_worst,11.63,common,0.039743466406002195
landmark_worst,11.635,common,0.03981784013869907
landmark_worst,11.64,common,0.03989315132553998
landmark_worst,11.645,common,0.03996940192485801
landmark_worst,11.65,common,0.03784167212991407
landmark_worst,11.65,pre,0.04004659354669727
landmark_worst,11.65,post,0.03784167212991407
landmark_worst,11.655,common,0.037907250429775344
landmark_worst,11.66,common,0.03797368952047329
landmark_worst,11.665,common,0.03804099072205043
landmark_worst,11.67,common,0.03810915502083202
landmark_worst,11.675,common,0.038178183063695276
landmark_worst,11.68,common,0.03824807515248068
landmark_worst,11.685,common,0.03831883123856113
landmark_worst,11.69,common,0.038390450917565974
landmark_worst,11.695,common,0.03846293342427902
landmark_worst,11.7,common,0.036196348274476646
landmark_worst,11.7,pre,0.038536277627720834
landmark_worst,11.7,post,0.036196348274476646
landmark_worst,11.705,common,0.03625824233104186
landmark_worst,11.71,common,0.03632092705281619
landmark_worst,11.715,common,0.0363844011710958
landmark_worst,11.72,common,0.036448663073846796
landmark_worst,11.725,common,0.036513710801986884
landmark_worst,11.73,common,0.03657954204587706
landmark_worst,11.735,common,0.03664615414203801
landmark_worst,11.74,common,0.036713544070088276
landmark_worst,11.745,common,0.036781708449932275
landmark_worst,11.75,common,0.03441066901115244
landmark_worst,11.75,pre,0.03685064353918831
landmark_worst,11.75,post,0.03441066901115244
landmark_worst,11.755,common,0.034468508389913784
landmark_worst,11.76,common,0.034527058641506375
landmark_worst,11.765,common,0.03458631608026306
landmark_worst,11.77,common,0.03464627668859149
landmark_worst,11.775,common,0.03470693611570242
landmark_worst,11.78,common,0.03476828967660133
landmark_worst,11.785,common,0.034830332351350406
landmark_worst,11.79,common,0.034893058784618104
landmark_worst,11.795,common,0.034956463285511864
landmark_worst,11.8,common,0.03269049215788756
landmark_worst,11.8,pre,0.035020539827713734
landmark_worst,11.8,post,0.03269049215788756
landmark_worst,11.805,common,0.03274032503063856
landmark_worst,11.81,common,0.03279102968827073
landmark_worst,11.815,common,0.032842609119952876
landmark_worst,11.82,common,0.03289506617332081
landmark_worst,11.825,common,0.032948403553160206
landmark_worst,11.83,common,0.03300262382011032
landmark_worst,11.835,common,0.03305772938940207
landmark_worst,11.84,common,0.03311372252961928
landmark_worst,11.845,common,0.03317060536148321
landmark_worst,11.85,common,0.031753731140435344
landmark_worst,11.85,pre,0.03322837985667099
landmark_worst,11.85,post,0.031753731140435344
landmark_worst,11.855,common,0.031803456980224
landmark_worst,11.86,common,0.031853996953515366
landmark_worst,11.865,common,0.03190535200104524
landmark_worst,11.87,common,0.03195752291641792
landmark_worst,11.875,common,0.03201051034552178
landmark_worst,11.88,common,0.032064314785979854
landmark_worst,11.885,common,0.032118936586627525
landmark_worst,11.89,common,0.032174375947010926
landmark_worst,11.895,common,0.032230632916923525
landmark_worst,11.9,common,0.030807947011328433
landmark_worst,11.9,pre,0.03228770739595469
landmark_worst,11.9,post,0.030807947011328433
landmark_worst,11.905,common,0.0308570366554825
landmark_worst,11.91,common,0.030906865742799654
landmark_worst,11.915,common,0.030957433212813655
landmark_worst,11.92,common,0.03100873786234364
landmark_worst,11.925,common,0.0310607783457107
landmark_worst,11.93,common,0.031113553174975588
landmark_worst,11.935,common,0.031167060720206505
landmark_worst,11.94,common,0.031221299209778806
landmark_worst,11.945,common,0.031276266730693794
landmark_worst,11.95,common,0.029866593324177487
landmark_worst,11.95,pre,0.03133196122893438
landmark_worst,11.95,post,0.029866593324177487
landmark_worst,11.955,common,0.029914476119105315
landmark_worst,11.96,common,0.029963008672876445
landmark_worst,11.965,common,0.030012188086711578
landmark_worst,11.97,common,0.030062011333973897
landmark_worst,11.975,common,0.030112475261210147
landmark_worst,11.98,common,0.03016357658920699
landmark_worst,11.985,common,0.030215311914087467
landmark_worst,11.99,common,0.030267677708430037
landmark_worst,11.995,common,0.030320670322422996
landmark_worst,12.0,common,0.02893973077385524
landmark_worst,12.0,pre,0.030374285985041296
landmark_worst,12.0,post,0.02893973077385524
landmark_worst,12.005,common,0.028985810285260746
landmark_worst,12.01,common,0.02903243796208732
landmark_worst,12.015,common,0.02907960934468867
landmark_worst,12.02,common,0.02912731987082627
landmark_worst,12.025,common,0.029175564877529387
landmark_worst,12.03,common,0.029224339602998473
landmark_worst,12.035,common,0.029273639188524846
landmark_worst,12.04,common,0.02932345868046234
landmark_worst,12.045,common,0.029373793032210934
landmark_worst,12.05,common,0.02803398718198284
landmark_worst,12.05,pre,0.029424637106251494
landmark_worst,12.05,post,0.02803398718198284
landmark_worst,12.055,common,0.028077662065179868
landmark_worst,12.06,common,0.028121775688809338
landmark_worst,12.065,common,0.028166322417726142
landmark_worst,12.07,common,0.02821129654931317
landmark_worst,12.075,common,0.028256692316160296
landmark_worst,12.08,common,0.028302503888770012
landmark_worst,12.085,common,0.028348725378302134
landmark_worst,12.09,common,0.02839535083934935
landmark_worst,12.095,common,0.028442374272745204
landmark_worst,12.1,common,0.02715341761166159
landmark_worst,12.1,pre,0.028489789628416657
landmark_worst,12.1,post,0.02715341761166159
landmark_worst,12.105,common,0.027194109502920442
landmark_worst,12.11,common,0.02723512784754723
landmark_worst,12.115,common,0.027276466314739546
landmark_worst,12.12,common,0.027318118549988717
landmark_worst,12.125,common,0.02736007817848019
landmark_worst,12.13,common,0.027402338808532004
landmark_worst,12.135,common,0.027444894035056497
landmark_worst,12.14,common,0.02748773744305076
landmark_worst,12.145,common,0.027530862611127263
landmark_worst,12.15,common,0.026301034075020737
landmark_worst,12.15,pre,0.027574263115059488
landmark_worst,12.15,post,0.026301034075020737
landmark_worst,12.155,common,0.026338223011683842
landmark_worst,12.16,common,0.02637562891978439
landmark_worst,12.165,common,0.026413245324373533
landmark_worst,12.17,common,0.02645106577696878
landmark_worst,12.175,common,0.026489083859503566
landmark_worst,12.18,common,0.026527293188292805
landmark_worst,12.185,common,0.026565687418008577
landmark_worst,12.19,common,0.026604260245680394
landmark_worst,12.195,common,0.026643005414696313
landmark_worst,12.2,common,0.025480522178166095
landmark_worst,12.2,pre,0.02668191671882766
landmark_worst,12.2,post,0.025480522178166095
landmark_worst,12.205,common,0.0255137874939285
landmark_worst,12.21,common,0.02554716913763789
landmark_worst,12.215,common,0.025580661078288262
landmark_worst,12.22,common,0.025614257364401028
landmark_worst,12.225,common,0.025647952128194828
landmark_worst,12.23,common,0.02568173958973705
landmark_worst,12.235,common,0.02571561406109457
landmark_worst,12.24,common,0.025749569950453327
landmark_worst,12.245,common,0.025783601766233726
landmark_worst,12.25,common,0.024697545289341007
landmark_worst,12.25,pre,0.025817704121169145
landmark_worst,12.25,post,0.024697545289341007
landmark_worst,12.255,common,0.024726606958887877
landmark_worst,12.26,common,0.024755699063919827
landmark_worst,12.265,common,0.02478481659367335
landmark_worst,12.27,common,0.024813954667949185
landmark_worst,12.275,common,0.02484310854102941
landmark_worst,12.28,common,0.024872273605548476
landmark_worst,12.285,common,0.024901445396298807
landmark_worst,12.29,common,0.024930619593985754
landmark_worst,12.295,common,0.024959792028909637
landmark_worst,12.3,common,0.0239601497791085
landmark_worst,12.3,pre,0.024988958684586608
landmark_worst,12.3,post,0.0239601497791085
landmark_worst,12.305,common,0.02398490312422993
landmark_worst,12.31,common,0.02400962094992165
landmark_worst,12.315,common,0.024034299771625432
landmark_worst,12.32,common,0.02405893627844907
landmark_worst,12.325,common,0.024083527336280122
landmark_worst,12.33,common,0.024108069990789086
landmark_worst,12.335,common,0.024132561470334747
landmark_worst,12.34,common,0.024156999188753286
landmark_worst,12.345,common,0.024185405961250447
landmark_worst,12.35,common,0.023509490430054725
landmark_worst,12.35,pre,0.024234080385058414
landmark_worst,12.35,post,0.023509490430054725
landmark_worst,12.355,common,0.023549663510158587
landmark_worst,12.36,common,0.023590622618332432
landmark_worst,12.365,common,0.023632374316475656
landmark_worst,12.37,common,0.023674925220380026
landmark_worst,12.375,common,0.02371828199729103
landmark_worst,12.38,common,0.023762451363397774
landmark_worst,12.385,common,0.023807440081211516
landmark_worst,12.39,common,0.02385325495685714
landmark_worst,12.395,common,0.023899902837274986
landmark_worst,12.4,common,0.023267653305743322
landmark_worst,12.4,pre,0.023947390607322885
landmark_worst,12.4,post,0.023267653305743322
landmark_worst,12.405,common,0.023306801914171442
landmark_worst,12.41,common,0.023346695410171783
landmark_worst,12.415,common,0.023387339845191
landmark_worst,12.42,common,0.023428741306550774
landmark_worst,12.425,common,0.023470905914742803
landmark_worst,12.43,common,0.023513839820625316
landmark_worst,12.435,common,0.023557549202553197
landmark_worst,12.44,common,0.023602040263437835
landmark_worst,12.445,common,0.02364731922772245
landmark_worst,12.45,common,0.023051981801495872
landmark_worst,12.45,pre,0.02369339233829849
landmark_worst,12.45,post,0.023051981801495872
landmark_worst,12.455,common,0.02308988425255491
landmark_worst,12.46,common,0.023128487992164323
landmark_worst,12.465,common,0.023167798500079412
landmark_worst,12.47,common,0.023207821275215233
landmark_worst,12.475,common,0.023248561832893134
landmark_worst,12.48,common,0.023290025702015382
landmark_worst,12.485,common,0.023332218422206515
landmark_worst,12.49,common,0.023375145540884226
landmark_worst,12.495,common,0.02341881261030488
landmark_worst,12.5,common,0.02285473622734214
landmark_worst,12.5,pre,0.023463225184538028
landmark_worst,12.5,post,0.02285473622734214
landmark_worst,12.505,common,0.02289117029599222
landmark_worst,12.51,common,0.022928260475231554
landmark_worst,12.515,common,0.022966011667350204
landmark_worst,12.52,common,0.023004428781199182
landmark_worst,12.525,common,0.02304351672964405
landmark_worst,12.53,common,0.023083280427017825
landmark_worst,12.535,common,0.023123724786520167
landmark_worst,12.54,common,0.023164854717621156
landmark_worst,12.545,common,0.023206675123414306
landmark_worst,12.55,common,0.02266995848401988
landmark_worst,12.55,pre,0.023249190897975124
landmark_worst,12.55,post,0.02266995848401988
landmark_worst,12.555,common,0.022704731708197107
landmark_worst,12.56,common,0.022740115906831247
landmark_worst,12.565,common,0.022776115477315277
landmark_worst,12.57,common,0.02281273481774234
landmark_worst,12.575,common,0.022849978324866557
landmark_worst,12.58,common,0.022887850392038465
landmark_worst,12.585,common,0.022926355407159094
landmark_worst,12.59,common,0.02296549775061506
landmark_worst,12.595,common,0.02300528179321794
landmark_worst,12.6,common,0.02249415620782998
landmark_worst,12.6,pre,0.023045711894159104
landmark_worst,12.6,post,0.02249415620782998
landmark_worst,12.605,common,0.022527142435455137
landmark_worst,12.61,common,0.022560696945358387
landmark_worst,12.615,common,0.022594823794197
landmark_worst,12.62,common,0.02262952704207606
landmark_worst,12.625,common,0.02266481075113522
landmark_worst,12.63,common,0.022700678984173512
landmark_worst,12.635,common,0.022737135803264055
landmark_worst,12.64,common,0.022774185268380737
landmark_worst,12.645,common,0.022811831436050905
landmark_worst,12.65,common,0.022326600890665817
landmark_worst,12.65,pre,0.02285007835799949
landmark_worst,12.65,post,0.022326600890665817
landmark_worst,12.655,common,0.022357777605122416
landmark_worst,12.66,common,0.022389485380409784
landmark_worst,12.665,common,0.022421728184681564
landmark_worst,12.67,common,0.022454510001085993
landmark_worst,12.675,common,0.022487834827032947
landmark_worst,12.68,common,0.02252170667345417
landmark_worst,12.685,common,0.02255612956407311
landmark_worst,12.69,common,0.022591107534682905
landmark_worst,12.695,common,0.02262664463242055
landmark_worst,12.7,common,0.022169070298229895
landmark_worst,12.7,pre,0.022662744915056144
landmark_worst,12.7,post,0.022169070298229895
landmark_worst,12.705,common,0.02219854900829794
landmark_worst,12.71,common,0.02222853029252905
landmark_worst,12.715,common,0.02225901834479645
landmark_worst,12.72,common,0.022290017392378708
landmark_worst,12.725,common,0.022321531695670697
landmark_worst,12.73,common,0.02235356554785843
landmark_worst,12.735,common,0.022386123274594123
landmark_worst,12.74,common,0.022419209233625226
landmark_worst,12.745,common,0.022452827814426042
landmark_worst,12.75,common,0.022024994158107686
landmark_worst,12.75,pre,0.022486983437775953
landmark_worst,12.75,post,0.022024994158107686
landmark_worst,12.755,common,0.02205303555391643
landmark_worst,12.76,common,0.022081562687527135
landmark_worst,12.765,common,0.02211058030559622
landmark_worst,12.77,common,0.022140093209118035
landmark_worst,12.775,common,0.022170106253122095
landmark_worst,12.78,common,0.022200624346334397
landmark_worst,12.785,common,0.0222316524507464
landmark_worst,12.79,common,0.022263195581143515
landmark_worst,12.795,common,0.02229525880453781
landmark_worst,12.8,common,0.02189814486107987
landmark_worst,12.8,pre,0.022327847239546603
landmark_worst,12.8,post,0.02189814486107987
landmark_worst,12.805,common,0.021925152289208088
landmark_worst,12.81,common,0.021952642167475413
landmark_worst,12.815,common,0.02198062007005737
landmark_worst,12.82,common,0.022009091642807278
landmark_worst,12.825,common,0.022038062602392498
landmark_worst,12.83,common,0.022067538735299846
landmark_worst,12.835,common,0.022097525896739884
landmark_worst,12.84,common,0.02212803000941982
landmark_worst,12.845,common,0.022159057062190127
landmark_worst,12.85,common,0.021791175877410914
landmark_worst,12.85,pre,0.022190613108580188
landmark_worst,12.85,post,0.021791175877410914
landmark_worst,12.855,common,0.021817664878653286
landmark_worst,12.86,common,0.02184464690071428
landmark_worst,12.865,common,0.021872128501633024
landmark_worst,12.87,common,0.02190011631850524
landmark_worst,12.875,common,0.02192861706543464
landmark_worst,12.88,common,0.02195763753134423
landmark_worst,12.885,common,0.02198718457761396
landmark_worst,12.89,common,0.02201726513555275
landmark_worst,12.895,common,0.022047886203721754
landmark_worst,12.9,common,0.021704372596452724
landmark_worst,12.9,pre,0.022079054845074053
landmark_worst,12.9,post,0.021704372596452724
landmark_worst,12.905,common,0.02173091964514126
landmark_worst,12.91,common,0.02175798257505597
landmark_worst,12.915,common,0.021785568918322448
landmark_worst,12.92,common,0.021813686278667824
landmark_worst,12.925,common,0.02184234232782709
landmark_worst,12.93,common,0.02187154480176207
landmark_worst,12.935,common,0.02190130149669941
landmark_worst,12.94,common,0.021931620264998838
landmark_worst,12.945,common,0.02196250901083674
landmark_worst,12.95,common,0.021634910417323523
landmark_worst,12.95,pre,0.021993975685727276
landmark_worst,12.95,post,0.021634910417323523
landmark_worst,12.955,common,0.021662088829188
landmark_worst,12.96,common,0.021689814929628886
landmark_worst,12.965,common,0.02171809703508871
landmark_worst,12.97,common,0.021746943509685045
landmark_worst,12.975,common,0.021776362759996733
landmark_worst,12.98,common,0.021806363229677668
landmark_worst,12.985,common,0.021836953393910286
landmark_worst,12.99,common,0.0218681417537052
landmark_worst,12.995,common,0.021899936830055748
landmark_worst,13.0,common,0.021576743516903935
landmark_worst,13.0,pre,0.0219323471579467
landmark_worst,13.0,post,0.021576743516903935
landmark_worst,13.005,common,0.021605057134765272
landmark_worst,13.01,common,0.02163395455702868
landmark_worst,13.015,common,0.02166344453962385
landmark_worst,13.02,common,0.021693535847850772
landmark_worst,13.025,common,0.02172423724984411
landmark_worst,13.03,common,0.021755557509931918
landmark_worst,13.035,common,0.021787505381879877
landmark_worst,13.04,common,0.021820089602048474
landmark_worst,13.045,common,0.021853318882448135
landmark_worst,13.05,common,0.021521048238296408
landmark_worst,13.05,pre,0.02188720190373186
landmark_worst,13.05,post,0.021521048238296408
landmark_worst,13.055,common,0.021550873227140357
landmark_worst,13.06,common,0.021581317216852244
landmark_worst,13.065,common,0.02161238895813875
landmark_worst,13.07,common,0.021644097163507913
landmark_worst,13.075,common,0.021676450500019838
landmark_worst,13.08,common,0.02170945758198469
landmark_worst,13.085,common,0.021743126963637862
landmark_worst,13.09,common,0.021777467131794355
landmark_worst,13.095,common,0.021812486498482445
landmark_worst,13.1,common,0.02145699302178414
landmark_worst,13.1,pre,0.021848193393597712
landmark_worst,13.1,post,0.02145699302178414
landmark_worst,13.105,common,0.021488535314513755
landmark_worst,13.11,common,0.021520725794266907
landmark_worst,13.115,common,0.021553572729758337
landmark_worst,13.12,common,0.021587084301239942
landmark_worst,13.125,common,0.021621268593208127
landmark_worst,13.13,common,0.021656133587161636
landmark_worst,13.135,common,0.021691687154393877
landmark_worst,13.14,common,0.021727937048843887
landmark_worst,13.145,common,0.021764890900020737
landmark_worst,13.15,common,0.021372548316236924
landmark_worst,13.15,pre,0.021802556205996595
landmark_worst,13.15,post,0.021372548316236924
landmark_worst,13.155,common,0.021405820193919043
landmark_worst,13.16,common,0.02143975905011705
landmark_worst,13.165,common,0.02147437222514082
landmark_worst,13.17,common,0.0215096669240951
landmark_worst,13.175,common,0.021545650210196245
landmark_worst,13.18,common,0.021582328998191416
landmark_worst,13.185,common,0.021619710047882337
landmark_worst,13.19,common,0.02165779995778307
landmark_worst,13.195,common,0.02169660515888602
landmark_worst,13.2,common,0.02125509371084957
landmark_worst,13.2,pre,0.02173613190858204
landmark_worst,13.2,post,0.02125509371084957
landmark_worst,13.205,common,0.0212899091395626
landmark_worst,13.21,common,0.021325396600374923
landmark_worst,13.215,common,0.021361562134936053
landmark_worst,13.22,common,0.02139841161129688
landmark_worst,13.225,common,0.02143595071830048
landmark_worst,13.23,common,0.021474184960118457
landmark_worst,13.235,common,0.021513119650950686
landmark_worst,13.24,common,0.021552759909879943
landmark_worst,13.245,common,0.021593110655899684
landmark_worst,13.25,common,0.021091705525624813
landmark_worst,13.25,pre,0.021634176603111482
landmark_worst,13.25,post,0.021091705525624813
landmark_worst,13.255,common,0.02112769130433845
landmark_worst,13.26,common,0.02116433825581622
landmark_worst,13.265,common,0.021201650856517196
landmark_worst,13.27,common,0.021239633382382824
landmark_worst,13.275,common,0.021278289904593732
landmark_worst,13.28,common,0.021317624285515247
landmark_worst,13.285,common,0.02135764017481485
landmark_worst,13.29,common,0.021398341005774184
landmark_worst,13.295,common,0.02143972999178682
landmark_worst,13.3,common,0.020869177727255665
landmark_worst,13.3,pre,0.021481810123053186
landmark_worst,13.3,post,0.020869177727255665
landmark_worst,13.305,common,0.02090579665292911
landmark_worst,13.31,common,0.020943048984664963
landmark_worst,13.315,common,0.020980937485306456
landmark_worst,13.32,common,0.021019464703532942
landmark_worst,13.325,common,0.021058632971157974
landmark_worst,13.33,common,0.02109844440061652
landmark_worst,13.335,common,0.02113890088265136
landmark_worst,13.34,common,0.02118000408419599
landmark_worst,13.345,common,0.02122175544645711
landmark_worst,13.35,common,0.02057399132110753
landmark_worst,13.35,pre,0.02126415618320643
landmark_worst,13.35,post,0.02057399132110753
landmark_worst,13.355,common,0.020610574200458275
landmark_worst,13.36,common,0.020647745991669828
landmark_worst,13.365,common,0.02068550772159776
landmark_worst,13.37,common,0.020723860203573093
landmark_worst,13.375,common,0.020762804036317254
landmark_worst,13.38,common,0.020802339603046942
landmark_worst,13.385,common,0.020842467070791452
landmark_worst,13.39,common,0.02088318638990259
landmark_worst,13.395,common,0.020924497293777995
landmark_worst,13.4,common,0.020192545194074166
landmark_worst,13.4,pre,0.02096639929878453
landmark_worst,13.4,post,0.020192545194074166
landmark_worst,13.405,common,0.020228329907136914
landmark_worst,13.41,common,0.02026464369158643
landmark_worst,13.415,common,0.02030148594758187
landmark_worst,13.42,common,0.020338855877211768
landmark_worst,13.425,common,0.02037675248504952
landmark_worst,13.43,common,0.02041517457890883
landmark_worst,13.435,common,0.020454120770800048
landmark_worst,13.44,common,0.020493589478087083
landmark_worst,13.445,common,0.020533578924853493
landmark_worst,13.45,pre,0.02057408714345791
landmark_worst,13.495,common,0.020035785395017137
landmark_worst,13.5,pre,0.020073985904017565
